responseKey,responseStatus,responseTags,presetId,sampleId,repetitionId,mutantHash,n,k,j,selectedHashes,killersInCandidates,killers,FE,HR,GR,UR,OR,RR,KR
bstpstaking511m02a43993,invalid,error_cardinality_underfill,5,1,1,m02a43993,100,10,2,"[""0x7c40aac49a736517f5c440f9392f1683424054f2ffa6df7c2970a52c11db06ca"",""0x6940f8c3529787bcfbcbf21fa64207221930bb64f69f1727136674443bba43aa""]","[""0xb1d52412675094b54611913899744bda3aa3c67ce51c9e9d61d8a49d9cc84caf"",""0x92c0efa8758ff02dd06dfd438cd6612b6e3590f9c8b7c0932fd418903855a478"",""0x80288ad5dc62d58560df110a3535af497449f9f6f4f71e34500b9f5045943ea7"",""0x90ecb607bbb48b913aefe5003509412fcdc1a78708f7390fad1c6953be606038"",""0x08c294941588d570c4ae95ce5aaf4a1592f278bd19029a2851efff2d86015692"",""0x3b5d1234f10198acc136a10dfa09fa0a1a59de504bc0d9a7c35446f692b7c07c"",""0xcd09dc92e8736934e461988f29064ea4e49ccc41310e47a797ab8e787536e77d"",""0xb002fb01be58fedcd04d5ceb2895feaf22973ac1205efed3d2db367bc6d7525b"",""0x7c40aac49a736517f5c440f9392f1683424054f2ffa6df7c2970a52c11db06ca"",""0x6940f8c3529787bcfbcbf21fa64207221930bb64f69f1727136674443bba43aa""]","[""0x7c40aac49a736517f5c440f9392f1683424054f2ffa6df7c2970a52c11db06ca"",""0x6940f8c3529787bcfbcbf21fa64207221930bb64f69f1727136674443bba43aa""]",0,0,1,0.8,0,0,1
bstpstaking511m069a3556,invalid,error_cardinality_underfill,5,1,1,m069a3556,100,10,2,"[""0x86ae1d3cfed9f994a673ca32c9ebb44c1b77c8c3781c16a0f6486fea4611ee5b"",""0x301a4c5325fb29a54b2da09b372d61c8ddf8ca7e4f52c0727cc0f5247bdcb444""]","[""0x230550ee2f183f79fbee87b09e6157a7bfd65abfefa14a749660749b7fa0d6b4"",""0xe5da0f8dfb6b491adb9c38f755f10e08bd498ab5979036394be3930984053206"",""0x505f78474c398814eb0ba0cc3c08f6129e12bf16431876853283a43beac9d141"",""0x281cd26d80e9cd95f098908b641c2534121c033c47795850d88fdab6f04f2af0"",""0x12c0e8caa1bce7d499cbbbc665fbb364c09cd2977856fe2bf0027b9c600b9022"",""0x8d357dcd4a7c14d4a0f33a6d36f83ab30a8caad65d222d503f46d94d277f7c24"",""0xcd6d08f520a5a6aebaa079033393b6393e347445be26d2c107e8d7ee03c8f13c"",""0xd7531695dcd358a4f56787acbbd65565a09fc63eff941ad49498daeb1ae38f44"",""0x429b49322f39406d28f591c75e8222ecd51db05a599ec5d128466346627eb705"",""0x86ae1d3cfed9f994a673ca32c9ebb44c1b77c8c3781c16a0f6486fea4611ee5b""]","[""0x86ae1d3cfed9f994a673ca32c9ebb44c1b77c8c3781c16a0f6486fea4611ee5b""]",0,0,1,0.8,0,0,0.5
bstpstaking511m1a5bd173,invalid,error_cardinality_underfill,5,1,1,m1a5bd173,100,10,1,"[""0x4acba4a5ab48bdfacfcc47ef590afc21b1b89482935b5ef5073139a71872cd91""]","[""0x16a4b9d56a3ab5e2ef284d0e822e6707757b125228793b37bc9e037802da9d9b"",""0x86ae1d3cfed9f994a673ca32c9ebb44c1b77c8c3781c16a0f6486fea4611ee5b"",""0xa4a5871d752ffcf82f0971f07904f7cdd34150574ae793fcf1bff93d1aa06ff0"",""0xaa8fad824a174e57accf11eb34b23d020d6aa685da1925b1c30a611ffdb95a0e"",""0x80e64594a9d4fad2c6617c96707f6c9a1a78970b22d16066311be57b6d24a7da"",""0x39700501189242fe3b7185fd03a5cace111de24b0c6b66471be82d30bc72ec27"",""0x7634f8326375f99ebfd7a8b203b7442a56b18cf7dc73f6238abd4122e8090b86"",""0x6ea2e4d3921eb79867ba52b40ba2fdf4df2de7e307f65f7742bf9f3bdb48a96c"",""0xe2c89165b1663cbef76d4db4aff33d030d5826b8a643a445b8531c288e7745fd"",""0x60642c6a8412d200a3413c5426afef17f3d72d45fadaf5cdde98b783893518ec""]",[],0,0,1,0.9,0,0,0
bstpstaking511m30fd2845,invalid,error_cardinality_underfill,5,1,1,m30fd2845,100,10,4,"[""0xea69777677b59561b3782267ef6a65d6e0f38e1fea58f1ece52358972347edb0"",""0x68fb332560fdf6ea1d74d8c4bfc3ff952f79df911ac17e478862c0aa1c736db3"",""0x9920c06a362172692e96bab008e569caa257aaec2c8f130f3564a55f2f52357b"",""0x262e2e527250bfc9fea90edce78f93b95ce16f345766eb2534ba2fb39906d951""]","[""0x73d6c0efd0550ca38510ec910998f28c5f57de699ed4f4eab13ed86d90fb6b07"",""0x16a4b9d56a3ab5e2ef284d0e822e6707757b125228793b37bc9e037802da9d9b"",""0xe9bff1484b60de522b5fda8d2a44f33f1ba6a17ca2db76472f469a91f2245a8b"",""0x7c9cdb9fd07a0e95dd225ef751470ce88b43ad6e9e209b3b95404c7a6849e39b"",""0xb3788db79f3ad700a3cc134a27acbcec7a0a587ffbcdf5927faa24e5c362d493"",""0xc2467251882eb44d5415c8fddda0ba28022dedaeeca039a9fa1e56bb4cb2aba3"",""0xea69777677b59561b3782267ef6a65d6e0f38e1fea58f1ece52358972347edb0"",""0x68fb332560fdf6ea1d74d8c4bfc3ff952f79df911ac17e478862c0aa1c736db3"",""0x9920c06a362172692e96bab008e569caa257aaec2c8f130f3564a55f2f52357b"",""0x262e2e527250bfc9fea90edce78f93b95ce16f345766eb2534ba2fb39906d951""]","[""0xea69777677b59561b3782267ef6a65d6e0f38e1fea58f1ece52358972347edb0"",""0x68fb332560fdf6ea1d74d8c4bfc3ff952f79df911ac17e478862c0aa1c736db3"",""0x9920c06a362172692e96bab008e569caa257aaec2c8f130f3564a55f2f52357b"",""0x262e2e527250bfc9fea90edce78f93b95ce16f345766eb2534ba2fb39906d951""]",0,0,1,0.6,0,0,1
bstpstaking511m33799275,invalid,error_cardinality_underfill,5,1,1,m33799275,100,10,2,"[""0xcd6d08f520a5a6aebaa079033393b6393e347445be26d2c107e8d7ee03c8f13c"",""0x9bf5bdccead12f3e32040eda3806a216d2fe367ca74128a5ab6f471b656fe447""]","[""0xcd09dc92e8736934e461988f29064ea4e49ccc41310e47a797ab8e787536e77d"",""0xfd70d4311b5768c6b6bf7ecd75518b0b26ba2529cb7cf75e450bca9f0d366daa"",""0xa7831feb3b6ce91bfea938682651e70d662f1266659cbce6eaf0526e45512a68"",""0x29eba7ba49866efd89a8dce8d84688734eb0b4b198d4992b288b36b31540c8dc"",""0x2c6db858294994968533795d44c86dc8f050d3652066b8ceadf9d3b73dc7d902"",""0x8945bcc45087a8bfb2e18a5306781be29a69dbac49c73ab68b0d6c56a67bc0f9"",""0x5b677b1ca640fe2fa90ccb13036a107a5177af4f0b0bd5ed853ac029e427d019"",""0x8cc4b8cdcb727613f2378e83b1e459ef38061ac468dcb3d02730b17ef2a02673"",""0x49e5774ab139905928ff21d948254adc70aa28ff5eea2ac796f32b0549b267a3"",""0x106ecf713381cc7ee659b224caebb8c2d8402304fcc03cc12f04d9acb19beb31""]",[],0,0,1,0.8,0,0,0
bstpstaking511m3b4969fb,invalid,error_cardinality_underfill,5,1,1,m3b4969fb,100,10,2,"[""0xcfdc62eb5da1c0cc9f61c08540ca22833a6530d40de956ae254be5b1e0b59d74"",""0x5b677b1ca640fe2fa90ccb13036a107a5177af4f0b0bd5ed853ac029e427d019""]","[""0xb002fb01be58fedcd04d5ceb2895feaf22973ac1205efed3d2db367bc6d7525b"",""0x106ecf713381cc7ee659b224caebb8c2d8402304fcc03cc12f04d9acb19beb31"",""0x682175835b69fee8ca4e1000194ccf6067372d31c29aa0c1fb86d118274fe35f"",""0xc242c986f95f7cb745f870b1e292c03f57e59c36e809d37eb00cc8d235b22c5a"",""0x4c896b9c75e38294c3a07ab4ccb18852996db2708540195223e428ddf09d38a0"",""0x6a735d9199bcfde6d540397f0c81a9225ad8520e39847b9a367e7dd94565137d"",""0x4f70045f96345b6154f2e63f3fe4b06b6e40108aedcdd3afc6a66ea75fc3da24"",""0xffb33d2d1648788432430e96a9706f35a4dcfe30d45dd0e99a1eaf7e59ab6aeb"",""0xcfdc62eb5da1c0cc9f61c08540ca22833a6530d40de956ae254be5b1e0b59d74"",""0x5b677b1ca640fe2fa90ccb13036a107a5177af4f0b0bd5ed853ac029e427d019""]","[""0xcfdc62eb5da1c0cc9f61c08540ca22833a6530d40de956ae254be5b1e0b59d74"",""0x5b677b1ca640fe2fa90ccb13036a107a5177af4f0b0bd5ed853ac029e427d019""]",0,0,1,0.8,0,0,1
bstpstaking511m4239fd1c,invalid,error_cardinality_underfill,5,1,1,m4239fd1c,100,10,2,"[""0x2dc60ac98b1f184a836c234aa2097366ddd6ba1cad8a90c4624398fd79e60070"",""0x737e933cd67a89d2c13038c499d7d71518a56e6b95bc97e9056a59b45c072c99""]","[""0x483e0faacc32045385006ac1d42d028b103a2e2e02f320e20037d0d36be54907"",""0x89c823bf9976eb820ef3b2041267ad2c6eed1f83e2ab87cdc4bf9577cff5a748"",""0x3c97283efec66e1a5ec8437966e087338da20f0aad3723d41d52c67328f7efe4"",""0x6940f8c3529787bcfbcbf21fa64207221930bb64f69f1727136674443bba43aa"",""0x106ecf713381cc7ee659b224caebb8c2d8402304fcc03cc12f04d9acb19beb31"",""0x90ecb607bbb48b913aefe5003509412fcdc1a78708f7390fad1c6953be606038"",""0xb7eba087f5cc24fe2d08675f1cd5a26ebf3fd48642175807fccde9db3ffb3752"",""0xdf845dfbd70267c5c523805713303d6f4b7b91d97219e28f0508b46315e5e0e2"",""0x8a5fc9c813f0cbb1fbb3c86b71678b733f90197cd9b0fec7ef5b2e74d2827527"",""0xd9067ec22c0a52c0bf051e10e841161ac9d25bfedf069957979cc6f267cb6324""]",[],0,0,1,0.8,0,0,0
bstpstaking511m61fde19d,invalid,error_cardinality_underfill,5,1,1,m61fde19d,100,10,2,"[""0x4cefc890c0072c5c1a1be639627c4a0c7c3102fca6218bda1ce57d0dc9980cb5"",""0xc296b0b9c4f13a4b41432e59c695e6c6e3a55cff91fd007519aa947d82018635""]","[""0x69f76a6458130c9ded5a13a31db3715ca829f4a679d617f3e492b9116677d10c"",""0xdabbd1bf365dd83a0175d5e359d11f8d109116b0745646ef8d2c6a2efcf851df"",""0x281d75ca73c64a8633ed60198d5e953cc41cba8132bf7dfc97a978d37dd83726"",""0x7c9cdb9fd07a0e95dd225ef751470ce88b43ad6e9e209b3b95404c7a6849e39b"",""0xfd6b6381e462eb69a90451498acc82533df2612f7e00141667dbce964caa982e"",""0x8d357dcd4a7c14d4a0f33a6d36f83ab30a8caad65d222d503f46d94d277f7c24"",""0x37890a125406e5e42ba213b40b55685bc6c328fc0106903b123b70d8312c1000"",""0x06442c0ccc9ab367282f06426924517e0a49c25e50a492ad91aecc55b655f458"",""0xe5da0f8dfb6b491adb9c38f755f10e08bd498ab5979036394be3930984053206"",""0xe2c89165b1663cbef76d4db4aff33d030d5826b8a643a445b8531c288e7745fd""]",[],0,0,1,0.8,0,0,0
bstpstaking511m6489f990,invalid,error_cardinality_underfill,5,1,1,m6489f990,100,10,2,"[""0x540717136470dc01afdfcbbdd377b3822ac7596c990ed0b9c42a6f4d46148fc7"",""0x0f7111fd4af91016f6e6efa1dbc92c6aeb75dff18e99a22095079448fc73483e""]","[""0x73d6c0efd0550ca38510ec910998f28c5f57de699ed4f4eab13ed86d90fb6b07"",""0x3c4ef3727c5acae7ca4976ecf767571e18ac1b70a4aad2ac4f7b9139bcfc987d"",""0x8e6ed61f936c34115ed64b52efb53b493d279f72a1ed2c1dde342f98dfc9178d"",""0x01829fcc6d779d94ee869f97379c6516562dc7f8b74938742ffefe6b09b93fbc"",""0x262e2e527250bfc9fea90edce78f93b95ce16f345766eb2534ba2fb39906d951"",""0xaa8fad824a174e57accf11eb34b23d020d6aa685da1925b1c30a611ffdb95a0e"",""0x429b49322f39406d28f591c75e8222ecd51db05a599ec5d128466346627eb705"",""0x08c294941588d570c4ae95ce5aaf4a1592f278bd19029a2851efff2d86015692"",""0x6ea2e4d3921eb79867ba52b40ba2fdf4df2de7e307f65f7742bf9f3bdb48a96c"",""0x281cd26d80e9cd95f098908b641c2534121c033c47795850d88fdab6f04f2af0""]",[],0,0,1,0.8,0,0,0
bstpstaking511m652a5fba,invalid,error_cardinality_underfill,5,1,1,m652a5fba,100,10,2,"[""0xd8c26b60f20f7010cd58dc7264c04c766ccd5e1808e60a37bf623e1f9f71e2a2"",""0x932383665799c1241f674264478c7dbdc9dbecd0c1d33b2034e91903326669df""]","[""0x5b677b1ca640fe2fa90ccb13036a107a5177af4f0b0bd5ed853ac029e427d019"",""0xd9067ec22c0a52c0bf051e10e841161ac9d25bfedf069957979cc6f267cb6324"",""0x2c6db858294994968533795d44c86dc8f050d3652066b8ceadf9d3b73dc7d902"",""0xb65630e7129a1fecafdca9eb7dbe53130a12b5d3e2e984bbf9c9a5399c6cc30f"",""0x39700501189242fe3b7185fd03a5cace111de24b0c6b66471be82d30bc72ec27"",""0x856f01151a1c15aa053c920c11f2f4a193b3ed4250c6ee2ebf77c3390fe0f275"",""0x98383544e422fe17027cdac418f09337309386a10806b8ee02c8d32713923a8e"",""0x3c97283efec66e1a5ec8437966e087338da20f0aad3723d41d52c67328f7efe4"",""0x4c896b9c75e38294c3a07ab4ccb18852996db2708540195223e428ddf09d38a0"",""0x932383665799c1241f674264478c7dbdc9dbecd0c1d33b2034e91903326669df""]","[""0x932383665799c1241f674264478c7dbdc9dbecd0c1d33b2034e91903326669df""]",0,0,1,0.8,0,0,0.5
bstpstaking511m66488430,invalid,error_cardinality_underfill,5,1,1,m66488430,100,10,1,"[""0x50b9118cc83c234ba49560d3e0b4c303e8cc6b57bb30395457a697b41a809819""]","[""0xc3b0696840352e2a25a87160f85c766cba4c6b9424a40ded6b5e2eb28f9215f6"",""0xfc9bec6e17e3d34235748a04c8a772f602b2283e2946d9f68c2ed62bcdd2cd85"",""0x7c40aac49a736517f5c440f9392f1683424054f2ffa6df7c2970a52c11db06ca"",""0xcd09dc92e8736934e461988f29064ea4e49ccc41310e47a797ab8e787536e77d"",""0x92c0efa8758ff02dd06dfd438cd6612b6e3590f9c8b7c0932fd418903855a478"",""0x4f70045f96345b6154f2e63f3fe4b06b6e40108aedcdd3afc6a66ea75fc3da24"",""0xb1d52412675094b54611913899744bda3aa3c67ce51c9e9d61d8a49d9cc84caf"",""0x90ecb607bbb48b913aefe5003509412fcdc1a78708f7390fad1c6953be606038"",""0xffb33d2d1648788432430e96a9706f35a4dcfe30d45dd0e99a1eaf7e59ab6aeb"",""0x6b84de292cb6e3be779d6288c69c6a070bba523a2317a4d294c1616e10f137ed""]",[],0,0,1,0.9,0,0,0
bstpstaking511m6e7de01e,invalid,error_cardinality_underfill,5,1,1,m6e7de01e,100,10,2,"[""0xdbbc43acdc38ad7ac23610fc6f7e5e1d42a5e3cdeecb23b614d91d0ab6026ff2"",""0x5b677b1ca640fe2fa90ccb13036a107a5177af4f0b0bd5ed853ac029e427d019""]","[""0x7c9cdb9fd07a0e95dd225ef751470ce88b43ad6e9e209b3b95404c7a6849e39b"",""0x353fcfc68b913bba883a1cbe437235257a5567ace334e692406b2239896cc845"",""0xaa8fad824a174e57accf11eb34b23d020d6aa685da1925b1c30a611ffdb95a0e"",""0x3c4ef3727c5acae7ca4976ecf767571e18ac1b70a4aad2ac4f7b9139bcfc987d"",""0xcd6d08f520a5a6aebaa079033393b6393e347445be26d2c107e8d7ee03c8f13c"",""0x281cd26d80e9cd95f098908b641c2534121c033c47795850d88fdab6f04f2af0"",""0xdd364115eefd88d44ddca902abb962bd1038efc911e81847f0d1911029cb83fc"",""0xe2c89165b1663cbef76d4db4aff33d030d5826b8a643a445b8531c288e7745fd"",""0x66dc91c1375c97a345396b765a31f83a172cf55a43b176b21f6e7ca8e695b9fd"",""0xd7531695dcd358a4f56787acbbd65565a09fc63eff941ad49498daeb1ae38f44""]",[],0,0,1,0.8,0,0,0
bstpstaking511m7dfad905,invalid,error_cardinality_underfill,5,1,1,m7dfad905,100,10,2,"[""0xc2467251882eb44d5415c8fddda0ba28022dedaeeca039a9fa1e56bb4cb2aba3"",""0xab461bed3349317736818b1dabb4b0c82cc986f81bc20a4f98abb1cf118525e2""]","[""0x106ecf713381cc7ee659b224caebb8c2d8402304fcc03cc12f04d9acb19beb31"",""0xfd70d4311b5768c6b6bf7ecd75518b0b26ba2529cb7cf75e450bca9f0d366daa"",""0xe70b739d2c9d746514eb24b9ed0d3b51448a0a5913813a2864aa9be0ec65e691"",""0xa7831feb3b6ce91bfea938682651e70d662f1266659cbce6eaf0526e45512a68"",""0xab461bed3349317736818b1dabb4b0c82cc986f81bc20a4f98abb1cf118525e2"",""0xcd09dc92e8736934e461988f29064ea4e49ccc41310e47a797ab8e787536e77d"",""0x49e5774ab139905928ff21d948254adc70aa28ff5eea2ac796f32b0549b267a3"",""0x6e53ec51854bc45ec72e747b9db61797e1b20b6c0f523a3f2ead783fd267ed91"",""0x9a0ed5a06fb6051d9a659f829e57ea0e382f714cb43d55efaa317c69cfae14ee"",""0x80288ad5dc62d58560df110a3535af497449f9f6f4f71e34500b9f5045943ea7""]","[""0xab461bed3349317736818b1dabb4b0c82cc986f81bc20a4f98abb1cf118525e2""]",0,0,1,0.8,0,0,0.5
bstpstaking511m7e72b6a8,invalid,error_cardinality_underfill,5,1,1,m7e72b6a8,100,10,2,"[""0x66dc91c1375c97a345396b765a31f83a172cf55a43b176b21f6e7ca8e695b9fd"",""0x8221d0f6fe62fc8120fd3b22c740a896d947fb1581163983c25cad744bd2f5fd""]","[""0x9a0ed5a06fb6051d9a659f829e57ea0e382f714cb43d55efaa317c69cfae14ee"",""0x98383544e422fe17027cdac418f09337309386a10806b8ee02c8d32713923a8e"",""0x8945bcc45087a8bfb2e18a5306781be29a69dbac49c73ab68b0d6c56a67bc0f9"",""0xd7531695dcd358a4f56787acbbd65565a09fc63eff941ad49498daeb1ae38f44"",""0x99196e62444c2ecc416618bcc5a3424f9cd5641d6867c8e258507c7d89a4a88c"",""0xe40523cb93f50925b957e5e448d59b64adfad0b41a549e68dd171dd988bc17a5"",""0x4c896b9c75e38294c3a07ab4ccb18852996db2708540195223e428ddf09d38a0"",""0x7c40aac49a736517f5c440f9392f1683424054f2ffa6df7c2970a52c11db06ca"",""0x49e5774ab139905928ff21d948254adc70aa28ff5eea2ac796f32b0549b267a3"",""0xffb33d2d1648788432430e96a9706f35a4dcfe30d45dd0e99a1eaf7e59ab6aeb""]",[],0,0,1,0.8,0,0,0
bstpstaking511m8051415e,invalid,error_cardinality_underfill,5,1,1,m8051415e,100,10,2,"[""0xcfdc62eb5da1c0cc9f61c08540ca22833a6530d40de956ae254be5b1e0b59d74"",""0xd5568fd406d7db628afa415d58bf5bd06959a92398aa702548e8e04793bedd47""]","[""0x4f70045f96345b6154f2e63f3fe4b06b6e40108aedcdd3afc6a66ea75fc3da24"",""0x8cc4b8cdcb727613f2378e83b1e459ef38061ac468dcb3d02730b17ef2a02673"",""0x29eba7ba49866efd89a8dce8d84688734eb0b4b198d4992b288b36b31540c8dc"",""0x92c0efa8758ff02dd06dfd438cd6612b6e3590f9c8b7c0932fd418903855a478"",""0x80288ad5dc62d58560df110a3535af497449f9f6f4f71e34500b9f5045943ea7"",""0xa7831feb3b6ce91bfea938682651e70d662f1266659cbce6eaf0526e45512a68"",""0x6b84de292cb6e3be779d6288c69c6a070bba523a2317a4d294c1616e10f137ed"",""0x483e0faacc32045385006ac1d42d028b103a2e2e02f320e20037d0d36be54907"",""0xcfdc62eb5da1c0cc9f61c08540ca22833a6530d40de956ae254be5b1e0b59d74"",""0xd5568fd406d7db628afa415d58bf5bd06959a92398aa702548e8e04793bedd47""]","[""0xcfdc62eb5da1c0cc9f61c08540ca22833a6530d40de956ae254be5b1e0b59d74"",""0xd5568fd406d7db628afa415d58bf5bd06959a92398aa702548e8e04793bedd47""]",0,0,1,0.8,0,0,1
bstpstaking511m810b37d6,invalid,error_cardinality_underfill,5,1,1,m810b37d6,100,10,1,"[""0xaa1aed2cec4ac0986857f6d14846e88ae6da67908a6c7f69dec21c7deb5bb810""]","[""0x14d09a4d420ae8a7492d23eb1beacf31a514ddd9765719262cf2a750248f046e"",""0xedb061d6c685949f3e6f6b2fbc31238ae6ee3c1a2760e056b5c3e5e2304df8af"",""0xd7531695dcd358a4f56787acbbd65565a09fc63eff941ad49498daeb1ae38f44"",""0x6e2ec90f7c36a36b5344a2aac6038ddc9c3860de12975f71142181a7a81c8609"",""0xdd364115eefd88d44ddca902abb962bd1038efc911e81847f0d1911029cb83fc"",""0x68fb332560fdf6ea1d74d8c4bfc3ff952f79df911ac17e478862c0aa1c736db3"",""0x37890a125406e5e42ba213b40b55685bc6c328fc0106903b123b70d8312c1000"",""0x69f76a6458130c9ded5a13a31db3715ca829f4a679d617f3e492b9116677d10c"",""0xd315b8c83a9e2edb719d67cf2cc732391e7c9d9fa55ab87f926ee4c7046a8578"",""0xdabbd1bf365dd83a0175d5e359d11f8d109116b0745646ef8d2c6a2efcf851df""]",[],0,0,1,0.9,0,0,0
bstpstaking511m9189f677,invalid,error_cardinality_underfill,5,1,1,m9189f677,100,10,2,"[""0x0fb8a5011f37f8cafd21fb9a90ee3e86a54e38595351ca3fe208fb0e500ced51"",""0x3190869a216651bf4f392d4d17c7e78c64cbd5082bb910912637e05f5db5ea2f""]","[""0xcd09dc92e8736934e461988f29064ea4e49ccc41310e47a797ab8e787536e77d"",""0x8a5fc9c813f0cbb1fbb3c86b71678b733f90197cd9b0fec7ef5b2e74d2827527"",""0x483e0faacc32045385006ac1d42d028b103a2e2e02f320e20037d0d36be54907"",""0xb6956c09b733a91561395f6f106aa19a23a1df4c453562ff602fdc30b0b773ad"",""0xb7eba087f5cc24fe2d08675f1cd5a26ebf3fd48642175807fccde9db3ffb3752"",""0xab461bed3349317736818b1dabb4b0c82cc986f81bc20a4f98abb1cf118525e2"",""0x682175835b69fee8ca4e1000194ccf6067372d31c29aa0c1fb86d118274fe35f"",""0xfc9bec6e17e3d34235748a04c8a772f602b2283e2946d9f68c2ed62bcdd2cd85"",""0x98383544e422fe17027cdac418f09337309386a10806b8ee02c8d32713923a8e"",""0xe40523cb93f50925b957e5e448d59b64adfad0b41a549e68dd171dd988bc17a5""]",[],0,0,1,0.8,0,0,0
bstpstaking511m970360f4,invalid,error_cardinality_underfill,5,1,1,m970360f4,100,10,2,"[""0x79b0912d698a6630350829a7a4fadc08490dbae914c8d4f1db7481ad048285a9"",""0x1721fbf3311a57adcac4eb75a9690451077fc079b0d94e4fa9d5a75bfb95e9c2""]","[""0x14d09a4d420ae8a7492d23eb1beacf31a514ddd9765719262cf2a750248f046e"",""0xae105f7f87da768b512fdfdb98a0fbf6131d1571893bb99b9a0ab477ff1702c2"",""0x281cd26d80e9cd95f098908b641c2534121c033c47795850d88fdab6f04f2af0"",""0xfd6b6381e462eb69a90451498acc82533df2612f7e00141667dbce964caa982e"",""0x68fb332560fdf6ea1d74d8c4bfc3ff952f79df911ac17e478862c0aa1c736db3"",""0x8e6ed61f936c34115ed64b52efb53b493d279f72a1ed2c1dde342f98dfc9178d"",""0xea69777677b59561b3782267ef6a65d6e0f38e1fea58f1ece52358972347edb0"",""0xe5da0f8dfb6b491adb9c38f755f10e08bd498ab5979036394be3930984053206"",""0x1721fbf3311a57adcac4eb75a9690451077fc079b0d94e4fa9d5a75bfb95e9c2"",""0x37890a125406e5e42ba213b40b55685bc6c328fc0106903b123b70d8312c1000""]","[""0x1721fbf3311a57adcac4eb75a9690451077fc079b0d94e4fa9d5a75bfb95e9c2""]",0,0,1,0.8,0,0,0.5
bstpstaking511m98d7930e,invalid,error_cardinality_underfill,5,1,1,m98d7930e,100,10,2,"[""0x0992fff106b227591240dc1b9778e7845de3d529f0d2e39fb53e75b181358f71"",""0x712ef7134f6d653cc6c02d320606052cf342757fe35f44f0504b361a0a467e62""]","[""0x98383544e422fe17027cdac418f09337309386a10806b8ee02c8d32713923a8e"",""0x856f01151a1c15aa053c920c11f2f4a193b3ed4250c6ee2ebf77c3390fe0f275"",""0x8945bcc45087a8bfb2e18a5306781be29a69dbac49c73ab68b0d6c56a67bc0f9"",""0x8cc4b8cdcb727613f2378e83b1e459ef38061ac468dcb3d02730b17ef2a02673"",""0x1ebfa3f4b31da950a10ba4155a5675fdf5fb3ac42fe3f076668cfe359788f601"",""0xe70b739d2c9d746514eb24b9ed0d3b51448a0a5913813a2864aa9be0ec65e691"",""0x90ecb607bbb48b913aefe5003509412fcdc1a78708f7390fad1c6953be606038"",""0xab461bed3349317736818b1dabb4b0c82cc986f81bc20a4f98abb1cf118525e2"",""0xb1d52412675094b54611913899744bda3aa3c67ce51c9e9d61d8a49d9cc84caf"",""0x281cd26d80e9cd95f098908b641c2534121c033c47795850d88fdab6f04f2af0""]",[],0,0,1,0.8,0,0,0
bstpstaking511ma6f1fda3,invalid,error_cardinality_underfill,5,1,1,ma6f1fda3,100,10,2,"[""0x1ebfa3f4b31da950a10ba4155a5675fdf5fb3ac42fe3f076668cfe359788f601"",""0xdf845dfbd70267c5c523805713303d6f4b7b91d97219e28f0508b46315e5e0e2""]","[""0xcc5a3914b6cc401b98a202e8075b56eb77670a1140412c79b48b965bce6e05f2"",""0x90ecb607bbb48b913aefe5003509412fcdc1a78708f7390fad1c6953be606038"",""0x6940f8c3529787bcfbcbf21fa64207221930bb64f69f1727136674443bba43aa"",""0x4c896b9c75e38294c3a07ab4ccb18852996db2708540195223e428ddf09d38a0"",""0x01829fcc6d779d94ee869f97379c6516562dc7f8b74938742ffefe6b09b93fbc"",""0x106ecf713381cc7ee659b224caebb8c2d8402304fcc03cc12f04d9acb19beb31"",""0x429b49322f39406d28f591c75e8222ecd51db05a599ec5d128466346627eb705"",""0x5b677b1ca640fe2fa90ccb13036a107a5177af4f0b0bd5ed853ac029e427d019"",""0x1ebfa3f4b31da950a10ba4155a5675fdf5fb3ac42fe3f076668cfe359788f601"",""0xdf845dfbd70267c5c523805713303d6f4b7b91d97219e28f0508b46315e5e0e2""]","[""0x1ebfa3f4b31da950a10ba4155a5675fdf5fb3ac42fe3f076668cfe359788f601"",""0xdf845dfbd70267c5c523805713303d6f4b7b91d97219e28f0508b46315e5e0e2""]",0,0,1,0.8,0,0,1
bstpstaking511maea74e52,invalid,error_cardinality_underfill,5,1,1,maea74e52,100,10,2,"[""0x1ebfa3f4b31da950a10ba4155a5675fdf5fb3ac42fe3f076668cfe359788f601"",""0x7360edbccc2505bf89cc5c38dc938e5627c76e8e69e5a44bd281e2a5d122a3aa""]","[""0x8d357dcd4a7c14d4a0f33a6d36f83ab30a8caad65d222d503f46d94d277f7c24"",""0x01829fcc6d779d94ee869f97379c6516562dc7f8b74938742ffefe6b09b93fbc"",""0x281cd26d80e9cd95f098908b641c2534121c033c47795850d88fdab6f04f2af0"",""0x262e2e527250bfc9fea90edce78f93b95ce16f345766eb2534ba2fb39906d951"",""0x119bb5b05d026a441a51d331d2e813d4a51e2ca676f9919b728dde31c94dc798"",""0xdabbd1bf365dd83a0175d5e359d11f8d109116b0745646ef8d2c6a2efcf851df"",""0xe2c89165b1663cbef76d4db4aff33d030d5826b8a643a445b8531c288e7745fd"",""0x3c4ef3727c5acae7ca4976ecf767571e18ac1b70a4aad2ac4f7b9139bcfc987d"",""0x55502bafc57a57cf79cf670fefef3504cf632e5de82803db33a8e4d8337b211c"",""0xedb061d6c685949f3e6f6b2fbc31238ae6ee3c1a2760e056b5c3e5e2304df8af""]",[],0,0,1,0.8,0,0,0
bstpstaking511mb0c003cd,invalid,error_cardinality_underfill,5,1,1,mb0c003cd,100,10,2,"[""0xcb3ecf672250cebee80a375fcb60e2ee3931835e9ea537702e72af506d71b2c2"",""0xdea50d72b9d484213a2fe0955098d21ecf5893ccc339ced2ceb72fdedb80a2b7""]","[""0xcd09dc92e8736934e461988f29064ea4e49ccc41310e47a797ab8e787536e77d"",""0x8a5fc9c813f0cbb1fbb3c86b71678b733f90197cd9b0fec7ef5b2e74d2827527"",""0xc3b0696840352e2a25a87160f85c766cba4c6b9424a40ded6b5e2eb28f9215f6"",""0x2c6db858294994968533795d44c86dc8f050d3652066b8ceadf9d3b73dc7d902"",""0x3c97283efec66e1a5ec8437966e087338da20f0aad3723d41d52c67328f7efe4"",""0xab461bed3349317736818b1dabb4b0c82cc986f81bc20a4f98abb1cf118525e2"",""0xb6956c09b733a91561395f6f106aa19a23a1df4c453562ff602fdc30b0b773ad"",""0xcfdc62eb5da1c0cc9f61c08540ca22833a6530d40de956ae254be5b1e0b59d74"",""0x483e0faacc32045385006ac1d42d028b103a2e2e02f320e20037d0d36be54907"",""0x49e5774ab139905928ff21d948254adc70aa28ff5eea2ac796f32b0549b267a3""]",[],0,0,1,0.8,0,0,0
bstpstaking511mb38d99c5,invalid,error_cardinality_underfill,5,1,1,mb38d99c5,100,10,1,"[""0xd7cb6b0ad0546a36eed06c76503d47302572ec137604261542e62d1877604187""]","[""0x8e6ed61f936c34115ed64b52efb53b493d279f72a1ed2c1dde342f98dfc9178d"",""0xadc1a837b5429a817612fe145787358ffe8831a2e75dee3a3338a31d486fb05f"",""0x000ceb98a30a9f0375fd46d151e4f2f8d830751c2983f14a1c6f0144f80b3198"",""0x8d357dcd4a7c14d4a0f33a6d36f83ab30a8caad65d222d503f46d94d277f7c24"",""0xe5da0f8dfb6b491adb9c38f755f10e08bd498ab5979036394be3930984053206"",""0xdabbd1bf365dd83a0175d5e359d11f8d109116b0745646ef8d2c6a2efcf851df"",""0x06442c0ccc9ab367282f06426924517e0a49c25e50a492ad91aecc55b655f458"",""0xaa8fad824a174e57accf11eb34b23d020d6aa685da1925b1c30a611ffdb95a0e"",""0x12c0e8caa1bce7d499cbbbc665fbb364c09cd2977856fe2bf0027b9c600b9022"",""0xf5162966dbd2c8c3b2195e7ee9c5e46a8dd1715287d079a5b92d312ca24045cd""]",[],0,0,1,0.9,0,0,0
bstpstaking511mb8cbcc16,invalid,error_cardinality_underfill,5,1,1,mb8cbcc16,100,10,2,"[""0x49e5774ab139905928ff21d948254adc70aa28ff5eea2ac796f32b0549b267a3"",""0x3b5d1234f10198acc136a10dfa09fa0a1a59de504bc0d9a7c35446f692b7c07c""]","[""0x1cde8373a779839f2b591a11cac079df0f1eb3fb272188f9ceccb1dee8ec102f"",""0xb65630e7129a1fecafdca9eb7dbe53130a12b5d3e2e984bbf9c9a5399c6cc30f"",""0x230550ee2f183f79fbee87b09e6157a7bfd65abfefa14a749660749b7fa0d6b4"",""0x39700501189242fe3b7185fd03a5cace111de24b0c6b66471be82d30bc72ec27"",""0x7634f8326375f99ebfd7a8b203b7442a56b18cf7dc73f6238abd4122e8090b86"",""0xae105f7f87da768b512fdfdb98a0fbf6131d1571893bb99b9a0ab477ff1702c2"",""0xb3788db79f3ad700a3cc134a27acbcec7a0a587ffbcdf5927faa24e5c362d493"",""0x60642c6a8412d200a3413c5426afef17f3d72d45fadaf5cdde98b783893518ec"",""0x856f01151a1c15aa053c920c11f2f4a193b3ed4250c6ee2ebf77c3390fe0f275"",""0x6d5bfd47046b2e223b0c83d8c0d4e2ad42a064232926ed904efe73cb5d8f2133""]",[],0,0,1,0.8,0,0,0
bstpstaking511mc5ae52b7,invalid,error_cardinality_underfill,5,1,1,mc5ae52b7,100,10,1,"[""0x4b36c84fef27082fc2e72e6431ab80a1d23123e0775ae784c7f884b8234bdb28""]","[""0x3c4ef3727c5acae7ca4976ecf767571e18ac1b70a4aad2ac4f7b9139bcfc987d"",""0x6e2ec90f7c36a36b5344a2aac6038ddc9c3860de12975f71142181a7a81c8609"",""0x12c0e8caa1bce7d499cbbbc665fbb364c09cd2977856fe2bf0027b9c600b9022"",""0xea69777677b59561b3782267ef6a65d6e0f38e1fea58f1ece52358972347edb0"",""0xb65630e7129a1fecafdca9eb7dbe53130a12b5d3e2e984bbf9c9a5399c6cc30f"",""0x39700501189242fe3b7185fd03a5cace111de24b0c6b66471be82d30bc72ec27"",""0x9920c06a362172692e96bab008e569caa257aaec2c8f130f3564a55f2f52357b"",""0x1fd6cd46a30ebaf43fddfe1aa0f8499987a4d3e3a687e3b577d2d1f1bf4d9e77"",""0x1721fbf3311a57adcac4eb75a9690451077fc079b0d94e4fa9d5a75bfb95e9c2"",""0x08c294941588d570c4ae95ce5aaf4a1592f278bd19029a2851efff2d86015692""]",[],0,0,1,0.9,0,0,0
bstpstaking511mce4af4f6,invalid,error_cardinality_underfill,5,1,1,mce4af4f6,100,10,1,"[""0xec468ea9887878287bcd7621fe3f84413741919f3553b6c8904dac28995c5319""]","[""0x0d6652a8c9d9575f5254120f3b037a86104172ca1dd77b5b55be2da39daf1385"",""0xb759e3960a93ef78e32f4847b58dbc6b1c22efd6d9ccaa3b1a84911e6a288afa"",""0xf5162966dbd2c8c3b2195e7ee9c5e46a8dd1715287d079a5b92d312ca24045cd"",""0x3c4ef3727c5acae7ca4976ecf767571e18ac1b70a4aad2ac4f7b9139bcfc987d"",""0xea69777677b59561b3782267ef6a65d6e0f38e1fea58f1ece52358972347edb0"",""0x73d6c0efd0550ca38510ec910998f28c5f57de699ed4f4eab13ed86d90fb6b07"",""0x856f01151a1c15aa053c920c11f2f4a193b3ed4250c6ee2ebf77c3390fe0f275"",""0xfd6b6381e462eb69a90451498acc82533df2612f7e00141667dbce964caa982e"",""0x60642c6a8412d200a3413c5426afef17f3d72d45fadaf5cdde98b783893518ec"",""0x80ae3a3d46a5bfbf5f0adaf5d83aa1064814c65038e92093a16ea8304bd00bd3""]",[],0,0,1,0.9,0,0,0
bstpstaking511mdd189b64,invalid,error_cardinality_underfill,5,1,1,mdd189b64,100,10,2,"[""0x1c64ad766dfa4fa9d74a4d2ce01848b8d5a7da03dd7621fcc2404e4022284ea2"",""0x2b5666518aae8a49a4ac5e52c968451345fffeef029105b35d3889f1dfba8066""]","[""0x0d6652a8c9d9575f5254120f3b037a86104172ca1dd77b5b55be2da39daf1385"",""0x8e6ed61f936c34115ed64b52efb53b493d279f72a1ed2c1dde342f98dfc9178d"",""0x505f78474c398814eb0ba0cc3c08f6129e12bf16431876853283a43beac9d141"",""0xdabbd1bf365dd83a0175d5e359d11f8d109116b0745646ef8d2c6a2efcf851df"",""0xcd6d08f520a5a6aebaa079033393b6393e347445be26d2c107e8d7ee03c8f13c"",""0x70466edbeed113ce8a8435ffd9f8208b8c3f50b2cf38281af86584c766a4310f"",""0x737e933cd67a89d2c13038c499d7d71518a56e6b95bc97e9056a59b45c072c99"",""0x37890a125406e5e42ba213b40b55685bc6c328fc0106903b123b70d8312c1000"",""0x1721fbf3311a57adcac4eb75a9690451077fc079b0d94e4fa9d5a75bfb95e9c2"",""0xaa8fad824a174e57accf11eb34b23d020d6aa685da1925b1c30a611ffdb95a0e""]",[],0,0,1,0.8,0,0,0
bstpstaking511me8bc7185,invalid,error_cardinality_underfill,5,1,1,me8bc7185,100,10,2,"[""0x2cba235e385ffa8025c1d48c48a11aa9fffb9bbeb1f1a9e10ce480ba5bf28f1f"",""0x38dd2d254f28282266a3fc35233ab395f48564e844c2ca78c59f73d4a6a404a4""]","[""0x5b677b1ca640fe2fa90ccb13036a107a5177af4f0b0bd5ed853ac029e427d019"",""0x3c97283efec66e1a5ec8437966e087338da20f0aad3723d41d52c67328f7efe4"",""0x49e5774ab139905928ff21d948254adc70aa28ff5eea2ac796f32b0549b267a3"",""0x6e53ec51854bc45ec72e747b9db61797e1b20b6c0f523a3f2ead783fd267ed91"",""0xa7831feb3b6ce91bfea938682651e70d662f1266659cbce6eaf0526e45512a68"",""0x167a4d5214f28e5714dbe0ef582ab78f31d676888df89fd1380e7d60c6455530"",""0x90ecb607bbb48b913aefe5003509412fcdc1a78708f7390fad1c6953be606038"",""0xcfdc62eb5da1c0cc9f61c08540ca22833a6530d40de956ae254be5b1e0b59d74"",""0xfc9bec6e17e3d34235748a04c8a772f602b2283e2946d9f68c2ed62bcdd2cd85"",""0xc242c986f95f7cb745f870b1e292c03f57e59c36e809d37eb00cc8d235b22c5a""]",[],0,0,1,0.8,0,0,0
bstpstaking511mec0952f1,invalid,error_cardinality_underfill,5,1,1,mec0952f1,100,10,1,"[""0x5128048a20b3f3551214e395a08ff2339e1997e7b08c0b27a27ae4f565ff44be""]","[""0x119bb5b05d026a441a51d331d2e813d4a51e2ca676f9919b728dde31c94dc798"",""0xdd364115eefd88d44ddca902abb962bd1038efc911e81847f0d1911029cb83fc"",""0x281cd26d80e9cd95f098908b641c2534121c033c47795850d88fdab6f04f2af0"",""0xdabbd1bf365dd83a0175d5e359d11f8d109116b0745646ef8d2c6a2efcf851df"",""0xbf11d678dcdece15f7824e21c504ec11500448bd6eb50749dea8bda81bf85a81"",""0xf5162966dbd2c8c3b2195e7ee9c5e46a8dd1715287d079a5b92d312ca24045cd"",""0x27f6a02165b673e7008df197e38e096214cfb8e24d4ed54d9d7086bd62eb23c1"",""0x68fb332560fdf6ea1d74d8c4bfc3ff952f79df911ac17e478862c0aa1c736db3"",""0x262e2e527250bfc9fea90edce78f93b95ce16f345766eb2534ba2fb39906d951"",""0x01829fcc6d779d94ee869f97379c6516562dc7f8b74938742ffefe6b09b93fbc""]",[],0,0,1,0.9,0,0,0
bstpstaking511mfadd38bd,invalid,error_cardinality_underfill,5,1,1,mfadd38bd,100,10,2,"[""0x004cc9ec35f26e0e51c2622a0da18e8bd94bdecd930a2419976026ad98d024a2"",""0xd9d0a742f62ad462d4a2fff844f4b669d68bb2176bf7ed54a5ba0bac92f04fb8""]","[""0x71a93113087b01233d6a75b25863b56cc2d4ca947f24a3540208f7d1f5e5efbf"",""0xfd6b6381e462eb69a90451498acc82533df2612f7e00141667dbce964caa982e"",""0x505f78474c398814eb0ba0cc3c08f6129e12bf16431876853283a43beac9d141"",""0x3c4ef3727c5acae7ca4976ecf767571e18ac1b70a4aad2ac4f7b9139bcfc987d"",""0x60642c6a8412d200a3413c5426afef17f3d72d45fadaf5cdde98b783893518ec"",""0x1fd6cd46a30ebaf43fddfe1aa0f8499987a4d3e3a687e3b577d2d1f1bf4d9e77"",""0x429b49322f39406d28f591c75e8222ecd51db05a599ec5d128466346627eb705"",""0xae105f7f87da768b512fdfdb98a0fbf6131d1571893bb99b9a0ab477ff1702c2"",""0x353fcfc68b913bba883a1cbe437235257a5567ace334e692406b2239896cc845"",""0x7c9cdb9fd07a0e95dd225ef751470ce88b43ad6e9e209b3b95404c7a6849e39b""]",[],0,0,1,0.8,0,0,0
bstpstaking512m02a43993,invalid,error_cardinality_underfill,5,1,2,m02a43993,100,10,1,"[""0x757e599b0f8da111bb0f55a5e5fc95e0206c86ef46c24b4256f1801dacd1bac6""]","[""0xb1d52412675094b54611913899744bda3aa3c67ce51c9e9d61d8a49d9cc84caf"",""0x92c0efa8758ff02dd06dfd438cd6612b6e3590f9c8b7c0932fd418903855a478"",""0x80288ad5dc62d58560df110a3535af497449f9f6f4f71e34500b9f5045943ea7"",""0x90ecb607bbb48b913aefe5003509412fcdc1a78708f7390fad1c6953be606038"",""0x08c294941588d570c4ae95ce5aaf4a1592f278bd19029a2851efff2d86015692"",""0x3b5d1234f10198acc136a10dfa09fa0a1a59de504bc0d9a7c35446f692b7c07c"",""0xcd09dc92e8736934e461988f29064ea4e49ccc41310e47a797ab8e787536e77d"",""0xb002fb01be58fedcd04d5ceb2895feaf22973ac1205efed3d2db367bc6d7525b"",""0x7c40aac49a736517f5c440f9392f1683424054f2ffa6df7c2970a52c11db06ca"",""0x6940f8c3529787bcfbcbf21fa64207221930bb64f69f1727136674443bba43aa""]",[],0,0,1,0.9,0,0,0
bstpstaking512m069a3556,invalid,error_cardinality_underfill,5,1,2,m069a3556,100,10,1,"[""0x301a4c5325fb29a54b2da09b372d61c8ddf8ca7e4f52c0727cc0f5247bdcb444""]","[""0x230550ee2f183f79fbee87b09e6157a7bfd65abfefa14a749660749b7fa0d6b4"",""0xe5da0f8dfb6b491adb9c38f755f10e08bd498ab5979036394be3930984053206"",""0x505f78474c398814eb0ba0cc3c08f6129e12bf16431876853283a43beac9d141"",""0x281cd26d80e9cd95f098908b641c2534121c033c47795850d88fdab6f04f2af0"",""0x12c0e8caa1bce7d499cbbbc665fbb364c09cd2977856fe2bf0027b9c600b9022"",""0x8d357dcd4a7c14d4a0f33a6d36f83ab30a8caad65d222d503f46d94d277f7c24"",""0xcd6d08f520a5a6aebaa079033393b6393e347445be26d2c107e8d7ee03c8f13c"",""0xd7531695dcd358a4f56787acbbd65565a09fc63eff941ad49498daeb1ae38f44"",""0x429b49322f39406d28f591c75e8222ecd51db05a599ec5d128466346627eb705"",""0x86ae1d3cfed9f994a673ca32c9ebb44c1b77c8c3781c16a0f6486fea4611ee5b""]",[],0,0,1,0.9,0,0,0
bstpstaking512m1a5bd173,invalid,error_cardinality_underfill,5,1,2,m1a5bd173,100,10,2,"[""0x7416606c9ce067f5dc0b9735cba4bac05f4139205ff9898b79bea216ddf99707"",""0x60642c6a8412d200a3413c5426afef17f3d72d45fadaf5cdde98b783893518ec""]","[""0x16a4b9d56a3ab5e2ef284d0e822e6707757b125228793b37bc9e037802da9d9b"",""0x86ae1d3cfed9f994a673ca32c9ebb44c1b77c8c3781c16a0f6486fea4611ee5b"",""0xa4a5871d752ffcf82f0971f07904f7cdd34150574ae793fcf1bff93d1aa06ff0"",""0xaa8fad824a174e57accf11eb34b23d020d6aa685da1925b1c30a611ffdb95a0e"",""0x80e64594a9d4fad2c6617c96707f6c9a1a78970b22d16066311be57b6d24a7da"",""0x39700501189242fe3b7185fd03a5cace111de24b0c6b66471be82d30bc72ec27"",""0x7634f8326375f99ebfd7a8b203b7442a56b18cf7dc73f6238abd4122e8090b86"",""0x6ea2e4d3921eb79867ba52b40ba2fdf4df2de7e307f65f7742bf9f3bdb48a96c"",""0xe2c89165b1663cbef76d4db4aff33d030d5826b8a643a445b8531c288e7745fd"",""0x60642c6a8412d200a3413c5426afef17f3d72d45fadaf5cdde98b783893518ec""]","[""0x60642c6a8412d200a3413c5426afef17f3d72d45fadaf5cdde98b783893518ec""]",0,0,1,0.8,0,0,0.5
bstpstaking512m30fd2845,invalid,error_cardinality_underfill,5,1,2,m30fd2845,100,10,3,"[""0xea69777677b59561b3782267ef6a65d6e0f38e1fea58f1ece52358972347edb0"",""0x68fb332560fdf6ea1d74d8c4bfc3ff952f79df911ac17e478862c0aa1c736db3"",""0x9920c06a362172692e96bab008e569caa257aaec2c8f130f3564a55f2f52357b""]","[""0x73d6c0efd0550ca38510ec910998f28c5f57de699ed4f4eab13ed86d90fb6b07"",""0x16a4b9d56a3ab5e2ef284d0e822e6707757b125228793b37bc9e037802da9d9b"",""0xe9bff1484b60de522b5fda8d2a44f33f1ba6a17ca2db76472f469a91f2245a8b"",""0x7c9cdb9fd07a0e95dd225ef751470ce88b43ad6e9e209b3b95404c7a6849e39b"",""0xb3788db79f3ad700a3cc134a27acbcec7a0a587ffbcdf5927faa24e5c362d493"",""0xc2467251882eb44d5415c8fddda0ba28022dedaeeca039a9fa1e56bb4cb2aba3"",""0xea69777677b59561b3782267ef6a65d6e0f38e1fea58f1ece52358972347edb0"",""0x68fb332560fdf6ea1d74d8c4bfc3ff952f79df911ac17e478862c0aa1c736db3"",""0x9920c06a362172692e96bab008e569caa257aaec2c8f130f3564a55f2f52357b"",""0x262e2e527250bfc9fea90edce78f93b95ce16f345766eb2534ba2fb39906d951""]","[""0xea69777677b59561b3782267ef6a65d6e0f38e1fea58f1ece52358972347edb0"",""0x68fb332560fdf6ea1d74d8c4bfc3ff952f79df911ac17e478862c0aa1c736db3"",""0x9920c06a362172692e96bab008e569caa257aaec2c8f130f3564a55f2f52357b""]",0,0,1,0.7,0,0,1
bstpstaking512m33799275,invalid,error_cardinality_underfill,5,1,2,m33799275,100,10,3,"[""0xfd70d4311b5768c6b6bf7ecd75518b0b26ba2529cb7cf75e450bca9f0d366daa"",""0x6f8ff2173988c7e6e6b4806cc36276cef1567f08424d9365cce83508613d28dc"",""0x287d67cec8b6c0c0e8cb62e98b82750bc9e986e29a7cd102180fff3104937efc""]","[""0xcd09dc92e8736934e461988f29064ea4e49ccc41310e47a797ab8e787536e77d"",""0xfd70d4311b5768c6b6bf7ecd75518b0b26ba2529cb7cf75e450bca9f0d366daa"",""0xa7831feb3b6ce91bfea938682651e70d662f1266659cbce6eaf0526e45512a68"",""0x29eba7ba49866efd89a8dce8d84688734eb0b4b198d4992b288b36b31540c8dc"",""0x2c6db858294994968533795d44c86dc8f050d3652066b8ceadf9d3b73dc7d902"",""0x8945bcc45087a8bfb2e18a5306781be29a69dbac49c73ab68b0d6c56a67bc0f9"",""0x5b677b1ca640fe2fa90ccb13036a107a5177af4f0b0bd5ed853ac029e427d019"",""0x8cc4b8cdcb727613f2378e83b1e459ef38061ac468dcb3d02730b17ef2a02673"",""0x49e5774ab139905928ff21d948254adc70aa28ff5eea2ac796f32b0549b267a3"",""0x106ecf713381cc7ee659b224caebb8c2d8402304fcc03cc12f04d9acb19beb31""]","[""0xfd70d4311b5768c6b6bf7ecd75518b0b26ba2529cb7cf75e450bca9f0d366daa""]",0,0,1,0.7,0,0,0.3333333333333333
bstpstaking512m3b4969fb,valid,,5,1,2,m3b4969fb,100,10,10,"[""0x2e193d5ce0897074fdadcda22e868053a880fb33daa7aae7eff728b819b7e9e8"",""0xeab13d44c08c5ceb171f08015d950355ab72410b965239a1c4f07f1b1d43792c"",""0xe6418c75ae473855ddb6b9dd3eac4e88af48e037bdc1063c35cde8ba136d3954"",""0xaaddad0732e448e7e0b5bf5904f8bd7746f4c560bc12fc07c73941d525498d50"",""0xd257dc770c415592299517bc82b40679bb383ced71452defe7745bf564d0c2a3"",""0x9e087f7bd1b781a46be608096cf227324d8a3e30d57f0a1d050cfb8e4c1d2c90"",""0xc3914a31f1f6b3bca365c920406144a53452950f40fcf32bae640d5d17370820"",""0xc9b625c54b597ed0d0b972a3c8e34865d9dffc7fd7674037d2525812387a47d5"",""0x4b50c7d5dffd38fb0bb0308771f12a0faf4168689ef7070f56544dc89f413b86"",""0x742e8d6b7f4f58aefb491ed7e81f4e917dd07cc98fd42fc88aef43291b0a8204""]","[""0xb002fb01be58fedcd04d5ceb2895feaf22973ac1205efed3d2db367bc6d7525b"",""0x106ecf713381cc7ee659b224caebb8c2d8402304fcc03cc12f04d9acb19beb31"",""0x682175835b69fee8ca4e1000194ccf6067372d31c29aa0c1fb86d118274fe35f"",""0xc242c986f95f7cb745f870b1e292c03f57e59c36e809d37eb00cc8d235b22c5a"",""0x4c896b9c75e38294c3a07ab4ccb18852996db2708540195223e428ddf09d38a0"",""0x6a735d9199bcfde6d540397f0c81a9225ad8520e39847b9a367e7dd94565137d"",""0x4f70045f96345b6154f2e63f3fe4b06b6e40108aedcdd3afc6a66ea75fc3da24"",""0xffb33d2d1648788432430e96a9706f35a4dcfe30d45dd0e99a1eaf7e59ab6aeb"",""0xcfdc62eb5da1c0cc9f61c08540ca22833a6530d40de956ae254be5b1e0b59d74"",""0x5b677b1ca640fe2fa90ccb13036a107a5177af4f0b0bd5ed853ac029e427d019""]",[],0,0,1,0,0,0,0
bstpstaking512m4239fd1c,invalid,error_cardinality_underfill,5,1,2,m4239fd1c,100,10,2,"[""0x2dc60ac98b1f184a836c234aa2097366ddd6ba1cad8a90c4624398fd79e60070"",""0x737e933cd67a89d2c13038c499d7d71518a56e6b95bc97e9056a59b45c072c99""]","[""0x483e0faacc32045385006ac1d42d028b103a2e2e02f320e20037d0d36be54907"",""0x89c823bf9976eb820ef3b2041267ad2c6eed1f83e2ab87cdc4bf9577cff5a748"",""0x3c97283efec66e1a5ec8437966e087338da20f0aad3723d41d52c67328f7efe4"",""0x6940f8c3529787bcfbcbf21fa64207221930bb64f69f1727136674443bba43aa"",""0x106ecf713381cc7ee659b224caebb8c2d8402304fcc03cc12f04d9acb19beb31"",""0x90ecb607bbb48b913aefe5003509412fcdc1a78708f7390fad1c6953be606038"",""0xb7eba087f5cc24fe2d08675f1cd5a26ebf3fd48642175807fccde9db3ffb3752"",""0xdf845dfbd70267c5c523805713303d6f4b7b91d97219e28f0508b46315e5e0e2"",""0x8a5fc9c813f0cbb1fbb3c86b71678b733f90197cd9b0fec7ef5b2e74d2827527"",""0xd9067ec22c0a52c0bf051e10e841161ac9d25bfedf069957979cc6f267cb6324""]",[],0,0,1,0.8,0,0,0
bstpstaking512m61fde19d,invalid,error_cardinality_underfill,5,1,2,m61fde19d,100,10,4,"[""0x06442c0ccc9ab367282f06426924517e0a49c25e50a492ad91aecc55b655f458"",""0xe5da0f8dfb6b491adb9c38f755f10e08bd498ab5979036394be3930984053206"",""0xaa8fad824a174e57accf11eb34b23d020d6aa685da1925b1c30a611ffdb95a0e"",""0x68fb332560fdf6ea1d74d8c4bfc3ff952f79df911ac17e478862c0aa1c736db3""]","[""0x69f76a6458130c9ded5a13a31db3715ca829f4a679d617f3e492b9116677d10c"",""0xdabbd1bf365dd83a0175d5e359d11f8d109116b0745646ef8d2c6a2efcf851df"",""0x281d75ca73c64a8633ed60198d5e953cc41cba8132bf7dfc97a978d37dd83726"",""0x7c9cdb9fd07a0e95dd225ef751470ce88b43ad6e9e209b3b95404c7a6849e39b"",""0xfd6b6381e462eb69a90451498acc82533df2612f7e00141667dbce964caa982e"",""0x8d357dcd4a7c14d4a0f33a6d36f83ab30a8caad65d222d503f46d94d277f7c24"",""0x37890a125406e5e42ba213b40b55685bc6c328fc0106903b123b70d8312c1000"",""0x06442c0ccc9ab367282f06426924517e0a49c25e50a492ad91aecc55b655f458"",""0xe5da0f8dfb6b491adb9c38f755f10e08bd498ab5979036394be3930984053206"",""0xe2c89165b1663cbef76d4db4aff33d030d5826b8a643a445b8531c288e7745fd""]","[""0x06442c0ccc9ab367282f06426924517e0a49c25e50a492ad91aecc55b655f458"",""0xe5da0f8dfb6b491adb9c38f755f10e08bd498ab5979036394be3930984053206""]",0,0,1,0.6,0,0,0.5
bstpstaking512m6489f990,invalid,error_cardinality_underfill,5,1,2,m6489f990,100,10,2,"[""0x540717136470dc01afdfcbbdd377b3822ac7596c990ed0b9c42a6f4d46148fc7"",""0x08c294941588d570c4ae95ce5aaf4a1592f278bd19029a2851efff2d86015692""]","[""0x73d6c0efd0550ca38510ec910998f28c5f57de699ed4f4eab13ed86d90fb6b07"",""0x3c4ef3727c5acae7ca4976ecf767571e18ac1b70a4aad2ac4f7b9139bcfc987d"",""0x8e6ed61f936c34115ed64b52efb53b493d279f72a1ed2c1dde342f98dfc9178d"",""0x01829fcc6d779d94ee869f97379c6516562dc7f8b74938742ffefe6b09b93fbc"",""0x262e2e527250bfc9fea90edce78f93b95ce16f345766eb2534ba2fb39906d951"",""0xaa8fad824a174e57accf11eb34b23d020d6aa685da1925b1c30a611ffdb95a0e"",""0x429b49322f39406d28f591c75e8222ecd51db05a599ec5d128466346627eb705"",""0x08c294941588d570c4ae95ce5aaf4a1592f278bd19029a2851efff2d86015692"",""0x6ea2e4d3921eb79867ba52b40ba2fdf4df2de7e307f65f7742bf9f3bdb48a96c"",""0x281cd26d80e9cd95f098908b641c2534121c033c47795850d88fdab6f04f2af0""]","[""0x08c294941588d570c4ae95ce5aaf4a1592f278bd19029a2851efff2d86015692""]",0,0,1,0.8,0,0,0.5
bstpstaking512m652a5fba,invalid,error_cardinality_underfill,5,1,2,m652a5fba,100,10,2,"[""0xd8c26b60f20f7010cd58dc7264c04c766ccd5e1808e60a37bf623e1f9f71e2a2"",""0x932383665799c1241f674264478c7dbdc9dbecd0c1d33b2034e91903326669df""]","[""0x5b677b1ca640fe2fa90ccb13036a107a5177af4f0b0bd5ed853ac029e427d019"",""0xd9067ec22c0a52c0bf051e10e841161ac9d25bfedf069957979cc6f267cb6324"",""0x2c6db858294994968533795d44c86dc8f050d3652066b8ceadf9d3b73dc7d902"",""0xb65630e7129a1fecafdca9eb7dbe53130a12b5d3e2e984bbf9c9a5399c6cc30f"",""0x39700501189242fe3b7185fd03a5cace111de24b0c6b66471be82d30bc72ec27"",""0x856f01151a1c15aa053c920c11f2f4a193b3ed4250c6ee2ebf77c3390fe0f275"",""0x98383544e422fe17027cdac418f09337309386a10806b8ee02c8d32713923a8e"",""0x3c97283efec66e1a5ec8437966e087338da20f0aad3723d41d52c67328f7efe4"",""0x4c896b9c75e38294c3a07ab4ccb18852996db2708540195223e428ddf09d38a0"",""0x932383665799c1241f674264478c7dbdc9dbecd0c1d33b2034e91903326669df""]","[""0x932383665799c1241f674264478c7dbdc9dbecd0c1d33b2034e91903326669df""]",0,0,1,0.8,0,0,0.5
bstpstaking512m66488430,invalid,error_cardinality_underfill,5,1,2,m66488430,100,10,2,"[""0xffb33d2d1648788432430e96a9706f35a4dcfe30d45dd0e99a1eaf7e59ab6aeb"",""0x6b84de292cb6e3be779d6288c69c6a070bba523a2317a4d294c1616e10f137ed""]","[""0xc3b0696840352e2a25a87160f85c766cba4c6b9424a40ded6b5e2eb28f9215f6"",""0xfc9bec6e17e3d34235748a04c8a772f602b2283e2946d9f68c2ed62bcdd2cd85"",""0x7c40aac49a736517f5c440f9392f1683424054f2ffa6df7c2970a52c11db06ca"",""0xcd09dc92e8736934e461988f29064ea4e49ccc41310e47a797ab8e787536e77d"",""0x92c0efa8758ff02dd06dfd438cd6612b6e3590f9c8b7c0932fd418903855a478"",""0x4f70045f96345b6154f2e63f3fe4b06b6e40108aedcdd3afc6a66ea75fc3da24"",""0xb1d52412675094b54611913899744bda3aa3c67ce51c9e9d61d8a49d9cc84caf"",""0x90ecb607bbb48b913aefe5003509412fcdc1a78708f7390fad1c6953be606038"",""0xffb33d2d1648788432430e96a9706f35a4dcfe30d45dd0e99a1eaf7e59ab6aeb"",""0x6b84de292cb6e3be779d6288c69c6a070bba523a2317a4d294c1616e10f137ed""]","[""0xffb33d2d1648788432430e96a9706f35a4dcfe30d45dd0e99a1eaf7e59ab6aeb"",""0x6b84de292cb6e3be779d6288c69c6a070bba523a2317a4d294c1616e10f137ed""]",0,0,1,0.8,0,0,1
bstpstaking512m6e7de01e,invalid,error_cardinality_underfill,5,1,2,m6e7de01e,100,10,1,"[""0x475c36c4c60e0af2eb4580055777910ab6c788c95f66d33f069723d9ff62ed25""]","[""0x7c9cdb9fd07a0e95dd225ef751470ce88b43ad6e9e209b3b95404c7a6849e39b"",""0x353fcfc68b913bba883a1cbe437235257a5567ace334e692406b2239896cc845"",""0xaa8fad824a174e57accf11eb34b23d020d6aa685da1925b1c30a611ffdb95a0e"",""0x3c4ef3727c5acae7ca4976ecf767571e18ac1b70a4aad2ac4f7b9139bcfc987d"",""0xcd6d08f520a5a6aebaa079033393b6393e347445be26d2c107e8d7ee03c8f13c"",""0x281cd26d80e9cd95f098908b641c2534121c033c47795850d88fdab6f04f2af0"",""0xdd364115eefd88d44ddca902abb962bd1038efc911e81847f0d1911029cb83fc"",""0xe2c89165b1663cbef76d4db4aff33d030d5826b8a643a445b8531c288e7745fd"",""0x66dc91c1375c97a345396b765a31f83a172cf55a43b176b21f6e7ca8e695b9fd"",""0xd7531695dcd358a4f56787acbbd65565a09fc63eff941ad49498daeb1ae38f44""]",[],0,0,1,0.9,0,0,0
bstpstaking512m7dfad905,invalid,error_cardinality_underfill,5,1,2,m7dfad905,100,10,3,"[""0xc2467251882eb44d5415c8fddda0ba28022dedaeeca039a9fa1e56bb4cb2aba3"",""0xd2058a0a741fb6255e316635f27d0a4aa2ea54565d1c9d0eb2e86df63b773e53"",""0xbb11b6e5a0db547605f0dcc18ec8e0c861054ce15ac7edf459810a5f353ee7e3""]","[""0x106ecf713381cc7ee659b224caebb8c2d8402304fcc03cc12f04d9acb19beb31"",""0xfd70d4311b5768c6b6bf7ecd75518b0b26ba2529cb7cf75e450bca9f0d366daa"",""0xe70b739d2c9d746514eb24b9ed0d3b51448a0a5913813a2864aa9be0ec65e691"",""0xa7831feb3b6ce91bfea938682651e70d662f1266659cbce6eaf0526e45512a68"",""0xab461bed3349317736818b1dabb4b0c82cc986f81bc20a4f98abb1cf118525e2"",""0xcd09dc92e8736934e461988f29064ea4e49ccc41310e47a797ab8e787536e77d"",""0x49e5774ab139905928ff21d948254adc70aa28ff5eea2ac796f32b0549b267a3"",""0x6e53ec51854bc45ec72e747b9db61797e1b20b6c0f523a3f2ead783fd267ed91"",""0x9a0ed5a06fb6051d9a659f829e57ea0e382f714cb43d55efaa317c69cfae14ee"",""0x80288ad5dc62d58560df110a3535af497449f9f6f4f71e34500b9f5045943ea7""]",[],0,0,1,0.7,0,0,0
bstpstaking512m7e72b6a8,invalid,error_cardinality_underfill,5,1,2,m7e72b6a8,100,10,2,"[""0x66dc91c1375c97a345396b765a31f83a172cf55a43b176b21f6e7ca8e695b9fd"",""0x8221d0f6fe62fc8120fd3b22c740a896d947fb1581163983c25cad744bd2f5fd""]","[""0x9a0ed5a06fb6051d9a659f829e57ea0e382f714cb43d55efaa317c69cfae14ee"",""0x98383544e422fe17027cdac418f09337309386a10806b8ee02c8d32713923a8e"",""0x8945bcc45087a8bfb2e18a5306781be29a69dbac49c73ab68b0d6c56a67bc0f9"",""0xd7531695dcd358a4f56787acbbd65565a09fc63eff941ad49498daeb1ae38f44"",""0x99196e62444c2ecc416618bcc5a3424f9cd5641d6867c8e258507c7d89a4a88c"",""0xe40523cb93f50925b957e5e448d59b64adfad0b41a549e68dd171dd988bc17a5"",""0x4c896b9c75e38294c3a07ab4ccb18852996db2708540195223e428ddf09d38a0"",""0x7c40aac49a736517f5c440f9392f1683424054f2ffa6df7c2970a52c11db06ca"",""0x49e5774ab139905928ff21d948254adc70aa28ff5eea2ac796f32b0549b267a3"",""0xffb33d2d1648788432430e96a9706f35a4dcfe30d45dd0e99a1eaf7e59ab6aeb""]",[],0,0,1,0.8,0,0,0
bstpstaking512m8051415e,invalid,error_cardinality_underfill,5,1,2,m8051415e,100,10,2,"[""0xcfdc62eb5da1c0cc9f61c08540ca22833a6530d40de956ae254be5b1e0b59d74"",""0xd5568fd406d7db628afa415d58bf5bd06959a92398aa702548e8e04793bedd47""]","[""0x4f70045f96345b6154f2e63f3fe4b06b6e40108aedcdd3afc6a66ea75fc3da24"",""0x8cc4b8cdcb727613f2378e83b1e459ef38061ac468dcb3d02730b17ef2a02673"",""0x29eba7ba49866efd89a8dce8d84688734eb0b4b198d4992b288b36b31540c8dc"",""0x92c0efa8758ff02dd06dfd438cd6612b6e3590f9c8b7c0932fd418903855a478"",""0x80288ad5dc62d58560df110a3535af497449f9f6f4f71e34500b9f5045943ea7"",""0xa7831feb3b6ce91bfea938682651e70d662f1266659cbce6eaf0526e45512a68"",""0x6b84de292cb6e3be779d6288c69c6a070bba523a2317a4d294c1616e10f137ed"",""0x483e0faacc32045385006ac1d42d028b103a2e2e02f320e20037d0d36be54907"",""0xcfdc62eb5da1c0cc9f61c08540ca22833a6530d40de956ae254be5b1e0b59d74"",""0xd5568fd406d7db628afa415d58bf5bd06959a92398aa702548e8e04793bedd47""]","[""0xcfdc62eb5da1c0cc9f61c08540ca22833a6530d40de956ae254be5b1e0b59d74"",""0xd5568fd406d7db628afa415d58bf5bd06959a92398aa702548e8e04793bedd47""]",0,0,1,0.8,0,0,1
bstpstaking512m810b37d6,invalid,error_cardinality_underfill,5,1,2,m810b37d6,100,10,1,"[""0xaa1aed2cec4ac0986857f6d14846e88ae6da67908a6c7f69dec21c7deb5bb810""]","[""0x14d09a4d420ae8a7492d23eb1beacf31a514ddd9765719262cf2a750248f046e"",""0xedb061d6c685949f3e6f6b2fbc31238ae6ee3c1a2760e056b5c3e5e2304df8af"",""0xd7531695dcd358a4f56787acbbd65565a09fc63eff941ad49498daeb1ae38f44"",""0x6e2ec90f7c36a36b5344a2aac6038ddc9c3860de12975f71142181a7a81c8609"",""0xdd364115eefd88d44ddca902abb962bd1038efc911e81847f0d1911029cb83fc"",""0x68fb332560fdf6ea1d74d8c4bfc3ff952f79df911ac17e478862c0aa1c736db3"",""0x37890a125406e5e42ba213b40b55685bc6c328fc0106903b123b70d8312c1000"",""0x69f76a6458130c9ded5a13a31db3715ca829f4a679d617f3e492b9116677d10c"",""0xd315b8c83a9e2edb719d67cf2cc732391e7c9d9fa55ab87f926ee4c7046a8578"",""0xdabbd1bf365dd83a0175d5e359d11f8d109116b0745646ef8d2c6a2efcf851df""]",[],0,0,1,0.9,0,0,0
bstpstaking512m9189f677,invalid,error_cardinality_underfill,5,1,2,m9189f677,100,10,3,"[""0x6e6fabf2eee9c69000c9e069015760be3ef299469c162afa83ebb419a769f337"",""0x0fb8a5011f37f8cafd21fb9a90ee3e86a54e38595351ca3fe208fb0e500ced51"",""0xe40523cb93f50925b957e5e448d59b64adfad0b41a549e68dd171dd988bc17a5""]","[""0xcd09dc92e8736934e461988f29064ea4e49ccc41310e47a797ab8e787536e77d"",""0x8a5fc9c813f0cbb1fbb3c86b71678b733f90197cd9b0fec7ef5b2e74d2827527"",""0x483e0faacc32045385006ac1d42d028b103a2e2e02f320e20037d0d36be54907"",""0xb6956c09b733a91561395f6f106aa19a23a1df4c453562ff602fdc30b0b773ad"",""0xb7eba087f5cc24fe2d08675f1cd5a26ebf3fd48642175807fccde9db3ffb3752"",""0xab461bed3349317736818b1dabb4b0c82cc986f81bc20a4f98abb1cf118525e2"",""0x682175835b69fee8ca4e1000194ccf6067372d31c29aa0c1fb86d118274fe35f"",""0xfc9bec6e17e3d34235748a04c8a772f602b2283e2946d9f68c2ed62bcdd2cd85"",""0x98383544e422fe17027cdac418f09337309386a10806b8ee02c8d32713923a8e"",""0xe40523cb93f50925b957e5e448d59b64adfad0b41a549e68dd171dd988bc17a5""]","[""0xe40523cb93f50925b957e5e448d59b64adfad0b41a549e68dd171dd988bc17a5""]",0,0,1,0.7,0,0,0.3333333333333333
bstpstaking512m970360f4,invalid,error_cardinality_underfill,5,1,2,m970360f4,100,10,3,"[""0x8cc4b8cdcb727613f2378e83b1e459ef38061ac468dcb3d02730b17ef2a02673"",""0xb6956c09b733a91561395f6f106aa19a23a1df4c453562ff602fdc30b0b773ad"",""0x3ff4a6c123b24acc54125092b303246c6f5b0734150a299209e0e0a7518911ea""]","[""0x14d09a4d420ae8a7492d23eb1beacf31a514ddd9765719262cf2a750248f046e"",""0xae105f7f87da768b512fdfdb98a0fbf6131d1571893bb99b9a0ab477ff1702c2"",""0x281cd26d80e9cd95f098908b641c2534121c033c47795850d88fdab6f04f2af0"",""0xfd6b6381e462eb69a90451498acc82533df2612f7e00141667dbce964caa982e"",""0x68fb332560fdf6ea1d74d8c4bfc3ff952f79df911ac17e478862c0aa1c736db3"",""0x8e6ed61f936c34115ed64b52efb53b493d279f72a1ed2c1dde342f98dfc9178d"",""0xea69777677b59561b3782267ef6a65d6e0f38e1fea58f1ece52358972347edb0"",""0xe5da0f8dfb6b491adb9c38f755f10e08bd498ab5979036394be3930984053206"",""0x1721fbf3311a57adcac4eb75a9690451077fc079b0d94e4fa9d5a75bfb95e9c2"",""0x37890a125406e5e42ba213b40b55685bc6c328fc0106903b123b70d8312c1000""]",[],0,0,1,0.7,0,0,0
bstpstaking512m98d7930e,invalid,error_cardinality_underfill,5,1,2,m98d7930e,100,10,2,"[""0x5a2fb4cd5e9dd5493ef26362c926e748b9d676a9534e4976e2eb58359eb1421d"",""0xd1a19432271665183846beb75f8a319e77e15e8c2fdb7771be24ad6e16fe1ac2""]","[""0x98383544e422fe17027cdac418f09337309386a10806b8ee02c8d32713923a8e"",""0x856f01151a1c15aa053c920c11f2f4a193b3ed4250c6ee2ebf77c3390fe0f275"",""0x8945bcc45087a8bfb2e18a5306781be29a69dbac49c73ab68b0d6c56a67bc0f9"",""0x8cc4b8cdcb727613f2378e83b1e459ef38061ac468dcb3d02730b17ef2a02673"",""0x1ebfa3f4b31da950a10ba4155a5675fdf5fb3ac42fe3f076668cfe359788f601"",""0xe70b739d2c9d746514eb24b9ed0d3b51448a0a5913813a2864aa9be0ec65e691"",""0x90ecb607bbb48b913aefe5003509412fcdc1a78708f7390fad1c6953be606038"",""0xab461bed3349317736818b1dabb4b0c82cc986f81bc20a4f98abb1cf118525e2"",""0xb1d52412675094b54611913899744bda3aa3c67ce51c9e9d61d8a49d9cc84caf"",""0x281cd26d80e9cd95f098908b641c2534121c033c47795850d88fdab6f04f2af0""]",[],0,0,1,0.8,0,0,0
bstpstaking512ma6f1fda3,invalid,error_cardinality_underfill,5,1,2,ma6f1fda3,100,10,1,"[""0x36b2233f8930f66cd0995ce5444b0b41fb79bcff830bb0f37f9c9718d697b868""]","[""0xcc5a3914b6cc401b98a202e8075b56eb77670a1140412c79b48b965bce6e05f2"",""0x90ecb607bbb48b913aefe5003509412fcdc1a78708f7390fad1c6953be606038"",""0x6940f8c3529787bcfbcbf21fa64207221930bb64f69f1727136674443bba43aa"",""0x4c896b9c75e38294c3a07ab4ccb18852996db2708540195223e428ddf09d38a0"",""0x01829fcc6d779d94ee869f97379c6516562dc7f8b74938742ffefe6b09b93fbc"",""0x106ecf713381cc7ee659b224caebb8c2d8402304fcc03cc12f04d9acb19beb31"",""0x429b49322f39406d28f591c75e8222ecd51db05a599ec5d128466346627eb705"",""0x5b677b1ca640fe2fa90ccb13036a107a5177af4f0b0bd5ed853ac029e427d019"",""0x1ebfa3f4b31da950a10ba4155a5675fdf5fb3ac42fe3f076668cfe359788f601"",""0xdf845dfbd70267c5c523805713303d6f4b7b91d97219e28f0508b46315e5e0e2""]",[],0,0,1,0.9,0,0,0
bstpstaking512maea74e52,invalid,error_cardinality_underfill,5,1,2,maea74e52,100,10,2,"[""0x1ebfa3f4b31da950a10ba4155a5675fdf5fb3ac42fe3f076668cfe359788f601"",""0x5bbc9d2413d5740c9cce8b34acbdb04e9c122cff7ece31c0620bfd2b7e0e1b86""]","[""0x8d357dcd4a7c14d4a0f33a6d36f83ab30a8caad65d222d503f46d94d277f7c24"",""0x01829fcc6d779d94ee869f97379c6516562dc7f8b74938742ffefe6b09b93fbc"",""0x281cd26d80e9cd95f098908b641c2534121c033c47795850d88fdab6f04f2af0"",""0x262e2e527250bfc9fea90edce78f93b95ce16f345766eb2534ba2fb39906d951"",""0x119bb5b05d026a441a51d331d2e813d4a51e2ca676f9919b728dde31c94dc798"",""0xdabbd1bf365dd83a0175d5e359d11f8d109116b0745646ef8d2c6a2efcf851df"",""0xe2c89165b1663cbef76d4db4aff33d030d5826b8a643a445b8531c288e7745fd"",""0x3c4ef3727c5acae7ca4976ecf767571e18ac1b70a4aad2ac4f7b9139bcfc987d"",""0x55502bafc57a57cf79cf670fefef3504cf632e5de82803db33a8e4d8337b211c"",""0xedb061d6c685949f3e6f6b2fbc31238ae6ee3c1a2760e056b5c3e5e2304df8af""]",[],0,0,1,0.8,0,0,0
bstpstaking512mb0c003cd,invalid,error_cardinality_underfill,5,1,2,mb0c003cd,100,10,2,"[""0xdea50d72b9d484213a2fe0955098d21ecf5893ccc339ced2ceb72fdedb80a2b7"",""0xef37e991c1bbde5514601dcebba1303fb29bebdd62661fbcbbed912689394dd1""]","[""0xcd09dc92e8736934e461988f29064ea4e49ccc41310e47a797ab8e787536e77d"",""0x8a5fc9c813f0cbb1fbb3c86b71678b733f90197cd9b0fec7ef5b2e74d2827527"",""0xc3b0696840352e2a25a87160f85c766cba4c6b9424a40ded6b5e2eb28f9215f6"",""0x2c6db858294994968533795d44c86dc8f050d3652066b8ceadf9d3b73dc7d902"",""0x3c97283efec66e1a5ec8437966e087338da20f0aad3723d41d52c67328f7efe4"",""0xab461bed3349317736818b1dabb4b0c82cc986f81bc20a4f98abb1cf118525e2"",""0xb6956c09b733a91561395f6f106aa19a23a1df4c453562ff602fdc30b0b773ad"",""0xcfdc62eb5da1c0cc9f61c08540ca22833a6530d40de956ae254be5b1e0b59d74"",""0x483e0faacc32045385006ac1d42d028b103a2e2e02f320e20037d0d36be54907"",""0x49e5774ab139905928ff21d948254adc70aa28ff5eea2ac796f32b0549b267a3""]",[],0,0,1,0.8,0,0,0
bstpstaking512mb38d99c5,invalid,error_cardinality_underfill,5,1,2,mb38d99c5,100,10,3,"[""0x35d2f8d11a6e38e76da124815e227cccd7ade4d1cb08290de127e8ead973b6f9"",""0xaa8fad824a174e57accf11eb34b23d020d6aa685da1925b1c30a611ffdb95a0e"",""0xf5162966dbd2c8c3b2195e7ee9c5e46a8dd1715287d079a5b92d312ca24045cd""]","[""0x8e6ed61f936c34115ed64b52efb53b493d279f72a1ed2c1dde342f98dfc9178d"",""0xadc1a837b5429a817612fe145787358ffe8831a2e75dee3a3338a31d486fb05f"",""0x000ceb98a30a9f0375fd46d151e4f2f8d830751c2983f14a1c6f0144f80b3198"",""0x8d357dcd4a7c14d4a0f33a6d36f83ab30a8caad65d222d503f46d94d277f7c24"",""0xe5da0f8dfb6b491adb9c38f755f10e08bd498ab5979036394be3930984053206"",""0xdabbd1bf365dd83a0175d5e359d11f8d109116b0745646ef8d2c6a2efcf851df"",""0x06442c0ccc9ab367282f06426924517e0a49c25e50a492ad91aecc55b655f458"",""0xaa8fad824a174e57accf11eb34b23d020d6aa685da1925b1c30a611ffdb95a0e"",""0x12c0e8caa1bce7d499cbbbc665fbb364c09cd2977856fe2bf0027b9c600b9022"",""0xf5162966dbd2c8c3b2195e7ee9c5e46a8dd1715287d079a5b92d312ca24045cd""]","[""0xaa8fad824a174e57accf11eb34b23d020d6aa685da1925b1c30a611ffdb95a0e"",""0xf5162966dbd2c8c3b2195e7ee9c5e46a8dd1715287d079a5b92d312ca24045cd""]",0,0,1,0.7,0,0,0.6666666666666666
bstpstaking512mb8cbcc16,invalid,error_cardinality_underfill,5,1,2,mb8cbcc16,100,10,2,"[""0x49e5774ab139905928ff21d948254adc70aa28ff5eea2ac796f32b0549b267a3"",""0x3b5d1234f10198acc136a10dfa09fa0a1a59de504bc0d9a7c35446f692b7c07c""]","[""0x1cde8373a779839f2b591a11cac079df0f1eb3fb272188f9ceccb1dee8ec102f"",""0xb65630e7129a1fecafdca9eb7dbe53130a12b5d3e2e984bbf9c9a5399c6cc30f"",""0x230550ee2f183f79fbee87b09e6157a7bfd65abfefa14a749660749b7fa0d6b4"",""0x39700501189242fe3b7185fd03a5cace111de24b0c6b66471be82d30bc72ec27"",""0x7634f8326375f99ebfd7a8b203b7442a56b18cf7dc73f6238abd4122e8090b86"",""0xae105f7f87da768b512fdfdb98a0fbf6131d1571893bb99b9a0ab477ff1702c2"",""0xb3788db79f3ad700a3cc134a27acbcec7a0a587ffbcdf5927faa24e5c362d493"",""0x60642c6a8412d200a3413c5426afef17f3d72d45fadaf5cdde98b783893518ec"",""0x856f01151a1c15aa053c920c11f2f4a193b3ed4250c6ee2ebf77c3390fe0f275"",""0x6d5bfd47046b2e223b0c83d8c0d4e2ad42a064232926ed904efe73cb5d8f2133""]",[],0,0,1,0.8,0,0,0
bstpstaking512mc5ae52b7,invalid,error_cardinality_underfill,5,1,2,mc5ae52b7,100,10,1,"[""0x4b36c84fef27082fc2e72e6431ab80a1d23123e0775ae784c7f884b8234bdb28""]","[""0x3c4ef3727c5acae7ca4976ecf767571e18ac1b70a4aad2ac4f7b9139bcfc987d"",""0x6e2ec90f7c36a36b5344a2aac6038ddc9c3860de12975f71142181a7a81c8609"",""0x12c0e8caa1bce7d499cbbbc665fbb364c09cd2977856fe2bf0027b9c600b9022"",""0xea69777677b59561b3782267ef6a65d6e0f38e1fea58f1ece52358972347edb0"",""0xb65630e7129a1fecafdca9eb7dbe53130a12b5d3e2e984bbf9c9a5399c6cc30f"",""0x39700501189242fe3b7185fd03a5cace111de24b0c6b66471be82d30bc72ec27"",""0x9920c06a362172692e96bab008e569caa257aaec2c8f130f3564a55f2f52357b"",""0x1fd6cd46a30ebaf43fddfe1aa0f8499987a4d3e3a687e3b577d2d1f1bf4d9e77"",""0x1721fbf3311a57adcac4eb75a9690451077fc079b0d94e4fa9d5a75bfb95e9c2"",""0x08c294941588d570c4ae95ce5aaf4a1592f278bd19029a2851efff2d86015692""]",[],0,0,1,0.9,0,0,0
bstpstaking512mce4af4f6,invalid,error_cardinality_underfill,5,1,2,mce4af4f6,100,10,1,"[""0xec468ea9887878287bcd7621fe3f84413741919f3553b6c8904dac28995c5319""]","[""0x0d6652a8c9d9575f5254120f3b037a86104172ca1dd77b5b55be2da39daf1385"",""0xb759e3960a93ef78e32f4847b58dbc6b1c22efd6d9ccaa3b1a84911e6a288afa"",""0xf5162966dbd2c8c3b2195e7ee9c5e46a8dd1715287d079a5b92d312ca24045cd"",""0x3c4ef3727c5acae7ca4976ecf767571e18ac1b70a4aad2ac4f7b9139bcfc987d"",""0xea69777677b59561b3782267ef6a65d6e0f38e1fea58f1ece52358972347edb0"",""0x73d6c0efd0550ca38510ec910998f28c5f57de699ed4f4eab13ed86d90fb6b07"",""0x856f01151a1c15aa053c920c11f2f4a193b3ed4250c6ee2ebf77c3390fe0f275"",""0xfd6b6381e462eb69a90451498acc82533df2612f7e00141667dbce964caa982e"",""0x60642c6a8412d200a3413c5426afef17f3d72d45fadaf5cdde98b783893518ec"",""0x80ae3a3d46a5bfbf5f0adaf5d83aa1064814c65038e92093a16ea8304bd00bd3""]",[],0,0,1,0.9,0,0,0
bstpstaking512mdd189b64,invalid,error_cardinality_underfill,5,1,2,mdd189b64,100,10,1,"[""0xbd3b9ddb59aa4e3c39551deecbf44e00a9c787ab157303409f45c270f1f2be92""]","[""0x0d6652a8c9d9575f5254120f3b037a86104172ca1dd77b5b55be2da39daf1385"",""0x8e6ed61f936c34115ed64b52efb53b493d279f72a1ed2c1dde342f98dfc9178d"",""0x505f78474c398814eb0ba0cc3c08f6129e12bf16431876853283a43beac9d141"",""0xdabbd1bf365dd83a0175d5e359d11f8d109116b0745646ef8d2c6a2efcf851df"",""0xcd6d08f520a5a6aebaa079033393b6393e347445be26d2c107e8d7ee03c8f13c"",""0x70466edbeed113ce8a8435ffd9f8208b8c3f50b2cf38281af86584c766a4310f"",""0x737e933cd67a89d2c13038c499d7d71518a56e6b95bc97e9056a59b45c072c99"",""0x37890a125406e5e42ba213b40b55685bc6c328fc0106903b123b70d8312c1000"",""0x1721fbf3311a57adcac4eb75a9690451077fc079b0d94e4fa9d5a75bfb95e9c2"",""0xaa8fad824a174e57accf11eb34b23d020d6aa685da1925b1c30a611ffdb95a0e""]",[],0,0,1,0.9,0,0,0
bstpstaking512me8bc7185,invalid,error_cardinality_underfill,5,1,2,me8bc7185,100,10,2,"[""0x2cba235e385ffa8025c1d48c48a11aa9fffb9bbeb1f1a9e10ce480ba5bf28f1f"",""0x38dd2d254f28282266a3fc35233ab395f48564e844c2ca78c59f73d4a6a404a4""]","[""0x5b677b1ca640fe2fa90ccb13036a107a5177af4f0b0bd5ed853ac029e427d019"",""0x3c97283efec66e1a5ec8437966e087338da20f0aad3723d41d52c67328f7efe4"",""0x49e5774ab139905928ff21d948254adc70aa28ff5eea2ac796f32b0549b267a3"",""0x6e53ec51854bc45ec72e747b9db61797e1b20b6c0f523a3f2ead783fd267ed91"",""0xa7831feb3b6ce91bfea938682651e70d662f1266659cbce6eaf0526e45512a68"",""0x167a4d5214f28e5714dbe0ef582ab78f31d676888df89fd1380e7d60c6455530"",""0x90ecb607bbb48b913aefe5003509412fcdc1a78708f7390fad1c6953be606038"",""0xcfdc62eb5da1c0cc9f61c08540ca22833a6530d40de956ae254be5b1e0b59d74"",""0xfc9bec6e17e3d34235748a04c8a772f602b2283e2946d9f68c2ed62bcdd2cd85"",""0xc242c986f95f7cb745f870b1e292c03f57e59c36e809d37eb00cc8d235b22c5a""]",[],0,0,1,0.8,0,0,0
bstpstaking512mec0952f1,invalid,error_cardinality_underfill,5,1,2,mec0952f1,100,10,2,"[""0x262e2e527250bfc9fea90edce78f93b95ce16f345766eb2534ba2fb39906d951"",""0x01829fcc6d779d94ee869f97379c6516562dc7f8b74938742ffefe6b09b93fbc""]","[""0x119bb5b05d026a441a51d331d2e813d4a51e2ca676f9919b728dde31c94dc798"",""0xdd364115eefd88d44ddca902abb962bd1038efc911e81847f0d1911029cb83fc"",""0x281cd26d80e9cd95f098908b641c2534121c033c47795850d88fdab6f04f2af0"",""0xdabbd1bf365dd83a0175d5e359d11f8d109116b0745646ef8d2c6a2efcf851df"",""0xbf11d678dcdece15f7824e21c504ec11500448bd6eb50749dea8bda81bf85a81"",""0xf5162966dbd2c8c3b2195e7ee9c5e46a8dd1715287d079a5b92d312ca24045cd"",""0x27f6a02165b673e7008df197e38e096214cfb8e24d4ed54d9d7086bd62eb23c1"",""0x68fb332560fdf6ea1d74d8c4bfc3ff952f79df911ac17e478862c0aa1c736db3"",""0x262e2e527250bfc9fea90edce78f93b95ce16f345766eb2534ba2fb39906d951"",""0x01829fcc6d779d94ee869f97379c6516562dc7f8b74938742ffefe6b09b93fbc""]","[""0x262e2e527250bfc9fea90edce78f93b95ce16f345766eb2534ba2fb39906d951"",""0x01829fcc6d779d94ee869f97379c6516562dc7f8b74938742ffefe6b09b93fbc""]",0,0,1,0.8,0,0,1
bstpstaking512mfadd38bd,invalid,error_cardinality_underfill,5,1,2,mfadd38bd,100,10,1,"[""0x63530334aeca79ddbe6c959a076930a6d6ae5abaeb9f609ec3cb7547664e4f88""]","[""0x71a93113087b01233d6a75b25863b56cc2d4ca947f24a3540208f7d1f5e5efbf"",""0xfd6b6381e462eb69a90451498acc82533df2612f7e00141667dbce964caa982e"",""0x505f78474c398814eb0ba0cc3c08f6129e12bf16431876853283a43beac9d141"",""0x3c4ef3727c5acae7ca4976ecf767571e18ac1b70a4aad2ac4f7b9139bcfc987d"",""0x60642c6a8412d200a3413c5426afef17f3d72d45fadaf5cdde98b783893518ec"",""0x1fd6cd46a30ebaf43fddfe1aa0f8499987a4d3e3a687e3b577d2d1f1bf4d9e77"",""0x429b49322f39406d28f591c75e8222ecd51db05a599ec5d128466346627eb705"",""0xae105f7f87da768b512fdfdb98a0fbf6131d1571893bb99b9a0ab477ff1702c2"",""0x353fcfc68b913bba883a1cbe437235257a5567ace334e692406b2239896cc845"",""0x7c9cdb9fd07a0e95dd225ef751470ce88b43ad6e9e209b3b95404c7a6849e39b""]",[],0,0,1,0.9,0,0,0
bstpstaking513m02a43993,invalid,error_cardinality_underfill,5,1,3,m02a43993,100,10,1,"[""0x757e599b0f8da111bb0f55a5e5fc95e0206c86ef46c24b4256f1801dacd1bac6""]","[""0xb1d52412675094b54611913899744bda3aa3c67ce51c9e9d61d8a49d9cc84caf"",""0x92c0efa8758ff02dd06dfd438cd6612b6e3590f9c8b7c0932fd418903855a478"",""0x80288ad5dc62d58560df110a3535af497449f9f6f4f71e34500b9f5045943ea7"",""0x90ecb607bbb48b913aefe5003509412fcdc1a78708f7390fad1c6953be606038"",""0x08c294941588d570c4ae95ce5aaf4a1592f278bd19029a2851efff2d86015692"",""0x3b5d1234f10198acc136a10dfa09fa0a1a59de504bc0d9a7c35446f692b7c07c"",""0xcd09dc92e8736934e461988f29064ea4e49ccc41310e47a797ab8e787536e77d"",""0xb002fb01be58fedcd04d5ceb2895feaf22973ac1205efed3d2db367bc6d7525b"",""0x7c40aac49a736517f5c440f9392f1683424054f2ffa6df7c2970a52c11db06ca"",""0x6940f8c3529787bcfbcbf21fa64207221930bb64f69f1727136674443bba43aa""]",[],0,0,1,0.9,0,0,0
bstpstaking513m069a3556,invalid,error_cardinality_underfill,5,1,3,m069a3556,100,10,1,"[""0x301a4c5325fb29a54b2da09b372d61c8ddf8ca7e4f52c0727cc0f5247bdcb444""]","[""0x230550ee2f183f79fbee87b09e6157a7bfd65abfefa14a749660749b7fa0d6b4"",""0xe5da0f8dfb6b491adb9c38f755f10e08bd498ab5979036394be3930984053206"",""0x505f78474c398814eb0ba0cc3c08f6129e12bf16431876853283a43beac9d141"",""0x281cd26d80e9cd95f098908b641c2534121c033c47795850d88fdab6f04f2af0"",""0x12c0e8caa1bce7d499cbbbc665fbb364c09cd2977856fe2bf0027b9c600b9022"",""0x8d357dcd4a7c14d4a0f33a6d36f83ab30a8caad65d222d503f46d94d277f7c24"",""0xcd6d08f520a5a6aebaa079033393b6393e347445be26d2c107e8d7ee03c8f13c"",""0xd7531695dcd358a4f56787acbbd65565a09fc63eff941ad49498daeb1ae38f44"",""0x429b49322f39406d28f591c75e8222ecd51db05a599ec5d128466346627eb705"",""0x86ae1d3cfed9f994a673ca32c9ebb44c1b77c8c3781c16a0f6486fea4611ee5b""]",[],0,0,1,0.9,0,0,0
bstpstaking513m1a5bd173,invalid,error_cardinality_underfill,5,1,3,m1a5bd173,100,10,2,"[""0x7416606c9ce067f5dc0b9735cba4bac05f4139205ff9898b79bea216ddf99707"",""0x60642c6a8412d200a3413c5426afef17f3d72d45fadaf5cdde98b783893518ec""]","[""0x16a4b9d56a3ab5e2ef284d0e822e6707757b125228793b37bc9e037802da9d9b"",""0x86ae1d3cfed9f994a673ca32c9ebb44c1b77c8c3781c16a0f6486fea4611ee5b"",""0xa4a5871d752ffcf82f0971f07904f7cdd34150574ae793fcf1bff93d1aa06ff0"",""0xaa8fad824a174e57accf11eb34b23d020d6aa685da1925b1c30a611ffdb95a0e"",""0x80e64594a9d4fad2c6617c96707f6c9a1a78970b22d16066311be57b6d24a7da"",""0x39700501189242fe3b7185fd03a5cace111de24b0c6b66471be82d30bc72ec27"",""0x7634f8326375f99ebfd7a8b203b7442a56b18cf7dc73f6238abd4122e8090b86"",""0x6ea2e4d3921eb79867ba52b40ba2fdf4df2de7e307f65f7742bf9f3bdb48a96c"",""0xe2c89165b1663cbef76d4db4aff33d030d5826b8a643a445b8531c288e7745fd"",""0x60642c6a8412d200a3413c5426afef17f3d72d45fadaf5cdde98b783893518ec""]","[""0x60642c6a8412d200a3413c5426afef17f3d72d45fadaf5cdde98b783893518ec""]",0,0,1,0.8,0,0,0.5
bstpstaking513m30fd2845,invalid,error_cardinality_underfill,5,1,3,m30fd2845,100,10,4,"[""0xea69777677b59561b3782267ef6a65d6e0f38e1fea58f1ece52358972347edb0"",""0x68fb332560fdf6ea1d74d8c4bfc3ff952f79df911ac17e478862c0aa1c736db3"",""0x9920c06a362172692e96bab008e569caa257aaec2c8f130f3564a55f2f52357b"",""0x262e2e527250bfc9fea90edce78f93b95ce16f345766eb2534ba2fb39906d951""]","[""0x73d6c0efd0550ca38510ec910998f28c5f57de699ed4f4eab13ed86d90fb6b07"",""0x16a4b9d56a3ab5e2ef284d0e822e6707757b125228793b37bc9e037802da9d9b"",""0xe9bff1484b60de522b5fda8d2a44f33f1ba6a17ca2db76472f469a91f2245a8b"",""0x7c9cdb9fd07a0e95dd225ef751470ce88b43ad6e9e209b3b95404c7a6849e39b"",""0xb3788db79f3ad700a3cc134a27acbcec7a0a587ffbcdf5927faa24e5c362d493"",""0xc2467251882eb44d5415c8fddda0ba28022dedaeeca039a9fa1e56bb4cb2aba3"",""0xea69777677b59561b3782267ef6a65d6e0f38e1fea58f1ece52358972347edb0"",""0x68fb332560fdf6ea1d74d8c4bfc3ff952f79df911ac17e478862c0aa1c736db3"",""0x9920c06a362172692e96bab008e569caa257aaec2c8f130f3564a55f2f52357b"",""0x262e2e527250bfc9fea90edce78f93b95ce16f345766eb2534ba2fb39906d951""]","[""0xea69777677b59561b3782267ef6a65d6e0f38e1fea58f1ece52358972347edb0"",""0x68fb332560fdf6ea1d74d8c4bfc3ff952f79df911ac17e478862c0aa1c736db3"",""0x9920c06a362172692e96bab008e569caa257aaec2c8f130f3564a55f2f52357b"",""0x262e2e527250bfc9fea90edce78f93b95ce16f345766eb2534ba2fb39906d951""]",0,0,1,0.6,0,0,1
bstpstaking513m33799275,invalid,error_cardinality_underfill,5,1,3,m33799275,100,10,1,"[""0xf0972d9aa3b273f2d3cf65a082bf76d56bdf9ccf2ac70fff04b0e874dc1d469d""]","[""0xcd09dc92e8736934e461988f29064ea4e49ccc41310e47a797ab8e787536e77d"",""0xfd70d4311b5768c6b6bf7ecd75518b0b26ba2529cb7cf75e450bca9f0d366daa"",""0xa7831feb3b6ce91bfea938682651e70d662f1266659cbce6eaf0526e45512a68"",""0x29eba7ba49866efd89a8dce8d84688734eb0b4b198d4992b288b36b31540c8dc"",""0x2c6db858294994968533795d44c86dc8f050d3652066b8ceadf9d3b73dc7d902"",""0x8945bcc45087a8bfb2e18a5306781be29a69dbac49c73ab68b0d6c56a67bc0f9"",""0x5b677b1ca640fe2fa90ccb13036a107a5177af4f0b0bd5ed853ac029e427d019"",""0x8cc4b8cdcb727613f2378e83b1e459ef38061ac468dcb3d02730b17ef2a02673"",""0x49e5774ab139905928ff21d948254adc70aa28ff5eea2ac796f32b0549b267a3"",""0x106ecf713381cc7ee659b224caebb8c2d8402304fcc03cc12f04d9acb19beb31""]",[],0,0,1,0.9,0,0,0
bstpstaking513m3b4969fb,invalid,error_cardinality_underfill,5,1,3,m3b4969fb,100,10,1,"[""0x4cefc890c0072c5c1a1be639627c4a0c7c3102fca6218bda1ce57d0dc9980cb5""]","[""0xb002fb01be58fedcd04d5ceb2895feaf22973ac1205efed3d2db367bc6d7525b"",""0x106ecf713381cc7ee659b224caebb8c2d8402304fcc03cc12f04d9acb19beb31"",""0x682175835b69fee8ca4e1000194ccf6067372d31c29aa0c1fb86d118274fe35f"",""0xc242c986f95f7cb745f870b1e292c03f57e59c36e809d37eb00cc8d235b22c5a"",""0x4c896b9c75e38294c3a07ab4ccb18852996db2708540195223e428ddf09d38a0"",""0x6a735d9199bcfde6d540397f0c81a9225ad8520e39847b9a367e7dd94565137d"",""0x4f70045f96345b6154f2e63f3fe4b06b6e40108aedcdd3afc6a66ea75fc3da24"",""0xffb33d2d1648788432430e96a9706f35a4dcfe30d45dd0e99a1eaf7e59ab6aeb"",""0xcfdc62eb5da1c0cc9f61c08540ca22833a6530d40de956ae254be5b1e0b59d74"",""0x5b677b1ca640fe2fa90ccb13036a107a5177af4f0b0bd5ed853ac029e427d019""]",[],0,0,1,0.9,0,0,0
bstpstaking513m4239fd1c,invalid,error_cardinality_underfill,5,1,3,m4239fd1c,100,10,2,"[""0x2dc60ac98b1f184a836c234aa2097366ddd6ba1cad8a90c4624398fd79e60070"",""0x737e933cd67a89d2c13038c499d7d71518a56e6b95bc97e9056a59b45c072c99""]","[""0x483e0faacc32045385006ac1d42d028b103a2e2e02f320e20037d0d36be54907"",""0x89c823bf9976eb820ef3b2041267ad2c6eed1f83e2ab87cdc4bf9577cff5a748"",""0x3c97283efec66e1a5ec8437966e087338da20f0aad3723d41d52c67328f7efe4"",""0x6940f8c3529787bcfbcbf21fa64207221930bb64f69f1727136674443bba43aa"",""0x106ecf713381cc7ee659b224caebb8c2d8402304fcc03cc12f04d9acb19beb31"",""0x90ecb607bbb48b913aefe5003509412fcdc1a78708f7390fad1c6953be606038"",""0xb7eba087f5cc24fe2d08675f1cd5a26ebf3fd48642175807fccde9db3ffb3752"",""0xdf845dfbd70267c5c523805713303d6f4b7b91d97219e28f0508b46315e5e0e2"",""0x8a5fc9c813f0cbb1fbb3c86b71678b733f90197cd9b0fec7ef5b2e74d2827527"",""0xd9067ec22c0a52c0bf051e10e841161ac9d25bfedf069957979cc6f267cb6324""]",[],0,0,1,0.8,0,0,0
bstpstaking513m61fde19d,invalid,error_cardinality_underfill,5,1,3,m61fde19d,100,10,4,"[""0x06442c0ccc9ab367282f06426924517e0a49c25e50a492ad91aecc55b655f458"",""0xe5da0f8dfb6b491adb9c38f755f10e08bd498ab5979036394be3930984053206"",""0xaa8fad824a174e57accf11eb34b23d020d6aa685da1925b1c30a611ffdb95a0e"",""0x68fb332560fdf6ea1d74d8c4bfc3ff952f79df911ac17e478862c0aa1c736db3""]","[""0x69f76a6458130c9ded5a13a31db3715ca829f4a679d617f3e492b9116677d10c"",""0xdabbd1bf365dd83a0175d5e359d11f8d109116b0745646ef8d2c6a2efcf851df"",""0x281d75ca73c64a8633ed60198d5e953cc41cba8132bf7dfc97a978d37dd83726"",""0x7c9cdb9fd07a0e95dd225ef751470ce88b43ad6e9e209b3b95404c7a6849e39b"",""0xfd6b6381e462eb69a90451498acc82533df2612f7e00141667dbce964caa982e"",""0x8d357dcd4a7c14d4a0f33a6d36f83ab30a8caad65d222d503f46d94d277f7c24"",""0x37890a125406e5e42ba213b40b55685bc6c328fc0106903b123b70d8312c1000"",""0x06442c0ccc9ab367282f06426924517e0a49c25e50a492ad91aecc55b655f458"",""0xe5da0f8dfb6b491adb9c38f755f10e08bd498ab5979036394be3930984053206"",""0xe2c89165b1663cbef76d4db4aff33d030d5826b8a643a445b8531c288e7745fd""]","[""0x06442c0ccc9ab367282f06426924517e0a49c25e50a492ad91aecc55b655f458"",""0xe5da0f8dfb6b491adb9c38f755f10e08bd498ab5979036394be3930984053206""]",0,0,1,0.6,0,0,0.5
bstpstaking513m6489f990,invalid,error_cardinality_underfill,5,1,3,m6489f990,100,10,2,"[""0x540717136470dc01afdfcbbdd377b3822ac7596c990ed0b9c42a6f4d46148fc7"",""0x0f7111fd4af91016f6e6efa1dbc92c6aeb75dff18e99a22095079448fc73483e""]","[""0x73d6c0efd0550ca38510ec910998f28c5f57de699ed4f4eab13ed86d90fb6b07"",""0x3c4ef3727c5acae7ca4976ecf767571e18ac1b70a4aad2ac4f7b9139bcfc987d"",""0x8e6ed61f936c34115ed64b52efb53b493d279f72a1ed2c1dde342f98dfc9178d"",""0x01829fcc6d779d94ee869f97379c6516562dc7f8b74938742ffefe6b09b93fbc"",""0x262e2e527250bfc9fea90edce78f93b95ce16f345766eb2534ba2fb39906d951"",""0xaa8fad824a174e57accf11eb34b23d020d6aa685da1925b1c30a611ffdb95a0e"",""0x429b49322f39406d28f591c75e8222ecd51db05a599ec5d128466346627eb705"",""0x08c294941588d570c4ae95ce5aaf4a1592f278bd19029a2851efff2d86015692"",""0x6ea2e4d3921eb79867ba52b40ba2fdf4df2de7e307f65f7742bf9f3bdb48a96c"",""0x281cd26d80e9cd95f098908b641c2534121c033c47795850d88fdab6f04f2af0""]",[],0,0,1,0.8,0,0,0
bstpstaking513m652a5fba,invalid,error_cardinality_underfill,5,1,3,m652a5fba,100,10,2,"[""0x932383665799c1241f674264478c7dbdc9dbecd0c1d33b2034e91903326669df"",""0x2e2176b2d4f7965200c92c00af4ff1f18cfa259c652d11ff40b7b1ea7ec8b5f8""]","[""0x5b677b1ca640fe2fa90ccb13036a107a5177af4f0b0bd5ed853ac029e427d019"",""0xd9067ec22c0a52c0bf051e10e841161ac9d25bfedf069957979cc6f267cb6324"",""0x2c6db858294994968533795d44c86dc8f050d3652066b8ceadf9d3b73dc7d902"",""0xb65630e7129a1fecafdca9eb7dbe53130a12b5d3e2e984bbf9c9a5399c6cc30f"",""0x39700501189242fe3b7185fd03a5cace111de24b0c6b66471be82d30bc72ec27"",""0x856f01151a1c15aa053c920c11f2f4a193b3ed4250c6ee2ebf77c3390fe0f275"",""0x98383544e422fe17027cdac418f09337309386a10806b8ee02c8d32713923a8e"",""0x3c97283efec66e1a5ec8437966e087338da20f0aad3723d41d52c67328f7efe4"",""0x4c896b9c75e38294c3a07ab4ccb18852996db2708540195223e428ddf09d38a0"",""0x932383665799c1241f674264478c7dbdc9dbecd0c1d33b2034e91903326669df""]","[""0x932383665799c1241f674264478c7dbdc9dbecd0c1d33b2034e91903326669df""]",0,0,1,0.8,0,0,0.5
bstpstaking513m66488430,invalid,error_cardinality_underfill,5,1,3,m66488430,100,10,1,"[""0x2a8cbe40255226321161cc59e4cb592f6e1cee8d164fa0d3a3c1320b5c200211""]","[""0xc3b0696840352e2a25a87160f85c766cba4c6b9424a40ded6b5e2eb28f9215f6"",""0xfc9bec6e17e3d34235748a04c8a772f602b2283e2946d9f68c2ed62bcdd2cd85"",""0x7c40aac49a736517f5c440f9392f1683424054f2ffa6df7c2970a52c11db06ca"",""0xcd09dc92e8736934e461988f29064ea4e49ccc41310e47a797ab8e787536e77d"",""0x92c0efa8758ff02dd06dfd438cd6612b6e3590f9c8b7c0932fd418903855a478"",""0x4f70045f96345b6154f2e63f3fe4b06b6e40108aedcdd3afc6a66ea75fc3da24"",""0xb1d52412675094b54611913899744bda3aa3c67ce51c9e9d61d8a49d9cc84caf"",""0x90ecb607bbb48b913aefe5003509412fcdc1a78708f7390fad1c6953be606038"",""0xffb33d2d1648788432430e96a9706f35a4dcfe30d45dd0e99a1eaf7e59ab6aeb"",""0x6b84de292cb6e3be779d6288c69c6a070bba523a2317a4d294c1616e10f137ed""]",[],0,0,1,0.9,0,0,0
bstpstaking513m6e7de01e,invalid,error_cardinality_underfill,5,1,3,m6e7de01e,100,10,1,"[""0x5b677b1ca640fe2fa90ccb13036a107a5177af4f0b0bd5ed853ac029e427d019""]","[""0x7c9cdb9fd07a0e95dd225ef751470ce88b43ad6e9e209b3b95404c7a6849e39b"",""0x353fcfc68b913bba883a1cbe437235257a5567ace334e692406b2239896cc845"",""0xaa8fad824a174e57accf11eb34b23d020d6aa685da1925b1c30a611ffdb95a0e"",""0x3c4ef3727c5acae7ca4976ecf767571e18ac1b70a4aad2ac4f7b9139bcfc987d"",""0xcd6d08f520a5a6aebaa079033393b6393e347445be26d2c107e8d7ee03c8f13c"",""0x281cd26d80e9cd95f098908b641c2534121c033c47795850d88fdab6f04f2af0"",""0xdd364115eefd88d44ddca902abb962bd1038efc911e81847f0d1911029cb83fc"",""0xe2c89165b1663cbef76d4db4aff33d030d5826b8a643a445b8531c288e7745fd"",""0x66dc91c1375c97a345396b765a31f83a172cf55a43b176b21f6e7ca8e695b9fd"",""0xd7531695dcd358a4f56787acbbd65565a09fc63eff941ad49498daeb1ae38f44""]",[],0,0,1,0.9,0,0,0
bstpstaking513m7dfad905,invalid,error_cardinality_underfill,5,1,3,m7dfad905,100,10,3,"[""0xc2467251882eb44d5415c8fddda0ba28022dedaeeca039a9fa1e56bb4cb2aba3"",""0xb206c015a56f634d4c8eb0fafbb25365f46b65870d6b4522171caf3afa1bcaf0"",""0x7c9cdb9fd07a0e95dd225ef751470ce88b43ad6e9e209b3b95404c7a6849e39b""]","[""0x106ecf713381cc7ee659b224caebb8c2d8402304fcc03cc12f04d9acb19beb31"",""0xfd70d4311b5768c6b6bf7ecd75518b0b26ba2529cb7cf75e450bca9f0d366daa"",""0xe70b739d2c9d746514eb24b9ed0d3b51448a0a5913813a2864aa9be0ec65e691"",""0xa7831feb3b6ce91bfea938682651e70d662f1266659cbce6eaf0526e45512a68"",""0xab461bed3349317736818b1dabb4b0c82cc986f81bc20a4f98abb1cf118525e2"",""0xcd09dc92e8736934e461988f29064ea4e49ccc41310e47a797ab8e787536e77d"",""0x49e5774ab139905928ff21d948254adc70aa28ff5eea2ac796f32b0549b267a3"",""0x6e53ec51854bc45ec72e747b9db61797e1b20b6c0f523a3f2ead783fd267ed91"",""0x9a0ed5a06fb6051d9a659f829e57ea0e382f714cb43d55efaa317c69cfae14ee"",""0x80288ad5dc62d58560df110a3535af497449f9f6f4f71e34500b9f5045943ea7""]",[],0,0,1,0.7,0,0,0
bstpstaking513m7e72b6a8,invalid,error_cardinality_underfill,5,1,3,m7e72b6a8,100,10,2,"[""0x66dc91c1375c97a345396b765a31f83a172cf55a43b176b21f6e7ca8e695b9fd"",""0x8221d0f6fe62fc8120fd3b22c740a896d947fb1581163983c25cad744bd2f5fd""]","[""0x9a0ed5a06fb6051d9a659f829e57ea0e382f714cb43d55efaa317c69cfae14ee"",""0x98383544e422fe17027cdac418f09337309386a10806b8ee02c8d32713923a8e"",""0x8945bcc45087a8bfb2e18a5306781be29a69dbac49c73ab68b0d6c56a67bc0f9"",""0xd7531695dcd358a4f56787acbbd65565a09fc63eff941ad49498daeb1ae38f44"",""0x99196e62444c2ecc416618bcc5a3424f9cd5641d6867c8e258507c7d89a4a88c"",""0xe40523cb93f50925b957e5e448d59b64adfad0b41a549e68dd171dd988bc17a5"",""0x4c896b9c75e38294c3a07ab4ccb18852996db2708540195223e428ddf09d38a0"",""0x7c40aac49a736517f5c440f9392f1683424054f2ffa6df7c2970a52c11db06ca"",""0x49e5774ab139905928ff21d948254adc70aa28ff5eea2ac796f32b0549b267a3"",""0xffb33d2d1648788432430e96a9706f35a4dcfe30d45dd0e99a1eaf7e59ab6aeb""]",[],0,0,1,0.8,0,0,0
bstpstaking513m8051415e,invalid,error_cardinality_underfill,5,1,3,m8051415e,100,10,2,"[""0xcfdc62eb5da1c0cc9f61c08540ca22833a6530d40de956ae254be5b1e0b59d74"",""0xd5568fd406d7db628afa415d58bf5bd06959a92398aa702548e8e04793bedd47""]","[""0x4f70045f96345b6154f2e63f3fe4b06b6e40108aedcdd3afc6a66ea75fc3da24"",""0x8cc4b8cdcb727613f2378e83b1e459ef38061ac468dcb3d02730b17ef2a02673"",""0x29eba7ba49866efd89a8dce8d84688734eb0b4b198d4992b288b36b31540c8dc"",""0x92c0efa8758ff02dd06dfd438cd6612b6e3590f9c8b7c0932fd418903855a478"",""0x80288ad5dc62d58560df110a3535af497449f9f6f4f71e34500b9f5045943ea7"",""0xa7831feb3b6ce91bfea938682651e70d662f1266659cbce6eaf0526e45512a68"",""0x6b84de292cb6e3be779d6288c69c6a070bba523a2317a4d294c1616e10f137ed"",""0x483e0faacc32045385006ac1d42d028b103a2e2e02f320e20037d0d36be54907"",""0xcfdc62eb5da1c0cc9f61c08540ca22833a6530d40de956ae254be5b1e0b59d74"",""0xd5568fd406d7db628afa415d58bf5bd06959a92398aa702548e8e04793bedd47""]","[""0xcfdc62eb5da1c0cc9f61c08540ca22833a6530d40de956ae254be5b1e0b59d74"",""0xd5568fd406d7db628afa415d58bf5bd06959a92398aa702548e8e04793bedd47""]",0,0,1,0.8,0,0,1
bstpstaking513m810b37d6,invalid,error_cardinality_underfill,5,1,3,m810b37d6,100,10,1,"[""0xaa1aed2cec4ac0986857f6d14846e88ae6da67908a6c7f69dec21c7deb5bb810""]","[""0x14d09a4d420ae8a7492d23eb1beacf31a514ddd9765719262cf2a750248f046e"",""0xedb061d6c685949f3e6f6b2fbc31238ae6ee3c1a2760e056b5c3e5e2304df8af"",""0xd7531695dcd358a4f56787acbbd65565a09fc63eff941ad49498daeb1ae38f44"",""0x6e2ec90f7c36a36b5344a2aac6038ddc9c3860de12975f71142181a7a81c8609"",""0xdd364115eefd88d44ddca902abb962bd1038efc911e81847f0d1911029cb83fc"",""0x68fb332560fdf6ea1d74d8c4bfc3ff952f79df911ac17e478862c0aa1c736db3"",""0x37890a125406e5e42ba213b40b55685bc6c328fc0106903b123b70d8312c1000"",""0x69f76a6458130c9ded5a13a31db3715ca829f4a679d617f3e492b9116677d10c"",""0xd315b8c83a9e2edb719d67cf2cc732391e7c9d9fa55ab87f926ee4c7046a8578"",""0xdabbd1bf365dd83a0175d5e359d11f8d109116b0745646ef8d2c6a2efcf851df""]",[],0,0,1,0.9,0,0,0
bstpstaking513m9189f677,invalid,error_cardinality_underfill,5,1,3,m9189f677,100,10,2,"[""0x0fb8a5011f37f8cafd21fb9a90ee3e86a54e38595351ca3fe208fb0e500ced51"",""0x3190869a216651bf4f392d4d17c7e78c64cbd5082bb910912637e05f5db5ea2f""]","[""0xcd09dc92e8736934e461988f29064ea4e49ccc41310e47a797ab8e787536e77d"",""0x8a5fc9c813f0cbb1fbb3c86b71678b733f90197cd9b0fec7ef5b2e74d2827527"",""0x483e0faacc32045385006ac1d42d028b103a2e2e02f320e20037d0d36be54907"",""0xb6956c09b733a91561395f6f106aa19a23a1df4c453562ff602fdc30b0b773ad"",""0xb7eba087f5cc24fe2d08675f1cd5a26ebf3fd48642175807fccde9db3ffb3752"",""0xab461bed3349317736818b1dabb4b0c82cc986f81bc20a4f98abb1cf118525e2"",""0x682175835b69fee8ca4e1000194ccf6067372d31c29aa0c1fb86d118274fe35f"",""0xfc9bec6e17e3d34235748a04c8a772f602b2283e2946d9f68c2ed62bcdd2cd85"",""0x98383544e422fe17027cdac418f09337309386a10806b8ee02c8d32713923a8e"",""0xe40523cb93f50925b957e5e448d59b64adfad0b41a549e68dd171dd988bc17a5""]",[],0,0,1,0.8,0,0,0
bstpstaking513m970360f4,invalid,error_cardinality_underfill,5,1,3,m970360f4,100,10,3,"[""0x1721fbf3311a57adcac4eb75a9690451077fc079b0d94e4fa9d5a75bfb95e9c2"",""0xc3b0696840352e2a25a87160f85c766cba4c6b9424a40ded6b5e2eb28f9215f6"",""0x0f7111fd4af91016f6e6efa1dbc92c6aeb75dff18e99a22095079448fc73483e""]","[""0x14d09a4d420ae8a7492d23eb1beacf31a514ddd9765719262cf2a750248f046e"",""0xae105f7f87da768b512fdfdb98a0fbf6131d1571893bb99b9a0ab477ff1702c2"",""0x281cd26d80e9cd95f098908b641c2534121c033c47795850d88fdab6f04f2af0"",""0xfd6b6381e462eb69a90451498acc82533df2612f7e00141667dbce964caa982e"",""0x68fb332560fdf6ea1d74d8c4bfc3ff952f79df911ac17e478862c0aa1c736db3"",""0x8e6ed61f936c34115ed64b52efb53b493d279f72a1ed2c1dde342f98dfc9178d"",""0xea69777677b59561b3782267ef6a65d6e0f38e1fea58f1ece52358972347edb0"",""0xe5da0f8dfb6b491adb9c38f755f10e08bd498ab5979036394be3930984053206"",""0x1721fbf3311a57adcac4eb75a9690451077fc079b0d94e4fa9d5a75bfb95e9c2"",""0x37890a125406e5e42ba213b40b55685bc6c328fc0106903b123b70d8312c1000""]","[""0x1721fbf3311a57adcac4eb75a9690451077fc079b0d94e4fa9d5a75bfb95e9c2""]",0,0,1,0.7,0,0,0.3333333333333333
bstpstaking513m98d7930e,invalid,error_cardinality_underfill,5,1,3,m98d7930e,100,10,3,"[""0xc0b1683bc50b93ff2330d949ac682c0892dd2eaba483999e052734a780a1916e"",""0x923475a1d81fd1918dba148a2405217dbd976ec1e81289c526b085348aae0970"",""0xcd61a89b43a51de1e13580e1e2209a887b43dbe195ef3123885bb032216b3bc4""]","[""0x98383544e422fe17027cdac418f09337309386a10806b8ee02c8d32713923a8e"",""0x856f01151a1c15aa053c920c11f2f4a193b3ed4250c6ee2ebf77c3390fe0f275"",""0x8945bcc45087a8bfb2e18a5306781be29a69dbac49c73ab68b0d6c56a67bc0f9"",""0x8cc4b8cdcb727613f2378e83b1e459ef38061ac468dcb3d02730b17ef2a02673"",""0x1ebfa3f4b31da950a10ba4155a5675fdf5fb3ac42fe3f076668cfe359788f601"",""0xe70b739d2c9d746514eb24b9ed0d3b51448a0a5913813a2864aa9be0ec65e691"",""0x90ecb607bbb48b913aefe5003509412fcdc1a78708f7390fad1c6953be606038"",""0xab461bed3349317736818b1dabb4b0c82cc986f81bc20a4f98abb1cf118525e2"",""0xb1d52412675094b54611913899744bda3aa3c67ce51c9e9d61d8a49d9cc84caf"",""0x281cd26d80e9cd95f098908b641c2534121c033c47795850d88fdab6f04f2af0""]",[],0,0,1,0.7,0,0,0
bstpstaking513ma6f1fda3,invalid,error_cardinality_underfill,5,1,3,ma6f1fda3,100,10,2,"[""0x1ebfa3f4b31da950a10ba4155a5675fdf5fb3ac42fe3f076668cfe359788f601"",""0xdf845dfbd70267c5c523805713303d6f4b7b91d97219e28f0508b46315e5e0e2""]","[""0xcc5a3914b6cc401b98a202e8075b56eb77670a1140412c79b48b965bce6e05f2"",""0x90ecb607bbb48b913aefe5003509412fcdc1a78708f7390fad1c6953be606038"",""0x6940f8c3529787bcfbcbf21fa64207221930bb64f69f1727136674443bba43aa"",""0x4c896b9c75e38294c3a07ab4ccb18852996db2708540195223e428ddf09d38a0"",""0x01829fcc6d779d94ee869f97379c6516562dc7f8b74938742ffefe6b09b93fbc"",""0x106ecf713381cc7ee659b224caebb8c2d8402304fcc03cc12f04d9acb19beb31"",""0x429b49322f39406d28f591c75e8222ecd51db05a599ec5d128466346627eb705"",""0x5b677b1ca640fe2fa90ccb13036a107a5177af4f0b0bd5ed853ac029e427d019"",""0x1ebfa3f4b31da950a10ba4155a5675fdf5fb3ac42fe3f076668cfe359788f601"",""0xdf845dfbd70267c5c523805713303d6f4b7b91d97219e28f0508b46315e5e0e2""]","[""0x1ebfa3f4b31da950a10ba4155a5675fdf5fb3ac42fe3f076668cfe359788f601"",""0xdf845dfbd70267c5c523805713303d6f4b7b91d97219e28f0508b46315e5e0e2""]",0,0,1,0.8,0,0,1
bstpstaking513maea74e52,invalid,error_cardinality_underfill,5,1,3,maea74e52,100,10,1,"[""0x1a73ac752d8ce36e30d1b0e7feed12d47a488dca3ccbaa62c8a3056f998bedec""]","[""0x8d357dcd4a7c14d4a0f33a6d36f83ab30a8caad65d222d503f46d94d277f7c24"",""0x01829fcc6d779d94ee869f97379c6516562dc7f8b74938742ffefe6b09b93fbc"",""0x281cd26d80e9cd95f098908b641c2534121c033c47795850d88fdab6f04f2af0"",""0x262e2e527250bfc9fea90edce78f93b95ce16f345766eb2534ba2fb39906d951"",""0x119bb5b05d026a441a51d331d2e813d4a51e2ca676f9919b728dde31c94dc798"",""0xdabbd1bf365dd83a0175d5e359d11f8d109116b0745646ef8d2c6a2efcf851df"",""0xe2c89165b1663cbef76d4db4aff33d030d5826b8a643a445b8531c288e7745fd"",""0x3c4ef3727c5acae7ca4976ecf767571e18ac1b70a4aad2ac4f7b9139bcfc987d"",""0x55502bafc57a57cf79cf670fefef3504cf632e5de82803db33a8e4d8337b211c"",""0xedb061d6c685949f3e6f6b2fbc31238ae6ee3c1a2760e056b5c3e5e2304df8af""]",[],0,0,1,0.9,0,0,0
bstpstaking513mb0c003cd,invalid,error_cardinality_underfill,5,1,3,mb0c003cd,100,10,2,"[""0xdea50d72b9d484213a2fe0955098d21ecf5893ccc339ced2ceb72fdedb80a2b7"",""0x0f534e8adaf899481baefcdecf76cc58bb218754d0d22b64a3a16da9ac517cb3""]","[""0xcd09dc92e8736934e461988f29064ea4e49ccc41310e47a797ab8e787536e77d"",""0x8a5fc9c813f0cbb1fbb3c86b71678b733f90197cd9b0fec7ef5b2e74d2827527"",""0xc3b0696840352e2a25a87160f85c766cba4c6b9424a40ded6b5e2eb28f9215f6"",""0x2c6db858294994968533795d44c86dc8f050d3652066b8ceadf9d3b73dc7d902"",""0x3c97283efec66e1a5ec8437966e087338da20f0aad3723d41d52c67328f7efe4"",""0xab461bed3349317736818b1dabb4b0c82cc986f81bc20a4f98abb1cf118525e2"",""0xb6956c09b733a91561395f6f106aa19a23a1df4c453562ff602fdc30b0b773ad"",""0xcfdc62eb5da1c0cc9f61c08540ca22833a6530d40de956ae254be5b1e0b59d74"",""0x483e0faacc32045385006ac1d42d028b103a2e2e02f320e20037d0d36be54907"",""0x49e5774ab139905928ff21d948254adc70aa28ff5eea2ac796f32b0549b267a3""]",[],0,0,1,0.8,0,0,0
bstpstaking513mb38d99c5,invalid,error_cardinality_underfill,5,1,3,mb38d99c5,100,10,2,"[""0x74cc0bb6cd7e06391e4bb20aacbbceb3a31c9ce28bddffebece0893e4a6096ae"",""0xaa8fad824a174e57accf11eb34b23d020d6aa685da1925b1c30a611ffdb95a0e""]","[""0x8e6ed61f936c34115ed64b52efb53b493d279f72a1ed2c1dde342f98dfc9178d"",""0xadc1a837b5429a817612fe145787358ffe8831a2e75dee3a3338a31d486fb05f"",""0x000ceb98a30a9f0375fd46d151e4f2f8d830751c2983f14a1c6f0144f80b3198"",""0x8d357dcd4a7c14d4a0f33a6d36f83ab30a8caad65d222d503f46d94d277f7c24"",""0xe5da0f8dfb6b491adb9c38f755f10e08bd498ab5979036394be3930984053206"",""0xdabbd1bf365dd83a0175d5e359d11f8d109116b0745646ef8d2c6a2efcf851df"",""0x06442c0ccc9ab367282f06426924517e0a49c25e50a492ad91aecc55b655f458"",""0xaa8fad824a174e57accf11eb34b23d020d6aa685da1925b1c30a611ffdb95a0e"",""0x12c0e8caa1bce7d499cbbbc665fbb364c09cd2977856fe2bf0027b9c600b9022"",""0xf5162966dbd2c8c3b2195e7ee9c5e46a8dd1715287d079a5b92d312ca24045cd""]","[""0xaa8fad824a174e57accf11eb34b23d020d6aa685da1925b1c30a611ffdb95a0e""]",0,0,1,0.8,0,0,0.5
bstpstaking513mb8cbcc16,invalid,error_cardinality_underfill,5,1,3,mb8cbcc16,100,10,2,"[""0x49e5774ab139905928ff21d948254adc70aa28ff5eea2ac796f32b0549b267a3"",""0x3b5d1234f10198acc136a10dfa09fa0a1a59de504bc0d9a7c35446f692b7c07c""]","[""0x1cde8373a779839f2b591a11cac079df0f1eb3fb272188f9ceccb1dee8ec102f"",""0xb65630e7129a1fecafdca9eb7dbe53130a12b5d3e2e984bbf9c9a5399c6cc30f"",""0x230550ee2f183f79fbee87b09e6157a7bfd65abfefa14a749660749b7fa0d6b4"",""0x39700501189242fe3b7185fd03a5cace111de24b0c6b66471be82d30bc72ec27"",""0x7634f8326375f99ebfd7a8b203b7442a56b18cf7dc73f6238abd4122e8090b86"",""0xae105f7f87da768b512fdfdb98a0fbf6131d1571893bb99b9a0ab477ff1702c2"",""0xb3788db79f3ad700a3cc134a27acbcec7a0a587ffbcdf5927faa24e5c362d493"",""0x60642c6a8412d200a3413c5426afef17f3d72d45fadaf5cdde98b783893518ec"",""0x856f01151a1c15aa053c920c11f2f4a193b3ed4250c6ee2ebf77c3390fe0f275"",""0x6d5bfd47046b2e223b0c83d8c0d4e2ad42a064232926ed904efe73cb5d8f2133""]",[],0,0,1,0.8,0,0,0
bstpstaking513mc5ae52b7,invalid,error_cardinality_underfill,5,1,3,mc5ae52b7,100,10,1,"[""0x4b36c84fef27082fc2e72e6431ab80a1d23123e0775ae784c7f884b8234bdb28""]","[""0x3c4ef3727c5acae7ca4976ecf767571e18ac1b70a4aad2ac4f7b9139bcfc987d"",""0x6e2ec90f7c36a36b5344a2aac6038ddc9c3860de12975f71142181a7a81c8609"",""0x12c0e8caa1bce7d499cbbbc665fbb364c09cd2977856fe2bf0027b9c600b9022"",""0xea69777677b59561b3782267ef6a65d6e0f38e1fea58f1ece52358972347edb0"",""0xb65630e7129a1fecafdca9eb7dbe53130a12b5d3e2e984bbf9c9a5399c6cc30f"",""0x39700501189242fe3b7185fd03a5cace111de24b0c6b66471be82d30bc72ec27"",""0x9920c06a362172692e96bab008e569caa257aaec2c8f130f3564a55f2f52357b"",""0x1fd6cd46a30ebaf43fddfe1aa0f8499987a4d3e3a687e3b577d2d1f1bf4d9e77"",""0x1721fbf3311a57adcac4eb75a9690451077fc079b0d94e4fa9d5a75bfb95e9c2"",""0x08c294941588d570c4ae95ce5aaf4a1592f278bd19029a2851efff2d86015692""]",[],0,0,1,0.9,0,0,0
bstpstaking513mce4af4f6,invalid,error_cardinality_underfill,5,1,3,mce4af4f6,100,10,2,"[""0x5290542e3d2cbc736ed1fbb7348402f7e1765f05ce29020f9f6b41f48c8ed0a7"",""0xec468ea9887878287bcd7621fe3f84413741919f3553b6c8904dac28995c5319""]","[""0x0d6652a8c9d9575f5254120f3b037a86104172ca1dd77b5b55be2da39daf1385"",""0xb759e3960a93ef78e32f4847b58dbc6b1c22efd6d9ccaa3b1a84911e6a288afa"",""0xf5162966dbd2c8c3b2195e7ee9c5e46a8dd1715287d079a5b92d312ca24045cd"",""0x3c4ef3727c5acae7ca4976ecf767571e18ac1b70a4aad2ac4f7b9139bcfc987d"",""0xea69777677b59561b3782267ef6a65d6e0f38e1fea58f1ece52358972347edb0"",""0x73d6c0efd0550ca38510ec910998f28c5f57de699ed4f4eab13ed86d90fb6b07"",""0x856f01151a1c15aa053c920c11f2f4a193b3ed4250c6ee2ebf77c3390fe0f275"",""0xfd6b6381e462eb69a90451498acc82533df2612f7e00141667dbce964caa982e"",""0x60642c6a8412d200a3413c5426afef17f3d72d45fadaf5cdde98b783893518ec"",""0x80ae3a3d46a5bfbf5f0adaf5d83aa1064814c65038e92093a16ea8304bd00bd3""]",[],0,0,1,0.8,0,0,0
bstpstaking513mdd189b64,invalid,error_cardinality_underfill,5,1,3,mdd189b64,100,10,2,"[""0x37890a125406e5e42ba213b40b55685bc6c328fc0106903b123b70d8312c1000"",""0x1721fbf3311a57adcac4eb75a9690451077fc079b0d94e4fa9d5a75bfb95e9c2""]","[""0x0d6652a8c9d9575f5254120f3b037a86104172ca1dd77b5b55be2da39daf1385"",""0x8e6ed61f936c34115ed64b52efb53b493d279f72a1ed2c1dde342f98dfc9178d"",""0x505f78474c398814eb0ba0cc3c08f6129e12bf16431876853283a43beac9d141"",""0xdabbd1bf365dd83a0175d5e359d11f8d109116b0745646ef8d2c6a2efcf851df"",""0xcd6d08f520a5a6aebaa079033393b6393e347445be26d2c107e8d7ee03c8f13c"",""0x70466edbeed113ce8a8435ffd9f8208b8c3f50b2cf38281af86584c766a4310f"",""0x737e933cd67a89d2c13038c499d7d71518a56e6b95bc97e9056a59b45c072c99"",""0x37890a125406e5e42ba213b40b55685bc6c328fc0106903b123b70d8312c1000"",""0x1721fbf3311a57adcac4eb75a9690451077fc079b0d94e4fa9d5a75bfb95e9c2"",""0xaa8fad824a174e57accf11eb34b23d020d6aa685da1925b1c30a611ffdb95a0e""]","[""0x37890a125406e5e42ba213b40b55685bc6c328fc0106903b123b70d8312c1000"",""0x1721fbf3311a57adcac4eb75a9690451077fc079b0d94e4fa9d5a75bfb95e9c2""]",0,0,1,0.8,0,0,1
bstpstaking513me8bc7185,invalid,error_cardinality_underfill,5,1,3,me8bc7185,100,10,2,"[""0xfc9bec6e17e3d34235748a04c8a772f602b2283e2946d9f68c2ed62bcdd2cd85"",""0xcfdc62eb5da1c0cc9f61c08540ca22833a6530d40de956ae254be5b1e0b59d74""]","[""0x5b677b1ca640fe2fa90ccb13036a107a5177af4f0b0bd5ed853ac029e427d019"",""0x3c97283efec66e1a5ec8437966e087338da20f0aad3723d41d52c67328f7efe4"",""0x49e5774ab139905928ff21d948254adc70aa28ff5eea2ac796f32b0549b267a3"",""0x6e53ec51854bc45ec72e747b9db61797e1b20b6c0f523a3f2ead783fd267ed91"",""0xa7831feb3b6ce91bfea938682651e70d662f1266659cbce6eaf0526e45512a68"",""0x167a4d5214f28e5714dbe0ef582ab78f31d676888df89fd1380e7d60c6455530"",""0x90ecb607bbb48b913aefe5003509412fcdc1a78708f7390fad1c6953be606038"",""0xcfdc62eb5da1c0cc9f61c08540ca22833a6530d40de956ae254be5b1e0b59d74"",""0xfc9bec6e17e3d34235748a04c8a772f602b2283e2946d9f68c2ed62bcdd2cd85"",""0xc242c986f95f7cb745f870b1e292c03f57e59c36e809d37eb00cc8d235b22c5a""]","[""0xfc9bec6e17e3d34235748a04c8a772f602b2283e2946d9f68c2ed62bcdd2cd85"",""0xcfdc62eb5da1c0cc9f61c08540ca22833a6530d40de956ae254be5b1e0b59d74""]",0,0,1,0.8,0,0,1
bstpstaking513mec0952f1,invalid,error_cardinality_underfill,5,1,3,mec0952f1,100,10,2,"[""0x262e2e527250bfc9fea90edce78f93b95ce16f345766eb2534ba2fb39906d951"",""0x01829fcc6d779d94ee869f97379c6516562dc7f8b74938742ffefe6b09b93fbc""]","[""0x119bb5b05d026a441a51d331d2e813d4a51e2ca676f9919b728dde31c94dc798"",""0xdd364115eefd88d44ddca902abb962bd1038efc911e81847f0d1911029cb83fc"",""0x281cd26d80e9cd95f098908b641c2534121c033c47795850d88fdab6f04f2af0"",""0xdabbd1bf365dd83a0175d5e359d11f8d109116b0745646ef8d2c6a2efcf851df"",""0xbf11d678dcdece15f7824e21c504ec11500448bd6eb50749dea8bda81bf85a81"",""0xf5162966dbd2c8c3b2195e7ee9c5e46a8dd1715287d079a5b92d312ca24045cd"",""0x27f6a02165b673e7008df197e38e096214cfb8e24d4ed54d9d7086bd62eb23c1"",""0x68fb332560fdf6ea1d74d8c4bfc3ff952f79df911ac17e478862c0aa1c736db3"",""0x262e2e527250bfc9fea90edce78f93b95ce16f345766eb2534ba2fb39906d951"",""0x01829fcc6d779d94ee869f97379c6516562dc7f8b74938742ffefe6b09b93fbc""]","[""0x262e2e527250bfc9fea90edce78f93b95ce16f345766eb2534ba2fb39906d951"",""0x01829fcc6d779d94ee869f97379c6516562dc7f8b74938742ffefe6b09b93fbc""]",0,0,1,0.8,0,0,1
bstpstaking513mfadd38bd,invalid,error_cardinality_underfill,5,1,3,mfadd38bd,100,10,3,"[""0x0c17b5a976468ccc4ea9cf0f7d46ba89e7ad868fc115e4b85910a7720a1d135c"",""0xf7750282d361f2ba9419d52b2e2dc3e47b3e57f7b6407dbe16443dfdd73b2513"",""0x43816be87f050d0a14bdad035927aac74daffe5d2c78440230157be7c84b6d67""]","[""0x71a93113087b01233d6a75b25863b56cc2d4ca947f24a3540208f7d1f5e5efbf"",""0xfd6b6381e462eb69a90451498acc82533df2612f7e00141667dbce964caa982e"",""0x505f78474c398814eb0ba0cc3c08f6129e12bf16431876853283a43beac9d141"",""0x3c4ef3727c5acae7ca4976ecf767571e18ac1b70a4aad2ac4f7b9139bcfc987d"",""0x60642c6a8412d200a3413c5426afef17f3d72d45fadaf5cdde98b783893518ec"",""0x1fd6cd46a30ebaf43fddfe1aa0f8499987a4d3e3a687e3b577d2d1f1bf4d9e77"",""0x429b49322f39406d28f591c75e8222ecd51db05a599ec5d128466346627eb705"",""0xae105f7f87da768b512fdfdb98a0fbf6131d1571893bb99b9a0ab477ff1702c2"",""0x353fcfc68b913bba883a1cbe437235257a5567ace334e692406b2239896cc845"",""0x7c9cdb9fd07a0e95dd225ef751470ce88b43ad6e9e209b3b95404c7a6849e39b""]",[],0,0,1,0.7,0,0,0
bstpstaking514m02a43993,invalid,error_cardinality_underfill,5,1,4,m02a43993,100,10,1,"[""0x757e599b0f8da111bb0f55a5e5fc95e0206c86ef46c24b4256f1801dacd1bac6""]","[""0xb1d52412675094b54611913899744bda3aa3c67ce51c9e9d61d8a49d9cc84caf"",""0x92c0efa8758ff02dd06dfd438cd6612b6e3590f9c8b7c0932fd418903855a478"",""0x80288ad5dc62d58560df110a3535af497449f9f6f4f71e34500b9f5045943ea7"",""0x90ecb607bbb48b913aefe5003509412fcdc1a78708f7390fad1c6953be606038"",""0x08c294941588d570c4ae95ce5aaf4a1592f278bd19029a2851efff2d86015692"",""0x3b5d1234f10198acc136a10dfa09fa0a1a59de504bc0d9a7c35446f692b7c07c"",""0xcd09dc92e8736934e461988f29064ea4e49ccc41310e47a797ab8e787536e77d"",""0xb002fb01be58fedcd04d5ceb2895feaf22973ac1205efed3d2db367bc6d7525b"",""0x7c40aac49a736517f5c440f9392f1683424054f2ffa6df7c2970a52c11db06ca"",""0x6940f8c3529787bcfbcbf21fa64207221930bb64f69f1727136674443bba43aa""]",[],0,0,1,0.9,0,0,0
bstpstaking514m069a3556,invalid,error_cardinality_underfill,5,1,4,m069a3556,100,10,1,"[""0x301a4c5325fb29a54b2da09b372d61c8ddf8ca7e4f52c0727cc0f5247bdcb444""]","[""0x230550ee2f183f79fbee87b09e6157a7bfd65abfefa14a749660749b7fa0d6b4"",""0xe5da0f8dfb6b491adb9c38f755f10e08bd498ab5979036394be3930984053206"",""0x505f78474c398814eb0ba0cc3c08f6129e12bf16431876853283a43beac9d141"",""0x281cd26d80e9cd95f098908b641c2534121c033c47795850d88fdab6f04f2af0"",""0x12c0e8caa1bce7d499cbbbc665fbb364c09cd2977856fe2bf0027b9c600b9022"",""0x8d357dcd4a7c14d4a0f33a6d36f83ab30a8caad65d222d503f46d94d277f7c24"",""0xcd6d08f520a5a6aebaa079033393b6393e347445be26d2c107e8d7ee03c8f13c"",""0xd7531695dcd358a4f56787acbbd65565a09fc63eff941ad49498daeb1ae38f44"",""0x429b49322f39406d28f591c75e8222ecd51db05a599ec5d128466346627eb705"",""0x86ae1d3cfed9f994a673ca32c9ebb44c1b77c8c3781c16a0f6486fea4611ee5b""]",[],0,0,1,0.9,0,0,0
bstpstaking514m1a5bd173,invalid,error_cardinality_underfill,5,1,4,m1a5bd173,100,10,2,"[""0x7416606c9ce067f5dc0b9735cba4bac05f4139205ff9898b79bea216ddf99707"",""0x60642c6a8412d200a3413c5426afef17f3d72d45fadaf5cdde98b783893518ec""]","[""0x16a4b9d56a3ab5e2ef284d0e822e6707757b125228793b37bc9e037802da9d9b"",""0x86ae1d3cfed9f994a673ca32c9ebb44c1b77c8c3781c16a0f6486fea4611ee5b"",""0xa4a5871d752ffcf82f0971f07904f7cdd34150574ae793fcf1bff93d1aa06ff0"",""0xaa8fad824a174e57accf11eb34b23d020d6aa685da1925b1c30a611ffdb95a0e"",""0x80e64594a9d4fad2c6617c96707f6c9a1a78970b22d16066311be57b6d24a7da"",""0x39700501189242fe3b7185fd03a5cace111de24b0c6b66471be82d30bc72ec27"",""0x7634f8326375f99ebfd7a8b203b7442a56b18cf7dc73f6238abd4122e8090b86"",""0x6ea2e4d3921eb79867ba52b40ba2fdf4df2de7e307f65f7742bf9f3bdb48a96c"",""0xe2c89165b1663cbef76d4db4aff33d030d5826b8a643a445b8531c288e7745fd"",""0x60642c6a8412d200a3413c5426afef17f3d72d45fadaf5cdde98b783893518ec""]","[""0x60642c6a8412d200a3413c5426afef17f3d72d45fadaf5cdde98b783893518ec""]",0,0,1,0.8,0,0,0.5
bstpstaking514m30fd2845,invalid,error_cardinality_underfill,5,1,4,m30fd2845,100,10,3,"[""0xea69777677b59561b3782267ef6a65d6e0f38e1fea58f1ece52358972347edb0"",""0x68fb332560fdf6ea1d74d8c4bfc3ff952f79df911ac17e478862c0aa1c736db3"",""0x9920c06a362172692e96bab008e569caa257aaec2c8f130f3564a55f2f52357b""]","[""0x73d6c0efd0550ca38510ec910998f28c5f57de699ed4f4eab13ed86d90fb6b07"",""0x16a4b9d56a3ab5e2ef284d0e822e6707757b125228793b37bc9e037802da9d9b"",""0xe9bff1484b60de522b5fda8d2a44f33f1ba6a17ca2db76472f469a91f2245a8b"",""0x7c9cdb9fd07a0e95dd225ef751470ce88b43ad6e9e209b3b95404c7a6849e39b"",""0xb3788db79f3ad700a3cc134a27acbcec7a0a587ffbcdf5927faa24e5c362d493"",""0xc2467251882eb44d5415c8fddda0ba28022dedaeeca039a9fa1e56bb4cb2aba3"",""0xea69777677b59561b3782267ef6a65d6e0f38e1fea58f1ece52358972347edb0"",""0x68fb332560fdf6ea1d74d8c4bfc3ff952f79df911ac17e478862c0aa1c736db3"",""0x9920c06a362172692e96bab008e569caa257aaec2c8f130f3564a55f2f52357b"",""0x262e2e527250bfc9fea90edce78f93b95ce16f345766eb2534ba2fb39906d951""]","[""0xea69777677b59561b3782267ef6a65d6e0f38e1fea58f1ece52358972347edb0"",""0x68fb332560fdf6ea1d74d8c4bfc3ff952f79df911ac17e478862c0aa1c736db3"",""0x9920c06a362172692e96bab008e569caa257aaec2c8f130f3564a55f2f52357b""]",0,0,1,0.7,0,0,1
bstpstaking514m33799275,invalid,error_cardinality_underfill,5,1,4,m33799275,100,10,1,"[""0xf0972d9aa3b273f2d3cf65a082bf76d56bdf9ccf2ac70fff04b0e874dc1d469d""]","[""0xcd09dc92e8736934e461988f29064ea4e49ccc41310e47a797ab8e787536e77d"",""0xfd70d4311b5768c6b6bf7ecd75518b0b26ba2529cb7cf75e450bca9f0d366daa"",""0xa7831feb3b6ce91bfea938682651e70d662f1266659cbce6eaf0526e45512a68"",""0x29eba7ba49866efd89a8dce8d84688734eb0b4b198d4992b288b36b31540c8dc"",""0x2c6db858294994968533795d44c86dc8f050d3652066b8ceadf9d3b73dc7d902"",""0x8945bcc45087a8bfb2e18a5306781be29a69dbac49c73ab68b0d6c56a67bc0f9"",""0x5b677b1ca640fe2fa90ccb13036a107a5177af4f0b0bd5ed853ac029e427d019"",""0x8cc4b8cdcb727613f2378e83b1e459ef38061ac468dcb3d02730b17ef2a02673"",""0x49e5774ab139905928ff21d948254adc70aa28ff5eea2ac796f32b0549b267a3"",""0x106ecf713381cc7ee659b224caebb8c2d8402304fcc03cc12f04d9acb19beb31""]",[],0,0,1,0.9,0,0,0
bstpstaking514m3b4969fb,invalid,error_cardinality_underfill,5,1,4,m3b4969fb,100,10,1,"[""0x4cefc890c0072c5c1a1be639627c4a0c7c3102fca6218bda1ce57d0dc9980cb5""]","[""0xb002fb01be58fedcd04d5ceb2895feaf22973ac1205efed3d2db367bc6d7525b"",""0x106ecf713381cc7ee659b224caebb8c2d8402304fcc03cc12f04d9acb19beb31"",""0x682175835b69fee8ca4e1000194ccf6067372d31c29aa0c1fb86d118274fe35f"",""0xc242c986f95f7cb745f870b1e292c03f57e59c36e809d37eb00cc8d235b22c5a"",""0x4c896b9c75e38294c3a07ab4ccb18852996db2708540195223e428ddf09d38a0"",""0x6a735d9199bcfde6d540397f0c81a9225ad8520e39847b9a367e7dd94565137d"",""0x4f70045f96345b6154f2e63f3fe4b06b6e40108aedcdd3afc6a66ea75fc3da24"",""0xffb33d2d1648788432430e96a9706f35a4dcfe30d45dd0e99a1eaf7e59ab6aeb"",""0xcfdc62eb5da1c0cc9f61c08540ca22833a6530d40de956ae254be5b1e0b59d74"",""0x5b677b1ca640fe2fa90ccb13036a107a5177af4f0b0bd5ed853ac029e427d019""]",[],0,0,1,0.9,0,0,0
bstpstaking514m4239fd1c,invalid,error_cardinality_underfill,5,1,4,m4239fd1c,100,10,2,"[""0x2dc60ac98b1f184a836c234aa2097366ddd6ba1cad8a90c4624398fd79e60070"",""0x737e933cd67a89d2c13038c499d7d71518a56e6b95bc97e9056a59b45c072c99""]","[""0x483e0faacc32045385006ac1d42d028b103a2e2e02f320e20037d0d36be54907"",""0x89c823bf9976eb820ef3b2041267ad2c6eed1f83e2ab87cdc4bf9577cff5a748"",""0x3c97283efec66e1a5ec8437966e087338da20f0aad3723d41d52c67328f7efe4"",""0x6940f8c3529787bcfbcbf21fa64207221930bb64f69f1727136674443bba43aa"",""0x106ecf713381cc7ee659b224caebb8c2d8402304fcc03cc12f04d9acb19beb31"",""0x90ecb607bbb48b913aefe5003509412fcdc1a78708f7390fad1c6953be606038"",""0xb7eba087f5cc24fe2d08675f1cd5a26ebf3fd48642175807fccde9db3ffb3752"",""0xdf845dfbd70267c5c523805713303d6f4b7b91d97219e28f0508b46315e5e0e2"",""0x8a5fc9c813f0cbb1fbb3c86b71678b733f90197cd9b0fec7ef5b2e74d2827527"",""0xd9067ec22c0a52c0bf051e10e841161ac9d25bfedf069957979cc6f267cb6324""]",[],0,0,1,0.8,0,0,0
bstpstaking514m61fde19d,invalid,error_cardinality_underfill,5,1,4,m61fde19d,100,10,2,"[""0x4cefc890c0072c5c1a1be639627c4a0c7c3102fca6218bda1ce57d0dc9980cb5"",""0xe2c89165b1663cbef76d4db4aff33d030d5826b8a643a445b8531c288e7745fd""]","[""0x69f76a6458130c9ded5a13a31db3715ca829f4a679d617f3e492b9116677d10c"",""0xdabbd1bf365dd83a0175d5e359d11f8d109116b0745646ef8d2c6a2efcf851df"",""0x281d75ca73c64a8633ed60198d5e953cc41cba8132bf7dfc97a978d37dd83726"",""0x7c9cdb9fd07a0e95dd225ef751470ce88b43ad6e9e209b3b95404c7a6849e39b"",""0xfd6b6381e462eb69a90451498acc82533df2612f7e00141667dbce964caa982e"",""0x8d357dcd4a7c14d4a0f33a6d36f83ab30a8caad65d222d503f46d94d277f7c24"",""0x37890a125406e5e42ba213b40b55685bc6c328fc0106903b123b70d8312c1000"",""0x06442c0ccc9ab367282f06426924517e0a49c25e50a492ad91aecc55b655f458"",""0xe5da0f8dfb6b491adb9c38f755f10e08bd498ab5979036394be3930984053206"",""0xe2c89165b1663cbef76d4db4aff33d030d5826b8a643a445b8531c288e7745fd""]","[""0xe2c89165b1663cbef76d4db4aff33d030d5826b8a643a445b8531c288e7745fd""]",0,0,1,0.8,0,0,0.5
bstpstaking514m6489f990,invalid,error_cardinality_underfill,5,1,4,m6489f990,100,10,2,"[""0x540717136470dc01afdfcbbdd377b3822ac7596c990ed0b9c42a6f4d46148fc7"",""0x0f7111fd4af91016f6e6efa1dbc92c6aeb75dff18e99a22095079448fc73483e""]","[""0x73d6c0efd0550ca38510ec910998f28c5f57de699ed4f4eab13ed86d90fb6b07"",""0x3c4ef3727c5acae7ca4976ecf767571e18ac1b70a4aad2ac4f7b9139bcfc987d"",""0x8e6ed61f936c34115ed64b52efb53b493d279f72a1ed2c1dde342f98dfc9178d"",""0x01829fcc6d779d94ee869f97379c6516562dc7f8b74938742ffefe6b09b93fbc"",""0x262e2e527250bfc9fea90edce78f93b95ce16f345766eb2534ba2fb39906d951"",""0xaa8fad824a174e57accf11eb34b23d020d6aa685da1925b1c30a611ffdb95a0e"",""0x429b49322f39406d28f591c75e8222ecd51db05a599ec5d128466346627eb705"",""0x08c294941588d570c4ae95ce5aaf4a1592f278bd19029a2851efff2d86015692"",""0x6ea2e4d3921eb79867ba52b40ba2fdf4df2de7e307f65f7742bf9f3bdb48a96c"",""0x281cd26d80e9cd95f098908b641c2534121c033c47795850d88fdab6f04f2af0""]",[],0,0,1,0.8,0,0,0
bstpstaking514m652a5fba,invalid,error_cardinality_underfill,5,1,4,m652a5fba,100,10,2,"[""0x932383665799c1241f674264478c7dbdc9dbecd0c1d33b2034e91903326669df"",""0x2e2176b2d4f7965200c92c00af4ff1f18cfa259c652d11ff40b7b1ea7ec8b5f8""]","[""0x5b677b1ca640fe2fa90ccb13036a107a5177af4f0b0bd5ed853ac029e427d019"",""0xd9067ec22c0a52c0bf051e10e841161ac9d25bfedf069957979cc6f267cb6324"",""0x2c6db858294994968533795d44c86dc8f050d3652066b8ceadf9d3b73dc7d902"",""0xb65630e7129a1fecafdca9eb7dbe53130a12b5d3e2e984bbf9c9a5399c6cc30f"",""0x39700501189242fe3b7185fd03a5cace111de24b0c6b66471be82d30bc72ec27"",""0x856f01151a1c15aa053c920c11f2f4a193b3ed4250c6ee2ebf77c3390fe0f275"",""0x98383544e422fe17027cdac418f09337309386a10806b8ee02c8d32713923a8e"",""0x3c97283efec66e1a5ec8437966e087338da20f0aad3723d41d52c67328f7efe4"",""0x4c896b9c75e38294c3a07ab4ccb18852996db2708540195223e428ddf09d38a0"",""0x932383665799c1241f674264478c7dbdc9dbecd0c1d33b2034e91903326669df""]","[""0x932383665799c1241f674264478c7dbdc9dbecd0c1d33b2034e91903326669df""]",0,0,1,0.8,0,0,0.5
bstpstaking514m66488430,invalid,error_cardinality_underfill,5,1,4,m66488430,100,10,2,"[""0x45db93bc077e3dfb5ab6e4a18fc0d1bbac5da29584a31655c8449817992672ba"",""0x11e4f3c3fcaa7485d4228636a830786a59a546ac77c6152350a6c7bae9a76cca""]","[""0xc3b0696840352e2a25a87160f85c766cba4c6b9424a40ded6b5e2eb28f9215f6"",""0xfc9bec6e17e3d34235748a04c8a772f602b2283e2946d9f68c2ed62bcdd2cd85"",""0x7c40aac49a736517f5c440f9392f1683424054f2ffa6df7c2970a52c11db06ca"",""0xcd09dc92e8736934e461988f29064ea4e49ccc41310e47a797ab8e787536e77d"",""0x92c0efa8758ff02dd06dfd438cd6612b6e3590f9c8b7c0932fd418903855a478"",""0x4f70045f96345b6154f2e63f3fe4b06b6e40108aedcdd3afc6a66ea75fc3da24"",""0xb1d52412675094b54611913899744bda3aa3c67ce51c9e9d61d8a49d9cc84caf"",""0x90ecb607bbb48b913aefe5003509412fcdc1a78708f7390fad1c6953be606038"",""0xffb33d2d1648788432430e96a9706f35a4dcfe30d45dd0e99a1eaf7e59ab6aeb"",""0x6b84de292cb6e3be779d6288c69c6a070bba523a2317a4d294c1616e10f137ed""]",[],0,0,1,0.8,0,0,0
bstpstaking514m6e7de01e,invalid,error_cardinality_underfill,5,1,4,m6e7de01e,100,10,1,"[""0x475c36c4c60e0af2eb4580055777910ab6c788c95f66d33f069723d9ff62ed25""]","[""0x7c9cdb9fd07a0e95dd225ef751470ce88b43ad6e9e209b3b95404c7a6849e39b"",""0x353fcfc68b913bba883a1cbe437235257a5567ace334e692406b2239896cc845"",""0xaa8fad824a174e57accf11eb34b23d020d6aa685da1925b1c30a611ffdb95a0e"",""0x3c4ef3727c5acae7ca4976ecf767571e18ac1b70a4aad2ac4f7b9139bcfc987d"",""0xcd6d08f520a5a6aebaa079033393b6393e347445be26d2c107e8d7ee03c8f13c"",""0x281cd26d80e9cd95f098908b641c2534121c033c47795850d88fdab6f04f2af0"",""0xdd364115eefd88d44ddca902abb962bd1038efc911e81847f0d1911029cb83fc"",""0xe2c89165b1663cbef76d4db4aff33d030d5826b8a643a445b8531c288e7745fd"",""0x66dc91c1375c97a345396b765a31f83a172cf55a43b176b21f6e7ca8e695b9fd"",""0xd7531695dcd358a4f56787acbbd65565a09fc63eff941ad49498daeb1ae38f44""]",[],0,0,1,0.9,0,0,0
bstpstaking514m7dfad905,invalid,error_cardinality_underfill,5,1,4,m7dfad905,100,10,3,"[""0xc2467251882eb44d5415c8fddda0ba28022dedaeeca039a9fa1e56bb4cb2aba3"",""0xf02d58ecabd1d3610cc5424c59d26087786ac900c1f47de9af6a717fb0a3d1b5"",""0x1c64ad766dfa4fa9d74a4d2ce01848b8d5a7da03dd7621fcc2404e4022284ea2""]","[""0x106ecf713381cc7ee659b224caebb8c2d8402304fcc03cc12f04d9acb19beb31"",""0xfd70d4311b5768c6b6bf7ecd75518b0b26ba2529cb7cf75e450bca9f0d366daa"",""0xe70b739d2c9d746514eb24b9ed0d3b51448a0a5913813a2864aa9be0ec65e691"",""0xa7831feb3b6ce91bfea938682651e70d662f1266659cbce6eaf0526e45512a68"",""0xab461bed3349317736818b1dabb4b0c82cc986f81bc20a4f98abb1cf118525e2"",""0xcd09dc92e8736934e461988f29064ea4e49ccc41310e47a797ab8e787536e77d"",""0x49e5774ab139905928ff21d948254adc70aa28ff5eea2ac796f32b0549b267a3"",""0x6e53ec51854bc45ec72e747b9db61797e1b20b6c0f523a3f2ead783fd267ed91"",""0x9a0ed5a06fb6051d9a659f829e57ea0e382f714cb43d55efaa317c69cfae14ee"",""0x80288ad5dc62d58560df110a3535af497449f9f6f4f71e34500b9f5045943ea7""]",[],0,0,1,0.7,0,0,0
bstpstaking514m7e72b6a8,invalid,error_cardinality_underfill,5,1,4,m7e72b6a8,100,10,2,"[""0x66dc91c1375c97a345396b765a31f83a172cf55a43b176b21f6e7ca8e695b9fd"",""0x8221d0f6fe62fc8120fd3b22c740a896d947fb1581163983c25cad744bd2f5fd""]","[""0x9a0ed5a06fb6051d9a659f829e57ea0e382f714cb43d55efaa317c69cfae14ee"",""0x98383544e422fe17027cdac418f09337309386a10806b8ee02c8d32713923a8e"",""0x8945bcc45087a8bfb2e18a5306781be29a69dbac49c73ab68b0d6c56a67bc0f9"",""0xd7531695dcd358a4f56787acbbd65565a09fc63eff941ad49498daeb1ae38f44"",""0x99196e62444c2ecc416618bcc5a3424f9cd5641d6867c8e258507c7d89a4a88c"",""0xe40523cb93f50925b957e5e448d59b64adfad0b41a549e68dd171dd988bc17a5"",""0x4c896b9c75e38294c3a07ab4ccb18852996db2708540195223e428ddf09d38a0"",""0x7c40aac49a736517f5c440f9392f1683424054f2ffa6df7c2970a52c11db06ca"",""0x49e5774ab139905928ff21d948254adc70aa28ff5eea2ac796f32b0549b267a3"",""0xffb33d2d1648788432430e96a9706f35a4dcfe30d45dd0e99a1eaf7e59ab6aeb""]",[],0,0,1,0.8,0,0,0
bstpstaking514m8051415e,invalid,error_cardinality_underfill,5,1,4,m8051415e,100,10,2,"[""0xcfdc62eb5da1c0cc9f61c08540ca22833a6530d40de956ae254be5b1e0b59d74"",""0xd5568fd406d7db628afa415d58bf5bd06959a92398aa702548e8e04793bedd47""]","[""0x4f70045f96345b6154f2e63f3fe4b06b6e40108aedcdd3afc6a66ea75fc3da24"",""0x8cc4b8cdcb727613f2378e83b1e459ef38061ac468dcb3d02730b17ef2a02673"",""0x29eba7ba49866efd89a8dce8d84688734eb0b4b198d4992b288b36b31540c8dc"",""0x92c0efa8758ff02dd06dfd438cd6612b6e3590f9c8b7c0932fd418903855a478"",""0x80288ad5dc62d58560df110a3535af497449f9f6f4f71e34500b9f5045943ea7"",""0xa7831feb3b6ce91bfea938682651e70d662f1266659cbce6eaf0526e45512a68"",""0x6b84de292cb6e3be779d6288c69c6a070bba523a2317a4d294c1616e10f137ed"",""0x483e0faacc32045385006ac1d42d028b103a2e2e02f320e20037d0d36be54907"",""0xcfdc62eb5da1c0cc9f61c08540ca22833a6530d40de956ae254be5b1e0b59d74"",""0xd5568fd406d7db628afa415d58bf5bd06959a92398aa702548e8e04793bedd47""]","[""0xcfdc62eb5da1c0cc9f61c08540ca22833a6530d40de956ae254be5b1e0b59d74"",""0xd5568fd406d7db628afa415d58bf5bd06959a92398aa702548e8e04793bedd47""]",0,0,1,0.8,0,0,1
bstpstaking514m810b37d6,invalid,error_cardinality_underfill,5,1,4,m810b37d6,100,10,1,"[""0xaa1aed2cec4ac0986857f6d14846e88ae6da67908a6c7f69dec21c7deb5bb810""]","[""0x14d09a4d420ae8a7492d23eb1beacf31a514ddd9765719262cf2a750248f046e"",""0xedb061d6c685949f3e6f6b2fbc31238ae6ee3c1a2760e056b5c3e5e2304df8af"",""0xd7531695dcd358a4f56787acbbd65565a09fc63eff941ad49498daeb1ae38f44"",""0x6e2ec90f7c36a36b5344a2aac6038ddc9c3860de12975f71142181a7a81c8609"",""0xdd364115eefd88d44ddca902abb962bd1038efc911e81847f0d1911029cb83fc"",""0x68fb332560fdf6ea1d74d8c4bfc3ff952f79df911ac17e478862c0aa1c736db3"",""0x37890a125406e5e42ba213b40b55685bc6c328fc0106903b123b70d8312c1000"",""0x69f76a6458130c9ded5a13a31db3715ca829f4a679d617f3e492b9116677d10c"",""0xd315b8c83a9e2edb719d67cf2cc732391e7c9d9fa55ab87f926ee4c7046a8578"",""0xdabbd1bf365dd83a0175d5e359d11f8d109116b0745646ef8d2c6a2efcf851df""]",[],0,0,1,0.9,0,0,0
bstpstaking514m9189f677,invalid,error_cardinality_underfill,5,1,4,m9189f677,100,10,2,"[""0xe40523cb93f50925b957e5e448d59b64adfad0b41a549e68dd171dd988bc17a5"",""0x0fb8a5011f37f8cafd21fb9a90ee3e86a54e38595351ca3fe208fb0e500ced51""]","[""0xcd09dc92e8736934e461988f29064ea4e49ccc41310e47a797ab8e787536e77d"",""0x8a5fc9c813f0cbb1fbb3c86b71678b733f90197cd9b0fec7ef5b2e74d2827527"",""0x483e0faacc32045385006ac1d42d028b103a2e2e02f320e20037d0d36be54907"",""0xb6956c09b733a91561395f6f106aa19a23a1df4c453562ff602fdc30b0b773ad"",""0xb7eba087f5cc24fe2d08675f1cd5a26ebf3fd48642175807fccde9db3ffb3752"",""0xab461bed3349317736818b1dabb4b0c82cc986f81bc20a4f98abb1cf118525e2"",""0x682175835b69fee8ca4e1000194ccf6067372d31c29aa0c1fb86d118274fe35f"",""0xfc9bec6e17e3d34235748a04c8a772f602b2283e2946d9f68c2ed62bcdd2cd85"",""0x98383544e422fe17027cdac418f09337309386a10806b8ee02c8d32713923a8e"",""0xe40523cb93f50925b957e5e448d59b64adfad0b41a549e68dd171dd988bc17a5""]","[""0xe40523cb93f50925b957e5e448d59b64adfad0b41a549e68dd171dd988bc17a5""]",0,0,1,0.8,0,0,0.5
bstpstaking514m970360f4,invalid,error_cardinality_underfill,5,1,4,m970360f4,100,10,1,"[""0xbcca131bc9b4d287bd3853b4df1598d4e2510b0c0ef1740555971e23ad7ff7de""]","[""0x14d09a4d420ae8a7492d23eb1beacf31a514ddd9765719262cf2a750248f046e"",""0xae105f7f87da768b512fdfdb98a0fbf6131d1571893bb99b9a0ab477ff1702c2"",""0x281cd26d80e9cd95f098908b641c2534121c033c47795850d88fdab6f04f2af0"",""0xfd6b6381e462eb69a90451498acc82533df2612f7e00141667dbce964caa982e"",""0x68fb332560fdf6ea1d74d8c4bfc3ff952f79df911ac17e478862c0aa1c736db3"",""0x8e6ed61f936c34115ed64b52efb53b493d279f72a1ed2c1dde342f98dfc9178d"",""0xea69777677b59561b3782267ef6a65d6e0f38e1fea58f1ece52358972347edb0"",""0xe5da0f8dfb6b491adb9c38f755f10e08bd498ab5979036394be3930984053206"",""0x1721fbf3311a57adcac4eb75a9690451077fc079b0d94e4fa9d5a75bfb95e9c2"",""0x37890a125406e5e42ba213b40b55685bc6c328fc0106903b123b70d8312c1000""]",[],0,0,1,0.9,0,0,0
bstpstaking514m98d7930e,invalid,error_cardinality_underfill,5,1,4,m98d7930e,100,10,2,"[""0x0992fff106b227591240dc1b9778e7845de3d529f0d2e39fb53e75b181358f71"",""0x5a2fb4cd5e9dd5493ef26362c926e748b9d676a9534e4976e2eb58359eb1421d""]","[""0x98383544e422fe17027cdac418f09337309386a10806b8ee02c8d32713923a8e"",""0x856f01151a1c15aa053c920c11f2f4a193b3ed4250c6ee2ebf77c3390fe0f275"",""0x8945bcc45087a8bfb2e18a5306781be29a69dbac49c73ab68b0d6c56a67bc0f9"",""0x8cc4b8cdcb727613f2378e83b1e459ef38061ac468dcb3d02730b17ef2a02673"",""0x1ebfa3f4b31da950a10ba4155a5675fdf5fb3ac42fe3f076668cfe359788f601"",""0xe70b739d2c9d746514eb24b9ed0d3b51448a0a5913813a2864aa9be0ec65e691"",""0x90ecb607bbb48b913aefe5003509412fcdc1a78708f7390fad1c6953be606038"",""0xab461bed3349317736818b1dabb4b0c82cc986f81bc20a4f98abb1cf118525e2"",""0xb1d52412675094b54611913899744bda3aa3c67ce51c9e9d61d8a49d9cc84caf"",""0x281cd26d80e9cd95f098908b641c2534121c033c47795850d88fdab6f04f2af0""]",[],0,0,1,0.8,0,0,0
bstpstaking514ma6f1fda3,invalid,error_cardinality_underfill,5,1,4,ma6f1fda3,100,10,3,"[""0xd257dc770c415592299517bc82b40679bb383ced71452defe7745bf564d0c2a3"",""0x1ebfa3f4b31da950a10ba4155a5675fdf5fb3ac42fe3f076668cfe359788f601"",""0xdf845dfbd70267c5c523805713303d6f4b7b91d97219e28f0508b46315e5e0e2""]","[""0xcc5a3914b6cc401b98a202e8075b56eb77670a1140412c79b48b965bce6e05f2"",""0x90ecb607bbb48b913aefe5003509412fcdc1a78708f7390fad1c6953be606038"",""0x6940f8c3529787bcfbcbf21fa64207221930bb64f69f1727136674443bba43aa"",""0x4c896b9c75e38294c3a07ab4ccb18852996db2708540195223e428ddf09d38a0"",""0x01829fcc6d779d94ee869f97379c6516562dc7f8b74938742ffefe6b09b93fbc"",""0x106ecf713381cc7ee659b224caebb8c2d8402304fcc03cc12f04d9acb19beb31"",""0x429b49322f39406d28f591c75e8222ecd51db05a599ec5d128466346627eb705"",""0x5b677b1ca640fe2fa90ccb13036a107a5177af4f0b0bd5ed853ac029e427d019"",""0x1ebfa3f4b31da950a10ba4155a5675fdf5fb3ac42fe3f076668cfe359788f601"",""0xdf845dfbd70267c5c523805713303d6f4b7b91d97219e28f0508b46315e5e0e2""]","[""0x1ebfa3f4b31da950a10ba4155a5675fdf5fb3ac42fe3f076668cfe359788f601"",""0xdf845dfbd70267c5c523805713303d6f4b7b91d97219e28f0508b46315e5e0e2""]",0,0,1,0.7,0,0,0.6666666666666666
bstpstaking514maea74e52,invalid,error_cardinality_underfill,5,1,4,maea74e52,100,10,2,"[""0x1ebfa3f4b31da950a10ba4155a5675fdf5fb3ac42fe3f076668cfe359788f601"",""0xb1b759955b30a6be0647983f9e3bc8c50ef44f5b4fa20c39855328bf9c443f7b""]","[""0x8d357dcd4a7c14d4a0f33a6d36f83ab30a8caad65d222d503f46d94d277f7c24"",""0x01829fcc6d779d94ee869f97379c6516562dc7f8b74938742ffefe6b09b93fbc"",""0x281cd26d80e9cd95f098908b641c2534121c033c47795850d88fdab6f04f2af0"",""0x262e2e527250bfc9fea90edce78f93b95ce16f345766eb2534ba2fb39906d951"",""0x119bb5b05d026a441a51d331d2e813d4a51e2ca676f9919b728dde31c94dc798"",""0xdabbd1bf365dd83a0175d5e359d11f8d109116b0745646ef8d2c6a2efcf851df"",""0xe2c89165b1663cbef76d4db4aff33d030d5826b8a643a445b8531c288e7745fd"",""0x3c4ef3727c5acae7ca4976ecf767571e18ac1b70a4aad2ac4f7b9139bcfc987d"",""0x55502bafc57a57cf79cf670fefef3504cf632e5de82803db33a8e4d8337b211c"",""0xedb061d6c685949f3e6f6b2fbc31238ae6ee3c1a2760e056b5c3e5e2304df8af""]",[],0,0,1,0.8,0,0,0
bstpstaking514mb0c003cd,invalid,error_cardinality_underfill,5,1,4,mb0c003cd,100,10,2,"[""0x49e5774ab139905928ff21d948254adc70aa28ff5eea2ac796f32b0549b267a3"",""0x483e0faacc32045385006ac1d42d028b103a2e2e02f320e20037d0d36be54907""]","[""0xcd09dc92e8736934e461988f29064ea4e49ccc41310e47a797ab8e787536e77d"",""0x8a5fc9c813f0cbb1fbb3c86b71678b733f90197cd9b0fec7ef5b2e74d2827527"",""0xc3b0696840352e2a25a87160f85c766cba4c6b9424a40ded6b5e2eb28f9215f6"",""0x2c6db858294994968533795d44c86dc8f050d3652066b8ceadf9d3b73dc7d902"",""0x3c97283efec66e1a5ec8437966e087338da20f0aad3723d41d52c67328f7efe4"",""0xab461bed3349317736818b1dabb4b0c82cc986f81bc20a4f98abb1cf118525e2"",""0xb6956c09b733a91561395f6f106aa19a23a1df4c453562ff602fdc30b0b773ad"",""0xcfdc62eb5da1c0cc9f61c08540ca22833a6530d40de956ae254be5b1e0b59d74"",""0x483e0faacc32045385006ac1d42d028b103a2e2e02f320e20037d0d36be54907"",""0x49e5774ab139905928ff21d948254adc70aa28ff5eea2ac796f32b0549b267a3""]","[""0x49e5774ab139905928ff21d948254adc70aa28ff5eea2ac796f32b0549b267a3"",""0x483e0faacc32045385006ac1d42d028b103a2e2e02f320e20037d0d36be54907""]",0,0,1,0.8,0,0,1
bstpstaking514mb38d99c5,invalid,error_cardinality_underfill,5,1,4,mb38d99c5,100,10,2,"[""0x74cc0bb6cd7e06391e4bb20aacbbceb3a31c9ce28bddffebece0893e4a6096ae"",""0xaa8fad824a174e57accf11eb34b23d020d6aa685da1925b1c30a611ffdb95a0e""]","[""0x8e6ed61f936c34115ed64b52efb53b493d279f72a1ed2c1dde342f98dfc9178d"",""0xadc1a837b5429a817612fe145787358ffe8831a2e75dee3a3338a31d486fb05f"",""0x000ceb98a30a9f0375fd46d151e4f2f8d830751c2983f14a1c6f0144f80b3198"",""0x8d357dcd4a7c14d4a0f33a6d36f83ab30a8caad65d222d503f46d94d277f7c24"",""0xe5da0f8dfb6b491adb9c38f755f10e08bd498ab5979036394be3930984053206"",""0xdabbd1bf365dd83a0175d5e359d11f8d109116b0745646ef8d2c6a2efcf851df"",""0x06442c0ccc9ab367282f06426924517e0a49c25e50a492ad91aecc55b655f458"",""0xaa8fad824a174e57accf11eb34b23d020d6aa685da1925b1c30a611ffdb95a0e"",""0x12c0e8caa1bce7d499cbbbc665fbb364c09cd2977856fe2bf0027b9c600b9022"",""0xf5162966dbd2c8c3b2195e7ee9c5e46a8dd1715287d079a5b92d312ca24045cd""]","[""0xaa8fad824a174e57accf11eb34b23d020d6aa685da1925b1c30a611ffdb95a0e""]",0,0,1,0.8,0,0,0.5
bstpstaking514mb8cbcc16,invalid,error_cardinality_underfill,5,1,4,mb8cbcc16,100,10,2,"[""0x49e5774ab139905928ff21d948254adc70aa28ff5eea2ac796f32b0549b267a3"",""0x3b5d1234f10198acc136a10dfa09fa0a1a59de504bc0d9a7c35446f692b7c07c""]","[""0x1cde8373a779839f2b591a11cac079df0f1eb3fb272188f9ceccb1dee8ec102f"",""0xb65630e7129a1fecafdca9eb7dbe53130a12b5d3e2e984bbf9c9a5399c6cc30f"",""0x230550ee2f183f79fbee87b09e6157a7bfd65abfefa14a749660749b7fa0d6b4"",""0x39700501189242fe3b7185fd03a5cace111de24b0c6b66471be82d30bc72ec27"",""0x7634f8326375f99ebfd7a8b203b7442a56b18cf7dc73f6238abd4122e8090b86"",""0xae105f7f87da768b512fdfdb98a0fbf6131d1571893bb99b9a0ab477ff1702c2"",""0xb3788db79f3ad700a3cc134a27acbcec7a0a587ffbcdf5927faa24e5c362d493"",""0x60642c6a8412d200a3413c5426afef17f3d72d45fadaf5cdde98b783893518ec"",""0x856f01151a1c15aa053c920c11f2f4a193b3ed4250c6ee2ebf77c3390fe0f275"",""0x6d5bfd47046b2e223b0c83d8c0d4e2ad42a064232926ed904efe73cb5d8f2133""]",[],0,0,1,0.8,0,0,0
bstpstaking514mc5ae52b7,invalid,error_cardinality_underfill,5,1,4,mc5ae52b7,100,10,1,"[""0x4b36c84fef27082fc2e72e6431ab80a1d23123e0775ae784c7f884b8234bdb28""]","[""0x3c4ef3727c5acae7ca4976ecf767571e18ac1b70a4aad2ac4f7b9139bcfc987d"",""0x6e2ec90f7c36a36b5344a2aac6038ddc9c3860de12975f71142181a7a81c8609"",""0x12c0e8caa1bce7d499cbbbc665fbb364c09cd2977856fe2bf0027b9c600b9022"",""0xea69777677b59561b3782267ef6a65d6e0f38e1fea58f1ece52358972347edb0"",""0xb65630e7129a1fecafdca9eb7dbe53130a12b5d3e2e984bbf9c9a5399c6cc30f"",""0x39700501189242fe3b7185fd03a5cace111de24b0c6b66471be82d30bc72ec27"",""0x9920c06a362172692e96bab008e569caa257aaec2c8f130f3564a55f2f52357b"",""0x1fd6cd46a30ebaf43fddfe1aa0f8499987a4d3e3a687e3b577d2d1f1bf4d9e77"",""0x1721fbf3311a57adcac4eb75a9690451077fc079b0d94e4fa9d5a75bfb95e9c2"",""0x08c294941588d570c4ae95ce5aaf4a1592f278bd19029a2851efff2d86015692""]",[],0,0,1,0.9,0,0,0
bstpstaking514mce4af4f6,invalid,error_cardinality_underfill,5,1,4,mce4af4f6,100,10,2,"[""0x156f3c81411ba623459e00e3abe32cffd2a60d1aa83c5d9f8bb3528e623a9296"",""0x60642c6a8412d200a3413c5426afef17f3d72d45fadaf5cdde98b783893518ec""]","[""0x0d6652a8c9d9575f5254120f3b037a86104172ca1dd77b5b55be2da39daf1385"",""0xb759e3960a93ef78e32f4847b58dbc6b1c22efd6d9ccaa3b1a84911e6a288afa"",""0xf5162966dbd2c8c3b2195e7ee9c5e46a8dd1715287d079a5b92d312ca24045cd"",""0x3c4ef3727c5acae7ca4976ecf767571e18ac1b70a4aad2ac4f7b9139bcfc987d"",""0xea69777677b59561b3782267ef6a65d6e0f38e1fea58f1ece52358972347edb0"",""0x73d6c0efd0550ca38510ec910998f28c5f57de699ed4f4eab13ed86d90fb6b07"",""0x856f01151a1c15aa053c920c11f2f4a193b3ed4250c6ee2ebf77c3390fe0f275"",""0xfd6b6381e462eb69a90451498acc82533df2612f7e00141667dbce964caa982e"",""0x60642c6a8412d200a3413c5426afef17f3d72d45fadaf5cdde98b783893518ec"",""0x80ae3a3d46a5bfbf5f0adaf5d83aa1064814c65038e92093a16ea8304bd00bd3""]","[""0x60642c6a8412d200a3413c5426afef17f3d72d45fadaf5cdde98b783893518ec""]",0,0,1,0.8,0,0,0.5
bstpstaking514mdd189b64,invalid,error_cardinality_underfill,5,1,4,mdd189b64,100,10,2,"[""0x37890a125406e5e42ba213b40b55685bc6c328fc0106903b123b70d8312c1000"",""0xaa8fad824a174e57accf11eb34b23d020d6aa685da1925b1c30a611ffdb95a0e""]","[""0x0d6652a8c9d9575f5254120f3b037a86104172ca1dd77b5b55be2da39daf1385"",""0x8e6ed61f936c34115ed64b52efb53b493d279f72a1ed2c1dde342f98dfc9178d"",""0x505f78474c398814eb0ba0cc3c08f6129e12bf16431876853283a43beac9d141"",""0xdabbd1bf365dd83a0175d5e359d11f8d109116b0745646ef8d2c6a2efcf851df"",""0xcd6d08f520a5a6aebaa079033393b6393e347445be26d2c107e8d7ee03c8f13c"",""0x70466edbeed113ce8a8435ffd9f8208b8c3f50b2cf38281af86584c766a4310f"",""0x737e933cd67a89d2c13038c499d7d71518a56e6b95bc97e9056a59b45c072c99"",""0x37890a125406e5e42ba213b40b55685bc6c328fc0106903b123b70d8312c1000"",""0x1721fbf3311a57adcac4eb75a9690451077fc079b0d94e4fa9d5a75bfb95e9c2"",""0xaa8fad824a174e57accf11eb34b23d020d6aa685da1925b1c30a611ffdb95a0e""]","[""0x37890a125406e5e42ba213b40b55685bc6c328fc0106903b123b70d8312c1000"",""0xaa8fad824a174e57accf11eb34b23d020d6aa685da1925b1c30a611ffdb95a0e""]",0,0,1,0.8,0,0,1
bstpstaking514me8bc7185,invalid,error_cardinality_underfill,5,1,4,me8bc7185,100,10,2,"[""0xfc9bec6e17e3d34235748a04c8a772f602b2283e2946d9f68c2ed62bcdd2cd85"",""0xcfdc62eb5da1c0cc9f61c08540ca22833a6530d40de956ae254be5b1e0b59d74""]","[""0x5b677b1ca640fe2fa90ccb13036a107a5177af4f0b0bd5ed853ac029e427d019"",""0x3c97283efec66e1a5ec8437966e087338da20f0aad3723d41d52c67328f7efe4"",""0x49e5774ab139905928ff21d948254adc70aa28ff5eea2ac796f32b0549b267a3"",""0x6e53ec51854bc45ec72e747b9db61797e1b20b6c0f523a3f2ead783fd267ed91"",""0xa7831feb3b6ce91bfea938682651e70d662f1266659cbce6eaf0526e45512a68"",""0x167a4d5214f28e5714dbe0ef582ab78f31d676888df89fd1380e7d60c6455530"",""0x90ecb607bbb48b913aefe5003509412fcdc1a78708f7390fad1c6953be606038"",""0xcfdc62eb5da1c0cc9f61c08540ca22833a6530d40de956ae254be5b1e0b59d74"",""0xfc9bec6e17e3d34235748a04c8a772f602b2283e2946d9f68c2ed62bcdd2cd85"",""0xc242c986f95f7cb745f870b1e292c03f57e59c36e809d37eb00cc8d235b22c5a""]","[""0xfc9bec6e17e3d34235748a04c8a772f602b2283e2946d9f68c2ed62bcdd2cd85"",""0xcfdc62eb5da1c0cc9f61c08540ca22833a6530d40de956ae254be5b1e0b59d74""]",0,0,1,0.8,0,0,1
bstpstaking514mec0952f1,invalid,error_cardinality_underfill,5,1,4,mec0952f1,100,10,2,"[""0x262e2e527250bfc9fea90edce78f93b95ce16f345766eb2534ba2fb39906d951"",""0x01829fcc6d779d94ee869f97379c6516562dc7f8b74938742ffefe6b09b93fbc""]","[""0x119bb5b05d026a441a51d331d2e813d4a51e2ca676f9919b728dde31c94dc798"",""0xdd364115eefd88d44ddca902abb962bd1038efc911e81847f0d1911029cb83fc"",""0x281cd26d80e9cd95f098908b641c2534121c033c47795850d88fdab6f04f2af0"",""0xdabbd1bf365dd83a0175d5e359d11f8d109116b0745646ef8d2c6a2efcf851df"",""0xbf11d678dcdece15f7824e21c504ec11500448bd6eb50749dea8bda81bf85a81"",""0xf5162966dbd2c8c3b2195e7ee9c5e46a8dd1715287d079a5b92d312ca24045cd"",""0x27f6a02165b673e7008df197e38e096214cfb8e24d4ed54d9d7086bd62eb23c1"",""0x68fb332560fdf6ea1d74d8c4bfc3ff952f79df911ac17e478862c0aa1c736db3"",""0x262e2e527250bfc9fea90edce78f93b95ce16f345766eb2534ba2fb39906d951"",""0x01829fcc6d779d94ee869f97379c6516562dc7f8b74938742ffefe6b09b93fbc""]","[""0x262e2e527250bfc9fea90edce78f93b95ce16f345766eb2534ba2fb39906d951"",""0x01829fcc6d779d94ee869f97379c6516562dc7f8b74938742ffefe6b09b93fbc""]",0,0,1,0.8,0,0,1
bstpstaking514mfadd38bd,invalid,error_cardinality_underfill,5,1,4,mfadd38bd,100,10,2,"[""0x353fcfc68b913bba883a1cbe437235257a5567ace334e692406b2239896cc845"",""0x004cc9ec35f26e0e51c2622a0da18e8bd94bdecd930a2419976026ad98d024a2""]","[""0x71a93113087b01233d6a75b25863b56cc2d4ca947f24a3540208f7d1f5e5efbf"",""0xfd6b6381e462eb69a90451498acc82533df2612f7e00141667dbce964caa982e"",""0x505f78474c398814eb0ba0cc3c08f6129e12bf16431876853283a43beac9d141"",""0x3c4ef3727c5acae7ca4976ecf767571e18ac1b70a4aad2ac4f7b9139bcfc987d"",""0x60642c6a8412d200a3413c5426afef17f3d72d45fadaf5cdde98b783893518ec"",""0x1fd6cd46a30ebaf43fddfe1aa0f8499987a4d3e3a687e3b577d2d1f1bf4d9e77"",""0x429b49322f39406d28f591c75e8222ecd51db05a599ec5d128466346627eb705"",""0xae105f7f87da768b512fdfdb98a0fbf6131d1571893bb99b9a0ab477ff1702c2"",""0x353fcfc68b913bba883a1cbe437235257a5567ace334e692406b2239896cc845"",""0x7c9cdb9fd07a0e95dd225ef751470ce88b43ad6e9e209b3b95404c7a6849e39b""]","[""0x353fcfc68b913bba883a1cbe437235257a5567ace334e692406b2239896cc845""]",0,0,1,0.8,0,0,0.5
bstpstaking515m02a43993,invalid,error_cardinality_underfill,5,1,5,m02a43993,100,10,2,"[""0x7c40aac49a736517f5c440f9392f1683424054f2ffa6df7c2970a52c11db06ca"",""0x6940f8c3529787bcfbcbf21fa64207221930bb64f69f1727136674443bba43aa""]","[""0xb1d52412675094b54611913899744bda3aa3c67ce51c9e9d61d8a49d9cc84caf"",""0x92c0efa8758ff02dd06dfd438cd6612b6e3590f9c8b7c0932fd418903855a478"",""0x80288ad5dc62d58560df110a3535af497449f9f6f4f71e34500b9f5045943ea7"",""0x90ecb607bbb48b913aefe5003509412fcdc1a78708f7390fad1c6953be606038"",""0x08c294941588d570c4ae95ce5aaf4a1592f278bd19029a2851efff2d86015692"",""0x3b5d1234f10198acc136a10dfa09fa0a1a59de504bc0d9a7c35446f692b7c07c"",""0xcd09dc92e8736934e461988f29064ea4e49ccc41310e47a797ab8e787536e77d"",""0xb002fb01be58fedcd04d5ceb2895feaf22973ac1205efed3d2db367bc6d7525b"",""0x7c40aac49a736517f5c440f9392f1683424054f2ffa6df7c2970a52c11db06ca"",""0x6940f8c3529787bcfbcbf21fa64207221930bb64f69f1727136674443bba43aa""]","[""0x7c40aac49a736517f5c440f9392f1683424054f2ffa6df7c2970a52c11db06ca"",""0x6940f8c3529787bcfbcbf21fa64207221930bb64f69f1727136674443bba43aa""]",0,0,1,0.8,0,0,1
bstpstaking515m069a3556,invalid,error_cardinality_underfill,5,1,5,m069a3556,100,10,2,"[""0x86ae1d3cfed9f994a673ca32c9ebb44c1b77c8c3781c16a0f6486fea4611ee5b"",""0x301a4c5325fb29a54b2da09b372d61c8ddf8ca7e4f52c0727cc0f5247bdcb444""]","[""0x230550ee2f183f79fbee87b09e6157a7bfd65abfefa14a749660749b7fa0d6b4"",""0xe5da0f8dfb6b491adb9c38f755f10e08bd498ab5979036394be3930984053206"",""0x505f78474c398814eb0ba0cc3c08f6129e12bf16431876853283a43beac9d141"",""0x281cd26d80e9cd95f098908b641c2534121c033c47795850d88fdab6f04f2af0"",""0x12c0e8caa1bce7d499cbbbc665fbb364c09cd2977856fe2bf0027b9c600b9022"",""0x8d357dcd4a7c14d4a0f33a6d36f83ab30a8caad65d222d503f46d94d277f7c24"",""0xcd6d08f520a5a6aebaa079033393b6393e347445be26d2c107e8d7ee03c8f13c"",""0xd7531695dcd358a4f56787acbbd65565a09fc63eff941ad49498daeb1ae38f44"",""0x429b49322f39406d28f591c75e8222ecd51db05a599ec5d128466346627eb705"",""0x86ae1d3cfed9f994a673ca32c9ebb44c1b77c8c3781c16a0f6486fea4611ee5b""]","[""0x86ae1d3cfed9f994a673ca32c9ebb44c1b77c8c3781c16a0f6486fea4611ee5b""]",0,0,1,0.8,0,0,0.5
bstpstaking515m1a5bd173,invalid,error_cardinality_underfill,5,1,5,m1a5bd173,100,10,2,"[""0x7416606c9ce067f5dc0b9735cba4bac05f4139205ff9898b79bea216ddf99707"",""0xc07123b97e3b7fb310541633f72936c40f21f7a507de51256f9c4a68505fe755""]","[""0x16a4b9d56a3ab5e2ef284d0e822e6707757b125228793b37bc9e037802da9d9b"",""0x86ae1d3cfed9f994a673ca32c9ebb44c1b77c8c3781c16a0f6486fea4611ee5b"",""0xa4a5871d752ffcf82f0971f07904f7cdd34150574ae793fcf1bff93d1aa06ff0"",""0xaa8fad824a174e57accf11eb34b23d020d6aa685da1925b1c30a611ffdb95a0e"",""0x80e64594a9d4fad2c6617c96707f6c9a1a78970b22d16066311be57b6d24a7da"",""0x39700501189242fe3b7185fd03a5cace111de24b0c6b66471be82d30bc72ec27"",""0x7634f8326375f99ebfd7a8b203b7442a56b18cf7dc73f6238abd4122e8090b86"",""0x6ea2e4d3921eb79867ba52b40ba2fdf4df2de7e307f65f7742bf9f3bdb48a96c"",""0xe2c89165b1663cbef76d4db4aff33d030d5826b8a643a445b8531c288e7745fd"",""0x60642c6a8412d200a3413c5426afef17f3d72d45fadaf5cdde98b783893518ec""]",[],0,0,1,0.8,0,0,0
bstpstaking515m30fd2845,invalid,error_cardinality_underfill,5,1,5,m30fd2845,100,10,4,"[""0xea69777677b59561b3782267ef6a65d6e0f38e1fea58f1ece52358972347edb0"",""0x68fb332560fdf6ea1d74d8c4bfc3ff952f79df911ac17e478862c0aa1c736db3"",""0x9920c06a362172692e96bab008e569caa257aaec2c8f130f3564a55f2f52357b"",""0x262e2e527250bfc9fea90edce78f93b95ce16f345766eb2534ba2fb39906d951""]","[""0x73d6c0efd0550ca38510ec910998f28c5f57de699ed4f4eab13ed86d90fb6b07"",""0x16a4b9d56a3ab5e2ef284d0e822e6707757b125228793b37bc9e037802da9d9b"",""0xe9bff1484b60de522b5fda8d2a44f33f1ba6a17ca2db76472f469a91f2245a8b"",""0x7c9cdb9fd07a0e95dd225ef751470ce88b43ad6e9e209b3b95404c7a6849e39b"",""0xb3788db79f3ad700a3cc134a27acbcec7a0a587ffbcdf5927faa24e5c362d493"",""0xc2467251882eb44d5415c8fddda0ba28022dedaeeca039a9fa1e56bb4cb2aba3"",""0xea69777677b59561b3782267ef6a65d6e0f38e1fea58f1ece52358972347edb0"",""0x68fb332560fdf6ea1d74d8c4bfc3ff952f79df911ac17e478862c0aa1c736db3"",""0x9920c06a362172692e96bab008e569caa257aaec2c8f130f3564a55f2f52357b"",""0x262e2e527250bfc9fea90edce78f93b95ce16f345766eb2534ba2fb39906d951""]","[""0xea69777677b59561b3782267ef6a65d6e0f38e1fea58f1ece52358972347edb0"",""0x68fb332560fdf6ea1d74d8c4bfc3ff952f79df911ac17e478862c0aa1c736db3"",""0x9920c06a362172692e96bab008e569caa257aaec2c8f130f3564a55f2f52357b"",""0x262e2e527250bfc9fea90edce78f93b95ce16f345766eb2534ba2fb39906d951""]",0,0,1,0.6,0,0,1
bstpstaking515m33799275,invalid,error_cardinality_underfill,5,1,5,m33799275,100,10,1,"[""0xf0972d9aa3b273f2d3cf65a082bf76d56bdf9ccf2ac70fff04b0e874dc1d469d""]","[""0xcd09dc92e8736934e461988f29064ea4e49ccc41310e47a797ab8e787536e77d"",""0xfd70d4311b5768c6b6bf7ecd75518b0b26ba2529cb7cf75e450bca9f0d366daa"",""0xa7831feb3b6ce91bfea938682651e70d662f1266659cbce6eaf0526e45512a68"",""0x29eba7ba49866efd89a8dce8d84688734eb0b4b198d4992b288b36b31540c8dc"",""0x2c6db858294994968533795d44c86dc8f050d3652066b8ceadf9d3b73dc7d902"",""0x8945bcc45087a8bfb2e18a5306781be29a69dbac49c73ab68b0d6c56a67bc0f9"",""0x5b677b1ca640fe2fa90ccb13036a107a5177af4f0b0bd5ed853ac029e427d019"",""0x8cc4b8cdcb727613f2378e83b1e459ef38061ac468dcb3d02730b17ef2a02673"",""0x49e5774ab139905928ff21d948254adc70aa28ff5eea2ac796f32b0549b267a3"",""0x106ecf713381cc7ee659b224caebb8c2d8402304fcc03cc12f04d9acb19beb31""]",[],0,0,1,0.9,0,0,0
bstpstaking515m3b4969fb,invalid,error_cardinality_underfill,5,1,5,m3b4969fb,100,10,3,"[""0x69f76a6458130c9ded5a13a31db3715ca829f4a679d617f3e492b9116677d10c"",""0x22f4275a391260c570a0fed637feb9fde82fcb073c8f6f4b87be7161ece6b558"",""0xd7531695dcd358a4f56787acbbd65565a09fc63eff941ad49498daeb1ae38f44""]","[""0xb002fb01be58fedcd04d5ceb2895feaf22973ac1205efed3d2db367bc6d7525b"",""0x106ecf713381cc7ee659b224caebb8c2d8402304fcc03cc12f04d9acb19beb31"",""0x682175835b69fee8ca4e1000194ccf6067372d31c29aa0c1fb86d118274fe35f"",""0xc242c986f95f7cb745f870b1e292c03f57e59c36e809d37eb00cc8d235b22c5a"",""0x4c896b9c75e38294c3a07ab4ccb18852996db2708540195223e428ddf09d38a0"",""0x6a735d9199bcfde6d540397f0c81a9225ad8520e39847b9a367e7dd94565137d"",""0x4f70045f96345b6154f2e63f3fe4b06b6e40108aedcdd3afc6a66ea75fc3da24"",""0xffb33d2d1648788432430e96a9706f35a4dcfe30d45dd0e99a1eaf7e59ab6aeb"",""0xcfdc62eb5da1c0cc9f61c08540ca22833a6530d40de956ae254be5b1e0b59d74"",""0x5b677b1ca640fe2fa90ccb13036a107a5177af4f0b0bd5ed853ac029e427d019""]",[],0,0,1,0.7,0,0,0
bstpstaking515m4239fd1c,invalid,error_cardinality_underfill,5,1,5,m4239fd1c,100,10,2,"[""0x2dc60ac98b1f184a836c234aa2097366ddd6ba1cad8a90c4624398fd79e60070"",""0x2603aeb6b8135a1a7f77a398df1c49ae32ce1a9aa814889de9398b28737af66a""]","[""0x483e0faacc32045385006ac1d42d028b103a2e2e02f320e20037d0d36be54907"",""0x89c823bf9976eb820ef3b2041267ad2c6eed1f83e2ab87cdc4bf9577cff5a748"",""0x3c97283efec66e1a5ec8437966e087338da20f0aad3723d41d52c67328f7efe4"",""0x6940f8c3529787bcfbcbf21fa64207221930bb64f69f1727136674443bba43aa"",""0x106ecf713381cc7ee659b224caebb8c2d8402304fcc03cc12f04d9acb19beb31"",""0x90ecb607bbb48b913aefe5003509412fcdc1a78708f7390fad1c6953be606038"",""0xb7eba087f5cc24fe2d08675f1cd5a26ebf3fd48642175807fccde9db3ffb3752"",""0xdf845dfbd70267c5c523805713303d6f4b7b91d97219e28f0508b46315e5e0e2"",""0x8a5fc9c813f0cbb1fbb3c86b71678b733f90197cd9b0fec7ef5b2e74d2827527"",""0xd9067ec22c0a52c0bf051e10e841161ac9d25bfedf069957979cc6f267cb6324""]",[],0,0,1,0.8,0,0,0
bstpstaking515m61fde19d,invalid,error_cardinality_underfill,5,1,5,m61fde19d,100,10,2,"[""0x4cefc890c0072c5c1a1be639627c4a0c7c3102fca6218bda1ce57d0dc9980cb5"",""0xe2c89165b1663cbef76d4db4aff33d030d5826b8a643a445b8531c288e7745fd""]","[""0x69f76a6458130c9ded5a13a31db3715ca829f4a679d617f3e492b9116677d10c"",""0xdabbd1bf365dd83a0175d5e359d11f8d109116b0745646ef8d2c6a2efcf851df"",""0x281d75ca73c64a8633ed60198d5e953cc41cba8132bf7dfc97a978d37dd83726"",""0x7c9cdb9fd07a0e95dd225ef751470ce88b43ad6e9e209b3b95404c7a6849e39b"",""0xfd6b6381e462eb69a90451498acc82533df2612f7e00141667dbce964caa982e"",""0x8d357dcd4a7c14d4a0f33a6d36f83ab30a8caad65d222d503f46d94d277f7c24"",""0x37890a125406e5e42ba213b40b55685bc6c328fc0106903b123b70d8312c1000"",""0x06442c0ccc9ab367282f06426924517e0a49c25e50a492ad91aecc55b655f458"",""0xe5da0f8dfb6b491adb9c38f755f10e08bd498ab5979036394be3930984053206"",""0xe2c89165b1663cbef76d4db4aff33d030d5826b8a643a445b8531c288e7745fd""]","[""0xe2c89165b1663cbef76d4db4aff33d030d5826b8a643a445b8531c288e7745fd""]",0,0,1,0.8,0,0,0.5
bstpstaking515m6489f990,invalid,error_cardinality_underfill,5,1,5,m6489f990,100,10,2,"[""0x540717136470dc01afdfcbbdd377b3822ac7596c990ed0b9c42a6f4d46148fc7"",""0x0f7111fd4af91016f6e6efa1dbc92c6aeb75dff18e99a22095079448fc73483e""]","[""0x73d6c0efd0550ca38510ec910998f28c5f57de699ed4f4eab13ed86d90fb6b07"",""0x3c4ef3727c5acae7ca4976ecf767571e18ac1b70a4aad2ac4f7b9139bcfc987d"",""0x8e6ed61f936c34115ed64b52efb53b493d279f72a1ed2c1dde342f98dfc9178d"",""0x01829fcc6d779d94ee869f97379c6516562dc7f8b74938742ffefe6b09b93fbc"",""0x262e2e527250bfc9fea90edce78f93b95ce16f345766eb2534ba2fb39906d951"",""0xaa8fad824a174e57accf11eb34b23d020d6aa685da1925b1c30a611ffdb95a0e"",""0x429b49322f39406d28f591c75e8222ecd51db05a599ec5d128466346627eb705"",""0x08c294941588d570c4ae95ce5aaf4a1592f278bd19029a2851efff2d86015692"",""0x6ea2e4d3921eb79867ba52b40ba2fdf4df2de7e307f65f7742bf9f3bdb48a96c"",""0x281cd26d80e9cd95f098908b641c2534121c033c47795850d88fdab6f04f2af0""]",[],0,0,1,0.8,0,0,0
bstpstaking515m652a5fba,invalid,error_cardinality_underfill,5,1,5,m652a5fba,100,10,2,"[""0x7833ebabcf4630a67de7ee8db1f8f2e17f3410ec9525a2980a539f7d273f2618"",""0xa9031af907b6a53e711f3b7b3175c23f74713436609bbdef8898eb3a98438d73""]","[""0x5b677b1ca640fe2fa90ccb13036a107a5177af4f0b0bd5ed853ac029e427d019"",""0xd9067ec22c0a52c0bf051e10e841161ac9d25bfedf069957979cc6f267cb6324"",""0x2c6db858294994968533795d44c86dc8f050d3652066b8ceadf9d3b73dc7d902"",""0xb65630e7129a1fecafdca9eb7dbe53130a12b5d3e2e984bbf9c9a5399c6cc30f"",""0x39700501189242fe3b7185fd03a5cace111de24b0c6b66471be82d30bc72ec27"",""0x856f01151a1c15aa053c920c11f2f4a193b3ed4250c6ee2ebf77c3390fe0f275"",""0x98383544e422fe17027cdac418f09337309386a10806b8ee02c8d32713923a8e"",""0x3c97283efec66e1a5ec8437966e087338da20f0aad3723d41d52c67328f7efe4"",""0x4c896b9c75e38294c3a07ab4ccb18852996db2708540195223e428ddf09d38a0"",""0x932383665799c1241f674264478c7dbdc9dbecd0c1d33b2034e91903326669df""]",[],0,0,1,0.8,0,0,0
bstpstaking515m66488430,invalid,error_cardinality_underfill,5,1,5,m66488430,100,10,2,"[""0x33da2b3594ef9db6bcb504fb42dbeb618bd4744bad06118ab8bdb7d67bdff688"",""0x11e4f3c3fcaa7485d4228636a830786a59a546ac77c6152350a6c7bae9a76cca""]","[""0xc3b0696840352e2a25a87160f85c766cba4c6b9424a40ded6b5e2eb28f9215f6"",""0xfc9bec6e17e3d34235748a04c8a772f602b2283e2946d9f68c2ed62bcdd2cd85"",""0x7c40aac49a736517f5c440f9392f1683424054f2ffa6df7c2970a52c11db06ca"",""0xcd09dc92e8736934e461988f29064ea4e49ccc41310e47a797ab8e787536e77d"",""0x92c0efa8758ff02dd06dfd438cd6612b6e3590f9c8b7c0932fd418903855a478"",""0x4f70045f96345b6154f2e63f3fe4b06b6e40108aedcdd3afc6a66ea75fc3da24"",""0xb1d52412675094b54611913899744bda3aa3c67ce51c9e9d61d8a49d9cc84caf"",""0x90ecb607bbb48b913aefe5003509412fcdc1a78708f7390fad1c6953be606038"",""0xffb33d2d1648788432430e96a9706f35a4dcfe30d45dd0e99a1eaf7e59ab6aeb"",""0x6b84de292cb6e3be779d6288c69c6a070bba523a2317a4d294c1616e10f137ed""]",[],0,0,1,0.8,0,0,0
bstpstaking515m6e7de01e,invalid,error_cardinality_underfill,5,1,5,m6e7de01e,100,10,2,"[""0xdbbc43acdc38ad7ac23610fc6f7e5e1d42a5e3cdeecb23b614d91d0ab6026ff2"",""0x5b677b1ca640fe2fa90ccb13036a107a5177af4f0b0bd5ed853ac029e427d019""]","[""0x7c9cdb9fd07a0e95dd225ef751470ce88b43ad6e9e209b3b95404c7a6849e39b"",""0x353fcfc68b913bba883a1cbe437235257a5567ace334e692406b2239896cc845"",""0xaa8fad824a174e57accf11eb34b23d020d6aa685da1925b1c30a611ffdb95a0e"",""0x3c4ef3727c5acae7ca4976ecf767571e18ac1b70a4aad2ac4f7b9139bcfc987d"",""0xcd6d08f520a5a6aebaa079033393b6393e347445be26d2c107e8d7ee03c8f13c"",""0x281cd26d80e9cd95f098908b641c2534121c033c47795850d88fdab6f04f2af0"",""0xdd364115eefd88d44ddca902abb962bd1038efc911e81847f0d1911029cb83fc"",""0xe2c89165b1663cbef76d4db4aff33d030d5826b8a643a445b8531c288e7745fd"",""0x66dc91c1375c97a345396b765a31f83a172cf55a43b176b21f6e7ca8e695b9fd"",""0xd7531695dcd358a4f56787acbbd65565a09fc63eff941ad49498daeb1ae38f44""]",[],0,0,1,0.8,0,0,0
bstpstaking515m7dfad905,invalid,error_cardinality_underfill,5,1,5,m7dfad905,100,10,2,"[""0xc2467251882eb44d5415c8fddda0ba28022dedaeeca039a9fa1e56bb4cb2aba3"",""0xf02d58ecabd1d3610cc5424c59d26087786ac900c1f47de9af6a717fb0a3d1b5""]","[""0x106ecf713381cc7ee659b224caebb8c2d8402304fcc03cc12f04d9acb19beb31"",""0xfd70d4311b5768c6b6bf7ecd75518b0b26ba2529cb7cf75e450bca9f0d366daa"",""0xe70b739d2c9d746514eb24b9ed0d3b51448a0a5913813a2864aa9be0ec65e691"",""0xa7831feb3b6ce91bfea938682651e70d662f1266659cbce6eaf0526e45512a68"",""0xab461bed3349317736818b1dabb4b0c82cc986f81bc20a4f98abb1cf118525e2"",""0xcd09dc92e8736934e461988f29064ea4e49ccc41310e47a797ab8e787536e77d"",""0x49e5774ab139905928ff21d948254adc70aa28ff5eea2ac796f32b0549b267a3"",""0x6e53ec51854bc45ec72e747b9db61797e1b20b6c0f523a3f2ead783fd267ed91"",""0x9a0ed5a06fb6051d9a659f829e57ea0e382f714cb43d55efaa317c69cfae14ee"",""0x80288ad5dc62d58560df110a3535af497449f9f6f4f71e34500b9f5045943ea7""]",[],0,0,1,0.8,0,0,0
bstpstaking515m7e72b6a8,invalid,error_cardinality_underfill,5,1,5,m7e72b6a8,100,10,2,"[""0x66dc91c1375c97a345396b765a31f83a172cf55a43b176b21f6e7ca8e695b9fd"",""0x8221d0f6fe62fc8120fd3b22c740a896d947fb1581163983c25cad744bd2f5fd""]","[""0x9a0ed5a06fb6051d9a659f829e57ea0e382f714cb43d55efaa317c69cfae14ee"",""0x98383544e422fe17027cdac418f09337309386a10806b8ee02c8d32713923a8e"",""0x8945bcc45087a8bfb2e18a5306781be29a69dbac49c73ab68b0d6c56a67bc0f9"",""0xd7531695dcd358a4f56787acbbd65565a09fc63eff941ad49498daeb1ae38f44"",""0x99196e62444c2ecc416618bcc5a3424f9cd5641d6867c8e258507c7d89a4a88c"",""0xe40523cb93f50925b957e5e448d59b64adfad0b41a549e68dd171dd988bc17a5"",""0x4c896b9c75e38294c3a07ab4ccb18852996db2708540195223e428ddf09d38a0"",""0x7c40aac49a736517f5c440f9392f1683424054f2ffa6df7c2970a52c11db06ca"",""0x49e5774ab139905928ff21d948254adc70aa28ff5eea2ac796f32b0549b267a3"",""0xffb33d2d1648788432430e96a9706f35a4dcfe30d45dd0e99a1eaf7e59ab6aeb""]",[],0,0,1,0.8,0,0,0
bstpstaking515m8051415e,invalid,error_cardinality_underfill,5,1,5,m8051415e,100,10,2,"[""0xcfdc62eb5da1c0cc9f61c08540ca22833a6530d40de956ae254be5b1e0b59d74"",""0xd5568fd406d7db628afa415d58bf5bd06959a92398aa702548e8e04793bedd47""]","[""0x4f70045f96345b6154f2e63f3fe4b06b6e40108aedcdd3afc6a66ea75fc3da24"",""0x8cc4b8cdcb727613f2378e83b1e459ef38061ac468dcb3d02730b17ef2a02673"",""0x29eba7ba49866efd89a8dce8d84688734eb0b4b198d4992b288b36b31540c8dc"",""0x92c0efa8758ff02dd06dfd438cd6612b6e3590f9c8b7c0932fd418903855a478"",""0x80288ad5dc62d58560df110a3535af497449f9f6f4f71e34500b9f5045943ea7"",""0xa7831feb3b6ce91bfea938682651e70d662f1266659cbce6eaf0526e45512a68"",""0x6b84de292cb6e3be779d6288c69c6a070bba523a2317a4d294c1616e10f137ed"",""0x483e0faacc32045385006ac1d42d028b103a2e2e02f320e20037d0d36be54907"",""0xcfdc62eb5da1c0cc9f61c08540ca22833a6530d40de956ae254be5b1e0b59d74"",""0xd5568fd406d7db628afa415d58bf5bd06959a92398aa702548e8e04793bedd47""]","[""0xcfdc62eb5da1c0cc9f61c08540ca22833a6530d40de956ae254be5b1e0b59d74"",""0xd5568fd406d7db628afa415d58bf5bd06959a92398aa702548e8e04793bedd47""]",0,0,1,0.8,0,0,1
bstpstaking515m810b37d6,invalid,error_cardinality_underfill,5,1,5,m810b37d6,100,10,1,"[""0xaa1aed2cec4ac0986857f6d14846e88ae6da67908a6c7f69dec21c7deb5bb810""]","[""0x14d09a4d420ae8a7492d23eb1beacf31a514ddd9765719262cf2a750248f046e"",""0xedb061d6c685949f3e6f6b2fbc31238ae6ee3c1a2760e056b5c3e5e2304df8af"",""0xd7531695dcd358a4f56787acbbd65565a09fc63eff941ad49498daeb1ae38f44"",""0x6e2ec90f7c36a36b5344a2aac6038ddc9c3860de12975f71142181a7a81c8609"",""0xdd364115eefd88d44ddca902abb962bd1038efc911e81847f0d1911029cb83fc"",""0x68fb332560fdf6ea1d74d8c4bfc3ff952f79df911ac17e478862c0aa1c736db3"",""0x37890a125406e5e42ba213b40b55685bc6c328fc0106903b123b70d8312c1000"",""0x69f76a6458130c9ded5a13a31db3715ca829f4a679d617f3e492b9116677d10c"",""0xd315b8c83a9e2edb719d67cf2cc732391e7c9d9fa55ab87f926ee4c7046a8578"",""0xdabbd1bf365dd83a0175d5e359d11f8d109116b0745646ef8d2c6a2efcf851df""]",[],0,0,1,0.9,0,0,0
bstpstaking515m9189f677,invalid,error_cardinality_underfill,5,1,5,m9189f677,100,10,2,"[""0xe40523cb93f50925b957e5e448d59b64adfad0b41a549e68dd171dd988bc17a5"",""0x0fb8a5011f37f8cafd21fb9a90ee3e86a54e38595351ca3fe208fb0e500ced51""]","[""0xcd09dc92e8736934e461988f29064ea4e49ccc41310e47a797ab8e787536e77d"",""0x8a5fc9c813f0cbb1fbb3c86b71678b733f90197cd9b0fec7ef5b2e74d2827527"",""0x483e0faacc32045385006ac1d42d028b103a2e2e02f320e20037d0d36be54907"",""0xb6956c09b733a91561395f6f106aa19a23a1df4c453562ff602fdc30b0b773ad"",""0xb7eba087f5cc24fe2d08675f1cd5a26ebf3fd48642175807fccde9db3ffb3752"",""0xab461bed3349317736818b1dabb4b0c82cc986f81bc20a4f98abb1cf118525e2"",""0x682175835b69fee8ca4e1000194ccf6067372d31c29aa0c1fb86d118274fe35f"",""0xfc9bec6e17e3d34235748a04c8a772f602b2283e2946d9f68c2ed62bcdd2cd85"",""0x98383544e422fe17027cdac418f09337309386a10806b8ee02c8d32713923a8e"",""0xe40523cb93f50925b957e5e448d59b64adfad0b41a549e68dd171dd988bc17a5""]","[""0xe40523cb93f50925b957e5e448d59b64adfad0b41a549e68dd171dd988bc17a5""]",0,0,1,0.8,0,0,0.5
bstpstaking515m970360f4,invalid,error_cardinality_underfill,5,1,5,m970360f4,100,10,1,"[""0xbcca131bc9b4d287bd3853b4df1598d4e2510b0c0ef1740555971e23ad7ff7de""]","[""0x14d09a4d420ae8a7492d23eb1beacf31a514ddd9765719262cf2a750248f046e"",""0xae105f7f87da768b512fdfdb98a0fbf6131d1571893bb99b9a0ab477ff1702c2"",""0x281cd26d80e9cd95f098908b641c2534121c033c47795850d88fdab6f04f2af0"",""0xfd6b6381e462eb69a90451498acc82533df2612f7e00141667dbce964caa982e"",""0x68fb332560fdf6ea1d74d8c4bfc3ff952f79df911ac17e478862c0aa1c736db3"",""0x8e6ed61f936c34115ed64b52efb53b493d279f72a1ed2c1dde342f98dfc9178d"",""0xea69777677b59561b3782267ef6a65d6e0f38e1fea58f1ece52358972347edb0"",""0xe5da0f8dfb6b491adb9c38f755f10e08bd498ab5979036394be3930984053206"",""0x1721fbf3311a57adcac4eb75a9690451077fc079b0d94e4fa9d5a75bfb95e9c2"",""0x37890a125406e5e42ba213b40b55685bc6c328fc0106903b123b70d8312c1000""]",[],0,0,1,0.9,0,0,0
bstpstaking515m98d7930e,invalid,error_cardinality_underfill,5,1,5,m98d7930e,100,10,2,"[""0x0992fff106b227591240dc1b9778e7845de3d529f0d2e39fb53e75b181358f71"",""0x5a2fb4cd5e9dd5493ef26362c926e748b9d676a9534e4976e2eb58359eb1421d""]","[""0x98383544e422fe17027cdac418f09337309386a10806b8ee02c8d32713923a8e"",""0x856f01151a1c15aa053c920c11f2f4a193b3ed4250c6ee2ebf77c3390fe0f275"",""0x8945bcc45087a8bfb2e18a5306781be29a69dbac49c73ab68b0d6c56a67bc0f9"",""0x8cc4b8cdcb727613f2378e83b1e459ef38061ac468dcb3d02730b17ef2a02673"",""0x1ebfa3f4b31da950a10ba4155a5675fdf5fb3ac42fe3f076668cfe359788f601"",""0xe70b739d2c9d746514eb24b9ed0d3b51448a0a5913813a2864aa9be0ec65e691"",""0x90ecb607bbb48b913aefe5003509412fcdc1a78708f7390fad1c6953be606038"",""0xab461bed3349317736818b1dabb4b0c82cc986f81bc20a4f98abb1cf118525e2"",""0xb1d52412675094b54611913899744bda3aa3c67ce51c9e9d61d8a49d9cc84caf"",""0x281cd26d80e9cd95f098908b641c2534121c033c47795850d88fdab6f04f2af0""]",[],0,0,1,0.8,0,0,0
bstpstaking515ma6f1fda3,invalid,error_cardinality_underfill,5,1,5,ma6f1fda3,100,10,2,"[""0x4856b93161e468457d6d0fc149a2e4848885597fe700a73076eb1c24941645c1"",""0x1ebfa3f4b31da950a10ba4155a5675fdf5fb3ac42fe3f076668cfe359788f601""]","[""0xcc5a3914b6cc401b98a202e8075b56eb77670a1140412c79b48b965bce6e05f2"",""0x90ecb607bbb48b913aefe5003509412fcdc1a78708f7390fad1c6953be606038"",""0x6940f8c3529787bcfbcbf21fa64207221930bb64f69f1727136674443bba43aa"",""0x4c896b9c75e38294c3a07ab4ccb18852996db2708540195223e428ddf09d38a0"",""0x01829fcc6d779d94ee869f97379c6516562dc7f8b74938742ffefe6b09b93fbc"",""0x106ecf713381cc7ee659b224caebb8c2d8402304fcc03cc12f04d9acb19beb31"",""0x429b49322f39406d28f591c75e8222ecd51db05a599ec5d128466346627eb705"",""0x5b677b1ca640fe2fa90ccb13036a107a5177af4f0b0bd5ed853ac029e427d019"",""0x1ebfa3f4b31da950a10ba4155a5675fdf5fb3ac42fe3f076668cfe359788f601"",""0xdf845dfbd70267c5c523805713303d6f4b7b91d97219e28f0508b46315e5e0e2""]","[""0x1ebfa3f4b31da950a10ba4155a5675fdf5fb3ac42fe3f076668cfe359788f601""]",0,0,1,0.8,0,0,0.5
bstpstaking515maea74e52,invalid,error_cardinality_underfill,5,1,5,maea74e52,100,10,2,"[""0x1ebfa3f4b31da950a10ba4155a5675fdf5fb3ac42fe3f076668cfe359788f601"",""0x5bbc9d2413d5740c9cce8b34acbdb04e9c122cff7ece31c0620bfd2b7e0e1b86""]","[""0x8d357dcd4a7c14d4a0f33a6d36f83ab30a8caad65d222d503f46d94d277f7c24"",""0x01829fcc6d779d94ee869f97379c6516562dc7f8b74938742ffefe6b09b93fbc"",""0x281cd26d80e9cd95f098908b641c2534121c033c47795850d88fdab6f04f2af0"",""0x262e2e527250bfc9fea90edce78f93b95ce16f345766eb2534ba2fb39906d951"",""0x119bb5b05d026a441a51d331d2e813d4a51e2ca676f9919b728dde31c94dc798"",""0xdabbd1bf365dd83a0175d5e359d11f8d109116b0745646ef8d2c6a2efcf851df"",""0xe2c89165b1663cbef76d4db4aff33d030d5826b8a643a445b8531c288e7745fd"",""0x3c4ef3727c5acae7ca4976ecf767571e18ac1b70a4aad2ac4f7b9139bcfc987d"",""0x55502bafc57a57cf79cf670fefef3504cf632e5de82803db33a8e4d8337b211c"",""0xedb061d6c685949f3e6f6b2fbc31238ae6ee3c1a2760e056b5c3e5e2304df8af""]",[],0,0,1,0.8,0,0,0
bstpstaking515mb0c003cd,invalid,error_cardinality_underfill,5,1,5,mb0c003cd,100,10,2,"[""0xcb3ecf672250cebee80a375fcb60e2ee3931835e9ea537702e72af506d71b2c2"",""0xdea50d72b9d484213a2fe0955098d21ecf5893ccc339ced2ceb72fdedb80a2b7""]","[""0xcd09dc92e8736934e461988f29064ea4e49ccc41310e47a797ab8e787536e77d"",""0x8a5fc9c813f0cbb1fbb3c86b71678b733f90197cd9b0fec7ef5b2e74d2827527"",""0xc3b0696840352e2a25a87160f85c766cba4c6b9424a40ded6b5e2eb28f9215f6"",""0x2c6db858294994968533795d44c86dc8f050d3652066b8ceadf9d3b73dc7d902"",""0x3c97283efec66e1a5ec8437966e087338da20f0aad3723d41d52c67328f7efe4"",""0xab461bed3349317736818b1dabb4b0c82cc986f81bc20a4f98abb1cf118525e2"",""0xb6956c09b733a91561395f6f106aa19a23a1df4c453562ff602fdc30b0b773ad"",""0xcfdc62eb5da1c0cc9f61c08540ca22833a6530d40de956ae254be5b1e0b59d74"",""0x483e0faacc32045385006ac1d42d028b103a2e2e02f320e20037d0d36be54907"",""0x49e5774ab139905928ff21d948254adc70aa28ff5eea2ac796f32b0549b267a3""]",[],0,0,1,0.8,0,0,0
bstpstaking515mb38d99c5,invalid,error_cardinality_underfill,5,1,5,mb38d99c5,100,10,2,"[""0xabf847f6d2ad81a6c6a8819ac56fa76224f57d0ffd86aaac79e6d5551fd1b355"",""0xaa8fad824a174e57accf11eb34b23d020d6aa685da1925b1c30a611ffdb95a0e""]","[""0x8e6ed61f936c34115ed64b52efb53b493d279f72a1ed2c1dde342f98dfc9178d"",""0xadc1a837b5429a817612fe145787358ffe8831a2e75dee3a3338a31d486fb05f"",""0x000ceb98a30a9f0375fd46d151e4f2f8d830751c2983f14a1c6f0144f80b3198"",""0x8d357dcd4a7c14d4a0f33a6d36f83ab30a8caad65d222d503f46d94d277f7c24"",""0xe5da0f8dfb6b491adb9c38f755f10e08bd498ab5979036394be3930984053206"",""0xdabbd1bf365dd83a0175d5e359d11f8d109116b0745646ef8d2c6a2efcf851df"",""0x06442c0ccc9ab367282f06426924517e0a49c25e50a492ad91aecc55b655f458"",""0xaa8fad824a174e57accf11eb34b23d020d6aa685da1925b1c30a611ffdb95a0e"",""0x12c0e8caa1bce7d499cbbbc665fbb364c09cd2977856fe2bf0027b9c600b9022"",""0xf5162966dbd2c8c3b2195e7ee9c5e46a8dd1715287d079a5b92d312ca24045cd""]","[""0xaa8fad824a174e57accf11eb34b23d020d6aa685da1925b1c30a611ffdb95a0e""]",0,0,1,0.8,0,0,0.5
bstpstaking515mb8cbcc16,invalid,error_cardinality_underfill,5,1,5,mb8cbcc16,100,10,2,"[""0x49e5774ab139905928ff21d948254adc70aa28ff5eea2ac796f32b0549b267a3"",""0x3b5d1234f10198acc136a10dfa09fa0a1a59de504bc0d9a7c35446f692b7c07c""]","[""0x1cde8373a779839f2b591a11cac079df0f1eb3fb272188f9ceccb1dee8ec102f"",""0xb65630e7129a1fecafdca9eb7dbe53130a12b5d3e2e984bbf9c9a5399c6cc30f"",""0x230550ee2f183f79fbee87b09e6157a7bfd65abfefa14a749660749b7fa0d6b4"",""0x39700501189242fe3b7185fd03a5cace111de24b0c6b66471be82d30bc72ec27"",""0x7634f8326375f99ebfd7a8b203b7442a56b18cf7dc73f6238abd4122e8090b86"",""0xae105f7f87da768b512fdfdb98a0fbf6131d1571893bb99b9a0ab477ff1702c2"",""0xb3788db79f3ad700a3cc134a27acbcec7a0a587ffbcdf5927faa24e5c362d493"",""0x60642c6a8412d200a3413c5426afef17f3d72d45fadaf5cdde98b783893518ec"",""0x856f01151a1c15aa053c920c11f2f4a193b3ed4250c6ee2ebf77c3390fe0f275"",""0x6d5bfd47046b2e223b0c83d8c0d4e2ad42a064232926ed904efe73cb5d8f2133""]",[],0,0,1,0.8,0,0,0
bstpstaking515mc5ae52b7,invalid,error_cardinality_underfill,5,1,5,mc5ae52b7,100,10,1,"[""0x4b36c84fef27082fc2e72e6431ab80a1d23123e0775ae784c7f884b8234bdb28""]","[""0x3c4ef3727c5acae7ca4976ecf767571e18ac1b70a4aad2ac4f7b9139bcfc987d"",""0x6e2ec90f7c36a36b5344a2aac6038ddc9c3860de12975f71142181a7a81c8609"",""0x12c0e8caa1bce7d499cbbbc665fbb364c09cd2977856fe2bf0027b9c600b9022"",""0xea69777677b59561b3782267ef6a65d6e0f38e1fea58f1ece52358972347edb0"",""0xb65630e7129a1fecafdca9eb7dbe53130a12b5d3e2e984bbf9c9a5399c6cc30f"",""0x39700501189242fe3b7185fd03a5cace111de24b0c6b66471be82d30bc72ec27"",""0x9920c06a362172692e96bab008e569caa257aaec2c8f130f3564a55f2f52357b"",""0x1fd6cd46a30ebaf43fddfe1aa0f8499987a4d3e3a687e3b577d2d1f1bf4d9e77"",""0x1721fbf3311a57adcac4eb75a9690451077fc079b0d94e4fa9d5a75bfb95e9c2"",""0x08c294941588d570c4ae95ce5aaf4a1592f278bd19029a2851efff2d86015692""]",[],0,0,1,0.9,0,0,0
bstpstaking515mce4af4f6,invalid,error_cardinality_underfill,5,1,5,mce4af4f6,100,10,1,"[""0xec468ea9887878287bcd7621fe3f84413741919f3553b6c8904dac28995c5319""]","[""0x0d6652a8c9d9575f5254120f3b037a86104172ca1dd77b5b55be2da39daf1385"",""0xb759e3960a93ef78e32f4847b58dbc6b1c22efd6d9ccaa3b1a84911e6a288afa"",""0xf5162966dbd2c8c3b2195e7ee9c5e46a8dd1715287d079a5b92d312ca24045cd"",""0x3c4ef3727c5acae7ca4976ecf767571e18ac1b70a4aad2ac4f7b9139bcfc987d"",""0xea69777677b59561b3782267ef6a65d6e0f38e1fea58f1ece52358972347edb0"",""0x73d6c0efd0550ca38510ec910998f28c5f57de699ed4f4eab13ed86d90fb6b07"",""0x856f01151a1c15aa053c920c11f2f4a193b3ed4250c6ee2ebf77c3390fe0f275"",""0xfd6b6381e462eb69a90451498acc82533df2612f7e00141667dbce964caa982e"",""0x60642c6a8412d200a3413c5426afef17f3d72d45fadaf5cdde98b783893518ec"",""0x80ae3a3d46a5bfbf5f0adaf5d83aa1064814c65038e92093a16ea8304bd00bd3""]",[],0,0,1,0.9,0,0,0
bstpstaking515mdd189b64,invalid,error_cardinality_underfill,5,1,5,mdd189b64,100,10,2,"[""0x37890a125406e5e42ba213b40b55685bc6c328fc0106903b123b70d8312c1000"",""0xaa8fad824a174e57accf11eb34b23d020d6aa685da1925b1c30a611ffdb95a0e""]","[""0x0d6652a8c9d9575f5254120f3b037a86104172ca1dd77b5b55be2da39daf1385"",""0x8e6ed61f936c34115ed64b52efb53b493d279f72a1ed2c1dde342f98dfc9178d"",""0x505f78474c398814eb0ba0cc3c08f6129e12bf16431876853283a43beac9d141"",""0xdabbd1bf365dd83a0175d5e359d11f8d109116b0745646ef8d2c6a2efcf851df"",""0xcd6d08f520a5a6aebaa079033393b6393e347445be26d2c107e8d7ee03c8f13c"",""0x70466edbeed113ce8a8435ffd9f8208b8c3f50b2cf38281af86584c766a4310f"",""0x737e933cd67a89d2c13038c499d7d71518a56e6b95bc97e9056a59b45c072c99"",""0x37890a125406e5e42ba213b40b55685bc6c328fc0106903b123b70d8312c1000"",""0x1721fbf3311a57adcac4eb75a9690451077fc079b0d94e4fa9d5a75bfb95e9c2"",""0xaa8fad824a174e57accf11eb34b23d020d6aa685da1925b1c30a611ffdb95a0e""]","[""0x37890a125406e5e42ba213b40b55685bc6c328fc0106903b123b70d8312c1000"",""0xaa8fad824a174e57accf11eb34b23d020d6aa685da1925b1c30a611ffdb95a0e""]",0,0,1,0.8,0,0,1
bstpstaking515me8bc7185,invalid,error_cardinality_underfill,5,1,5,me8bc7185,100,10,2,"[""0x2cba235e385ffa8025c1d48c48a11aa9fffb9bbeb1f1a9e10ce480ba5bf28f1f"",""0x38dd2d254f28282266a3fc35233ab395f48564e844c2ca78c59f73d4a6a404a4""]","[""0x5b677b1ca640fe2fa90ccb13036a107a5177af4f0b0bd5ed853ac029e427d019"",""0x3c97283efec66e1a5ec8437966e087338da20f0aad3723d41d52c67328f7efe4"",""0x49e5774ab139905928ff21d948254adc70aa28ff5eea2ac796f32b0549b267a3"",""0x6e53ec51854bc45ec72e747b9db61797e1b20b6c0f523a3f2ead783fd267ed91"",""0xa7831feb3b6ce91bfea938682651e70d662f1266659cbce6eaf0526e45512a68"",""0x167a4d5214f28e5714dbe0ef582ab78f31d676888df89fd1380e7d60c6455530"",""0x90ecb607bbb48b913aefe5003509412fcdc1a78708f7390fad1c6953be606038"",""0xcfdc62eb5da1c0cc9f61c08540ca22833a6530d40de956ae254be5b1e0b59d74"",""0xfc9bec6e17e3d34235748a04c8a772f602b2283e2946d9f68c2ed62bcdd2cd85"",""0xc242c986f95f7cb745f870b1e292c03f57e59c36e809d37eb00cc8d235b22c5a""]",[],0,0,1,0.8,0,0,0
bstpstaking515mec0952f1,invalid,error_cardinality_underfill,5,1,5,mec0952f1,100,10,2,"[""0x262e2e527250bfc9fea90edce78f93b95ce16f345766eb2534ba2fb39906d951"",""0x01829fcc6d779d94ee869f97379c6516562dc7f8b74938742ffefe6b09b93fbc""]","[""0x119bb5b05d026a441a51d331d2e813d4a51e2ca676f9919b728dde31c94dc798"",""0xdd364115eefd88d44ddca902abb962bd1038efc911e81847f0d1911029cb83fc"",""0x281cd26d80e9cd95f098908b641c2534121c033c47795850d88fdab6f04f2af0"",""0xdabbd1bf365dd83a0175d5e359d11f8d109116b0745646ef8d2c6a2efcf851df"",""0xbf11d678dcdece15f7824e21c504ec11500448bd6eb50749dea8bda81bf85a81"",""0xf5162966dbd2c8c3b2195e7ee9c5e46a8dd1715287d079a5b92d312ca24045cd"",""0x27f6a02165b673e7008df197e38e096214cfb8e24d4ed54d9d7086bd62eb23c1"",""0x68fb332560fdf6ea1d74d8c4bfc3ff952f79df911ac17e478862c0aa1c736db3"",""0x262e2e527250bfc9fea90edce78f93b95ce16f345766eb2534ba2fb39906d951"",""0x01829fcc6d779d94ee869f97379c6516562dc7f8b74938742ffefe6b09b93fbc""]","[""0x262e2e527250bfc9fea90edce78f93b95ce16f345766eb2534ba2fb39906d951"",""0x01829fcc6d779d94ee869f97379c6516562dc7f8b74938742ffefe6b09b93fbc""]",0,0,1,0.8,0,0,1
bstpstaking515mfadd38bd,invalid,error_cardinality_underfill,5,1,5,mfadd38bd,100,10,2,"[""0x7c9cdb9fd07a0e95dd225ef751470ce88b43ad6e9e209b3b95404c7a6849e39b"",""0x119bb5b05d026a441a51d331d2e813d4a51e2ca676f9919b728dde31c94dc798""]","[""0x71a93113087b01233d6a75b25863b56cc2d4ca947f24a3540208f7d1f5e5efbf"",""0xfd6b6381e462eb69a90451498acc82533df2612f7e00141667dbce964caa982e"",""0x505f78474c398814eb0ba0cc3c08f6129e12bf16431876853283a43beac9d141"",""0x3c4ef3727c5acae7ca4976ecf767571e18ac1b70a4aad2ac4f7b9139bcfc987d"",""0x60642c6a8412d200a3413c5426afef17f3d72d45fadaf5cdde98b783893518ec"",""0x1fd6cd46a30ebaf43fddfe1aa0f8499987a4d3e3a687e3b577d2d1f1bf4d9e77"",""0x429b49322f39406d28f591c75e8222ecd51db05a599ec5d128466346627eb705"",""0xae105f7f87da768b512fdfdb98a0fbf6131d1571893bb99b9a0ab477ff1702c2"",""0x353fcfc68b913bba883a1cbe437235257a5567ace334e692406b2239896cc845"",""0x7c9cdb9fd07a0e95dd225ef751470ce88b43ad6e9e209b3b95404c7a6849e39b""]","[""0x7c9cdb9fd07a0e95dd225ef751470ce88b43ad6e9e209b3b95404c7a6849e39b""]",0,0,1,0.8,0,0,0.5