responseKey,responseStatus,responseTags,presetId,sampleId,repetitionId,mutantHash,n,k,j,selectedHashes,killersInCandidates,killers,FE,HR,GR,UR,OR,RR,KR
bstpstaking511m02a43993,valid,,5,1,1,m02a43993,100,10,10,"[""0xb1d52412675094b54611913899744bda3aa3c67ce51c9e9d61d8a49d9cc84caf"",""0x92c0efa8758ff02dd06dfd438cd6612b6e3590f9c8b7c0932fd418903855a478"",""0x80288ad5dc62d58560df110a3535af497449f9f6f4f71e34500b9f5045943ea7"",""0x90ecb607bbb48b913aefe5003509412fcdc1a78708f7390fad1c6953be606038"",""0xcd09dc92e8736934e461988f29064ea4e49ccc41310e47a797ab8e787536e77d"",""0x6940f8c3529787bcfbcbf21fa64207221930bb64f69f1727136674443bba43aa"",""0xc55affca1215c084bf128ba0988f72307688e82dad27f78deb20fcd099ee6cfd"",""0xbf8c1230d97d1734b786b3a58bf3b629894750bf1d7c2e0dadf3021d6c4a3906"",""0x6276ef7e481b36e45d7cdfb571712ce20744039b058bfcedb9b887689de629d2"",""0x1ff17ec5f7be577469d6ef908c41f501610b0d9092e1a0008a397171552e0109""]","[""0xb1d52412675094b54611913899744bda3aa3c67ce51c9e9d61d8a49d9cc84caf"",""0x92c0efa8758ff02dd06dfd438cd6612b6e3590f9c8b7c0932fd418903855a478"",""0x80288ad5dc62d58560df110a3535af497449f9f6f4f71e34500b9f5045943ea7"",""0x90ecb607bbb48b913aefe5003509412fcdc1a78708f7390fad1c6953be606038"",""0x08c294941588d570c4ae95ce5aaf4a1592f278bd19029a2851efff2d86015692"",""0x3b5d1234f10198acc136a10dfa09fa0a1a59de504bc0d9a7c35446f692b7c07c"",""0xcd09dc92e8736934e461988f29064ea4e49ccc41310e47a797ab8e787536e77d"",""0xb002fb01be58fedcd04d5ceb2895feaf22973ac1205efed3d2db367bc6d7525b"",""0x7c40aac49a736517f5c440f9392f1683424054f2ffa6df7c2970a52c11db06ca"",""0x6940f8c3529787bcfbcbf21fa64207221930bb64f69f1727136674443bba43aa""]","[""0xb1d52412675094b54611913899744bda3aa3c67ce51c9e9d61d8a49d9cc84caf"",""0x92c0efa8758ff02dd06dfd438cd6612b6e3590f9c8b7c0932fd418903855a478"",""0x80288ad5dc62d58560df110a3535af497449f9f6f4f71e34500b9f5045943ea7"",""0x90ecb607bbb48b913aefe5003509412fcdc1a78708f7390fad1c6953be606038"",""0xcd09dc92e8736934e461988f29064ea4e49ccc41310e47a797ab8e787536e77d"",""0x6940f8c3529787bcfbcbf21fa64207221930bb64f69f1727136674443bba43aa""]",0,0,1,0,0,0,0.6
bstpstaking511m069a3556,valid,,5,1,1,m069a3556,100,10,10,"[""0xc07123b97e3b7fb310541633f72936c40f21f7a507de51256f9c4a68505fe755"",""0x8e6d012480045e4b5a348cba18c36cd7dce2c03e104f31bee2ef673ed479f9b9"",""0xa96998d7482d5388fcfec7817656589c7dde92c5b5de8b537cd15bd1e45bf003"",""0x4acba4a5ab48bdfacfcc47ef590afc21b1b89482935b5ef5073139a71872cd91"",""0xa975691b986b4bd9a07e89ed53334e6673ad17210c80a7171fc789ad9a6c2241"",""0x48ba115d52a62585dc5bd5adf927ddd89f36a37b833979456398a75ce137082d"",""0xd5166cc672f96a8e49f42526120aea87115f34d3352f0d3da796678b2b76ddaf"",""0x29187244faabe50ff12772179ed1ed96c1b01fa42be46986e36d7235bdee020e"",""0xe22ef03d5976dc26e1371738b4110f432fbf6c75432960d773ffe877f4ca0e5d"",""0x09e0d4aa66c3f8d8b249572c8e482eda6bbf73dc3a83e475aae2f79eafc24e12""]","[""0x230550ee2f183f79fbee87b09e6157a7bfd65abfefa14a749660749b7fa0d6b4"",""0xe5da0f8dfb6b491adb9c38f755f10e08bd498ab5979036394be3930984053206"",""0x505f78474c398814eb0ba0cc3c08f6129e12bf16431876853283a43beac9d141"",""0x281cd26d80e9cd95f098908b641c2534121c033c47795850d88fdab6f04f2af0"",""0x12c0e8caa1bce7d499cbbbc665fbb364c09cd2977856fe2bf0027b9c600b9022"",""0x8d357dcd4a7c14d4a0f33a6d36f83ab30a8caad65d222d503f46d94d277f7c24"",""0xcd6d08f520a5a6aebaa079033393b6393e347445be26d2c107e8d7ee03c8f13c"",""0xd7531695dcd358a4f56787acbbd65565a09fc63eff941ad49498daeb1ae38f44"",""0x429b49322f39406d28f591c75e8222ecd51db05a599ec5d128466346627eb705"",""0x86ae1d3cfed9f994a673ca32c9ebb44c1b77c8c3781c16a0f6486fea4611ee5b""]",[],0,0,1,0,0,0,0
bstpstaking511m1a5bd173,valid,,5,1,1,m1a5bd173,100,10,10,"[""0xc6a97d34bb42db0a2411ee2a04a39e1a349ac46d0facc8d8aba2ac45c1b9eee0"",""0x463a6d79a1b14e1245e8a22a93eae203235f05c5835dce53dd44083cfce2ddb1"",""0x2810a2647fc8a040ec0828691316e1d0e1363d42f47f3bf80e2accb7bae8de17"",""0x1450a2ad54db1f6259714cc9ac588cd99a4c4c03f9526698ab2fa1de7df5a66e"",""0x803c04e9d0b2c4e90a99c31dd8519bf915308014ab129a6ef5635c5707119a44"",""0x33da2b3594ef9db6bcb504fb42dbeb618bd4744bad06118ab8bdb7d67bdff688"",""0x2124486dc85b8c57fc4d5e0a9f55e30add471fe3180fcfe101410d17e1eff055"",""0x1f25f99c6d1f24e05ff014d5cc531a97eb7d5bfb2e2ed27087821aad87f4f722"",""0xbf6489a08a8745746e35f77a052c289ef563ae490967385f26a3f35520ef5dbd"",""0x49f24613c3b08bc22e59d450b9f8f3817955bcadddd4c3d87b87e23576f94097""]","[""0x16a4b9d56a3ab5e2ef284d0e822e6707757b125228793b37bc9e037802da9d9b"",""0x86ae1d3cfed9f994a673ca32c9ebb44c1b77c8c3781c16a0f6486fea4611ee5b"",""0xa4a5871d752ffcf82f0971f07904f7cdd34150574ae793fcf1bff93d1aa06ff0"",""0xaa8fad824a174e57accf11eb34b23d020d6aa685da1925b1c30a611ffdb95a0e"",""0x80e64594a9d4fad2c6617c96707f6c9a1a78970b22d16066311be57b6d24a7da"",""0x39700501189242fe3b7185fd03a5cace111de24b0c6b66471be82d30bc72ec27"",""0x7634f8326375f99ebfd7a8b203b7442a56b18cf7dc73f6238abd4122e8090b86"",""0x6ea2e4d3921eb79867ba52b40ba2fdf4df2de7e307f65f7742bf9f3bdb48a96c"",""0xe2c89165b1663cbef76d4db4aff33d030d5826b8a643a445b8531c288e7745fd"",""0x60642c6a8412d200a3413c5426afef17f3d72d45fadaf5cdde98b783893518ec""]",[],0,0,1,0,0,0,0
bstpstaking511m30fd2845,valid,,5,1,1,m30fd2845,100,10,10,"[""0x73d6c0efd0550ca38510ec910998f28c5f57de699ed4f4eab13ed86d90fb6b07"",""0x16a4b9d56a3ab5e2ef284d0e822e6707757b125228793b37bc9e037802da9d9b"",""0xe9bff1484b60de522b5fda8d2a44f33f1ba6a17ca2db76472f469a91f2245a8b"",""0x7c9cdb9fd07a0e95dd225ef751470ce88b43ad6e9e209b3b95404c7a6849e39b"",""0xb3788db79f3ad700a3cc134a27acbcec7a0a587ffbcdf5927faa24e5c362d493"",""0xea69777677b59561b3782267ef6a65d6e0f38e1fea58f1ece52358972347edb0"",""0x68fb332560fdf6ea1d74d8c4bfc3ff952f79df911ac17e478862c0aa1c736db3"",""0x9920c06a362172692e96bab008e569caa257aaec2c8f130f3564a55f2f52357b"",""0x262e2e527250bfc9fea90edce78f93b95ce16f345766eb2534ba2fb39906d951"",""0x9add7bcde80edf6ee8f3a7cde3b47a7ea9aabddab95768e68fd0c1094aaa971f""]","[""0x73d6c0efd0550ca38510ec910998f28c5f57de699ed4f4eab13ed86d90fb6b07"",""0x16a4b9d56a3ab5e2ef284d0e822e6707757b125228793b37bc9e037802da9d9b"",""0xe9bff1484b60de522b5fda8d2a44f33f1ba6a17ca2db76472f469a91f2245a8b"",""0x7c9cdb9fd07a0e95dd225ef751470ce88b43ad6e9e209b3b95404c7a6849e39b"",""0xb3788db79f3ad700a3cc134a27acbcec7a0a587ffbcdf5927faa24e5c362d493"",""0xc2467251882eb44d5415c8fddda0ba28022dedaeeca039a9fa1e56bb4cb2aba3"",""0xea69777677b59561b3782267ef6a65d6e0f38e1fea58f1ece52358972347edb0"",""0x68fb332560fdf6ea1d74d8c4bfc3ff952f79df911ac17e478862c0aa1c736db3"",""0x9920c06a362172692e96bab008e569caa257aaec2c8f130f3564a55f2f52357b"",""0x262e2e527250bfc9fea90edce78f93b95ce16f345766eb2534ba2fb39906d951""]","[""0x73d6c0efd0550ca38510ec910998f28c5f57de699ed4f4eab13ed86d90fb6b07"",""0x16a4b9d56a3ab5e2ef284d0e822e6707757b125228793b37bc9e037802da9d9b"",""0xe9bff1484b60de522b5fda8d2a44f33f1ba6a17ca2db76472f469a91f2245a8b"",""0x7c9cdb9fd07a0e95dd225ef751470ce88b43ad6e9e209b3b95404c7a6849e39b"",""0xb3788db79f3ad700a3cc134a27acbcec7a0a587ffbcdf5927faa24e5c362d493"",""0xea69777677b59561b3782267ef6a65d6e0f38e1fea58f1ece52358972347edb0"",""0x68fb332560fdf6ea1d74d8c4bfc3ff952f79df911ac17e478862c0aa1c736db3"",""0x9920c06a362172692e96bab008e569caa257aaec2c8f130f3564a55f2f52357b"",""0x262e2e527250bfc9fea90edce78f93b95ce16f345766eb2534ba2fb39906d951""]",0,0,1,0,0,0,0.9
bstpstaking511m33799275,valid,,5,1,1,m33799275,100,10,10,"[""0xcd09dc92e8736934e461988f29064ea4e49ccc41310e47a797ab8e787536e77d"",""0xfd70d4311b5768c6b6bf7ecd75518b0b26ba2529cb7cf75e450bca9f0d366daa"",""0xa7831feb3b6ce91bfea938682651e70d662f1266659cbce6eaf0526e45512a68"",""0x29eba7ba49866efd89a8dce8d84688734eb0b4b198d4992b288b36b31540c8dc"",""0x2c6db858294994968533795d44c86dc8f050d3652066b8ceadf9d3b73dc7d902"",""0x8945bcc45087a8bfb2e18a5306781be29a69dbac49c73ab68b0d6c56a67bc0f9"",""0x5b677b1ca640fe2fa90ccb13036a107a5177af4f0b0bd5ed853ac029e427d019"",""0x8cc4b8cdcb727613f2378e83b1e459ef38061ac468dcb3d02730b17ef2a02673"",""0x106ecf713381cc7ee659b224caebb8c2d8402304fcc03cc12f04d9acb19beb31"",""0x49e5774ab139905928ff21d948254adc70aa28ff5eea2ac796f32b0549b267a3""]","[""0xcd09dc92e8736934e461988f29064ea4e49ccc41310e47a797ab8e787536e77d"",""0xfd70d4311b5768c6b6bf7ecd75518b0b26ba2529cb7cf75e450bca9f0d366daa"",""0xa7831feb3b6ce91bfea938682651e70d662f1266659cbce6eaf0526e45512a68"",""0x29eba7ba49866efd89a8dce8d84688734eb0b4b198d4992b288b36b31540c8dc"",""0x2c6db858294994968533795d44c86dc8f050d3652066b8ceadf9d3b73dc7d902"",""0x8945bcc45087a8bfb2e18a5306781be29a69dbac49c73ab68b0d6c56a67bc0f9"",""0x5b677b1ca640fe2fa90ccb13036a107a5177af4f0b0bd5ed853ac029e427d019"",""0x8cc4b8cdcb727613f2378e83b1e459ef38061ac468dcb3d02730b17ef2a02673"",""0x49e5774ab139905928ff21d948254adc70aa28ff5eea2ac796f32b0549b267a3"",""0x106ecf713381cc7ee659b224caebb8c2d8402304fcc03cc12f04d9acb19beb31""]","[""0xcd09dc92e8736934e461988f29064ea4e49ccc41310e47a797ab8e787536e77d"",""0xfd70d4311b5768c6b6bf7ecd75518b0b26ba2529cb7cf75e450bca9f0d366daa"",""0xa7831feb3b6ce91bfea938682651e70d662f1266659cbce6eaf0526e45512a68"",""0x29eba7ba49866efd89a8dce8d84688734eb0b4b198d4992b288b36b31540c8dc"",""0x2c6db858294994968533795d44c86dc8f050d3652066b8ceadf9d3b73dc7d902"",""0x8945bcc45087a8bfb2e18a5306781be29a69dbac49c73ab68b0d6c56a67bc0f9"",""0x5b677b1ca640fe2fa90ccb13036a107a5177af4f0b0bd5ed853ac029e427d019"",""0x8cc4b8cdcb727613f2378e83b1e459ef38061ac468dcb3d02730b17ef2a02673"",""0x106ecf713381cc7ee659b224caebb8c2d8402304fcc03cc12f04d9acb19beb31"",""0x49e5774ab139905928ff21d948254adc70aa28ff5eea2ac796f32b0549b267a3""]",0,0,1,0,0,0,1
bstpstaking511m3b4969fb,valid,,5,1,1,m3b4969fb,100,10,10,"[""0xb002fb01be58fedcd04d5ceb2895feaf22973ac1205efed3d2db367bc6d7525b"",""0x106ecf713381cc7ee659b224caebb8c2d8402304fcc03cc12f04d9acb19beb31"",""0x682175835b69fee8ca4e1000194ccf6067372d31c29aa0c1fb86d118274fe35f"",""0xc242c986f95f7cb745f870b1e292c03f57e59c36e809d37eb00cc8d235b22c5a"",""0x6a735d9199bcfde6d540397f0c81a9225ad8520e39847b9a367e7dd94565137d"",""0x4f70045f96345b6154f2e63f3fe4b06b6e40108aedcdd3afc6a66ea75fc3da24"",""0xffb33d2d1648788432430e96a9706f35a4dcfe30d45dd0e99a1eaf7e59ab6aeb"",""0xcfdc62eb5da1c0cc9f61c08540ca22833a6530d40de956ae254be5b1e0b59d74"",""0x5b677b1ca640fe2fa90ccb13036a107a5177af4f0b0bd5ed853ac029e427d019"",""0xaaddad0732e448e7e0b5bf5904f8bd7746f4c560bc12fc07c73941d525498d50""]","[""0xb002fb01be58fedcd04d5ceb2895feaf22973ac1205efed3d2db367bc6d7525b"",""0x106ecf713381cc7ee659b224caebb8c2d8402304fcc03cc12f04d9acb19beb31"",""0x682175835b69fee8ca4e1000194ccf6067372d31c29aa0c1fb86d118274fe35f"",""0xc242c986f95f7cb745f870b1e292c03f57e59c36e809d37eb00cc8d235b22c5a"",""0x4c896b9c75e38294c3a07ab4ccb18852996db2708540195223e428ddf09d38a0"",""0x6a735d9199bcfde6d540397f0c81a9225ad8520e39847b9a367e7dd94565137d"",""0x4f70045f96345b6154f2e63f3fe4b06b6e40108aedcdd3afc6a66ea75fc3da24"",""0xffb33d2d1648788432430e96a9706f35a4dcfe30d45dd0e99a1eaf7e59ab6aeb"",""0xcfdc62eb5da1c0cc9f61c08540ca22833a6530d40de956ae254be5b1e0b59d74"",""0x5b677b1ca640fe2fa90ccb13036a107a5177af4f0b0bd5ed853ac029e427d019""]","[""0xb002fb01be58fedcd04d5ceb2895feaf22973ac1205efed3d2db367bc6d7525b"",""0x106ecf713381cc7ee659b224caebb8c2d8402304fcc03cc12f04d9acb19beb31"",""0x682175835b69fee8ca4e1000194ccf6067372d31c29aa0c1fb86d118274fe35f"",""0xc242c986f95f7cb745f870b1e292c03f57e59c36e809d37eb00cc8d235b22c5a"",""0x6a735d9199bcfde6d540397f0c81a9225ad8520e39847b9a367e7dd94565137d"",""0x4f70045f96345b6154f2e63f3fe4b06b6e40108aedcdd3afc6a66ea75fc3da24"",""0xffb33d2d1648788432430e96a9706f35a4dcfe30d45dd0e99a1eaf7e59ab6aeb"",""0xcfdc62eb5da1c0cc9f61c08540ca22833a6530d40de956ae254be5b1e0b59d74"",""0x5b677b1ca640fe2fa90ccb13036a107a5177af4f0b0bd5ed853ac029e427d019""]",0,0,1,0,0,0,0.9
bstpstaking511m4239fd1c,valid,,5,1,1,m4239fd1c,100,10,10,"[""0x483e0faacc32045385006ac1d42d028b103a2e2e02f320e20037d0d36be54907"",""0x89c823bf9976eb820ef3b2041267ad2c6eed1f83e2ab87cdc4bf9577cff5a748"",""0x3c97283efec66e1a5ec8437966e087338da20f0aad3723d41d52c67328f7efe4"",""0x106ecf713381cc7ee659b224caebb8c2d8402304fcc03cc12f04d9acb19beb31"",""0x90ecb607bbb48b913aefe5003509412fcdc1a78708f7390fad1c6953be606038"",""0xb7eba087f5cc24fe2d08675f1cd5a26ebf3fd48642175807fccde9db3ffb3752"",""0xdf845dfbd70267c5c523805713303d6f4b7b91d97219e28f0508b46315e5e0e2"",""0xd9067ec22c0a52c0bf051e10e841161ac9d25bfedf069957979cc6f267cb6324"",""0x8a5fc9c813f0cbb1fbb3c86b71678b733f90197cd9b0fec7ef5b2e74d2827527"",""0x6940f8c3529787bcfbcbf21fa64207221930bb64f69f1727136674443bba43aa""]","[""0x483e0faacc32045385006ac1d42d028b103a2e2e02f320e20037d0d36be54907"",""0x89c823bf9976eb820ef3b2041267ad2c6eed1f83e2ab87cdc4bf9577cff5a748"",""0x3c97283efec66e1a5ec8437966e087338da20f0aad3723d41d52c67328f7efe4"",""0x6940f8c3529787bcfbcbf21fa64207221930bb64f69f1727136674443bba43aa"",""0x106ecf713381cc7ee659b224caebb8c2d8402304fcc03cc12f04d9acb19beb31"",""0x90ecb607bbb48b913aefe5003509412fcdc1a78708f7390fad1c6953be606038"",""0xb7eba087f5cc24fe2d08675f1cd5a26ebf3fd48642175807fccde9db3ffb3752"",""0xdf845dfbd70267c5c523805713303d6f4b7b91d97219e28f0508b46315e5e0e2"",""0x8a5fc9c813f0cbb1fbb3c86b71678b733f90197cd9b0fec7ef5b2e74d2827527"",""0xd9067ec22c0a52c0bf051e10e841161ac9d25bfedf069957979cc6f267cb6324""]","[""0x483e0faacc32045385006ac1d42d028b103a2e2e02f320e20037d0d36be54907"",""0x89c823bf9976eb820ef3b2041267ad2c6eed1f83e2ab87cdc4bf9577cff5a748"",""0x3c97283efec66e1a5ec8437966e087338da20f0aad3723d41d52c67328f7efe4"",""0x106ecf713381cc7ee659b224caebb8c2d8402304fcc03cc12f04d9acb19beb31"",""0x90ecb607bbb48b913aefe5003509412fcdc1a78708f7390fad1c6953be606038"",""0xb7eba087f5cc24fe2d08675f1cd5a26ebf3fd48642175807fccde9db3ffb3752"",""0xdf845dfbd70267c5c523805713303d6f4b7b91d97219e28f0508b46315e5e0e2"",""0xd9067ec22c0a52c0bf051e10e841161ac9d25bfedf069957979cc6f267cb6324"",""0x8a5fc9c813f0cbb1fbb3c86b71678b733f90197cd9b0fec7ef5b2e74d2827527"",""0x6940f8c3529787bcfbcbf21fa64207221930bb64f69f1727136674443bba43aa""]",0,0,1,0,0,0,1
bstpstaking511m61fde19d,valid,,5,1,1,m61fde19d,100,10,10,"[""0x8a5fc9c813f0cbb1fbb3c86b71678b733f90197cd9b0fec7ef5b2e74d2827527"",""0xa7831feb3b6ce91bfea938682651e70d662f1266659cbce6eaf0526e45512a68"",""0x12c0e8caa1bce7d499cbbbc665fbb364c09cd2977856fe2bf0027b9c600b9022"",""0xaa8fad824a174e57accf11eb34b23d020d6aa685da1925b1c30a611ffdb95a0e"",""0x68fb332560fdf6ea1d74d8c4bfc3ff952f79df911ac17e478862c0aa1c736db3"",""0x06442c0ccc9ab367282f06426924517e0a49c25e50a492ad91aecc55b655f458"",""0xe2c89165b1663cbef76d4db4aff33d030d5826b8a643a445b8531c288e7745fd"",""0x230550ee2f183f79fbee87b09e6157a7bfd65abfefa14a749660749b7fa0d6b4"",""0x4cefc890c0072c5c1a1be639627c4a0c7c3102fca6218bda1ce57d0dc9980cb5"",""0xf0972d9aa3b273f2d3cf65a082bf76d56bdf9ccf2ac70fff04b0e874dc1d469d""]","[""0x69f76a6458130c9ded5a13a31db3715ca829f4a679d617f3e492b9116677d10c"",""0xdabbd1bf365dd83a0175d5e359d11f8d109116b0745646ef8d2c6a2efcf851df"",""0x281d75ca73c64a8633ed60198d5e953cc41cba8132bf7dfc97a978d37dd83726"",""0x7c9cdb9fd07a0e95dd225ef751470ce88b43ad6e9e209b3b95404c7a6849e39b"",""0xfd6b6381e462eb69a90451498acc82533df2612f7e00141667dbce964caa982e"",""0x8d357dcd4a7c14d4a0f33a6d36f83ab30a8caad65d222d503f46d94d277f7c24"",""0x37890a125406e5e42ba213b40b55685bc6c328fc0106903b123b70d8312c1000"",""0x06442c0ccc9ab367282f06426924517e0a49c25e50a492ad91aecc55b655f458"",""0xe5da0f8dfb6b491adb9c38f755f10e08bd498ab5979036394be3930984053206"",""0xe2c89165b1663cbef76d4db4aff33d030d5826b8a643a445b8531c288e7745fd""]","[""0x06442c0ccc9ab367282f06426924517e0a49c25e50a492ad91aecc55b655f458"",""0xe2c89165b1663cbef76d4db4aff33d030d5826b8a643a445b8531c288e7745fd""]",0,0,1,0,0,0,0.2
bstpstaking511m6489f990,valid,,5,1,1,m6489f990,100,10,10,"[""0x8e0fe0f656e916603b21dfc46871616ecb7b642b28e5d883d2c499a8c5e837e1"",""0x795399050aae731a8fb0651e6f99b4eaee8db493bd96ff86da6f6fa03c04b181"",""0x55438b3cc8a7b8feb076576689edb0eb929cc5e619c8e3081ca280d3e78956fa"",""0x6f860b5b4227eff9087b0398d1705ff9003d7ff3e9449dfecf1834f63ad1f53b"",""0xed4ce8f99e69760136906172411940729a5d9cd25120d1614b3184f5a3f893ad"",""0x4a9e8d97f29cbc9d10e940c5cc81e08ecdc68011ac943428e5c328cb616f11a6"",""0xe2741cdf8617e21f17631fd12937bcec865a9c779d7c3e7a25ff270dec4539e9"",""0xfba61d0944a6a041db25615130d447ae04424e80b60d19b35ac59a364a6bcb11"",""0x2fca7fbeba6225e1f4fb9373e6a417663b15a5f54b5f93454a0a66edec6027ce"",""0x14d534ee18d54539f93cf0cbd15d0b48e1c75157bcce2837a841a3886247a9aa""]","[""0x73d6c0efd0550ca38510ec910998f28c5f57de699ed4f4eab13ed86d90fb6b07"",""0x3c4ef3727c5acae7ca4976ecf767571e18ac1b70a4aad2ac4f7b9139bcfc987d"",""0x8e6ed61f936c34115ed64b52efb53b493d279f72a1ed2c1dde342f98dfc9178d"",""0x01829fcc6d779d94ee869f97379c6516562dc7f8b74938742ffefe6b09b93fbc"",""0x262e2e527250bfc9fea90edce78f93b95ce16f345766eb2534ba2fb39906d951"",""0xaa8fad824a174e57accf11eb34b23d020d6aa685da1925b1c30a611ffdb95a0e"",""0x429b49322f39406d28f591c75e8222ecd51db05a599ec5d128466346627eb705"",""0x08c294941588d570c4ae95ce5aaf4a1592f278bd19029a2851efff2d86015692"",""0x6ea2e4d3921eb79867ba52b40ba2fdf4df2de7e307f65f7742bf9f3bdb48a96c"",""0x281cd26d80e9cd95f098908b641c2534121c033c47795850d88fdab6f04f2af0""]",[],0,0,1,0,0,0,0
bstpstaking511m652a5fba,valid,,5,1,1,m652a5fba,100,10,10,"[""0x5b677b1ca640fe2fa90ccb13036a107a5177af4f0b0bd5ed853ac029e427d019"",""0xd9067ec22c0a52c0bf051e10e841161ac9d25bfedf069957979cc6f267cb6324"",""0x2c6db858294994968533795d44c86dc8f050d3652066b8ceadf9d3b73dc7d902"",""0x98383544e422fe17027cdac418f09337309386a10806b8ee02c8d32713923a8e"",""0x3c97283efec66e1a5ec8437966e087338da20f0aad3723d41d52c67328f7efe4"",""0x4c896b9c75e38294c3a07ab4ccb18852996db2708540195223e428ddf09d38a0"",""0x932383665799c1241f674264478c7dbdc9dbecd0c1d33b2034e91903326669df"",""0xb65630e7129a1fecafdca9eb7dbe53130a12b5d3e2e984bbf9c9a5399c6cc30f"",""0x39700501189242fe3b7185fd03a5cace111de24b0c6b66471be82d30bc72ec27"",""0x856f01151a1c15aa053c920c11f2f4a193b3ed4250c6ee2ebf77c3390fe0f275""]","[""0x5b677b1ca640fe2fa90ccb13036a107a5177af4f0b0bd5ed853ac029e427d019"",""0xd9067ec22c0a52c0bf051e10e841161ac9d25bfedf069957979cc6f267cb6324"",""0x2c6db858294994968533795d44c86dc8f050d3652066b8ceadf9d3b73dc7d902"",""0xb65630e7129a1fecafdca9eb7dbe53130a12b5d3e2e984bbf9c9a5399c6cc30f"",""0x39700501189242fe3b7185fd03a5cace111de24b0c6b66471be82d30bc72ec27"",""0x856f01151a1c15aa053c920c11f2f4a193b3ed4250c6ee2ebf77c3390fe0f275"",""0x98383544e422fe17027cdac418f09337309386a10806b8ee02c8d32713923a8e"",""0x3c97283efec66e1a5ec8437966e087338da20f0aad3723d41d52c67328f7efe4"",""0x4c896b9c75e38294c3a07ab4ccb18852996db2708540195223e428ddf09d38a0"",""0x932383665799c1241f674264478c7dbdc9dbecd0c1d33b2034e91903326669df""]","[""0x5b677b1ca640fe2fa90ccb13036a107a5177af4f0b0bd5ed853ac029e427d019"",""0xd9067ec22c0a52c0bf051e10e841161ac9d25bfedf069957979cc6f267cb6324"",""0x2c6db858294994968533795d44c86dc8f050d3652066b8ceadf9d3b73dc7d902"",""0x98383544e422fe17027cdac418f09337309386a10806b8ee02c8d32713923a8e"",""0x3c97283efec66e1a5ec8437966e087338da20f0aad3723d41d52c67328f7efe4"",""0x4c896b9c75e38294c3a07ab4ccb18852996db2708540195223e428ddf09d38a0"",""0x932383665799c1241f674264478c7dbdc9dbecd0c1d33b2034e91903326669df"",""0xb65630e7129a1fecafdca9eb7dbe53130a12b5d3e2e984bbf9c9a5399c6cc30f"",""0x39700501189242fe3b7185fd03a5cace111de24b0c6b66471be82d30bc72ec27"",""0x856f01151a1c15aa053c920c11f2f4a193b3ed4250c6ee2ebf77c3390fe0f275""]",0,0,1,0,0,0,1
bstpstaking511m66488430,valid,,5,1,1,m66488430,100,10,10,"[""0xc3b0696840352e2a25a87160f85c766cba4c6b9424a40ded6b5e2eb28f9215f6"",""0xfc9bec6e17e3d34235748a04c8a772f602b2283e2946d9f68c2ed62bcdd2cd85"",""0x4f70045f96345b6154f2e63f3fe4b06b6e40108aedcdd3afc6a66ea75fc3da24"",""0x90ecb607bbb48b913aefe5003509412fcdc1a78708f7390fad1c6953be606038"",""0xffb33d2d1648788432430e96a9706f35a4dcfe30d45dd0e99a1eaf7e59ab6aeb"",""0x7c40aac49a736517f5c440f9392f1683424054f2ffa6df7c2970a52c11db06ca"",""0xb1d52412675094b54611913899744bda3aa3c67ce51c9e9d61d8a49d9cc84caf"",""0x6b84de292cb6e3be779d6288c69c6a070bba523a2317a4d294c1616e10f137ed"",""0x7a913a3ee9a3da44acaae712276a593c843c3e10aba5feef39839618479930ff"",""0x0a363f73ac86187864f54390fdd7c779dfc66601f6a87f2d44a62f2ebe20bba6""]","[""0xc3b0696840352e2a25a87160f85c766cba4c6b9424a40ded6b5e2eb28f9215f6"",""0xfc9bec6e17e3d34235748a04c8a772f602b2283e2946d9f68c2ed62bcdd2cd85"",""0x7c40aac49a736517f5c440f9392f1683424054f2ffa6df7c2970a52c11db06ca"",""0xcd09dc92e8736934e461988f29064ea4e49ccc41310e47a797ab8e787536e77d"",""0x92c0efa8758ff02dd06dfd438cd6612b6e3590f9c8b7c0932fd418903855a478"",""0x4f70045f96345b6154f2e63f3fe4b06b6e40108aedcdd3afc6a66ea75fc3da24"",""0xb1d52412675094b54611913899744bda3aa3c67ce51c9e9d61d8a49d9cc84caf"",""0x90ecb607bbb48b913aefe5003509412fcdc1a78708f7390fad1c6953be606038"",""0xffb33d2d1648788432430e96a9706f35a4dcfe30d45dd0e99a1eaf7e59ab6aeb"",""0x6b84de292cb6e3be779d6288c69c6a070bba523a2317a4d294c1616e10f137ed""]","[""0xc3b0696840352e2a25a87160f85c766cba4c6b9424a40ded6b5e2eb28f9215f6"",""0xfc9bec6e17e3d34235748a04c8a772f602b2283e2946d9f68c2ed62bcdd2cd85"",""0x4f70045f96345b6154f2e63f3fe4b06b6e40108aedcdd3afc6a66ea75fc3da24"",""0x90ecb607bbb48b913aefe5003509412fcdc1a78708f7390fad1c6953be606038"",""0xffb33d2d1648788432430e96a9706f35a4dcfe30d45dd0e99a1eaf7e59ab6aeb"",""0x7c40aac49a736517f5c440f9392f1683424054f2ffa6df7c2970a52c11db06ca"",""0xb1d52412675094b54611913899744bda3aa3c67ce51c9e9d61d8a49d9cc84caf"",""0x6b84de292cb6e3be779d6288c69c6a070bba523a2317a4d294c1616e10f137ed""]",0,0,1,0,0,0,0.8
bstpstaking511m6e7de01e,valid,,5,1,1,m6e7de01e,100,10,10,"[""0x7c9cdb9fd07a0e95dd225ef751470ce88b43ad6e9e209b3b95404c7a6849e39b"",""0x353fcfc68b913bba883a1cbe437235257a5567ace334e692406b2239896cc845"",""0xaa8fad824a174e57accf11eb34b23d020d6aa685da1925b1c30a611ffdb95a0e"",""0x3c4ef3727c5acae7ca4976ecf767571e18ac1b70a4aad2ac4f7b9139bcfc987d"",""0xcd6d08f520a5a6aebaa079033393b6393e347445be26d2c107e8d7ee03c8f13c"",""0xdd364115eefd88d44ddca902abb962bd1038efc911e81847f0d1911029cb83fc"",""0xd7531695dcd358a4f56787acbbd65565a09fc63eff941ad49498daeb1ae38f44"",""0x66dc91c1375c97a345396b765a31f83a172cf55a43b176b21f6e7ca8e695b9fd"",""0x281cd26d80e9cd95f098908b641c2534121c033c47795850d88fdab6f04f2af0"",""0xe2c89165b1663cbef76d4db4aff33d030d5826b8a643a445b8531c288e7745fd""]","[""0x7c9cdb9fd07a0e95dd225ef751470ce88b43ad6e9e209b3b95404c7a6849e39b"",""0x353fcfc68b913bba883a1cbe437235257a5567ace334e692406b2239896cc845"",""0xaa8fad824a174e57accf11eb34b23d020d6aa685da1925b1c30a611ffdb95a0e"",""0x3c4ef3727c5acae7ca4976ecf767571e18ac1b70a4aad2ac4f7b9139bcfc987d"",""0xcd6d08f520a5a6aebaa079033393b6393e347445be26d2c107e8d7ee03c8f13c"",""0x281cd26d80e9cd95f098908b641c2534121c033c47795850d88fdab6f04f2af0"",""0xdd364115eefd88d44ddca902abb962bd1038efc911e81847f0d1911029cb83fc"",""0xe2c89165b1663cbef76d4db4aff33d030d5826b8a643a445b8531c288e7745fd"",""0x66dc91c1375c97a345396b765a31f83a172cf55a43b176b21f6e7ca8e695b9fd"",""0xd7531695dcd358a4f56787acbbd65565a09fc63eff941ad49498daeb1ae38f44""]","[""0x7c9cdb9fd07a0e95dd225ef751470ce88b43ad6e9e209b3b95404c7a6849e39b"",""0x353fcfc68b913bba883a1cbe437235257a5567ace334e692406b2239896cc845"",""0xaa8fad824a174e57accf11eb34b23d020d6aa685da1925b1c30a611ffdb95a0e"",""0x3c4ef3727c5acae7ca4976ecf767571e18ac1b70a4aad2ac4f7b9139bcfc987d"",""0xcd6d08f520a5a6aebaa079033393b6393e347445be26d2c107e8d7ee03c8f13c"",""0xdd364115eefd88d44ddca902abb962bd1038efc911e81847f0d1911029cb83fc"",""0xd7531695dcd358a4f56787acbbd65565a09fc63eff941ad49498daeb1ae38f44"",""0x66dc91c1375c97a345396b765a31f83a172cf55a43b176b21f6e7ca8e695b9fd"",""0x281cd26d80e9cd95f098908b641c2534121c033c47795850d88fdab6f04f2af0"",""0xe2c89165b1663cbef76d4db4aff33d030d5826b8a643a445b8531c288e7745fd""]",0,0,1,0,0,0,1
bstpstaking511m7dfad905,valid,,5,1,1,m7dfad905,100,10,10,"[""0x106ecf713381cc7ee659b224caebb8c2d8402304fcc03cc12f04d9acb19beb31"",""0xfd70d4311b5768c6b6bf7ecd75518b0b26ba2529cb7cf75e450bca9f0d366daa"",""0xe70b739d2c9d746514eb24b9ed0d3b51448a0a5913813a2864aa9be0ec65e691"",""0xa7831feb3b6ce91bfea938682651e70d662f1266659cbce6eaf0526e45512a68"",""0xab461bed3349317736818b1dabb4b0c82cc986f81bc20a4f98abb1cf118525e2"",""0xcd09dc92e8736934e461988f29064ea4e49ccc41310e47a797ab8e787536e77d"",""0x49e5774ab139905928ff21d948254adc70aa28ff5eea2ac796f32b0549b267a3"",""0x6e53ec51854bc45ec72e747b9db61797e1b20b6c0f523a3f2ead783fd267ed91"",""0x9a0ed5a06fb6051d9a659f829e57ea0e382f714cb43d55efaa317c69cfae14ee"",""0x80288ad5dc62d58560df110a3535af497449f9f6f4f71e34500b9f5045943ea7""]","[""0x106ecf713381cc7ee659b224caebb8c2d8402304fcc03cc12f04d9acb19beb31"",""0xfd70d4311b5768c6b6bf7ecd75518b0b26ba2529cb7cf75e450bca9f0d366daa"",""0xe70b739d2c9d746514eb24b9ed0d3b51448a0a5913813a2864aa9be0ec65e691"",""0xa7831feb3b6ce91bfea938682651e70d662f1266659cbce6eaf0526e45512a68"",""0xab461bed3349317736818b1dabb4b0c82cc986f81bc20a4f98abb1cf118525e2"",""0xcd09dc92e8736934e461988f29064ea4e49ccc41310e47a797ab8e787536e77d"",""0x49e5774ab139905928ff21d948254adc70aa28ff5eea2ac796f32b0549b267a3"",""0x6e53ec51854bc45ec72e747b9db61797e1b20b6c0f523a3f2ead783fd267ed91"",""0x9a0ed5a06fb6051d9a659f829e57ea0e382f714cb43d55efaa317c69cfae14ee"",""0x80288ad5dc62d58560df110a3535af497449f9f6f4f71e34500b9f5045943ea7""]","[""0x106ecf713381cc7ee659b224caebb8c2d8402304fcc03cc12f04d9acb19beb31"",""0xfd70d4311b5768c6b6bf7ecd75518b0b26ba2529cb7cf75e450bca9f0d366daa"",""0xe70b739d2c9d746514eb24b9ed0d3b51448a0a5913813a2864aa9be0ec65e691"",""0xa7831feb3b6ce91bfea938682651e70d662f1266659cbce6eaf0526e45512a68"",""0xab461bed3349317736818b1dabb4b0c82cc986f81bc20a4f98abb1cf118525e2"",""0xcd09dc92e8736934e461988f29064ea4e49ccc41310e47a797ab8e787536e77d"",""0x49e5774ab139905928ff21d948254adc70aa28ff5eea2ac796f32b0549b267a3"",""0x6e53ec51854bc45ec72e747b9db61797e1b20b6c0f523a3f2ead783fd267ed91"",""0x9a0ed5a06fb6051d9a659f829e57ea0e382f714cb43d55efaa317c69cfae14ee"",""0x80288ad5dc62d58560df110a3535af497449f9f6f4f71e34500b9f5045943ea7""]",0,0,1,0,0,0,1
bstpstaking511m7e72b6a8,valid,,5,1,1,m7e72b6a8,100,10,10,"[""0x9a0ed5a06fb6051d9a659f829e57ea0e382f714cb43d55efaa317c69cfae14ee"",""0x98383544e422fe17027cdac418f09337309386a10806b8ee02c8d32713923a8e"",""0x8945bcc45087a8bfb2e18a5306781be29a69dbac49c73ab68b0d6c56a67bc0f9"",""0x99196e62444c2ecc416618bcc5a3424f9cd5641d6867c8e258507c7d89a4a88c"",""0x4c896b9c75e38294c3a07ab4ccb18852996db2708540195223e428ddf09d38a0"",""0x7c40aac49a736517f5c440f9392f1683424054f2ffa6df7c2970a52c11db06ca"",""0x49e5774ab139905928ff21d948254adc70aa28ff5eea2ac796f32b0549b267a3"",""0xffb33d2d1648788432430e96a9706f35a4dcfe30d45dd0e99a1eaf7e59ab6aeb"",""0x3bdf59910dc80d945c909ab4265dbbbe8e7cc3938d6d3df55a7e4a8219757a6d"",""0xcd57fe897cd7013d3f9e6131de9fa6d2910dcab5055ecc546f6d83339d5c9867""]","[""0x9a0ed5a06fb6051d9a659f829e57ea0e382f714cb43d55efaa317c69cfae14ee"",""0x98383544e422fe17027cdac418f09337309386a10806b8ee02c8d32713923a8e"",""0x8945bcc45087a8bfb2e18a5306781be29a69dbac49c73ab68b0d6c56a67bc0f9"",""0xd7531695dcd358a4f56787acbbd65565a09fc63eff941ad49498daeb1ae38f44"",""0x99196e62444c2ecc416618bcc5a3424f9cd5641d6867c8e258507c7d89a4a88c"",""0xe40523cb93f50925b957e5e448d59b64adfad0b41a549e68dd171dd988bc17a5"",""0x4c896b9c75e38294c3a07ab4ccb18852996db2708540195223e428ddf09d38a0"",""0x7c40aac49a736517f5c440f9392f1683424054f2ffa6df7c2970a52c11db06ca"",""0x49e5774ab139905928ff21d948254adc70aa28ff5eea2ac796f32b0549b267a3"",""0xffb33d2d1648788432430e96a9706f35a4dcfe30d45dd0e99a1eaf7e59ab6aeb""]","[""0x9a0ed5a06fb6051d9a659f829e57ea0e382f714cb43d55efaa317c69cfae14ee"",""0x98383544e422fe17027cdac418f09337309386a10806b8ee02c8d32713923a8e"",""0x8945bcc45087a8bfb2e18a5306781be29a69dbac49c73ab68b0d6c56a67bc0f9"",""0x99196e62444c2ecc416618bcc5a3424f9cd5641d6867c8e258507c7d89a4a88c"",""0x4c896b9c75e38294c3a07ab4ccb18852996db2708540195223e428ddf09d38a0"",""0x7c40aac49a736517f5c440f9392f1683424054f2ffa6df7c2970a52c11db06ca"",""0x49e5774ab139905928ff21d948254adc70aa28ff5eea2ac796f32b0549b267a3"",""0xffb33d2d1648788432430e96a9706f35a4dcfe30d45dd0e99a1eaf7e59ab6aeb""]",0,0,1,0,0,0,0.8
bstpstaking511m8051415e,invalid,error_duplicates,5,1,1,m8051415e,100,10,10,"[""0x4f70045f96345b6154f2e63f3fe4b06b6e40108aedcdd3afc6a66ea75fc3da24"",""0x8cc4b8cdcb727613f2378e83b1e459ef38061ac468dcb3d02730b17ef2a02673"",""0x29eba7ba49866efd89a8dce8d84688734eb0b4b198d4992b288b36b31540c8dc"",""0x92c0efa8758ff02dd06dfd438cd6612b6e3590f9c8b7c0932fd418903855a478"",""0x80288ad5dc62d58560df110a3535af497449f9f6f4f71e34500b9f5045943ea7"",""0xa7831feb3b6ce91bfea938682651e70d662f1266659cbce6eaf0526e45512a68"",""0x6b84de292cb6e3be779d6288c69c6a070bba523a2317a4d294c1616e10f137ed"",""0xcfdc62eb5da1c0cc9f61c08540ca22833a6530d40de956ae254be5b1e0b59d74"",""0xd5568fd406d7db628afa415d58bf5bd06959a92398aa702548e8e04793bedd47"",""0x92c0efa8758ff02dd06dfd438cd6612b6e3590f9c8b7c0932fd418903855a478""]","[""0x4f70045f96345b6154f2e63f3fe4b06b6e40108aedcdd3afc6a66ea75fc3da24"",""0x8cc4b8cdcb727613f2378e83b1e459ef38061ac468dcb3d02730b17ef2a02673"",""0x29eba7ba49866efd89a8dce8d84688734eb0b4b198d4992b288b36b31540c8dc"",""0x92c0efa8758ff02dd06dfd438cd6612b6e3590f9c8b7c0932fd418903855a478"",""0x80288ad5dc62d58560df110a3535af497449f9f6f4f71e34500b9f5045943ea7"",""0xa7831feb3b6ce91bfea938682651e70d662f1266659cbce6eaf0526e45512a68"",""0x6b84de292cb6e3be779d6288c69c6a070bba523a2317a4d294c1616e10f137ed"",""0x483e0faacc32045385006ac1d42d028b103a2e2e02f320e20037d0d36be54907"",""0xcfdc62eb5da1c0cc9f61c08540ca22833a6530d40de956ae254be5b1e0b59d74"",""0xd5568fd406d7db628afa415d58bf5bd06959a92398aa702548e8e04793bedd47""]","[""0x4f70045f96345b6154f2e63f3fe4b06b6e40108aedcdd3afc6a66ea75fc3da24"",""0x8cc4b8cdcb727613f2378e83b1e459ef38061ac468dcb3d02730b17ef2a02673"",""0x29eba7ba49866efd89a8dce8d84688734eb0b4b198d4992b288b36b31540c8dc"",""0x92c0efa8758ff02dd06dfd438cd6612b6e3590f9c8b7c0932fd418903855a478"",""0x80288ad5dc62d58560df110a3535af497449f9f6f4f71e34500b9f5045943ea7"",""0xa7831feb3b6ce91bfea938682651e70d662f1266659cbce6eaf0526e45512a68"",""0x6b84de292cb6e3be779d6288c69c6a070bba523a2317a4d294c1616e10f137ed"",""0xcfdc62eb5da1c0cc9f61c08540ca22833a6530d40de956ae254be5b1e0b59d74"",""0xd5568fd406d7db628afa415d58bf5bd06959a92398aa702548e8e04793bedd47"",""0x92c0efa8758ff02dd06dfd438cd6612b6e3590f9c8b7c0932fd418903855a478""]",0,0,1,0,0,0.09999999999999998,1
bstpstaking511m810b37d6,valid,,5,1,1,m810b37d6,100,10,10,"[""0x14d09a4d420ae8a7492d23eb1beacf31a514ddd9765719262cf2a750248f046e"",""0xedb061d6c685949f3e6f6b2fbc31238ae6ee3c1a2760e056b5c3e5e2304df8af"",""0xd7531695dcd358a4f56787acbbd65565a09fc63eff941ad49498daeb1ae38f44"",""0xdd364115eefd88d44ddca902abb962bd1038efc911e81847f0d1911029cb83fc"",""0x6e2ec90f7c36a36b5344a2aac6038ddc9c3860de12975f71142181a7a81c8609"",""0x68fb332560fdf6ea1d74d8c4bfc3ff952f79df911ac17e478862c0aa1c736db3"",""0x37890a125406e5e42ba213b40b55685bc6c328fc0106903b123b70d8312c1000"",""0x69f76a6458130c9ded5a13a31db3715ca829f4a679d617f3e492b9116677d10c"",""0xd315b8c83a9e2edb719d67cf2cc732391e7c9d9fa55ab87f926ee4c7046a8578"",""0xdabbd1bf365dd83a0175d5e359d11f8d109116b0745646ef8d2c6a2efcf851df""]","[""0x14d09a4d420ae8a7492d23eb1beacf31a514ddd9765719262cf2a750248f046e"",""0xedb061d6c685949f3e6f6b2fbc31238ae6ee3c1a2760e056b5c3e5e2304df8af"",""0xd7531695dcd358a4f56787acbbd65565a09fc63eff941ad49498daeb1ae38f44"",""0x6e2ec90f7c36a36b5344a2aac6038ddc9c3860de12975f71142181a7a81c8609"",""0xdd364115eefd88d44ddca902abb962bd1038efc911e81847f0d1911029cb83fc"",""0x68fb332560fdf6ea1d74d8c4bfc3ff952f79df911ac17e478862c0aa1c736db3"",""0x37890a125406e5e42ba213b40b55685bc6c328fc0106903b123b70d8312c1000"",""0x69f76a6458130c9ded5a13a31db3715ca829f4a679d617f3e492b9116677d10c"",""0xd315b8c83a9e2edb719d67cf2cc732391e7c9d9fa55ab87f926ee4c7046a8578"",""0xdabbd1bf365dd83a0175d5e359d11f8d109116b0745646ef8d2c6a2efcf851df""]","[""0x14d09a4d420ae8a7492d23eb1beacf31a514ddd9765719262cf2a750248f046e"",""0xedb061d6c685949f3e6f6b2fbc31238ae6ee3c1a2760e056b5c3e5e2304df8af"",""0xd7531695dcd358a4f56787acbbd65565a09fc63eff941ad49498daeb1ae38f44"",""0xdd364115eefd88d44ddca902abb962bd1038efc911e81847f0d1911029cb83fc"",""0x6e2ec90f7c36a36b5344a2aac6038ddc9c3860de12975f71142181a7a81c8609"",""0x68fb332560fdf6ea1d74d8c4bfc3ff952f79df911ac17e478862c0aa1c736db3"",""0x37890a125406e5e42ba213b40b55685bc6c328fc0106903b123b70d8312c1000"",""0x69f76a6458130c9ded5a13a31db3715ca829f4a679d617f3e492b9116677d10c"",""0xd315b8c83a9e2edb719d67cf2cc732391e7c9d9fa55ab87f926ee4c7046a8578"",""0xdabbd1bf365dd83a0175d5e359d11f8d109116b0745646ef8d2c6a2efcf851df""]",0,0,1,0,0,0,1
bstpstaking511m9189f677,valid,,5,1,1,m9189f677,100,10,10,"[""0xcd09dc92e8736934e461988f29064ea4e49ccc41310e47a797ab8e787536e77d"",""0x8a5fc9c813f0cbb1fbb3c86b71678b733f90197cd9b0fec7ef5b2e74d2827527"",""0x483e0faacc32045385006ac1d42d028b103a2e2e02f320e20037d0d36be54907"",""0xb6956c09b733a91561395f6f106aa19a23a1df4c453562ff602fdc30b0b773ad"",""0xab461bed3349317736818b1dabb4b0c82cc986f81bc20a4f98abb1cf118525e2"",""0x682175835b69fee8ca4e1000194ccf6067372d31c29aa0c1fb86d118274fe35f"",""0xfc9bec6e17e3d34235748a04c8a772f602b2283e2946d9f68c2ed62bcdd2cd85"",""0x98383544e422fe17027cdac418f09337309386a10806b8ee02c8d32713923a8e"",""0xe40523cb93f50925b957e5e448d59b64adfad0b41a549e68dd171dd988bc17a5"",""0x27a163a4110566acfc156339d6e9ee4c66cb5b1bed8c030e751013a75ed443eb""]","[""0xcd09dc92e8736934e461988f29064ea4e49ccc41310e47a797ab8e787536e77d"",""0x8a5fc9c813f0cbb1fbb3c86b71678b733f90197cd9b0fec7ef5b2e74d2827527"",""0x483e0faacc32045385006ac1d42d028b103a2e2e02f320e20037d0d36be54907"",""0xb6956c09b733a91561395f6f106aa19a23a1df4c453562ff602fdc30b0b773ad"",""0xb7eba087f5cc24fe2d08675f1cd5a26ebf3fd48642175807fccde9db3ffb3752"",""0xab461bed3349317736818b1dabb4b0c82cc986f81bc20a4f98abb1cf118525e2"",""0x682175835b69fee8ca4e1000194ccf6067372d31c29aa0c1fb86d118274fe35f"",""0xfc9bec6e17e3d34235748a04c8a772f602b2283e2946d9f68c2ed62bcdd2cd85"",""0x98383544e422fe17027cdac418f09337309386a10806b8ee02c8d32713923a8e"",""0xe40523cb93f50925b957e5e448d59b64adfad0b41a549e68dd171dd988bc17a5""]","[""0xcd09dc92e8736934e461988f29064ea4e49ccc41310e47a797ab8e787536e77d"",""0x8a5fc9c813f0cbb1fbb3c86b71678b733f90197cd9b0fec7ef5b2e74d2827527"",""0x483e0faacc32045385006ac1d42d028b103a2e2e02f320e20037d0d36be54907"",""0xb6956c09b733a91561395f6f106aa19a23a1df4c453562ff602fdc30b0b773ad"",""0xab461bed3349317736818b1dabb4b0c82cc986f81bc20a4f98abb1cf118525e2"",""0x682175835b69fee8ca4e1000194ccf6067372d31c29aa0c1fb86d118274fe35f"",""0xfc9bec6e17e3d34235748a04c8a772f602b2283e2946d9f68c2ed62bcdd2cd85"",""0x98383544e422fe17027cdac418f09337309386a10806b8ee02c8d32713923a8e"",""0xe40523cb93f50925b957e5e448d59b64adfad0b41a549e68dd171dd988bc17a5""]",0,0,1,0,0,0,0.9
bstpstaking511m970360f4,valid,,5,1,1,m970360f4,100,10,10,"[""0x04e631257af2cf26e527e146f4e090feae7f8ba273f0574dcd62a46da5b5fb8c"",""0x5bbc9d2413d5740c9cce8b34acbdb04e9c122cff7ece31c0620bfd2b7e0e1b86"",""0x8096cab0100aa02898585587d038ed875c585da73c52072d6a842c5b96bac202"",""0x3fa2ea8f79b0524a3c5e834a216d005b6653291abad1f4cd5704c375512864c8"",""0xffc71158a1713cadd9222700d20f0c30f7bc8dd2bb13d82c09a45f991a58c201"",""0x241145b169eb7335c6c3a55c542c7857ebbbe2cbe47e2bc2a4f72062e1ba800b"",""0x323045169136f339e36c57f2b93c33e14359139bfb47f1394e0c41e18be3935d"",""0x6a302a4d737daf7a31af6a051be0bd9833d4c8d0d678f7a96353789e2f0cecc9"",""0xe72597564571e9509c684625f924125cf24a2d949f1fa678937adab02f1f1ca2"",""0x0f7111fd4af91016f6e6efa1dbc92c6aeb75dff18e99a22095079448fc73483e""]","[""0x14d09a4d420ae8a7492d23eb1beacf31a514ddd9765719262cf2a750248f046e"",""0xae105f7f87da768b512fdfdb98a0fbf6131d1571893bb99b9a0ab477ff1702c2"",""0x281cd26d80e9cd95f098908b641c2534121c033c47795850d88fdab6f04f2af0"",""0xfd6b6381e462eb69a90451498acc82533df2612f7e00141667dbce964caa982e"",""0x68fb332560fdf6ea1d74d8c4bfc3ff952f79df911ac17e478862c0aa1c736db3"",""0x8e6ed61f936c34115ed64b52efb53b493d279f72a1ed2c1dde342f98dfc9178d"",""0xea69777677b59561b3782267ef6a65d6e0f38e1fea58f1ece52358972347edb0"",""0xe5da0f8dfb6b491adb9c38f755f10e08bd498ab5979036394be3930984053206"",""0x1721fbf3311a57adcac4eb75a9690451077fc079b0d94e4fa9d5a75bfb95e9c2"",""0x37890a125406e5e42ba213b40b55685bc6c328fc0106903b123b70d8312c1000""]",[],0,0,1,0,0,0,0
bstpstaking511m98d7930e,valid,,5,1,1,m98d7930e,100,10,10,"[""0x98383544e422fe17027cdac418f09337309386a10806b8ee02c8d32713923a8e"",""0x8945bcc45087a8bfb2e18a5306781be29a69dbac49c73ab68b0d6c56a67bc0f9"",""0x8cc4b8cdcb727613f2378e83b1e459ef38061ac468dcb3d02730b17ef2a02673"",""0x1ebfa3f4b31da950a10ba4155a5675fdf5fb3ac42fe3f076668cfe359788f601"",""0xab461bed3349317736818b1dabb4b0c82cc986f81bc20a4f98abb1cf118525e2"",""0xe70b739d2c9d746514eb24b9ed0d3b51448a0a5913813a2864aa9be0ec65e691"",""0xb1d52412675094b54611913899744bda3aa3c67ce51c9e9d61d8a49d9cc84caf"",""0x1393e94f34761ba344117a1cf1bc70b40119c5cdbab5b1f26f7c7a2c82c28d15"",""0x070f2ce2f95eacc07ae3f679b630dd52b0398d4e5293d6ccbfb20ac1e690e07a"",""0x969a63cf4b7134f45dcc1224c54eee9e16f73ef1ce283523deb16a90ae955f78""]","[""0x98383544e422fe17027cdac418f09337309386a10806b8ee02c8d32713923a8e"",""0x856f01151a1c15aa053c920c11f2f4a193b3ed4250c6ee2ebf77c3390fe0f275"",""0x8945bcc45087a8bfb2e18a5306781be29a69dbac49c73ab68b0d6c56a67bc0f9"",""0x8cc4b8cdcb727613f2378e83b1e459ef38061ac468dcb3d02730b17ef2a02673"",""0x1ebfa3f4b31da950a10ba4155a5675fdf5fb3ac42fe3f076668cfe359788f601"",""0xe70b739d2c9d746514eb24b9ed0d3b51448a0a5913813a2864aa9be0ec65e691"",""0x90ecb607bbb48b913aefe5003509412fcdc1a78708f7390fad1c6953be606038"",""0xab461bed3349317736818b1dabb4b0c82cc986f81bc20a4f98abb1cf118525e2"",""0xb1d52412675094b54611913899744bda3aa3c67ce51c9e9d61d8a49d9cc84caf"",""0x281cd26d80e9cd95f098908b641c2534121c033c47795850d88fdab6f04f2af0""]","[""0x98383544e422fe17027cdac418f09337309386a10806b8ee02c8d32713923a8e"",""0x8945bcc45087a8bfb2e18a5306781be29a69dbac49c73ab68b0d6c56a67bc0f9"",""0x8cc4b8cdcb727613f2378e83b1e459ef38061ac468dcb3d02730b17ef2a02673"",""0x1ebfa3f4b31da950a10ba4155a5675fdf5fb3ac42fe3f076668cfe359788f601"",""0xab461bed3349317736818b1dabb4b0c82cc986f81bc20a4f98abb1cf118525e2"",""0xe70b739d2c9d746514eb24b9ed0d3b51448a0a5913813a2864aa9be0ec65e691"",""0xb1d52412675094b54611913899744bda3aa3c67ce51c9e9d61d8a49d9cc84caf""]",0,0,1,0,0,0,0.7
bstpstaking511ma6f1fda3,valid,,5,1,1,ma6f1fda3,100,10,10,"[""0xcc5a3914b6cc401b98a202e8075b56eb77670a1140412c79b48b965bce6e05f2"",""0x90ecb607bbb48b913aefe5003509412fcdc1a78708f7390fad1c6953be606038"",""0x000ceb98a30a9f0375fd46d151e4f2f8d830751c2983f14a1c6f0144f80b3198"",""0x5b677b1ca640fe2fa90ccb13036a107a5177af4f0b0bd5ed853ac029e427d019"",""0x1ebfa3f4b31da950a10ba4155a5675fdf5fb3ac42fe3f076668cfe359788f601"",""0xdf845dfbd70267c5c523805713303d6f4b7b91d97219e28f0508b46315e5e0e2"",""0x9add7bcde80edf6ee8f3a7cde3b47a7ea9aabddab95768e68fd0c1094aaa971f"",""0xb759e3960a93ef78e32f4847b58dbc6b1c22efd6d9ccaa3b1a84911e6a288afa"",""0x45e045f6dae82d4b11d7eba533f903748cc6d452ab8dc62562fe47f2d65e6452"",""0x095b16e363b6b723d6647b4f99eed5eb94cd5b521c5d912df514bee195b84e78""]","[""0xcc5a3914b6cc401b98a202e8075b56eb77670a1140412c79b48b965bce6e05f2"",""0x90ecb607bbb48b913aefe5003509412fcdc1a78708f7390fad1c6953be606038"",""0x6940f8c3529787bcfbcbf21fa64207221930bb64f69f1727136674443bba43aa"",""0x4c896b9c75e38294c3a07ab4ccb18852996db2708540195223e428ddf09d38a0"",""0x01829fcc6d779d94ee869f97379c6516562dc7f8b74938742ffefe6b09b93fbc"",""0x106ecf713381cc7ee659b224caebb8c2d8402304fcc03cc12f04d9acb19beb31"",""0x429b49322f39406d28f591c75e8222ecd51db05a599ec5d128466346627eb705"",""0x5b677b1ca640fe2fa90ccb13036a107a5177af4f0b0bd5ed853ac029e427d019"",""0x1ebfa3f4b31da950a10ba4155a5675fdf5fb3ac42fe3f076668cfe359788f601"",""0xdf845dfbd70267c5c523805713303d6f4b7b91d97219e28f0508b46315e5e0e2""]","[""0xcc5a3914b6cc401b98a202e8075b56eb77670a1140412c79b48b965bce6e05f2"",""0x90ecb607bbb48b913aefe5003509412fcdc1a78708f7390fad1c6953be606038"",""0x5b677b1ca640fe2fa90ccb13036a107a5177af4f0b0bd5ed853ac029e427d019"",""0x1ebfa3f4b31da950a10ba4155a5675fdf5fb3ac42fe3f076668cfe359788f601"",""0xdf845dfbd70267c5c523805713303d6f4b7b91d97219e28f0508b46315e5e0e2""]",0,0,1,0,0,0,0.5
bstpstaking511maea74e52,valid,,5,1,1,maea74e52,100,10,10,"[""0x8d357dcd4a7c14d4a0f33a6d36f83ab30a8caad65d222d503f46d94d277f7c24"",""0x01829fcc6d779d94ee869f97379c6516562dc7f8b74938742ffefe6b09b93fbc"",""0x281cd26d80e9cd95f098908b641c2534121c033c47795850d88fdab6f04f2af0"",""0x262e2e527250bfc9fea90edce78f93b95ce16f345766eb2534ba2fb39906d951"",""0xdabbd1bf365dd83a0175d5e359d11f8d109116b0745646ef8d2c6a2efcf851df"",""0xe2c89165b1663cbef76d4db4aff33d030d5826b8a643a445b8531c288e7745fd"",""0x3c4ef3727c5acae7ca4976ecf767571e18ac1b70a4aad2ac4f7b9139bcfc987d"",""0x55502bafc57a57cf79cf670fefef3504cf632e5de82803db33a8e4d8337b211c"",""0xedb061d6c685949f3e6f6b2fbc31238ae6ee3c1a2760e056b5c3e5e2304df8af"",""0x06c71fc610020b8756895e0b21ca2d61cee6ca8547b34e022866e9e88699d7d8""]","[""0x8d357dcd4a7c14d4a0f33a6d36f83ab30a8caad65d222d503f46d94d277f7c24"",""0x01829fcc6d779d94ee869f97379c6516562dc7f8b74938742ffefe6b09b93fbc"",""0x281cd26d80e9cd95f098908b641c2534121c033c47795850d88fdab6f04f2af0"",""0x262e2e527250bfc9fea90edce78f93b95ce16f345766eb2534ba2fb39906d951"",""0x119bb5b05d026a441a51d331d2e813d4a51e2ca676f9919b728dde31c94dc798"",""0xdabbd1bf365dd83a0175d5e359d11f8d109116b0745646ef8d2c6a2efcf851df"",""0xe2c89165b1663cbef76d4db4aff33d030d5826b8a643a445b8531c288e7745fd"",""0x3c4ef3727c5acae7ca4976ecf767571e18ac1b70a4aad2ac4f7b9139bcfc987d"",""0x55502bafc57a57cf79cf670fefef3504cf632e5de82803db33a8e4d8337b211c"",""0xedb061d6c685949f3e6f6b2fbc31238ae6ee3c1a2760e056b5c3e5e2304df8af""]","[""0x8d357dcd4a7c14d4a0f33a6d36f83ab30a8caad65d222d503f46d94d277f7c24"",""0x01829fcc6d779d94ee869f97379c6516562dc7f8b74938742ffefe6b09b93fbc"",""0x281cd26d80e9cd95f098908b641c2534121c033c47795850d88fdab6f04f2af0"",""0x262e2e527250bfc9fea90edce78f93b95ce16f345766eb2534ba2fb39906d951"",""0xdabbd1bf365dd83a0175d5e359d11f8d109116b0745646ef8d2c6a2efcf851df"",""0xe2c89165b1663cbef76d4db4aff33d030d5826b8a643a445b8531c288e7745fd"",""0x3c4ef3727c5acae7ca4976ecf767571e18ac1b70a4aad2ac4f7b9139bcfc987d"",""0x55502bafc57a57cf79cf670fefef3504cf632e5de82803db33a8e4d8337b211c"",""0xedb061d6c685949f3e6f6b2fbc31238ae6ee3c1a2760e056b5c3e5e2304df8af""]",0,0,1,0,0,0,0.9
bstpstaking511mb0c003cd,valid,,5,1,1,mb0c003cd,100,10,10,"[""0xcd09dc92e8736934e461988f29064ea4e49ccc41310e47a797ab8e787536e77d"",""0x8a5fc9c813f0cbb1fbb3c86b71678b733f90197cd9b0fec7ef5b2e74d2827527"",""0xc3b0696840352e2a25a87160f85c766cba4c6b9424a40ded6b5e2eb28f9215f6"",""0x2c6db858294994968533795d44c86dc8f050d3652066b8ceadf9d3b73dc7d902"",""0x3c97283efec66e1a5ec8437966e087338da20f0aad3723d41d52c67328f7efe4"",""0xab461bed3349317736818b1dabb4b0c82cc986f81bc20a4f98abb1cf118525e2"",""0xcfdc62eb5da1c0cc9f61c08540ca22833a6530d40de956ae254be5b1e0b59d74"",""0x483e0faacc32045385006ac1d42d028b103a2e2e02f320e20037d0d36be54907"",""0xea7a49ca292aa75c155e9498bcb5ec57a1dda92b7bec9e724e2e8a57582a20e0"",""0xafaa81ffcc4921e477a4ef93820d32cbd20521f110c138a453b34cdbda35c04d""]","[""0xcd09dc92e8736934e461988f29064ea4e49ccc41310e47a797ab8e787536e77d"",""0x8a5fc9c813f0cbb1fbb3c86b71678b733f90197cd9b0fec7ef5b2e74d2827527"",""0xc3b0696840352e2a25a87160f85c766cba4c6b9424a40ded6b5e2eb28f9215f6"",""0x2c6db858294994968533795d44c86dc8f050d3652066b8ceadf9d3b73dc7d902"",""0x3c97283efec66e1a5ec8437966e087338da20f0aad3723d41d52c67328f7efe4"",""0xab461bed3349317736818b1dabb4b0c82cc986f81bc20a4f98abb1cf118525e2"",""0xb6956c09b733a91561395f6f106aa19a23a1df4c453562ff602fdc30b0b773ad"",""0xcfdc62eb5da1c0cc9f61c08540ca22833a6530d40de956ae254be5b1e0b59d74"",""0x483e0faacc32045385006ac1d42d028b103a2e2e02f320e20037d0d36be54907"",""0x49e5774ab139905928ff21d948254adc70aa28ff5eea2ac796f32b0549b267a3""]","[""0xcd09dc92e8736934e461988f29064ea4e49ccc41310e47a797ab8e787536e77d"",""0x8a5fc9c813f0cbb1fbb3c86b71678b733f90197cd9b0fec7ef5b2e74d2827527"",""0xc3b0696840352e2a25a87160f85c766cba4c6b9424a40ded6b5e2eb28f9215f6"",""0x2c6db858294994968533795d44c86dc8f050d3652066b8ceadf9d3b73dc7d902"",""0x3c97283efec66e1a5ec8437966e087338da20f0aad3723d41d52c67328f7efe4"",""0xab461bed3349317736818b1dabb4b0c82cc986f81bc20a4f98abb1cf118525e2"",""0xcfdc62eb5da1c0cc9f61c08540ca22833a6530d40de956ae254be5b1e0b59d74"",""0x483e0faacc32045385006ac1d42d028b103a2e2e02f320e20037d0d36be54907""]",0,0,1,0,0,0,0.8
bstpstaking511mb38d99c5,valid,,5,1,1,mb38d99c5,100,10,10,"[""0xbb11b6e5a0db547605f0dcc18ec8e0c861054ce15ac7edf459810a5f353ee7e3"",""0xaa3a256bb3dac0d5f6b9eab4f5fcc14a7450c92ca794c193f2999a2b7005af6d"",""0x35d2f8d11a6e38e76da124815e227cccd7ade4d1cb08290de127e8ead973b6f9"",""0x0bcf996240aec5e142778d31bccb2dbc12cb599c497bfaea8d91635730c897c8"",""0x27488e31cd75f9efaf7f7e36eef37bcb227279dd4432f04f99c9e52bd8f79e5b"",""0xaef34b8afe208c91dbae6c97ee0833aca5a94e75db707be238d62aa32d1b0d5e"",""0xbeebf80a34721e08cf85ad88f9d2c2335df2460f4e338285b526fd20fe142680"",""0xea7a49ca292aa75c155e9498bcb5ec57a1dda92b7bec9e724e2e8a57582a20e0"",""0x803c04e9d0b2c4e90a99c31dd8519bf915308014ab129a6ef5635c5707119a44"",""0x06c71fc610020b8756895e0b21ca2d61cee6ca8547b34e022866e9e88699d7d8""]","[""0x8e6ed61f936c34115ed64b52efb53b493d279f72a1ed2c1dde342f98dfc9178d"",""0xadc1a837b5429a817612fe145787358ffe8831a2e75dee3a3338a31d486fb05f"",""0x000ceb98a30a9f0375fd46d151e4f2f8d830751c2983f14a1c6f0144f80b3198"",""0x8d357dcd4a7c14d4a0f33a6d36f83ab30a8caad65d222d503f46d94d277f7c24"",""0xe5da0f8dfb6b491adb9c38f755f10e08bd498ab5979036394be3930984053206"",""0xdabbd1bf365dd83a0175d5e359d11f8d109116b0745646ef8d2c6a2efcf851df"",""0x06442c0ccc9ab367282f06426924517e0a49c25e50a492ad91aecc55b655f458"",""0xaa8fad824a174e57accf11eb34b23d020d6aa685da1925b1c30a611ffdb95a0e"",""0x12c0e8caa1bce7d499cbbbc665fbb364c09cd2977856fe2bf0027b9c600b9022"",""0xf5162966dbd2c8c3b2195e7ee9c5e46a8dd1715287d079a5b92d312ca24045cd""]",[],0,0,1,0,0,0,0
bstpstaking511mb8cbcc16,valid,,5,1,1,mb8cbcc16,100,10,10,"[""0x1b3b8b12b7bf9b1d8821bfc98cabc8effd4c5f2aea25c8291e662bffe19f088d"",""0x4cffc34430b17b49e9b079755533f7c6f4c31c95081f1c8e25908e84334ed0b3"",""0xc1f72dd56f9590b9d8bcbd4d9a61b6206009f7a628bb86c28b5b50a85ae0b0de"",""0x7161ca186e53e39022059dbe35524ebb446059fdbf1aef1d952fc1b5a53353e4"",""0x931d89ef4e05852e1e1e1cc41e2cc0f4d1f62a107dd03105fc4c95888c92c422"",""0x4f83fe226b48ba54459ac587f0c72e27280e2f633d5f8ff200fb42ddfc039cec"",""0x97d9529eb749351db998b0acafbccf96371bfc773a38143ad3bc0f47d3835572"",""0x8dfa73ee95b5ef2c7f1d9197cd79bd1cd3837bf38f57f720e668109db0cf2224"",""0x742e8d6b7f4f58aefb491ed7e81f4e917dd07cc98fd42fc88aef43291b0a8204"",""0xfe58c74b9729a5d8cf902bdaec1fca3c4f62f44d377d377580ddc4d52dc4f6b6""]","[""0x1cde8373a779839f2b591a11cac079df0f1eb3fb272188f9ceccb1dee8ec102f"",""0xb65630e7129a1fecafdca9eb7dbe53130a12b5d3e2e984bbf9c9a5399c6cc30f"",""0x230550ee2f183f79fbee87b09e6157a7bfd65abfefa14a749660749b7fa0d6b4"",""0x39700501189242fe3b7185fd03a5cace111de24b0c6b66471be82d30bc72ec27"",""0x7634f8326375f99ebfd7a8b203b7442a56b18cf7dc73f6238abd4122e8090b86"",""0xae105f7f87da768b512fdfdb98a0fbf6131d1571893bb99b9a0ab477ff1702c2"",""0xb3788db79f3ad700a3cc134a27acbcec7a0a587ffbcdf5927faa24e5c362d493"",""0x60642c6a8412d200a3413c5426afef17f3d72d45fadaf5cdde98b783893518ec"",""0x856f01151a1c15aa053c920c11f2f4a193b3ed4250c6ee2ebf77c3390fe0f275"",""0x6d5bfd47046b2e223b0c83d8c0d4e2ad42a064232926ed904efe73cb5d8f2133""]",[],0,0,1,0,0,0,0
bstpstaking511mc5ae52b7,valid,,5,1,1,mc5ae52b7,100,10,10,"[""0x541ebb059060ff7f73374199ff51e8281c4dc5942c5c541867b4f25621486dc9"",""0xf11bad94616eadc4c930a68cc954c762e0ad7ae4e11f81bbe37778477da71fa5"",""0xf06d08186fc20a8ad1c9302fb2ec4daa81ff87d7dc46799427e1c52d6bb1e6d3"",""0xd86edee3887482aaa87bf056e6c0699a0ead02b8267c06b9514d0a31ad11a63c"",""0x755f498882ef3868c8327685feb4d14ddc05dfec9746206c5671c827bbcd63f2"",""0xed4ce8f99e69760136906172411940729a5d9cd25120d1614b3184f5a3f893ad"",""0x272e149a70bc0896c48886227c553446aad58de29d8305c185e44aece09d51c7"",""0x801f16125e60466870bea2bd21d992cd2162aa6eaa6732cb4ab61cce175e63fd"",""0xada0094b75ba3bd2f862c0668f34b57f8c1bdef8d75613a9a29d9e42f0c4fc2a"",""0x1b8de8a6f340dae5f86bc82c7c98362d8b84ab7eade2485d2e876e892a060269""]","[""0x3c4ef3727c5acae7ca4976ecf767571e18ac1b70a4aad2ac4f7b9139bcfc987d"",""0x6e2ec90f7c36a36b5344a2aac6038ddc9c3860de12975f71142181a7a81c8609"",""0x12c0e8caa1bce7d499cbbbc665fbb364c09cd2977856fe2bf0027b9c600b9022"",""0xea69777677b59561b3782267ef6a65d6e0f38e1fea58f1ece52358972347edb0"",""0xb65630e7129a1fecafdca9eb7dbe53130a12b5d3e2e984bbf9c9a5399c6cc30f"",""0x39700501189242fe3b7185fd03a5cace111de24b0c6b66471be82d30bc72ec27"",""0x9920c06a362172692e96bab008e569caa257aaec2c8f130f3564a55f2f52357b"",""0x1fd6cd46a30ebaf43fddfe1aa0f8499987a4d3e3a687e3b577d2d1f1bf4d9e77"",""0x1721fbf3311a57adcac4eb75a9690451077fc079b0d94e4fa9d5a75bfb95e9c2"",""0x08c294941588d570c4ae95ce5aaf4a1592f278bd19029a2851efff2d86015692""]",[],0,0,1,0,0,0,0
bstpstaking511mce4af4f6,valid,,5,1,1,mce4af4f6,100,10,10,"[""0x16ce498ca01ca0ceb8f3414bf534752c6788bd73b78139628534c4880e7d0c84"",""0x2c901a1e69bd055532c177d57d97657c1ee45446cdc9b2ce5916eda2a5c7011a"",""0x9d71c1950fb2485a93785f76560ffd25d298604f8c24f57aa61b276f1d333d1a"",""0xa9c448c7a7835713d38a44618a6c60c5d105b59bf4053e67c7988ff0e8297f1c"",""0x5290542e3d2cbc736ed1fbb7348402f7e1765f05ce29020f9f6b41f48c8ed0a7"",""0x1b90e8c58b04a10a353804eecc214bf40469c2a11062b2059f131c9b502fd828"",""0x866a207e0e7751fb45198e1e853d3070816125aac2451c73c2c41fc3742cc206"",""0x272e149a70bc0896c48886227c553446aad58de29d8305c185e44aece09d51c7"",""0xc000a9bb0afc1d0a9dc5f83998c23a063b6a17d7259ded4e2027f357a5dd25aa"",""0xcc0cc37ad94ed115a4dd0b53ed147dfa7850c8b0255b0cadf4e11fa6d0ca6e9d""]","[""0x0d6652a8c9d9575f5254120f3b037a86104172ca1dd77b5b55be2da39daf1385"",""0xb759e3960a93ef78e32f4847b58dbc6b1c22efd6d9ccaa3b1a84911e6a288afa"",""0xf5162966dbd2c8c3b2195e7ee9c5e46a8dd1715287d079a5b92d312ca24045cd"",""0x3c4ef3727c5acae7ca4976ecf767571e18ac1b70a4aad2ac4f7b9139bcfc987d"",""0xea69777677b59561b3782267ef6a65d6e0f38e1fea58f1ece52358972347edb0"",""0x73d6c0efd0550ca38510ec910998f28c5f57de699ed4f4eab13ed86d90fb6b07"",""0x856f01151a1c15aa053c920c11f2f4a193b3ed4250c6ee2ebf77c3390fe0f275"",""0xfd6b6381e462eb69a90451498acc82533df2612f7e00141667dbce964caa982e"",""0x60642c6a8412d200a3413c5426afef17f3d72d45fadaf5cdde98b783893518ec"",""0x80ae3a3d46a5bfbf5f0adaf5d83aa1064814c65038e92093a16ea8304bd00bd3""]",[],0,0,1,0,0,0,0
bstpstaking511mdd189b64,valid,,5,1,1,mdd189b64,100,10,10,"[""0x0d6652a8c9d9575f5254120f3b037a86104172ca1dd77b5b55be2da39daf1385"",""0x8e6ed61f936c34115ed64b52efb53b493d279f72a1ed2c1dde342f98dfc9178d"",""0x505f78474c398814eb0ba0cc3c08f6129e12bf16431876853283a43beac9d141"",""0xdabbd1bf365dd83a0175d5e359d11f8d109116b0745646ef8d2c6a2efcf851df"",""0x737e933cd67a89d2c13038c499d7d71518a56e6b95bc97e9056a59b45c072c99"",""0x1721fbf3311a57adcac4eb75a9690451077fc079b0d94e4fa9d5a75bfb95e9c2"",""0xaa8fad824a174e57accf11eb34b23d020d6aa685da1925b1c30a611ffdb95a0e"",""0x29ef521de175a6782a24f8bdf3a79f84a730b6a0d6b088f7bbbdb14f76bbd6b5"",""0x713930bf79df408ecebbe2c142c25d57280fc956a601a43ee71d41a458bc9dc3"",""0x1c64ad766dfa4fa9d74a4d2ce01848b8d5a7da03dd7621fcc2404e4022284ea2""]","[""0x0d6652a8c9d9575f5254120f3b037a86104172ca1dd77b5b55be2da39daf1385"",""0x8e6ed61f936c34115ed64b52efb53b493d279f72a1ed2c1dde342f98dfc9178d"",""0x505f78474c398814eb0ba0cc3c08f6129e12bf16431876853283a43beac9d141"",""0xdabbd1bf365dd83a0175d5e359d11f8d109116b0745646ef8d2c6a2efcf851df"",""0xcd6d08f520a5a6aebaa079033393b6393e347445be26d2c107e8d7ee03c8f13c"",""0x70466edbeed113ce8a8435ffd9f8208b8c3f50b2cf38281af86584c766a4310f"",""0x737e933cd67a89d2c13038c499d7d71518a56e6b95bc97e9056a59b45c072c99"",""0x37890a125406e5e42ba213b40b55685bc6c328fc0106903b123b70d8312c1000"",""0x1721fbf3311a57adcac4eb75a9690451077fc079b0d94e4fa9d5a75bfb95e9c2"",""0xaa8fad824a174e57accf11eb34b23d020d6aa685da1925b1c30a611ffdb95a0e""]","[""0x0d6652a8c9d9575f5254120f3b037a86104172ca1dd77b5b55be2da39daf1385"",""0x8e6ed61f936c34115ed64b52efb53b493d279f72a1ed2c1dde342f98dfc9178d"",""0x505f78474c398814eb0ba0cc3c08f6129e12bf16431876853283a43beac9d141"",""0xdabbd1bf365dd83a0175d5e359d11f8d109116b0745646ef8d2c6a2efcf851df"",""0x737e933cd67a89d2c13038c499d7d71518a56e6b95bc97e9056a59b45c072c99"",""0x1721fbf3311a57adcac4eb75a9690451077fc079b0d94e4fa9d5a75bfb95e9c2"",""0xaa8fad824a174e57accf11eb34b23d020d6aa685da1925b1c30a611ffdb95a0e""]",0,0,1,0,0,0,0.7
bstpstaking511me8bc7185,valid,,5,1,1,me8bc7185,100,10,10,"[""0x5b677b1ca640fe2fa90ccb13036a107a5177af4f0b0bd5ed853ac029e427d019"",""0x3c97283efec66e1a5ec8437966e087338da20f0aad3723d41d52c67328f7efe4"",""0x49e5774ab139905928ff21d948254adc70aa28ff5eea2ac796f32b0549b267a3"",""0x6e53ec51854bc45ec72e747b9db61797e1b20b6c0f523a3f2ead783fd267ed91"",""0xa7831feb3b6ce91bfea938682651e70d662f1266659cbce6eaf0526e45512a68"",""0x167a4d5214f28e5714dbe0ef582ab78f31d676888df89fd1380e7d60c6455530"",""0x90ecb607bbb48b913aefe5003509412fcdc1a78708f7390fad1c6953be606038"",""0xfc9bec6e17e3d34235748a04c8a772f602b2283e2946d9f68c2ed62bcdd2cd85"",""0xcfdc62eb5da1c0cc9f61c08540ca22833a6530d40de956ae254be5b1e0b59d74"",""0xfbe8ae22431e1da7a16033dab2f5506fb20067b6c93613bab54fb48be2dca0cc""]","[""0x5b677b1ca640fe2fa90ccb13036a107a5177af4f0b0bd5ed853ac029e427d019"",""0x3c97283efec66e1a5ec8437966e087338da20f0aad3723d41d52c67328f7efe4"",""0x49e5774ab139905928ff21d948254adc70aa28ff5eea2ac796f32b0549b267a3"",""0x6e53ec51854bc45ec72e747b9db61797e1b20b6c0f523a3f2ead783fd267ed91"",""0xa7831feb3b6ce91bfea938682651e70d662f1266659cbce6eaf0526e45512a68"",""0x167a4d5214f28e5714dbe0ef582ab78f31d676888df89fd1380e7d60c6455530"",""0x90ecb607bbb48b913aefe5003509412fcdc1a78708f7390fad1c6953be606038"",""0xcfdc62eb5da1c0cc9f61c08540ca22833a6530d40de956ae254be5b1e0b59d74"",""0xfc9bec6e17e3d34235748a04c8a772f602b2283e2946d9f68c2ed62bcdd2cd85"",""0xc242c986f95f7cb745f870b1e292c03f57e59c36e809d37eb00cc8d235b22c5a""]","[""0x5b677b1ca640fe2fa90ccb13036a107a5177af4f0b0bd5ed853ac029e427d019"",""0x3c97283efec66e1a5ec8437966e087338da20f0aad3723d41d52c67328f7efe4"",""0x49e5774ab139905928ff21d948254adc70aa28ff5eea2ac796f32b0549b267a3"",""0x6e53ec51854bc45ec72e747b9db61797e1b20b6c0f523a3f2ead783fd267ed91"",""0xa7831feb3b6ce91bfea938682651e70d662f1266659cbce6eaf0526e45512a68"",""0x167a4d5214f28e5714dbe0ef582ab78f31d676888df89fd1380e7d60c6455530"",""0x90ecb607bbb48b913aefe5003509412fcdc1a78708f7390fad1c6953be606038"",""0xfc9bec6e17e3d34235748a04c8a772f602b2283e2946d9f68c2ed62bcdd2cd85"",""0xcfdc62eb5da1c0cc9f61c08540ca22833a6530d40de956ae254be5b1e0b59d74""]",0,0,1,0,0,0,0.9
bstpstaking511mec0952f1,valid,,5,1,1,mec0952f1,100,10,10,"[""0x119bb5b05d026a441a51d331d2e813d4a51e2ca676f9919b728dde31c94dc798"",""0xdd364115eefd88d44ddca902abb962bd1038efc911e81847f0d1911029cb83fc"",""0xbf11d678dcdece15f7824e21c504ec11500448bd6eb50749dea8bda81bf85a81"",""0x27f6a02165b673e7008df197e38e096214cfb8e24d4ed54d9d7086bd62eb23c1"",""0x01829fcc6d779d94ee869f97379c6516562dc7f8b74938742ffefe6b09b93fbc"",""0xe39efa4374c722f02ec99217eaf2b3db0b9d3b0b95d31c488c12d1c547c505a2"",""0x7dff03e9151eef7673af7ed88117e897aded4bee06eefc9219e8f5627d78ada3"",""0x0b2483892aea9e5e68d3f851c55add32889eea48c64a22756bb388ad2aef3fc2"",""0x602e1931ffd162122bc05dbe6e64b7758e8c18c285a2d97af8df528e7cc1fddc"",""0x22e66d49ae946f4aed0979ee5e051fc91dc17422a576e7ea6fa3c724755f9864""]","[""0x119bb5b05d026a441a51d331d2e813d4a51e2ca676f9919b728dde31c94dc798"",""0xdd364115eefd88d44ddca902abb962bd1038efc911e81847f0d1911029cb83fc"",""0x281cd26d80e9cd95f098908b641c2534121c033c47795850d88fdab6f04f2af0"",""0xdabbd1bf365dd83a0175d5e359d11f8d109116b0745646ef8d2c6a2efcf851df"",""0xbf11d678dcdece15f7824e21c504ec11500448bd6eb50749dea8bda81bf85a81"",""0xf5162966dbd2c8c3b2195e7ee9c5e46a8dd1715287d079a5b92d312ca24045cd"",""0x27f6a02165b673e7008df197e38e096214cfb8e24d4ed54d9d7086bd62eb23c1"",""0x68fb332560fdf6ea1d74d8c4bfc3ff952f79df911ac17e478862c0aa1c736db3"",""0x262e2e527250bfc9fea90edce78f93b95ce16f345766eb2534ba2fb39906d951"",""0x01829fcc6d779d94ee869f97379c6516562dc7f8b74938742ffefe6b09b93fbc""]","[""0x119bb5b05d026a441a51d331d2e813d4a51e2ca676f9919b728dde31c94dc798"",""0xdd364115eefd88d44ddca902abb962bd1038efc911e81847f0d1911029cb83fc"",""0xbf11d678dcdece15f7824e21c504ec11500448bd6eb50749dea8bda81bf85a81"",""0x27f6a02165b673e7008df197e38e096214cfb8e24d4ed54d9d7086bd62eb23c1"",""0x01829fcc6d779d94ee869f97379c6516562dc7f8b74938742ffefe6b09b93fbc""]",0,0,1,0,0,0,0.5
bstpstaking511mfadd38bd,valid,,5,1,1,mfadd38bd,100,10,10,"[""0x6b84de292cb6e3be779d6288c69c6a070bba523a2317a4d294c1616e10f137ed"",""0x29eba7ba49866efd89a8dce8d84688734eb0b4b198d4992b288b36b31540c8dc"",""0x49e5774ab139905928ff21d948254adc70aa28ff5eea2ac796f32b0549b267a3"",""0x9a0ed5a06fb6051d9a659f829e57ea0e382f714cb43d55efaa317c69cfae14ee"",""0xa54b85ebaf38eb5f32e60aa26864d749276b396904eaac8eab33cb17c7bc5e92"",""0x0a7371a2c1e6c70d61108c0a57cc2e5e32dd7446653a538101a8ad02258c75e7"",""0x3bc3450b1ac77b125898b4ba83f10fd309b5346e6d043755308e7298ca049c69"",""0xd9d0a742f62ad462d4a2fff844f4b669d68bb2176bf7ed54a5ba0bac92f04fb8"",""0x1329131f4a5422258eaf845f15f716759457667e7983130e2b8f074c4ef2b0ac"",""0x36f1f5f66e7e3ee6e62c64a7deec563fcef8e1bffe5a3280e83228b5db5f862e""]","[""0x71a93113087b01233d6a75b25863b56cc2d4ca947f24a3540208f7d1f5e5efbf"",""0xfd6b6381e462eb69a90451498acc82533df2612f7e00141667dbce964caa982e"",""0x505f78474c398814eb0ba0cc3c08f6129e12bf16431876853283a43beac9d141"",""0x3c4ef3727c5acae7ca4976ecf767571e18ac1b70a4aad2ac4f7b9139bcfc987d"",""0x60642c6a8412d200a3413c5426afef17f3d72d45fadaf5cdde98b783893518ec"",""0x1fd6cd46a30ebaf43fddfe1aa0f8499987a4d3e3a687e3b577d2d1f1bf4d9e77"",""0x429b49322f39406d28f591c75e8222ecd51db05a599ec5d128466346627eb705"",""0xae105f7f87da768b512fdfdb98a0fbf6131d1571893bb99b9a0ab477ff1702c2"",""0x353fcfc68b913bba883a1cbe437235257a5567ace334e692406b2239896cc845"",""0x7c9cdb9fd07a0e95dd225ef751470ce88b43ad6e9e209b3b95404c7a6849e39b""]",[],0,0,1,0,0,0,0
bstpstaking512m02a43993,valid,,5,1,2,m02a43993,100,10,10,"[""0xb1d52412675094b54611913899744bda3aa3c67ce51c9e9d61d8a49d9cc84caf"",""0x92c0efa8758ff02dd06dfd438cd6612b6e3590f9c8b7c0932fd418903855a478"",""0x80288ad5dc62d58560df110a3535af497449f9f6f4f71e34500b9f5045943ea7"",""0x90ecb607bbb48b913aefe5003509412fcdc1a78708f7390fad1c6953be606038"",""0xcd09dc92e8736934e461988f29064ea4e49ccc41310e47a797ab8e787536e77d"",""0x6940f8c3529787bcfbcbf21fa64207221930bb64f69f1727136674443bba43aa"",""0xc55affca1215c084bf128ba0988f72307688e82dad27f78deb20fcd099ee6cfd"",""0x6102d8836bcf84297d87a7251b6d1c39b7353b37e4b40713e718b5b1442e75d8"",""0xbf8c1230d97d1734b786b3a58bf3b629894750bf1d7c2e0dadf3021d6c4a3906"",""0x6f2888caabbf7a960fdc5d61359cdc84334ccdd981d4287268a974d004b802d0""]","[""0xb1d52412675094b54611913899744bda3aa3c67ce51c9e9d61d8a49d9cc84caf"",""0x92c0efa8758ff02dd06dfd438cd6612b6e3590f9c8b7c0932fd418903855a478"",""0x80288ad5dc62d58560df110a3535af497449f9f6f4f71e34500b9f5045943ea7"",""0x90ecb607bbb48b913aefe5003509412fcdc1a78708f7390fad1c6953be606038"",""0x08c294941588d570c4ae95ce5aaf4a1592f278bd19029a2851efff2d86015692"",""0x3b5d1234f10198acc136a10dfa09fa0a1a59de504bc0d9a7c35446f692b7c07c"",""0xcd09dc92e8736934e461988f29064ea4e49ccc41310e47a797ab8e787536e77d"",""0xb002fb01be58fedcd04d5ceb2895feaf22973ac1205efed3d2db367bc6d7525b"",""0x7c40aac49a736517f5c440f9392f1683424054f2ffa6df7c2970a52c11db06ca"",""0x6940f8c3529787bcfbcbf21fa64207221930bb64f69f1727136674443bba43aa""]","[""0xb1d52412675094b54611913899744bda3aa3c67ce51c9e9d61d8a49d9cc84caf"",""0x92c0efa8758ff02dd06dfd438cd6612b6e3590f9c8b7c0932fd418903855a478"",""0x80288ad5dc62d58560df110a3535af497449f9f6f4f71e34500b9f5045943ea7"",""0x90ecb607bbb48b913aefe5003509412fcdc1a78708f7390fad1c6953be606038"",""0xcd09dc92e8736934e461988f29064ea4e49ccc41310e47a797ab8e787536e77d"",""0x6940f8c3529787bcfbcbf21fa64207221930bb64f69f1727136674443bba43aa""]",0,0,1,0,0,0,0.6
bstpstaking512m069a3556,valid,,5,1,2,m069a3556,100,10,10,"[""0xc07123b97e3b7fb310541633f72936c40f21f7a507de51256f9c4a68505fe755"",""0x8e6d012480045e4b5a348cba18c36cd7dce2c03e104f31bee2ef673ed479f9b9"",""0xa96998d7482d5388fcfec7817656589c7dde92c5b5de8b537cd15bd1e45bf003"",""0x4acba4a5ab48bdfacfcc47ef590afc21b1b89482935b5ef5073139a71872cd91"",""0xa975691b986b4bd9a07e89ed53334e6673ad17210c80a7171fc789ad9a6c2241"",""0x48ba115d52a62585dc5bd5adf927ddd89f36a37b833979456398a75ce137082d"",""0xd5166cc672f96a8e49f42526120aea87115f34d3352f0d3da796678b2b76ddaf"",""0x29187244faabe50ff12772179ed1ed96c1b01fa42be46986e36d7235bdee020e"",""0xe22ef03d5976dc26e1371738b4110f432fbf6c75432960d773ffe877f4ca0e5d"",""0x09e0d4aa66c3f8d8b249572c8e482eda6bbf73dc3a83e475aae2f79eafc24e12""]","[""0x230550ee2f183f79fbee87b09e6157a7bfd65abfefa14a749660749b7fa0d6b4"",""0xe5da0f8dfb6b491adb9c38f755f10e08bd498ab5979036394be3930984053206"",""0x505f78474c398814eb0ba0cc3c08f6129e12bf16431876853283a43beac9d141"",""0x281cd26d80e9cd95f098908b641c2534121c033c47795850d88fdab6f04f2af0"",""0x12c0e8caa1bce7d499cbbbc665fbb364c09cd2977856fe2bf0027b9c600b9022"",""0x8d357dcd4a7c14d4a0f33a6d36f83ab30a8caad65d222d503f46d94d277f7c24"",""0xcd6d08f520a5a6aebaa079033393b6393e347445be26d2c107e8d7ee03c8f13c"",""0xd7531695dcd358a4f56787acbbd65565a09fc63eff941ad49498daeb1ae38f44"",""0x429b49322f39406d28f591c75e8222ecd51db05a599ec5d128466346627eb705"",""0x86ae1d3cfed9f994a673ca32c9ebb44c1b77c8c3781c16a0f6486fea4611ee5b""]",[],0,0,1,0,0,0,0
bstpstaking512m1a5bd173,valid,,5,1,2,m1a5bd173,100,10,10,"[""0xc6a97d34bb42db0a2411ee2a04a39e1a349ac46d0facc8d8aba2ac45c1b9eee0"",""0x463a6d79a1b14e1245e8a22a93eae203235f05c5835dce53dd44083cfce2ddb1"",""0x2810a2647fc8a040ec0828691316e1d0e1363d42f47f3bf80e2accb7bae8de17"",""0x1450a2ad54db1f6259714cc9ac588cd99a4c4c03f9526698ab2fa1de7df5a66e"",""0x803c04e9d0b2c4e90a99c31dd8519bf915308014ab129a6ef5635c5707119a44"",""0x33da2b3594ef9db6bcb504fb42dbeb618bd4744bad06118ab8bdb7d67bdff688"",""0x2124486dc85b8c57fc4d5e0a9f55e30add471fe3180fcfe101410d17e1eff055"",""0x1f25f99c6d1f24e05ff014d5cc531a97eb7d5bfb2e2ed27087821aad87f4f722"",""0xbf6489a08a8745746e35f77a052c289ef563ae490967385f26a3f35520ef5dbd"",""0xe616fc0752144c71243d8601d738cd50f867bcaff31e59161cbc92d52fdb7c55""]","[""0x16a4b9d56a3ab5e2ef284d0e822e6707757b125228793b37bc9e037802da9d9b"",""0x86ae1d3cfed9f994a673ca32c9ebb44c1b77c8c3781c16a0f6486fea4611ee5b"",""0xa4a5871d752ffcf82f0971f07904f7cdd34150574ae793fcf1bff93d1aa06ff0"",""0xaa8fad824a174e57accf11eb34b23d020d6aa685da1925b1c30a611ffdb95a0e"",""0x80e64594a9d4fad2c6617c96707f6c9a1a78970b22d16066311be57b6d24a7da"",""0x39700501189242fe3b7185fd03a5cace111de24b0c6b66471be82d30bc72ec27"",""0x7634f8326375f99ebfd7a8b203b7442a56b18cf7dc73f6238abd4122e8090b86"",""0x6ea2e4d3921eb79867ba52b40ba2fdf4df2de7e307f65f7742bf9f3bdb48a96c"",""0xe2c89165b1663cbef76d4db4aff33d030d5826b8a643a445b8531c288e7745fd"",""0x60642c6a8412d200a3413c5426afef17f3d72d45fadaf5cdde98b783893518ec""]",[],0,0,1,0,0,0,0
bstpstaking512m30fd2845,valid,,5,1,2,m30fd2845,100,10,10,"[""0x73d6c0efd0550ca38510ec910998f28c5f57de699ed4f4eab13ed86d90fb6b07"",""0x16a4b9d56a3ab5e2ef284d0e822e6707757b125228793b37bc9e037802da9d9b"",""0xe9bff1484b60de522b5fda8d2a44f33f1ba6a17ca2db76472f469a91f2245a8b"",""0x7c9cdb9fd07a0e95dd225ef751470ce88b43ad6e9e209b3b95404c7a6849e39b"",""0xb3788db79f3ad700a3cc134a27acbcec7a0a587ffbcdf5927faa24e5c362d493"",""0xc2467251882eb44d5415c8fddda0ba28022dedaeeca039a9fa1e56bb4cb2aba3"",""0xea69777677b59561b3782267ef6a65d6e0f38e1fea58f1ece52358972347edb0"",""0x68fb332560fdf6ea1d74d8c4bfc3ff952f79df911ac17e478862c0aa1c736db3"",""0x9920c06a362172692e96bab008e569caa257aaec2c8f130f3564a55f2f52357b"",""0x262e2e527250bfc9fea90edce78f93b95ce16f345766eb2534ba2fb39906d951""]","[""0x73d6c0efd0550ca38510ec910998f28c5f57de699ed4f4eab13ed86d90fb6b07"",""0x16a4b9d56a3ab5e2ef284d0e822e6707757b125228793b37bc9e037802da9d9b"",""0xe9bff1484b60de522b5fda8d2a44f33f1ba6a17ca2db76472f469a91f2245a8b"",""0x7c9cdb9fd07a0e95dd225ef751470ce88b43ad6e9e209b3b95404c7a6849e39b"",""0xb3788db79f3ad700a3cc134a27acbcec7a0a587ffbcdf5927faa24e5c362d493"",""0xc2467251882eb44d5415c8fddda0ba28022dedaeeca039a9fa1e56bb4cb2aba3"",""0xea69777677b59561b3782267ef6a65d6e0f38e1fea58f1ece52358972347edb0"",""0x68fb332560fdf6ea1d74d8c4bfc3ff952f79df911ac17e478862c0aa1c736db3"",""0x9920c06a362172692e96bab008e569caa257aaec2c8f130f3564a55f2f52357b"",""0x262e2e527250bfc9fea90edce78f93b95ce16f345766eb2534ba2fb39906d951""]","[""0x73d6c0efd0550ca38510ec910998f28c5f57de699ed4f4eab13ed86d90fb6b07"",""0x16a4b9d56a3ab5e2ef284d0e822e6707757b125228793b37bc9e037802da9d9b"",""0xe9bff1484b60de522b5fda8d2a44f33f1ba6a17ca2db76472f469a91f2245a8b"",""0x7c9cdb9fd07a0e95dd225ef751470ce88b43ad6e9e209b3b95404c7a6849e39b"",""0xb3788db79f3ad700a3cc134a27acbcec7a0a587ffbcdf5927faa24e5c362d493"",""0xc2467251882eb44d5415c8fddda0ba28022dedaeeca039a9fa1e56bb4cb2aba3"",""0xea69777677b59561b3782267ef6a65d6e0f38e1fea58f1ece52358972347edb0"",""0x68fb332560fdf6ea1d74d8c4bfc3ff952f79df911ac17e478862c0aa1c736db3"",""0x9920c06a362172692e96bab008e569caa257aaec2c8f130f3564a55f2f52357b"",""0x262e2e527250bfc9fea90edce78f93b95ce16f345766eb2534ba2fb39906d951""]",0,0,1,0,0,0,1
bstpstaking512m33799275,valid,,5,1,2,m33799275,100,10,10,"[""0xcd09dc92e8736934e461988f29064ea4e49ccc41310e47a797ab8e787536e77d"",""0xfd70d4311b5768c6b6bf7ecd75518b0b26ba2529cb7cf75e450bca9f0d366daa"",""0xa7831feb3b6ce91bfea938682651e70d662f1266659cbce6eaf0526e45512a68"",""0x29eba7ba49866efd89a8dce8d84688734eb0b4b198d4992b288b36b31540c8dc"",""0x8945bcc45087a8bfb2e18a5306781be29a69dbac49c73ab68b0d6c56a67bc0f9"",""0x5b677b1ca640fe2fa90ccb13036a107a5177af4f0b0bd5ed853ac029e427d019"",""0x8cc4b8cdcb727613f2378e83b1e459ef38061ac468dcb3d02730b17ef2a02673"",""0x106ecf713381cc7ee659b224caebb8c2d8402304fcc03cc12f04d9acb19beb31"",""0x49e5774ab139905928ff21d948254adc70aa28ff5eea2ac796f32b0549b267a3"",""0xf0972d9aa3b273f2d3cf65a082bf76d56bdf9ccf2ac70fff04b0e874dc1d469d""]","[""0xcd09dc92e8736934e461988f29064ea4e49ccc41310e47a797ab8e787536e77d"",""0xfd70d4311b5768c6b6bf7ecd75518b0b26ba2529cb7cf75e450bca9f0d366daa"",""0xa7831feb3b6ce91bfea938682651e70d662f1266659cbce6eaf0526e45512a68"",""0x29eba7ba49866efd89a8dce8d84688734eb0b4b198d4992b288b36b31540c8dc"",""0x2c6db858294994968533795d44c86dc8f050d3652066b8ceadf9d3b73dc7d902"",""0x8945bcc45087a8bfb2e18a5306781be29a69dbac49c73ab68b0d6c56a67bc0f9"",""0x5b677b1ca640fe2fa90ccb13036a107a5177af4f0b0bd5ed853ac029e427d019"",""0x8cc4b8cdcb727613f2378e83b1e459ef38061ac468dcb3d02730b17ef2a02673"",""0x49e5774ab139905928ff21d948254adc70aa28ff5eea2ac796f32b0549b267a3"",""0x106ecf713381cc7ee659b224caebb8c2d8402304fcc03cc12f04d9acb19beb31""]","[""0xcd09dc92e8736934e461988f29064ea4e49ccc41310e47a797ab8e787536e77d"",""0xfd70d4311b5768c6b6bf7ecd75518b0b26ba2529cb7cf75e450bca9f0d366daa"",""0xa7831feb3b6ce91bfea938682651e70d662f1266659cbce6eaf0526e45512a68"",""0x29eba7ba49866efd89a8dce8d84688734eb0b4b198d4992b288b36b31540c8dc"",""0x8945bcc45087a8bfb2e18a5306781be29a69dbac49c73ab68b0d6c56a67bc0f9"",""0x5b677b1ca640fe2fa90ccb13036a107a5177af4f0b0bd5ed853ac029e427d019"",""0x8cc4b8cdcb727613f2378e83b1e459ef38061ac468dcb3d02730b17ef2a02673"",""0x106ecf713381cc7ee659b224caebb8c2d8402304fcc03cc12f04d9acb19beb31"",""0x49e5774ab139905928ff21d948254adc70aa28ff5eea2ac796f32b0549b267a3""]",0,0,1,0,0,0,0.9
bstpstaking512m3b4969fb,invalid,error_duplicates,5,1,2,m3b4969fb,100,10,10,"[""0xb002fb01be58fedcd04d5ceb2895feaf22973ac1205efed3d2db367bc6d7525b"",""0x106ecf713381cc7ee659b224caebb8c2d8402304fcc03cc12f04d9acb19beb31"",""0x682175835b69fee8ca4e1000194ccf6067372d31c29aa0c1fb86d118274fe35f"",""0xc242c986f95f7cb745f870b1e292c03f57e59c36e809d37eb00cc8d235b22c5a"",""0x6a735d9199bcfde6d540397f0c81a9225ad8520e39847b9a367e7dd94565137d"",""0x4f70045f96345b6154f2e63f3fe4b06b6e40108aedcdd3afc6a66ea75fc3da24"",""0xffb33d2d1648788432430e96a9706f35a4dcfe30d45dd0e99a1eaf7e59ab6aeb"",""0xcfdc62eb5da1c0cc9f61c08540ca22833a6530d40de956ae254be5b1e0b59d74"",""0x5b677b1ca640fe2fa90ccb13036a107a5177af4f0b0bd5ed853ac029e427d019"",""0xffb33d2d1648788432430e96a9706f35a4dcfe30d45dd0e99a1eaf7e59ab6aeb""]","[""0xb002fb01be58fedcd04d5ceb2895feaf22973ac1205efed3d2db367bc6d7525b"",""0x106ecf713381cc7ee659b224caebb8c2d8402304fcc03cc12f04d9acb19beb31"",""0x682175835b69fee8ca4e1000194ccf6067372d31c29aa0c1fb86d118274fe35f"",""0xc242c986f95f7cb745f870b1e292c03f57e59c36e809d37eb00cc8d235b22c5a"",""0x4c896b9c75e38294c3a07ab4ccb18852996db2708540195223e428ddf09d38a0"",""0x6a735d9199bcfde6d540397f0c81a9225ad8520e39847b9a367e7dd94565137d"",""0x4f70045f96345b6154f2e63f3fe4b06b6e40108aedcdd3afc6a66ea75fc3da24"",""0xffb33d2d1648788432430e96a9706f35a4dcfe30d45dd0e99a1eaf7e59ab6aeb"",""0xcfdc62eb5da1c0cc9f61c08540ca22833a6530d40de956ae254be5b1e0b59d74"",""0x5b677b1ca640fe2fa90ccb13036a107a5177af4f0b0bd5ed853ac029e427d019""]","[""0xb002fb01be58fedcd04d5ceb2895feaf22973ac1205efed3d2db367bc6d7525b"",""0x106ecf713381cc7ee659b224caebb8c2d8402304fcc03cc12f04d9acb19beb31"",""0x682175835b69fee8ca4e1000194ccf6067372d31c29aa0c1fb86d118274fe35f"",""0xc242c986f95f7cb745f870b1e292c03f57e59c36e809d37eb00cc8d235b22c5a"",""0x6a735d9199bcfde6d540397f0c81a9225ad8520e39847b9a367e7dd94565137d"",""0x4f70045f96345b6154f2e63f3fe4b06b6e40108aedcdd3afc6a66ea75fc3da24"",""0xffb33d2d1648788432430e96a9706f35a4dcfe30d45dd0e99a1eaf7e59ab6aeb"",""0xcfdc62eb5da1c0cc9f61c08540ca22833a6530d40de956ae254be5b1e0b59d74"",""0x5b677b1ca640fe2fa90ccb13036a107a5177af4f0b0bd5ed853ac029e427d019"",""0xffb33d2d1648788432430e96a9706f35a4dcfe30d45dd0e99a1eaf7e59ab6aeb""]",0,0,1,0,0,0.09999999999999998,1
bstpstaking512m4239fd1c,valid,,5,1,2,m4239fd1c,100,10,10,"[""0x483e0faacc32045385006ac1d42d028b103a2e2e02f320e20037d0d36be54907"",""0x89c823bf9976eb820ef3b2041267ad2c6eed1f83e2ab87cdc4bf9577cff5a748"",""0x3c97283efec66e1a5ec8437966e087338da20f0aad3723d41d52c67328f7efe4"",""0x6940f8c3529787bcfbcbf21fa64207221930bb64f69f1727136674443bba43aa"",""0x106ecf713381cc7ee659b224caebb8c2d8402304fcc03cc12f04d9acb19beb31"",""0x90ecb607bbb48b913aefe5003509412fcdc1a78708f7390fad1c6953be606038"",""0xb7eba087f5cc24fe2d08675f1cd5a26ebf3fd48642175807fccde9db3ffb3752"",""0xdf845dfbd70267c5c523805713303d6f4b7b91d97219e28f0508b46315e5e0e2"",""0xd9067ec22c0a52c0bf051e10e841161ac9d25bfedf069957979cc6f267cb6324"",""0x8a5fc9c813f0cbb1fbb3c86b71678b733f90197cd9b0fec7ef5b2e74d2827527""]","[""0x483e0faacc32045385006ac1d42d028b103a2e2e02f320e20037d0d36be54907"",""0x89c823bf9976eb820ef3b2041267ad2c6eed1f83e2ab87cdc4bf9577cff5a748"",""0x3c97283efec66e1a5ec8437966e087338da20f0aad3723d41d52c67328f7efe4"",""0x6940f8c3529787bcfbcbf21fa64207221930bb64f69f1727136674443bba43aa"",""0x106ecf713381cc7ee659b224caebb8c2d8402304fcc03cc12f04d9acb19beb31"",""0x90ecb607bbb48b913aefe5003509412fcdc1a78708f7390fad1c6953be606038"",""0xb7eba087f5cc24fe2d08675f1cd5a26ebf3fd48642175807fccde9db3ffb3752"",""0xdf845dfbd70267c5c523805713303d6f4b7b91d97219e28f0508b46315e5e0e2"",""0x8a5fc9c813f0cbb1fbb3c86b71678b733f90197cd9b0fec7ef5b2e74d2827527"",""0xd9067ec22c0a52c0bf051e10e841161ac9d25bfedf069957979cc6f267cb6324""]","[""0x483e0faacc32045385006ac1d42d028b103a2e2e02f320e20037d0d36be54907"",""0x89c823bf9976eb820ef3b2041267ad2c6eed1f83e2ab87cdc4bf9577cff5a748"",""0x3c97283efec66e1a5ec8437966e087338da20f0aad3723d41d52c67328f7efe4"",""0x6940f8c3529787bcfbcbf21fa64207221930bb64f69f1727136674443bba43aa"",""0x106ecf713381cc7ee659b224caebb8c2d8402304fcc03cc12f04d9acb19beb31"",""0x90ecb607bbb48b913aefe5003509412fcdc1a78708f7390fad1c6953be606038"",""0xb7eba087f5cc24fe2d08675f1cd5a26ebf3fd48642175807fccde9db3ffb3752"",""0xdf845dfbd70267c5c523805713303d6f4b7b91d97219e28f0508b46315e5e0e2"",""0xd9067ec22c0a52c0bf051e10e841161ac9d25bfedf069957979cc6f267cb6324"",""0x8a5fc9c813f0cbb1fbb3c86b71678b733f90197cd9b0fec7ef5b2e74d2827527""]",0,0,1,0,0,0,1
bstpstaking512m61fde19d,valid,,5,1,2,m61fde19d,100,10,10,"[""0x8a5fc9c813f0cbb1fbb3c86b71678b733f90197cd9b0fec7ef5b2e74d2827527"",""0xa7831feb3b6ce91bfea938682651e70d662f1266659cbce6eaf0526e45512a68"",""0x12c0e8caa1bce7d499cbbbc665fbb364c09cd2977856fe2bf0027b9c600b9022"",""0x68fb332560fdf6ea1d74d8c4bfc3ff952f79df911ac17e478862c0aa1c736db3"",""0xe2c89165b1663cbef76d4db4aff33d030d5826b8a643a445b8531c288e7745fd"",""0x06442c0ccc9ab367282f06426924517e0a49c25e50a492ad91aecc55b655f458"",""0xaa8fad824a174e57accf11eb34b23d020d6aa685da1925b1c30a611ffdb95a0e"",""0x230550ee2f183f79fbee87b09e6157a7bfd65abfefa14a749660749b7fa0d6b4"",""0x37890a125406e5e42ba213b40b55685bc6c328fc0106903b123b70d8312c1000"",""0x39700501189242fe3b7185fd03a5cace111de24b0c6b66471be82d30bc72ec27""]","[""0x69f76a6458130c9ded5a13a31db3715ca829f4a679d617f3e492b9116677d10c"",""0xdabbd1bf365dd83a0175d5e359d11f8d109116b0745646ef8d2c6a2efcf851df"",""0x281d75ca73c64a8633ed60198d5e953cc41cba8132bf7dfc97a978d37dd83726"",""0x7c9cdb9fd07a0e95dd225ef751470ce88b43ad6e9e209b3b95404c7a6849e39b"",""0xfd6b6381e462eb69a90451498acc82533df2612f7e00141667dbce964caa982e"",""0x8d357dcd4a7c14d4a0f33a6d36f83ab30a8caad65d222d503f46d94d277f7c24"",""0x37890a125406e5e42ba213b40b55685bc6c328fc0106903b123b70d8312c1000"",""0x06442c0ccc9ab367282f06426924517e0a49c25e50a492ad91aecc55b655f458"",""0xe5da0f8dfb6b491adb9c38f755f10e08bd498ab5979036394be3930984053206"",""0xe2c89165b1663cbef76d4db4aff33d030d5826b8a643a445b8531c288e7745fd""]","[""0xe2c89165b1663cbef76d4db4aff33d030d5826b8a643a445b8531c288e7745fd"",""0x06442c0ccc9ab367282f06426924517e0a49c25e50a492ad91aecc55b655f458"",""0x37890a125406e5e42ba213b40b55685bc6c328fc0106903b123b70d8312c1000""]",0,0,1,0,0,0,0.3
bstpstaking512m6489f990,valid,,5,1,2,m6489f990,100,10,10,"[""0x8e0fe0f656e916603b21dfc46871616ecb7b642b28e5d883d2c499a8c5e837e1"",""0x34a4d8937f3354a8c46b9c2b29c4ce9f1ea8d0bcdf66b5633b3e24cfd92ed2d9"",""0x795399050aae731a8fb0651e6f99b4eaee8db493bd96ff86da6f6fa03c04b181"",""0x8dfdc5cf3cb02e7e591f87507f529f23ace45f23d37d2cc53a0be7ae48327735"",""0x55438b3cc8a7b8feb076576689edb0eb929cc5e619c8e3081ca280d3e78956fa"",""0xfd20133ec486c0ab3acaa7eedcd7170e5c17ac4821e7f799014bf5ac5d4a15d6"",""0x548a6d0e11a56a2f3c816358d5a6d33f238307fda325329c3fef19c266a0ad45"",""0xc2ffac38150fc2e08a11fe55ee74c9abd7af09e9ed476faaf590e2cc957e47d9"",""0xc9934edef10f228ceae43f18632ddd98051ed4be2403be15d14f2186731c579d"",""0xafa9938236b1684d4285e0eed9ec046b0a0bb88755b62b6a7bdf2a7963971aba""]","[""0x73d6c0efd0550ca38510ec910998f28c5f57de699ed4f4eab13ed86d90fb6b07"",""0x3c4ef3727c5acae7ca4976ecf767571e18ac1b70a4aad2ac4f7b9139bcfc987d"",""0x8e6ed61f936c34115ed64b52efb53b493d279f72a1ed2c1dde342f98dfc9178d"",""0x01829fcc6d779d94ee869f97379c6516562dc7f8b74938742ffefe6b09b93fbc"",""0x262e2e527250bfc9fea90edce78f93b95ce16f345766eb2534ba2fb39906d951"",""0xaa8fad824a174e57accf11eb34b23d020d6aa685da1925b1c30a611ffdb95a0e"",""0x429b49322f39406d28f591c75e8222ecd51db05a599ec5d128466346627eb705"",""0x08c294941588d570c4ae95ce5aaf4a1592f278bd19029a2851efff2d86015692"",""0x6ea2e4d3921eb79867ba52b40ba2fdf4df2de7e307f65f7742bf9f3bdb48a96c"",""0x281cd26d80e9cd95f098908b641c2534121c033c47795850d88fdab6f04f2af0""]",[],0,0,1,0,0,0,0
bstpstaking512m652a5fba,valid,,5,1,2,m652a5fba,100,10,10,"[""0x5b677b1ca640fe2fa90ccb13036a107a5177af4f0b0bd5ed853ac029e427d019"",""0xd9067ec22c0a52c0bf051e10e841161ac9d25bfedf069957979cc6f267cb6324"",""0x2c6db858294994968533795d44c86dc8f050d3652066b8ceadf9d3b73dc7d902"",""0x98383544e422fe17027cdac418f09337309386a10806b8ee02c8d32713923a8e"",""0x3c97283efec66e1a5ec8437966e087338da20f0aad3723d41d52c67328f7efe4"",""0x4c896b9c75e38294c3a07ab4ccb18852996db2708540195223e428ddf09d38a0"",""0x932383665799c1241f674264478c7dbdc9dbecd0c1d33b2034e91903326669df"",""0x0a363f73ac86187864f54390fdd7c779dfc66601f6a87f2d44a62f2ebe20bba6"",""0xf20044530a00f3ce01978e551665588daa5e0c4d8b27ef52664185c922b158c3"",""0x2e2176b2d4f7965200c92c00af4ff1f18cfa259c652d11ff40b7b1ea7ec8b5f8""]","[""0x5b677b1ca640fe2fa90ccb13036a107a5177af4f0b0bd5ed853ac029e427d019"",""0xd9067ec22c0a52c0bf051e10e841161ac9d25bfedf069957979cc6f267cb6324"",""0x2c6db858294994968533795d44c86dc8f050d3652066b8ceadf9d3b73dc7d902"",""0xb65630e7129a1fecafdca9eb7dbe53130a12b5d3e2e984bbf9c9a5399c6cc30f"",""0x39700501189242fe3b7185fd03a5cace111de24b0c6b66471be82d30bc72ec27"",""0x856f01151a1c15aa053c920c11f2f4a193b3ed4250c6ee2ebf77c3390fe0f275"",""0x98383544e422fe17027cdac418f09337309386a10806b8ee02c8d32713923a8e"",""0x3c97283efec66e1a5ec8437966e087338da20f0aad3723d41d52c67328f7efe4"",""0x4c896b9c75e38294c3a07ab4ccb18852996db2708540195223e428ddf09d38a0"",""0x932383665799c1241f674264478c7dbdc9dbecd0c1d33b2034e91903326669df""]","[""0x5b677b1ca640fe2fa90ccb13036a107a5177af4f0b0bd5ed853ac029e427d019"",""0xd9067ec22c0a52c0bf051e10e841161ac9d25bfedf069957979cc6f267cb6324"",""0x2c6db858294994968533795d44c86dc8f050d3652066b8ceadf9d3b73dc7d902"",""0x98383544e422fe17027cdac418f09337309386a10806b8ee02c8d32713923a8e"",""0x3c97283efec66e1a5ec8437966e087338da20f0aad3723d41d52c67328f7efe4"",""0x4c896b9c75e38294c3a07ab4ccb18852996db2708540195223e428ddf09d38a0"",""0x932383665799c1241f674264478c7dbdc9dbecd0c1d33b2034e91903326669df""]",0,0,1,0,0,0,0.7
bstpstaking512m66488430,valid,,5,1,2,m66488430,100,10,10,"[""0xc3b0696840352e2a25a87160f85c766cba4c6b9424a40ded6b5e2eb28f9215f6"",""0xfc9bec6e17e3d34235748a04c8a772f602b2283e2946d9f68c2ed62bcdd2cd85"",""0x4f70045f96345b6154f2e63f3fe4b06b6e40108aedcdd3afc6a66ea75fc3da24"",""0xb1d52412675094b54611913899744bda3aa3c67ce51c9e9d61d8a49d9cc84caf"",""0x90ecb607bbb48b913aefe5003509412fcdc1a78708f7390fad1c6953be606038"",""0x6b84de292cb6e3be779d6288c69c6a070bba523a2317a4d294c1616e10f137ed"",""0xffb33d2d1648788432430e96a9706f35a4dcfe30d45dd0e99a1eaf7e59ab6aeb"",""0x7c40aac49a736517f5c440f9392f1683424054f2ffa6df7c2970a52c11db06ca"",""0xcd09dc92e8736934e461988f29064ea4e49ccc41310e47a797ab8e787536e77d"",""0x7a913a3ee9a3da44acaae712276a593c843c3e10aba5feef39839618479930ff""]","[""0xc3b0696840352e2a25a87160f85c766cba4c6b9424a40ded6b5e2eb28f9215f6"",""0xfc9bec6e17e3d34235748a04c8a772f602b2283e2946d9f68c2ed62bcdd2cd85"",""0x7c40aac49a736517f5c440f9392f1683424054f2ffa6df7c2970a52c11db06ca"",""0xcd09dc92e8736934e461988f29064ea4e49ccc41310e47a797ab8e787536e77d"",""0x92c0efa8758ff02dd06dfd438cd6612b6e3590f9c8b7c0932fd418903855a478"",""0x4f70045f96345b6154f2e63f3fe4b06b6e40108aedcdd3afc6a66ea75fc3da24"",""0xb1d52412675094b54611913899744bda3aa3c67ce51c9e9d61d8a49d9cc84caf"",""0x90ecb607bbb48b913aefe5003509412fcdc1a78708f7390fad1c6953be606038"",""0xffb33d2d1648788432430e96a9706f35a4dcfe30d45dd0e99a1eaf7e59ab6aeb"",""0x6b84de292cb6e3be779d6288c69c6a070bba523a2317a4d294c1616e10f137ed""]","[""0xc3b0696840352e2a25a87160f85c766cba4c6b9424a40ded6b5e2eb28f9215f6"",""0xfc9bec6e17e3d34235748a04c8a772f602b2283e2946d9f68c2ed62bcdd2cd85"",""0x4f70045f96345b6154f2e63f3fe4b06b6e40108aedcdd3afc6a66ea75fc3da24"",""0xb1d52412675094b54611913899744bda3aa3c67ce51c9e9d61d8a49d9cc84caf"",""0x90ecb607bbb48b913aefe5003509412fcdc1a78708f7390fad1c6953be606038"",""0x6b84de292cb6e3be779d6288c69c6a070bba523a2317a4d294c1616e10f137ed"",""0xffb33d2d1648788432430e96a9706f35a4dcfe30d45dd0e99a1eaf7e59ab6aeb"",""0x7c40aac49a736517f5c440f9392f1683424054f2ffa6df7c2970a52c11db06ca"",""0xcd09dc92e8736934e461988f29064ea4e49ccc41310e47a797ab8e787536e77d""]",0,0,1,0,0,0,0.9
bstpstaking512m6e7de01e,valid,,5,1,2,m6e7de01e,100,10,10,"[""0x7c9cdb9fd07a0e95dd225ef751470ce88b43ad6e9e209b3b95404c7a6849e39b"",""0x353fcfc68b913bba883a1cbe437235257a5567ace334e692406b2239896cc845"",""0xaa8fad824a174e57accf11eb34b23d020d6aa685da1925b1c30a611ffdb95a0e"",""0x3c4ef3727c5acae7ca4976ecf767571e18ac1b70a4aad2ac4f7b9139bcfc987d"",""0xcd6d08f520a5a6aebaa079033393b6393e347445be26d2c107e8d7ee03c8f13c"",""0x281cd26d80e9cd95f098908b641c2534121c033c47795850d88fdab6f04f2af0"",""0xdd364115eefd88d44ddca902abb962bd1038efc911e81847f0d1911029cb83fc"",""0xd7531695dcd358a4f56787acbbd65565a09fc63eff941ad49498daeb1ae38f44"",""0x66dc91c1375c97a345396b765a31f83a172cf55a43b176b21f6e7ca8e695b9fd"",""0xe2c89165b1663cbef76d4db4aff33d030d5826b8a643a445b8531c288e7745fd""]","[""0x7c9cdb9fd07a0e95dd225ef751470ce88b43ad6e9e209b3b95404c7a6849e39b"",""0x353fcfc68b913bba883a1cbe437235257a5567ace334e692406b2239896cc845"",""0xaa8fad824a174e57accf11eb34b23d020d6aa685da1925b1c30a611ffdb95a0e"",""0x3c4ef3727c5acae7ca4976ecf767571e18ac1b70a4aad2ac4f7b9139bcfc987d"",""0xcd6d08f520a5a6aebaa079033393b6393e347445be26d2c107e8d7ee03c8f13c"",""0x281cd26d80e9cd95f098908b641c2534121c033c47795850d88fdab6f04f2af0"",""0xdd364115eefd88d44ddca902abb962bd1038efc911e81847f0d1911029cb83fc"",""0xe2c89165b1663cbef76d4db4aff33d030d5826b8a643a445b8531c288e7745fd"",""0x66dc91c1375c97a345396b765a31f83a172cf55a43b176b21f6e7ca8e695b9fd"",""0xd7531695dcd358a4f56787acbbd65565a09fc63eff941ad49498daeb1ae38f44""]","[""0x7c9cdb9fd07a0e95dd225ef751470ce88b43ad6e9e209b3b95404c7a6849e39b"",""0x353fcfc68b913bba883a1cbe437235257a5567ace334e692406b2239896cc845"",""0xaa8fad824a174e57accf11eb34b23d020d6aa685da1925b1c30a611ffdb95a0e"",""0x3c4ef3727c5acae7ca4976ecf767571e18ac1b70a4aad2ac4f7b9139bcfc987d"",""0xcd6d08f520a5a6aebaa079033393b6393e347445be26d2c107e8d7ee03c8f13c"",""0x281cd26d80e9cd95f098908b641c2534121c033c47795850d88fdab6f04f2af0"",""0xdd364115eefd88d44ddca902abb962bd1038efc911e81847f0d1911029cb83fc"",""0xd7531695dcd358a4f56787acbbd65565a09fc63eff941ad49498daeb1ae38f44"",""0x66dc91c1375c97a345396b765a31f83a172cf55a43b176b21f6e7ca8e695b9fd"",""0xe2c89165b1663cbef76d4db4aff33d030d5826b8a643a445b8531c288e7745fd""]",0,0,1,0,0,0,1
bstpstaking512m7dfad905,valid,,5,1,2,m7dfad905,100,10,10,"[""0x106ecf713381cc7ee659b224caebb8c2d8402304fcc03cc12f04d9acb19beb31"",""0xfd70d4311b5768c6b6bf7ecd75518b0b26ba2529cb7cf75e450bca9f0d366daa"",""0xe70b739d2c9d746514eb24b9ed0d3b51448a0a5913813a2864aa9be0ec65e691"",""0xa7831feb3b6ce91bfea938682651e70d662f1266659cbce6eaf0526e45512a68"",""0xab461bed3349317736818b1dabb4b0c82cc986f81bc20a4f98abb1cf118525e2"",""0xcd09dc92e8736934e461988f29064ea4e49ccc41310e47a797ab8e787536e77d"",""0x49e5774ab139905928ff21d948254adc70aa28ff5eea2ac796f32b0549b267a3"",""0x6e53ec51854bc45ec72e747b9db61797e1b20b6c0f523a3f2ead783fd267ed91"",""0x5a75ac9917471a04dcc4a6812a11732fea6c4e59c2f0038f3446c81d2bcfa1b2"",""0x9a0ed5a06fb6051d9a659f829e57ea0e382f714cb43d55efaa317c69cfae14ee""]","[""0x106ecf713381cc7ee659b224caebb8c2d8402304fcc03cc12f04d9acb19beb31"",""0xfd70d4311b5768c6b6bf7ecd75518b0b26ba2529cb7cf75e450bca9f0d366daa"",""0xe70b739d2c9d746514eb24b9ed0d3b51448a0a5913813a2864aa9be0ec65e691"",""0xa7831feb3b6ce91bfea938682651e70d662f1266659cbce6eaf0526e45512a68"",""0xab461bed3349317736818b1dabb4b0c82cc986f81bc20a4f98abb1cf118525e2"",""0xcd09dc92e8736934e461988f29064ea4e49ccc41310e47a797ab8e787536e77d"",""0x49e5774ab139905928ff21d948254adc70aa28ff5eea2ac796f32b0549b267a3"",""0x6e53ec51854bc45ec72e747b9db61797e1b20b6c0f523a3f2ead783fd267ed91"",""0x9a0ed5a06fb6051d9a659f829e57ea0e382f714cb43d55efaa317c69cfae14ee"",""0x80288ad5dc62d58560df110a3535af497449f9f6f4f71e34500b9f5045943ea7""]","[""0x106ecf713381cc7ee659b224caebb8c2d8402304fcc03cc12f04d9acb19beb31"",""0xfd70d4311b5768c6b6bf7ecd75518b0b26ba2529cb7cf75e450bca9f0d366daa"",""0xe70b739d2c9d746514eb24b9ed0d3b51448a0a5913813a2864aa9be0ec65e691"",""0xa7831feb3b6ce91bfea938682651e70d662f1266659cbce6eaf0526e45512a68"",""0xab461bed3349317736818b1dabb4b0c82cc986f81bc20a4f98abb1cf118525e2"",""0xcd09dc92e8736934e461988f29064ea4e49ccc41310e47a797ab8e787536e77d"",""0x49e5774ab139905928ff21d948254adc70aa28ff5eea2ac796f32b0549b267a3"",""0x6e53ec51854bc45ec72e747b9db61797e1b20b6c0f523a3f2ead783fd267ed91"",""0x9a0ed5a06fb6051d9a659f829e57ea0e382f714cb43d55efaa317c69cfae14ee""]",0,0,1,0,0,0,0.9
bstpstaking512m7e72b6a8,valid,,5,1,2,m7e72b6a8,100,10,10,"[""0x9a0ed5a06fb6051d9a659f829e57ea0e382f714cb43d55efaa317c69cfae14ee"",""0x98383544e422fe17027cdac418f09337309386a10806b8ee02c8d32713923a8e"",""0x8945bcc45087a8bfb2e18a5306781be29a69dbac49c73ab68b0d6c56a67bc0f9"",""0xe40523cb93f50925b957e5e448d59b64adfad0b41a549e68dd171dd988bc17a5"",""0x4c896b9c75e38294c3a07ab4ccb18852996db2708540195223e428ddf09d38a0"",""0x7c40aac49a736517f5c440f9392f1683424054f2ffa6df7c2970a52c11db06ca"",""0x49e5774ab139905928ff21d948254adc70aa28ff5eea2ac796f32b0549b267a3"",""0xffb33d2d1648788432430e96a9706f35a4dcfe30d45dd0e99a1eaf7e59ab6aeb"",""0x6f3aa452ac3ebe7bbf3dfeeb82157ebf7c8b323920d2d7953d9a52c3b0d0d921"",""0xcd57fe897cd7013d3f9e6131de9fa6d2910dcab5055ecc546f6d83339d5c9867""]","[""0x9a0ed5a06fb6051d9a659f829e57ea0e382f714cb43d55efaa317c69cfae14ee"",""0x98383544e422fe17027cdac418f09337309386a10806b8ee02c8d32713923a8e"",""0x8945bcc45087a8bfb2e18a5306781be29a69dbac49c73ab68b0d6c56a67bc0f9"",""0xd7531695dcd358a4f56787acbbd65565a09fc63eff941ad49498daeb1ae38f44"",""0x99196e62444c2ecc416618bcc5a3424f9cd5641d6867c8e258507c7d89a4a88c"",""0xe40523cb93f50925b957e5e448d59b64adfad0b41a549e68dd171dd988bc17a5"",""0x4c896b9c75e38294c3a07ab4ccb18852996db2708540195223e428ddf09d38a0"",""0x7c40aac49a736517f5c440f9392f1683424054f2ffa6df7c2970a52c11db06ca"",""0x49e5774ab139905928ff21d948254adc70aa28ff5eea2ac796f32b0549b267a3"",""0xffb33d2d1648788432430e96a9706f35a4dcfe30d45dd0e99a1eaf7e59ab6aeb""]","[""0x9a0ed5a06fb6051d9a659f829e57ea0e382f714cb43d55efaa317c69cfae14ee"",""0x98383544e422fe17027cdac418f09337309386a10806b8ee02c8d32713923a8e"",""0x8945bcc45087a8bfb2e18a5306781be29a69dbac49c73ab68b0d6c56a67bc0f9"",""0xe40523cb93f50925b957e5e448d59b64adfad0b41a549e68dd171dd988bc17a5"",""0x4c896b9c75e38294c3a07ab4ccb18852996db2708540195223e428ddf09d38a0"",""0x7c40aac49a736517f5c440f9392f1683424054f2ffa6df7c2970a52c11db06ca"",""0x49e5774ab139905928ff21d948254adc70aa28ff5eea2ac796f32b0549b267a3"",""0xffb33d2d1648788432430e96a9706f35a4dcfe30d45dd0e99a1eaf7e59ab6aeb""]",0,0,1,0,0,0,0.8
bstpstaking512m8051415e,invalid,error_duplicates,5,1,2,m8051415e,100,10,10,"[""0x4f70045f96345b6154f2e63f3fe4b06b6e40108aedcdd3afc6a66ea75fc3da24"",""0x8cc4b8cdcb727613f2378e83b1e459ef38061ac468dcb3d02730b17ef2a02673"",""0x29eba7ba49866efd89a8dce8d84688734eb0b4b198d4992b288b36b31540c8dc"",""0x92c0efa8758ff02dd06dfd438cd6612b6e3590f9c8b7c0932fd418903855a478"",""0x80288ad5dc62d58560df110a3535af497449f9f6f4f71e34500b9f5045943ea7"",""0xa7831feb3b6ce91bfea938682651e70d662f1266659cbce6eaf0526e45512a68"",""0x6b84de292cb6e3be779d6288c69c6a070bba523a2317a4d294c1616e10f137ed"",""0xcfdc62eb5da1c0cc9f61c08540ca22833a6530d40de956ae254be5b1e0b59d74"",""0xd5568fd406d7db628afa415d58bf5bd06959a92398aa702548e8e04793bedd47"",""0x92c0efa8758ff02dd06dfd438cd6612b6e3590f9c8b7c0932fd418903855a478""]","[""0x4f70045f96345b6154f2e63f3fe4b06b6e40108aedcdd3afc6a66ea75fc3da24"",""0x8cc4b8cdcb727613f2378e83b1e459ef38061ac468dcb3d02730b17ef2a02673"",""0x29eba7ba49866efd89a8dce8d84688734eb0b4b198d4992b288b36b31540c8dc"",""0x92c0efa8758ff02dd06dfd438cd6612b6e3590f9c8b7c0932fd418903855a478"",""0x80288ad5dc62d58560df110a3535af497449f9f6f4f71e34500b9f5045943ea7"",""0xa7831feb3b6ce91bfea938682651e70d662f1266659cbce6eaf0526e45512a68"",""0x6b84de292cb6e3be779d6288c69c6a070bba523a2317a4d294c1616e10f137ed"",""0x483e0faacc32045385006ac1d42d028b103a2e2e02f320e20037d0d36be54907"",""0xcfdc62eb5da1c0cc9f61c08540ca22833a6530d40de956ae254be5b1e0b59d74"",""0xd5568fd406d7db628afa415d58bf5bd06959a92398aa702548e8e04793bedd47""]","[""0x4f70045f96345b6154f2e63f3fe4b06b6e40108aedcdd3afc6a66ea75fc3da24"",""0x8cc4b8cdcb727613f2378e83b1e459ef38061ac468dcb3d02730b17ef2a02673"",""0x29eba7ba49866efd89a8dce8d84688734eb0b4b198d4992b288b36b31540c8dc"",""0x92c0efa8758ff02dd06dfd438cd6612b6e3590f9c8b7c0932fd418903855a478"",""0x80288ad5dc62d58560df110a3535af497449f9f6f4f71e34500b9f5045943ea7"",""0xa7831feb3b6ce91bfea938682651e70d662f1266659cbce6eaf0526e45512a68"",""0x6b84de292cb6e3be779d6288c69c6a070bba523a2317a4d294c1616e10f137ed"",""0xcfdc62eb5da1c0cc9f61c08540ca22833a6530d40de956ae254be5b1e0b59d74"",""0xd5568fd406d7db628afa415d58bf5bd06959a92398aa702548e8e04793bedd47"",""0x92c0efa8758ff02dd06dfd438cd6612b6e3590f9c8b7c0932fd418903855a478""]",0,0,1,0,0,0.09999999999999998,1
bstpstaking512m810b37d6,valid,,5,1,2,m810b37d6,100,10,10,"[""0x14d09a4d420ae8a7492d23eb1beacf31a514ddd9765719262cf2a750248f046e"",""0xedb061d6c685949f3e6f6b2fbc31238ae6ee3c1a2760e056b5c3e5e2304df8af"",""0xd7531695dcd358a4f56787acbbd65565a09fc63eff941ad49498daeb1ae38f44"",""0x6e2ec90f7c36a36b5344a2aac6038ddc9c3860de12975f71142181a7a81c8609"",""0xdd364115eefd88d44ddca902abb962bd1038efc911e81847f0d1911029cb83fc"",""0x68fb332560fdf6ea1d74d8c4bfc3ff952f79df911ac17e478862c0aa1c736db3"",""0x37890a125406e5e42ba213b40b55685bc6c328fc0106903b123b70d8312c1000"",""0x69f76a6458130c9ded5a13a31db3715ca829f4a679d617f3e492b9116677d10c"",""0xd315b8c83a9e2edb719d67cf2cc732391e7c9d9fa55ab87f926ee4c7046a8578"",""0xdabbd1bf365dd83a0175d5e359d11f8d109116b0745646ef8d2c6a2efcf851df""]","[""0x14d09a4d420ae8a7492d23eb1beacf31a514ddd9765719262cf2a750248f046e"",""0xedb061d6c685949f3e6f6b2fbc31238ae6ee3c1a2760e056b5c3e5e2304df8af"",""0xd7531695dcd358a4f56787acbbd65565a09fc63eff941ad49498daeb1ae38f44"",""0x6e2ec90f7c36a36b5344a2aac6038ddc9c3860de12975f71142181a7a81c8609"",""0xdd364115eefd88d44ddca902abb962bd1038efc911e81847f0d1911029cb83fc"",""0x68fb332560fdf6ea1d74d8c4bfc3ff952f79df911ac17e478862c0aa1c736db3"",""0x37890a125406e5e42ba213b40b55685bc6c328fc0106903b123b70d8312c1000"",""0x69f76a6458130c9ded5a13a31db3715ca829f4a679d617f3e492b9116677d10c"",""0xd315b8c83a9e2edb719d67cf2cc732391e7c9d9fa55ab87f926ee4c7046a8578"",""0xdabbd1bf365dd83a0175d5e359d11f8d109116b0745646ef8d2c6a2efcf851df""]","[""0x14d09a4d420ae8a7492d23eb1beacf31a514ddd9765719262cf2a750248f046e"",""0xedb061d6c685949f3e6f6b2fbc31238ae6ee3c1a2760e056b5c3e5e2304df8af"",""0xd7531695dcd358a4f56787acbbd65565a09fc63eff941ad49498daeb1ae38f44"",""0x6e2ec90f7c36a36b5344a2aac6038ddc9c3860de12975f71142181a7a81c8609"",""0xdd364115eefd88d44ddca902abb962bd1038efc911e81847f0d1911029cb83fc"",""0x68fb332560fdf6ea1d74d8c4bfc3ff952f79df911ac17e478862c0aa1c736db3"",""0x37890a125406e5e42ba213b40b55685bc6c328fc0106903b123b70d8312c1000"",""0x69f76a6458130c9ded5a13a31db3715ca829f4a679d617f3e492b9116677d10c"",""0xd315b8c83a9e2edb719d67cf2cc732391e7c9d9fa55ab87f926ee4c7046a8578"",""0xdabbd1bf365dd83a0175d5e359d11f8d109116b0745646ef8d2c6a2efcf851df""]",0,0,1,0,0,0,1
bstpstaking512m9189f677,valid,,5,1,2,m9189f677,100,10,10,"[""0xcd09dc92e8736934e461988f29064ea4e49ccc41310e47a797ab8e787536e77d"",""0x8a5fc9c813f0cbb1fbb3c86b71678b733f90197cd9b0fec7ef5b2e74d2827527"",""0xb6956c09b733a91561395f6f106aa19a23a1df4c453562ff602fdc30b0b773ad"",""0xb7eba087f5cc24fe2d08675f1cd5a26ebf3fd48642175807fccde9db3ffb3752"",""0x682175835b69fee8ca4e1000194ccf6067372d31c29aa0c1fb86d118274fe35f"",""0x98383544e422fe17027cdac418f09337309386a10806b8ee02c8d32713923a8e"",""0xab461bed3349317736818b1dabb4b0c82cc986f81bc20a4f98abb1cf118525e2"",""0xe40523cb93f50925b957e5e448d59b64adfad0b41a549e68dd171dd988bc17a5"",""0x7dd3d24f9a5a868bf0451f193225385f25cb10d50258af19aafb6c20393190db"",""0x3190869a216651bf4f392d4d17c7e78c64cbd5082bb910912637e05f5db5ea2f""]","[""0xcd09dc92e8736934e461988f29064ea4e49ccc41310e47a797ab8e787536e77d"",""0x8a5fc9c813f0cbb1fbb3c86b71678b733f90197cd9b0fec7ef5b2e74d2827527"",""0x483e0faacc32045385006ac1d42d028b103a2e2e02f320e20037d0d36be54907"",""0xb6956c09b733a91561395f6f106aa19a23a1df4c453562ff602fdc30b0b773ad"",""0xb7eba087f5cc24fe2d08675f1cd5a26ebf3fd48642175807fccde9db3ffb3752"",""0xab461bed3349317736818b1dabb4b0c82cc986f81bc20a4f98abb1cf118525e2"",""0x682175835b69fee8ca4e1000194ccf6067372d31c29aa0c1fb86d118274fe35f"",""0xfc9bec6e17e3d34235748a04c8a772f602b2283e2946d9f68c2ed62bcdd2cd85"",""0x98383544e422fe17027cdac418f09337309386a10806b8ee02c8d32713923a8e"",""0xe40523cb93f50925b957e5e448d59b64adfad0b41a549e68dd171dd988bc17a5""]","[""0xcd09dc92e8736934e461988f29064ea4e49ccc41310e47a797ab8e787536e77d"",""0x8a5fc9c813f0cbb1fbb3c86b71678b733f90197cd9b0fec7ef5b2e74d2827527"",""0xb6956c09b733a91561395f6f106aa19a23a1df4c453562ff602fdc30b0b773ad"",""0xb7eba087f5cc24fe2d08675f1cd5a26ebf3fd48642175807fccde9db3ffb3752"",""0x682175835b69fee8ca4e1000194ccf6067372d31c29aa0c1fb86d118274fe35f"",""0x98383544e422fe17027cdac418f09337309386a10806b8ee02c8d32713923a8e"",""0xab461bed3349317736818b1dabb4b0c82cc986f81bc20a4f98abb1cf118525e2"",""0xe40523cb93f50925b957e5e448d59b64adfad0b41a549e68dd171dd988bc17a5""]",0,0,1,0,0,0,0.8
bstpstaking512m970360f4,valid,,5,1,2,m970360f4,100,10,10,"[""0x04e631257af2cf26e527e146f4e090feae7f8ba273f0574dcd62a46da5b5fb8c"",""0x5bbc9d2413d5740c9cce8b34acbdb04e9c122cff7ece31c0620bfd2b7e0e1b86"",""0xa81cb00815bbbd6922c16bc3bb033577aa2431580aea7e7e13aca944c2233272"",""0x8096cab0100aa02898585587d038ed875c585da73c52072d6a842c5b96bac202"",""0x3fa2ea8f79b0524a3c5e834a216d005b6653291abad1f4cd5704c375512864c8"",""0xffc71158a1713cadd9222700d20f0c30f7bc8dd2bb13d82c09a45f991a58c201"",""0x241145b169eb7335c6c3a55c542c7857ebbbe2cbe47e2bc2a4f72062e1ba800b"",""0x323045169136f339e36c57f2b93c33e14359139bfb47f1394e0c41e18be3935d"",""0xefefe7e35fa71827391ea36ef514c5475c2912f8741c29f10ca343054dbe0a93"",""0x6b4f31b3fa8b0293c766c2d555711bd439f992ddc98c34e43e810b0699b4ea0e""]","[""0x14d09a4d420ae8a7492d23eb1beacf31a514ddd9765719262cf2a750248f046e"",""0xae105f7f87da768b512fdfdb98a0fbf6131d1571893bb99b9a0ab477ff1702c2"",""0x281cd26d80e9cd95f098908b641c2534121c033c47795850d88fdab6f04f2af0"",""0xfd6b6381e462eb69a90451498acc82533df2612f7e00141667dbce964caa982e"",""0x68fb332560fdf6ea1d74d8c4bfc3ff952f79df911ac17e478862c0aa1c736db3"",""0x8e6ed61f936c34115ed64b52efb53b493d279f72a1ed2c1dde342f98dfc9178d"",""0xea69777677b59561b3782267ef6a65d6e0f38e1fea58f1ece52358972347edb0"",""0xe5da0f8dfb6b491adb9c38f755f10e08bd498ab5979036394be3930984053206"",""0x1721fbf3311a57adcac4eb75a9690451077fc079b0d94e4fa9d5a75bfb95e9c2"",""0x37890a125406e5e42ba213b40b55685bc6c328fc0106903b123b70d8312c1000""]",[],0,0,1,0,0,0,0
bstpstaking512m98d7930e,invalid,error_duplicates,5,1,2,m98d7930e,100,10,10,"[""0x98383544e422fe17027cdac418f09337309386a10806b8ee02c8d32713923a8e"",""0x8945bcc45087a8bfb2e18a5306781be29a69dbac49c73ab68b0d6c56a67bc0f9"",""0x8cc4b8cdcb727613f2378e83b1e459ef38061ac468dcb3d02730b17ef2a02673"",""0xab461bed3349317736818b1dabb4b0c82cc986f81bc20a4f98abb1cf118525e2"",""0x1ebfa3f4b31da950a10ba4155a5675fdf5fb3ac42fe3f076668cfe359788f601"",""0xe70b739d2c9d746514eb24b9ed0d3b51448a0a5913813a2864aa9be0ec65e691"",""0xb1d52412675094b54611913899744bda3aa3c67ce51c9e9d61d8a49d9cc84caf"",""0x8945bcc45087a8bfb2e18a5306781be29a69dbac49c73ab68b0d6c56a67bc0f9"",""0x1393e94f34761ba344117a1cf1bc70b40119c5cdbab5b1f26f7c7a2c82c28d15"",""0x9ca8626b06776b02e555a4f9fddc2f560f5fb18faa29eb0aea0f867af8064608""]","[""0x98383544e422fe17027cdac418f09337309386a10806b8ee02c8d32713923a8e"",""0x856f01151a1c15aa053c920c11f2f4a193b3ed4250c6ee2ebf77c3390fe0f275"",""0x8945bcc45087a8bfb2e18a5306781be29a69dbac49c73ab68b0d6c56a67bc0f9"",""0x8cc4b8cdcb727613f2378e83b1e459ef38061ac468dcb3d02730b17ef2a02673"",""0x1ebfa3f4b31da950a10ba4155a5675fdf5fb3ac42fe3f076668cfe359788f601"",""0xe70b739d2c9d746514eb24b9ed0d3b51448a0a5913813a2864aa9be0ec65e691"",""0x90ecb607bbb48b913aefe5003509412fcdc1a78708f7390fad1c6953be606038"",""0xab461bed3349317736818b1dabb4b0c82cc986f81bc20a4f98abb1cf118525e2"",""0xb1d52412675094b54611913899744bda3aa3c67ce51c9e9d61d8a49d9cc84caf"",""0x281cd26d80e9cd95f098908b641c2534121c033c47795850d88fdab6f04f2af0""]","[""0x98383544e422fe17027cdac418f09337309386a10806b8ee02c8d32713923a8e"",""0x8945bcc45087a8bfb2e18a5306781be29a69dbac49c73ab68b0d6c56a67bc0f9"",""0x8cc4b8cdcb727613f2378e83b1e459ef38061ac468dcb3d02730b17ef2a02673"",""0xab461bed3349317736818b1dabb4b0c82cc986f81bc20a4f98abb1cf118525e2"",""0x1ebfa3f4b31da950a10ba4155a5675fdf5fb3ac42fe3f076668cfe359788f601"",""0xe70b739d2c9d746514eb24b9ed0d3b51448a0a5913813a2864aa9be0ec65e691"",""0xb1d52412675094b54611913899744bda3aa3c67ce51c9e9d61d8a49d9cc84caf"",""0x8945bcc45087a8bfb2e18a5306781be29a69dbac49c73ab68b0d6c56a67bc0f9""]",0,0,1,0,0,0.09999999999999998,0.8
bstpstaking512ma6f1fda3,valid,,5,1,2,ma6f1fda3,100,10,10,"[""0xcc5a3914b6cc401b98a202e8075b56eb77670a1140412c79b48b965bce6e05f2"",""0x90ecb607bbb48b913aefe5003509412fcdc1a78708f7390fad1c6953be606038"",""0x6940f8c3529787bcfbcbf21fa64207221930bb64f69f1727136674443bba43aa"",""0x4c896b9c75e38294c3a07ab4ccb18852996db2708540195223e428ddf09d38a0"",""0x000ceb98a30a9f0375fd46d151e4f2f8d830751c2983f14a1c6f0144f80b3198"",""0x5b677b1ca640fe2fa90ccb13036a107a5177af4f0b0bd5ed853ac029e427d019"",""0x1ebfa3f4b31da950a10ba4155a5675fdf5fb3ac42fe3f076668cfe359788f601"",""0xdf845dfbd70267c5c523805713303d6f4b7b91d97219e28f0508b46315e5e0e2"",""0xd257dc770c415592299517bc82b40679bb383ced71452defe7745bf564d0c2a3"",""0x9fa7d97f8984b4a5f24590682ef792f33d052ba8e31109af06aef436f254c1bc""]","[""0xcc5a3914b6cc401b98a202e8075b56eb77670a1140412c79b48b965bce6e05f2"",""0x90ecb607bbb48b913aefe5003509412fcdc1a78708f7390fad1c6953be606038"",""0x6940f8c3529787bcfbcbf21fa64207221930bb64f69f1727136674443bba43aa"",""0x4c896b9c75e38294c3a07ab4ccb18852996db2708540195223e428ddf09d38a0"",""0x01829fcc6d779d94ee869f97379c6516562dc7f8b74938742ffefe6b09b93fbc"",""0x106ecf713381cc7ee659b224caebb8c2d8402304fcc03cc12f04d9acb19beb31"",""0x429b49322f39406d28f591c75e8222ecd51db05a599ec5d128466346627eb705"",""0x5b677b1ca640fe2fa90ccb13036a107a5177af4f0b0bd5ed853ac029e427d019"",""0x1ebfa3f4b31da950a10ba4155a5675fdf5fb3ac42fe3f076668cfe359788f601"",""0xdf845dfbd70267c5c523805713303d6f4b7b91d97219e28f0508b46315e5e0e2""]","[""0xcc5a3914b6cc401b98a202e8075b56eb77670a1140412c79b48b965bce6e05f2"",""0x90ecb607bbb48b913aefe5003509412fcdc1a78708f7390fad1c6953be606038"",""0x6940f8c3529787bcfbcbf21fa64207221930bb64f69f1727136674443bba43aa"",""0x4c896b9c75e38294c3a07ab4ccb18852996db2708540195223e428ddf09d38a0"",""0x5b677b1ca640fe2fa90ccb13036a107a5177af4f0b0bd5ed853ac029e427d019"",""0x1ebfa3f4b31da950a10ba4155a5675fdf5fb3ac42fe3f076668cfe359788f601"",""0xdf845dfbd70267c5c523805713303d6f4b7b91d97219e28f0508b46315e5e0e2""]",0,0,1,0,0,0,0.7
bstpstaking512maea74e52,valid,,5,1,2,maea74e52,100,10,10,"[""0x8d357dcd4a7c14d4a0f33a6d36f83ab30a8caad65d222d503f46d94d277f7c24"",""0x01829fcc6d779d94ee869f97379c6516562dc7f8b74938742ffefe6b09b93fbc"",""0x281cd26d80e9cd95f098908b641c2534121c033c47795850d88fdab6f04f2af0"",""0x262e2e527250bfc9fea90edce78f93b95ce16f345766eb2534ba2fb39906d951"",""0xdabbd1bf365dd83a0175d5e359d11f8d109116b0745646ef8d2c6a2efcf851df"",""0xe2c89165b1663cbef76d4db4aff33d030d5826b8a643a445b8531c288e7745fd"",""0x3c4ef3727c5acae7ca4976ecf767571e18ac1b70a4aad2ac4f7b9139bcfc987d"",""0x55502bafc57a57cf79cf670fefef3504cf632e5de82803db33a8e4d8337b211c"",""0xedb061d6c685949f3e6f6b2fbc31238ae6ee3c1a2760e056b5c3e5e2304df8af"",""0x06c71fc610020b8756895e0b21ca2d61cee6ca8547b34e022866e9e88699d7d8""]","[""0x8d357dcd4a7c14d4a0f33a6d36f83ab30a8caad65d222d503f46d94d277f7c24"",""0x01829fcc6d779d94ee869f97379c6516562dc7f8b74938742ffefe6b09b93fbc"",""0x281cd26d80e9cd95f098908b641c2534121c033c47795850d88fdab6f04f2af0"",""0x262e2e527250bfc9fea90edce78f93b95ce16f345766eb2534ba2fb39906d951"",""0x119bb5b05d026a441a51d331d2e813d4a51e2ca676f9919b728dde31c94dc798"",""0xdabbd1bf365dd83a0175d5e359d11f8d109116b0745646ef8d2c6a2efcf851df"",""0xe2c89165b1663cbef76d4db4aff33d030d5826b8a643a445b8531c288e7745fd"",""0x3c4ef3727c5acae7ca4976ecf767571e18ac1b70a4aad2ac4f7b9139bcfc987d"",""0x55502bafc57a57cf79cf670fefef3504cf632e5de82803db33a8e4d8337b211c"",""0xedb061d6c685949f3e6f6b2fbc31238ae6ee3c1a2760e056b5c3e5e2304df8af""]","[""0x8d357dcd4a7c14d4a0f33a6d36f83ab30a8caad65d222d503f46d94d277f7c24"",""0x01829fcc6d779d94ee869f97379c6516562dc7f8b74938742ffefe6b09b93fbc"",""0x281cd26d80e9cd95f098908b641c2534121c033c47795850d88fdab6f04f2af0"",""0x262e2e527250bfc9fea90edce78f93b95ce16f345766eb2534ba2fb39906d951"",""0xdabbd1bf365dd83a0175d5e359d11f8d109116b0745646ef8d2c6a2efcf851df"",""0xe2c89165b1663cbef76d4db4aff33d030d5826b8a643a445b8531c288e7745fd"",""0x3c4ef3727c5acae7ca4976ecf767571e18ac1b70a4aad2ac4f7b9139bcfc987d"",""0x55502bafc57a57cf79cf670fefef3504cf632e5de82803db33a8e4d8337b211c"",""0xedb061d6c685949f3e6f6b2fbc31238ae6ee3c1a2760e056b5c3e5e2304df8af""]",0,0,1,0,0,0,0.9
bstpstaking512mb0c003cd,valid,,5,1,2,mb0c003cd,100,10,10,"[""0xcd09dc92e8736934e461988f29064ea4e49ccc41310e47a797ab8e787536e77d"",""0x8a5fc9c813f0cbb1fbb3c86b71678b733f90197cd9b0fec7ef5b2e74d2827527"",""0xc3b0696840352e2a25a87160f85c766cba4c6b9424a40ded6b5e2eb28f9215f6"",""0x2c6db858294994968533795d44c86dc8f050d3652066b8ceadf9d3b73dc7d902"",""0x3c97283efec66e1a5ec8437966e087338da20f0aad3723d41d52c67328f7efe4"",""0xab461bed3349317736818b1dabb4b0c82cc986f81bc20a4f98abb1cf118525e2"",""0x483e0faacc32045385006ac1d42d028b103a2e2e02f320e20037d0d36be54907"",""0x49e5774ab139905928ff21d948254adc70aa28ff5eea2ac796f32b0549b267a3"",""0xea7a49ca292aa75c155e9498bcb5ec57a1dda92b7bec9e724e2e8a57582a20e0"",""0xafaa81ffcc4921e477a4ef93820d32cbd20521f110c138a453b34cdbda35c04d""]","[""0xcd09dc92e8736934e461988f29064ea4e49ccc41310e47a797ab8e787536e77d"",""0x8a5fc9c813f0cbb1fbb3c86b71678b733f90197cd9b0fec7ef5b2e74d2827527"",""0xc3b0696840352e2a25a87160f85c766cba4c6b9424a40ded6b5e2eb28f9215f6"",""0x2c6db858294994968533795d44c86dc8f050d3652066b8ceadf9d3b73dc7d902"",""0x3c97283efec66e1a5ec8437966e087338da20f0aad3723d41d52c67328f7efe4"",""0xab461bed3349317736818b1dabb4b0c82cc986f81bc20a4f98abb1cf118525e2"",""0xb6956c09b733a91561395f6f106aa19a23a1df4c453562ff602fdc30b0b773ad"",""0xcfdc62eb5da1c0cc9f61c08540ca22833a6530d40de956ae254be5b1e0b59d74"",""0x483e0faacc32045385006ac1d42d028b103a2e2e02f320e20037d0d36be54907"",""0x49e5774ab139905928ff21d948254adc70aa28ff5eea2ac796f32b0549b267a3""]","[""0xcd09dc92e8736934e461988f29064ea4e49ccc41310e47a797ab8e787536e77d"",""0x8a5fc9c813f0cbb1fbb3c86b71678b733f90197cd9b0fec7ef5b2e74d2827527"",""0xc3b0696840352e2a25a87160f85c766cba4c6b9424a40ded6b5e2eb28f9215f6"",""0x2c6db858294994968533795d44c86dc8f050d3652066b8ceadf9d3b73dc7d902"",""0x3c97283efec66e1a5ec8437966e087338da20f0aad3723d41d52c67328f7efe4"",""0xab461bed3349317736818b1dabb4b0c82cc986f81bc20a4f98abb1cf118525e2"",""0x483e0faacc32045385006ac1d42d028b103a2e2e02f320e20037d0d36be54907"",""0x49e5774ab139905928ff21d948254adc70aa28ff5eea2ac796f32b0549b267a3""]",0,0,1,0,0,0,0.8
bstpstaking512mb38d99c5,valid,,5,1,2,mb38d99c5,100,10,10,"[""0xbb11b6e5a0db547605f0dcc18ec8e0c861054ce15ac7edf459810a5f353ee7e3"",""0xaa3a256bb3dac0d5f6b9eab4f5fcc14a7450c92ca794c193f2999a2b7005af6d"",""0x35d2f8d11a6e38e76da124815e227cccd7ade4d1cb08290de127e8ead973b6f9"",""0x0bcf996240aec5e142778d31bccb2dbc12cb599c497bfaea8d91635730c897c8"",""0x27488e31cd75f9efaf7f7e36eef37bcb227279dd4432f04f99c9e52bd8f79e5b"",""0xaef34b8afe208c91dbae6c97ee0833aca5a94e75db707be238d62aa32d1b0d5e"",""0xbeebf80a34721e08cf85ad88f9d2c2335df2460f4e338285b526fd20fe142680"",""0xea7a49ca292aa75c155e9498bcb5ec57a1dda92b7bec9e724e2e8a57582a20e0"",""0x803c04e9d0b2c4e90a99c31dd8519bf915308014ab129a6ef5635c5707119a44"",""0x06c71fc610020b8756895e0b21ca2d61cee6ca8547b34e022866e9e88699d7d8""]","[""0x8e6ed61f936c34115ed64b52efb53b493d279f72a1ed2c1dde342f98dfc9178d"",""0xadc1a837b5429a817612fe145787358ffe8831a2e75dee3a3338a31d486fb05f"",""0x000ceb98a30a9f0375fd46d151e4f2f8d830751c2983f14a1c6f0144f80b3198"",""0x8d357dcd4a7c14d4a0f33a6d36f83ab30a8caad65d222d503f46d94d277f7c24"",""0xe5da0f8dfb6b491adb9c38f755f10e08bd498ab5979036394be3930984053206"",""0xdabbd1bf365dd83a0175d5e359d11f8d109116b0745646ef8d2c6a2efcf851df"",""0x06442c0ccc9ab367282f06426924517e0a49c25e50a492ad91aecc55b655f458"",""0xaa8fad824a174e57accf11eb34b23d020d6aa685da1925b1c30a611ffdb95a0e"",""0x12c0e8caa1bce7d499cbbbc665fbb364c09cd2977856fe2bf0027b9c600b9022"",""0xf5162966dbd2c8c3b2195e7ee9c5e46a8dd1715287d079a5b92d312ca24045cd""]",[],0,0,1,0,0,0,0
bstpstaking512mb8cbcc16,valid,,5,1,2,mb8cbcc16,100,10,10,"[""0x1b3b8b12b7bf9b1d8821bfc98cabc8effd4c5f2aea25c8291e662bffe19f088d"",""0x4cffc34430b17b49e9b079755533f7c6f4c31c95081f1c8e25908e84334ed0b3"",""0x91394002fe4fdb5170da58900b3603aeecc1147e14116f71e33cbc0f94f765d4"",""0x7161ca186e53e39022059dbe35524ebb446059fdbf1aef1d952fc1b5a53353e4"",""0x931d89ef4e05852e1e1e1cc41e2cc0f4d1f62a107dd03105fc4c95888c92c422"",""0x4f83fe226b48ba54459ac587f0c72e27280e2f633d5f8ff200fb42ddfc039cec"",""0x97d9529eb749351db998b0acafbccf96371bfc773a38143ad3bc0f47d3835572"",""0xa04a46cac57da940fdf4c0fcd80ca09f2925f94ed477f0b246e49a17748cf775"",""0x8dfa73ee95b5ef2c7f1d9197cd79bd1cd3837bf38f57f720e668109db0cf2224"",""0x742e8d6b7f4f58aefb491ed7e81f4e917dd07cc98fd42fc88aef43291b0a8204""]","[""0x1cde8373a779839f2b591a11cac079df0f1eb3fb272188f9ceccb1dee8ec102f"",""0xb65630e7129a1fecafdca9eb7dbe53130a12b5d3e2e984bbf9c9a5399c6cc30f"",""0x230550ee2f183f79fbee87b09e6157a7bfd65abfefa14a749660749b7fa0d6b4"",""0x39700501189242fe3b7185fd03a5cace111de24b0c6b66471be82d30bc72ec27"",""0x7634f8326375f99ebfd7a8b203b7442a56b18cf7dc73f6238abd4122e8090b86"",""0xae105f7f87da768b512fdfdb98a0fbf6131d1571893bb99b9a0ab477ff1702c2"",""0xb3788db79f3ad700a3cc134a27acbcec7a0a587ffbcdf5927faa24e5c362d493"",""0x60642c6a8412d200a3413c5426afef17f3d72d45fadaf5cdde98b783893518ec"",""0x856f01151a1c15aa053c920c11f2f4a193b3ed4250c6ee2ebf77c3390fe0f275"",""0x6d5bfd47046b2e223b0c83d8c0d4e2ad42a064232926ed904efe73cb5d8f2133""]",[],0,0,1,0,0,0,0
bstpstaking512mc5ae52b7,valid,,5,1,2,mc5ae52b7,100,10,10,"[""0x541ebb059060ff7f73374199ff51e8281c4dc5942c5c541867b4f25621486dc9"",""0xf11bad94616eadc4c930a68cc954c762e0ad7ae4e11f81bbe37778477da71fa5"",""0xf06d08186fc20a8ad1c9302fb2ec4daa81ff87d7dc46799427e1c52d6bb1e6d3"",""0xd86edee3887482aaa87bf056e6c0699a0ead02b8267c06b9514d0a31ad11a63c"",""0x755f498882ef3868c8327685feb4d14ddc05dfec9746206c5671c827bbcd63f2"",""0xed4ce8f99e69760136906172411940729a5d9cd25120d1614b3184f5a3f893ad"",""0x272e149a70bc0896c48886227c553446aad58de29d8305c185e44aece09d51c7"",""0x8b27858bad1aa92e85ffb194d764635f4163bd068248aea78b7774fe7900f261"",""0x801f16125e60466870bea2bd21d992cd2162aa6eaa6732cb4ab61cce175e63fd"",""0xada0094b75ba3bd2f862c0668f34b57f8c1bdef8d75613a9a29d9e42f0c4fc2a""]","[""0x3c4ef3727c5acae7ca4976ecf767571e18ac1b70a4aad2ac4f7b9139bcfc987d"",""0x6e2ec90f7c36a36b5344a2aac6038ddc9c3860de12975f71142181a7a81c8609"",""0x12c0e8caa1bce7d499cbbbc665fbb364c09cd2977856fe2bf0027b9c600b9022"",""0xea69777677b59561b3782267ef6a65d6e0f38e1fea58f1ece52358972347edb0"",""0xb65630e7129a1fecafdca9eb7dbe53130a12b5d3e2e984bbf9c9a5399c6cc30f"",""0x39700501189242fe3b7185fd03a5cace111de24b0c6b66471be82d30bc72ec27"",""0x9920c06a362172692e96bab008e569caa257aaec2c8f130f3564a55f2f52357b"",""0x1fd6cd46a30ebaf43fddfe1aa0f8499987a4d3e3a687e3b577d2d1f1bf4d9e77"",""0x1721fbf3311a57adcac4eb75a9690451077fc079b0d94e4fa9d5a75bfb95e9c2"",""0x08c294941588d570c4ae95ce5aaf4a1592f278bd19029a2851efff2d86015692""]",[],0,0,1,0,0,0,0
bstpstaking512mce4af4f6,valid,,5,1,2,mce4af4f6,100,10,10,"[""0x16ce498ca01ca0ceb8f3414bf534752c6788bd73b78139628534c4880e7d0c84"",""0x2c901a1e69bd055532c177d57d97657c1ee45446cdc9b2ce5916eda2a5c7011a"",""0x9d71c1950fb2485a93785f76560ffd25d298604f8c24f57aa61b276f1d333d1a"",""0xa9c448c7a7835713d38a44618a6c60c5d105b59bf4053e67c7988ff0e8297f1c"",""0x5290542e3d2cbc736ed1fbb7348402f7e1765f05ce29020f9f6b41f48c8ed0a7"",""0xd5c4a50b2f0f1a6b4de6fac9d21205dd083da5b62fc04baab6eafc6e7b7edaba"",""0x7dff03e9151eef7673af7ed88117e897aded4bee06eefc9219e8f5627d78ada3"",""0x272e149a70bc0896c48886227c553446aad58de29d8305c185e44aece09d51c7"",""0x9add7bcde80edf6ee8f3a7cde3b47a7ea9aabddab95768e68fd0c1094aaa971f"",""0x6b4f31b3fa8b0293c766c2d555711bd439f992ddc98c34e43e810b0699b4ea0e""]","[""0x0d6652a8c9d9575f5254120f3b037a86104172ca1dd77b5b55be2da39daf1385"",""0xb759e3960a93ef78e32f4847b58dbc6b1c22efd6d9ccaa3b1a84911e6a288afa"",""0xf5162966dbd2c8c3b2195e7ee9c5e46a8dd1715287d079a5b92d312ca24045cd"",""0x3c4ef3727c5acae7ca4976ecf767571e18ac1b70a4aad2ac4f7b9139bcfc987d"",""0xea69777677b59561b3782267ef6a65d6e0f38e1fea58f1ece52358972347edb0"",""0x73d6c0efd0550ca38510ec910998f28c5f57de699ed4f4eab13ed86d90fb6b07"",""0x856f01151a1c15aa053c920c11f2f4a193b3ed4250c6ee2ebf77c3390fe0f275"",""0xfd6b6381e462eb69a90451498acc82533df2612f7e00141667dbce964caa982e"",""0x60642c6a8412d200a3413c5426afef17f3d72d45fadaf5cdde98b783893518ec"",""0x80ae3a3d46a5bfbf5f0adaf5d83aa1064814c65038e92093a16ea8304bd00bd3""]",[],0,0,1,0,0,0,0
bstpstaking512mdd189b64,valid,,5,1,2,mdd189b64,100,10,10,"[""0x0d6652a8c9d9575f5254120f3b037a86104172ca1dd77b5b55be2da39daf1385"",""0x8e6ed61f936c34115ed64b52efb53b493d279f72a1ed2c1dde342f98dfc9178d"",""0x505f78474c398814eb0ba0cc3c08f6129e12bf16431876853283a43beac9d141"",""0xdabbd1bf365dd83a0175d5e359d11f8d109116b0745646ef8d2c6a2efcf851df"",""0x737e933cd67a89d2c13038c499d7d71518a56e6b95bc97e9056a59b45c072c99"",""0x1721fbf3311a57adcac4eb75a9690451077fc079b0d94e4fa9d5a75bfb95e9c2"",""0xaa8fad824a174e57accf11eb34b23d020d6aa685da1925b1c30a611ffdb95a0e"",""0x29ef521de175a6782a24f8bdf3a79f84a730b6a0d6b088f7bbbdb14f76bbd6b5"",""0x713930bf79df408ecebbe2c142c25d57280fc956a601a43ee71d41a458bc9dc3"",""0xbd3b9ddb59aa4e3c39551deecbf44e00a9c787ab157303409f45c270f1f2be92""]","[""0x0d6652a8c9d9575f5254120f3b037a86104172ca1dd77b5b55be2da39daf1385"",""0x8e6ed61f936c34115ed64b52efb53b493d279f72a1ed2c1dde342f98dfc9178d"",""0x505f78474c398814eb0ba0cc3c08f6129e12bf16431876853283a43beac9d141"",""0xdabbd1bf365dd83a0175d5e359d11f8d109116b0745646ef8d2c6a2efcf851df"",""0xcd6d08f520a5a6aebaa079033393b6393e347445be26d2c107e8d7ee03c8f13c"",""0x70466edbeed113ce8a8435ffd9f8208b8c3f50b2cf38281af86584c766a4310f"",""0x737e933cd67a89d2c13038c499d7d71518a56e6b95bc97e9056a59b45c072c99"",""0x37890a125406e5e42ba213b40b55685bc6c328fc0106903b123b70d8312c1000"",""0x1721fbf3311a57adcac4eb75a9690451077fc079b0d94e4fa9d5a75bfb95e9c2"",""0xaa8fad824a174e57accf11eb34b23d020d6aa685da1925b1c30a611ffdb95a0e""]","[""0x0d6652a8c9d9575f5254120f3b037a86104172ca1dd77b5b55be2da39daf1385"",""0x8e6ed61f936c34115ed64b52efb53b493d279f72a1ed2c1dde342f98dfc9178d"",""0x505f78474c398814eb0ba0cc3c08f6129e12bf16431876853283a43beac9d141"",""0xdabbd1bf365dd83a0175d5e359d11f8d109116b0745646ef8d2c6a2efcf851df"",""0x737e933cd67a89d2c13038c499d7d71518a56e6b95bc97e9056a59b45c072c99"",""0x1721fbf3311a57adcac4eb75a9690451077fc079b0d94e4fa9d5a75bfb95e9c2"",""0xaa8fad824a174e57accf11eb34b23d020d6aa685da1925b1c30a611ffdb95a0e""]",0,0,1,0,0,0,0.7
bstpstaking512me8bc7185,valid,,5,1,2,me8bc7185,100,10,10,"[""0x5b677b1ca640fe2fa90ccb13036a107a5177af4f0b0bd5ed853ac029e427d019"",""0x3c97283efec66e1a5ec8437966e087338da20f0aad3723d41d52c67328f7efe4"",""0x49e5774ab139905928ff21d948254adc70aa28ff5eea2ac796f32b0549b267a3"",""0x6e53ec51854bc45ec72e747b9db61797e1b20b6c0f523a3f2ead783fd267ed91"",""0xa7831feb3b6ce91bfea938682651e70d662f1266659cbce6eaf0526e45512a68"",""0x167a4d5214f28e5714dbe0ef582ab78f31d676888df89fd1380e7d60c6455530"",""0xcfdc62eb5da1c0cc9f61c08540ca22833a6530d40de956ae254be5b1e0b59d74"",""0xfc9bec6e17e3d34235748a04c8a772f602b2283e2946d9f68c2ed62bcdd2cd85"",""0xfbe8ae22431e1da7a16033dab2f5506fb20067b6c93613bab54fb48be2dca0cc"",""0xa85a2a271306208ba83a8f68cbb5db8e6a127a8ffdfac8e128bf82a0243e7664""]","[""0x5b677b1ca640fe2fa90ccb13036a107a5177af4f0b0bd5ed853ac029e427d019"",""0x3c97283efec66e1a5ec8437966e087338da20f0aad3723d41d52c67328f7efe4"",""0x49e5774ab139905928ff21d948254adc70aa28ff5eea2ac796f32b0549b267a3"",""0x6e53ec51854bc45ec72e747b9db61797e1b20b6c0f523a3f2ead783fd267ed91"",""0xa7831feb3b6ce91bfea938682651e70d662f1266659cbce6eaf0526e45512a68"",""0x167a4d5214f28e5714dbe0ef582ab78f31d676888df89fd1380e7d60c6455530"",""0x90ecb607bbb48b913aefe5003509412fcdc1a78708f7390fad1c6953be606038"",""0xcfdc62eb5da1c0cc9f61c08540ca22833a6530d40de956ae254be5b1e0b59d74"",""0xfc9bec6e17e3d34235748a04c8a772f602b2283e2946d9f68c2ed62bcdd2cd85"",""0xc242c986f95f7cb745f870b1e292c03f57e59c36e809d37eb00cc8d235b22c5a""]","[""0x5b677b1ca640fe2fa90ccb13036a107a5177af4f0b0bd5ed853ac029e427d019"",""0x3c97283efec66e1a5ec8437966e087338da20f0aad3723d41d52c67328f7efe4"",""0x49e5774ab139905928ff21d948254adc70aa28ff5eea2ac796f32b0549b267a3"",""0x6e53ec51854bc45ec72e747b9db61797e1b20b6c0f523a3f2ead783fd267ed91"",""0xa7831feb3b6ce91bfea938682651e70d662f1266659cbce6eaf0526e45512a68"",""0x167a4d5214f28e5714dbe0ef582ab78f31d676888df89fd1380e7d60c6455530"",""0xcfdc62eb5da1c0cc9f61c08540ca22833a6530d40de956ae254be5b1e0b59d74"",""0xfc9bec6e17e3d34235748a04c8a772f602b2283e2946d9f68c2ed62bcdd2cd85""]",0,0,1,0,0,0,0.8
bstpstaking512mec0952f1,valid,,5,1,2,mec0952f1,100,10,10,"[""0x24fcc735cd0bee2ac1ad9ec75e5a1c81e12a38053fe89632819b115d328df730"",""0x5ade0679220e0f40f72e7f5aac15c72bdc82876c2fb569f33d4977fe61056c60"",""0x119bb5b05d026a441a51d331d2e813d4a51e2ca676f9919b728dde31c94dc798"",""0x8cb4e935054bf80a0deb1c922537b01afc0faa4e049982c83eaa120b4e969349"",""0x22e66d49ae946f4aed0979ee5e051fc91dc17422a576e7ea6fa3c724755f9864"",""0x7dff03e9151eef7673af7ed88117e897aded4bee06eefc9219e8f5627d78ada3"",""0xe39efa4374c722f02ec99217eaf2b3db0b9d3b0b95d31c488c12d1c547c505a2"",""0x4099f6246f55db6b1538578846bf3828dc0f9cc88bc41100e14e6b812a48415a"",""0x01829fcc6d779d94ee869f97379c6516562dc7f8b74938742ffefe6b09b93fbc"",""0x0061440af4f45f2f76a1c6720e002e64855f7b0cfc18cdb8b58d973ddc8c5fd5""]","[""0x119bb5b05d026a441a51d331d2e813d4a51e2ca676f9919b728dde31c94dc798"",""0xdd364115eefd88d44ddca902abb962bd1038efc911e81847f0d1911029cb83fc"",""0x281cd26d80e9cd95f098908b641c2534121c033c47795850d88fdab6f04f2af0"",""0xdabbd1bf365dd83a0175d5e359d11f8d109116b0745646ef8d2c6a2efcf851df"",""0xbf11d678dcdece15f7824e21c504ec11500448bd6eb50749dea8bda81bf85a81"",""0xf5162966dbd2c8c3b2195e7ee9c5e46a8dd1715287d079a5b92d312ca24045cd"",""0x27f6a02165b673e7008df197e38e096214cfb8e24d4ed54d9d7086bd62eb23c1"",""0x68fb332560fdf6ea1d74d8c4bfc3ff952f79df911ac17e478862c0aa1c736db3"",""0x262e2e527250bfc9fea90edce78f93b95ce16f345766eb2534ba2fb39906d951"",""0x01829fcc6d779d94ee869f97379c6516562dc7f8b74938742ffefe6b09b93fbc""]","[""0x119bb5b05d026a441a51d331d2e813d4a51e2ca676f9919b728dde31c94dc798"",""0x01829fcc6d779d94ee869f97379c6516562dc7f8b74938742ffefe6b09b93fbc""]",0,0,1,0,0,0,0.2
bstpstaking512mfadd38bd,invalid,error_duplicates,5,1,2,mfadd38bd,100,10,10,"[""0x6b84de292cb6e3be779d6288c69c6a070bba523a2317a4d294c1616e10f137ed"",""0x29eba7ba49866efd89a8dce8d84688734eb0b4b198d4992b288b36b31540c8dc"",""0x9a0ed5a06fb6051d9a659f829e57ea0e382f714cb43d55efaa317c69cfae14ee"",""0xa54b85ebaf38eb5f32e60aa26864d749276b396904eaac8eab33cb17c7bc5e92"",""0x29eba7ba49866efd89a8dce8d84688734eb0b4b198d4992b288b36b31540c8dc"",""0x49e5774ab139905928ff21d948254adc70aa28ff5eea2ac796f32b0549b267a3"",""0x6ea2e4d3921eb79867ba52b40ba2fdf4df2de7e307f65f7742bf9f3bdb48a96c"",""0x9a0ed5a06fb6051d9a659f829e57ea0e382f714cb43d55efaa317c69cfae14ee"",""0x29eba7ba49866efd89a8dce8d84688734eb0b4b198d4992b288b36b31540c8dc"",""0x9a0ed5a06fb6051d9a659f829e57ea0e382f714cb43d55efaa317c69cfae14ee""]","[""0x71a93113087b01233d6a75b25863b56cc2d4ca947f24a3540208f7d1f5e5efbf"",""0xfd6b6381e462eb69a90451498acc82533df2612f7e00141667dbce964caa982e"",""0x505f78474c398814eb0ba0cc3c08f6129e12bf16431876853283a43beac9d141"",""0x3c4ef3727c5acae7ca4976ecf767571e18ac1b70a4aad2ac4f7b9139bcfc987d"",""0x60642c6a8412d200a3413c5426afef17f3d72d45fadaf5cdde98b783893518ec"",""0x1fd6cd46a30ebaf43fddfe1aa0f8499987a4d3e3a687e3b577d2d1f1bf4d9e77"",""0x429b49322f39406d28f591c75e8222ecd51db05a599ec5d128466346627eb705"",""0xae105f7f87da768b512fdfdb98a0fbf6131d1571893bb99b9a0ab477ff1702c2"",""0x353fcfc68b913bba883a1cbe437235257a5567ace334e692406b2239896cc845"",""0x7c9cdb9fd07a0e95dd225ef751470ce88b43ad6e9e209b3b95404c7a6849e39b""]",[],0,0,1,0,0,0.4,0
bstpstaking513m02a43993,valid,,5,1,3,m02a43993,100,10,10,"[""0xb1d52412675094b54611913899744bda3aa3c67ce51c9e9d61d8a49d9cc84caf"",""0x92c0efa8758ff02dd06dfd438cd6612b6e3590f9c8b7c0932fd418903855a478"",""0x80288ad5dc62d58560df110a3535af497449f9f6f4f71e34500b9f5045943ea7"",""0x90ecb607bbb48b913aefe5003509412fcdc1a78708f7390fad1c6953be606038"",""0xcd09dc92e8736934e461988f29064ea4e49ccc41310e47a797ab8e787536e77d"",""0x7c40aac49a736517f5c440f9392f1683424054f2ffa6df7c2970a52c11db06ca"",""0x6940f8c3529787bcfbcbf21fa64207221930bb64f69f1727136674443bba43aa"",""0xc55affca1215c084bf128ba0988f72307688e82dad27f78deb20fcd099ee6cfd"",""0xbf8c1230d97d1734b786b3a58bf3b629894750bf1d7c2e0dadf3021d6c4a3906"",""0x6f2888caabbf7a960fdc5d61359cdc84334ccdd981d4287268a974d004b802d0""]","[""0xb1d52412675094b54611913899744bda3aa3c67ce51c9e9d61d8a49d9cc84caf"",""0x92c0efa8758ff02dd06dfd438cd6612b6e3590f9c8b7c0932fd418903855a478"",""0x80288ad5dc62d58560df110a3535af497449f9f6f4f71e34500b9f5045943ea7"",""0x90ecb607bbb48b913aefe5003509412fcdc1a78708f7390fad1c6953be606038"",""0x08c294941588d570c4ae95ce5aaf4a1592f278bd19029a2851efff2d86015692"",""0x3b5d1234f10198acc136a10dfa09fa0a1a59de504bc0d9a7c35446f692b7c07c"",""0xcd09dc92e8736934e461988f29064ea4e49ccc41310e47a797ab8e787536e77d"",""0xb002fb01be58fedcd04d5ceb2895feaf22973ac1205efed3d2db367bc6d7525b"",""0x7c40aac49a736517f5c440f9392f1683424054f2ffa6df7c2970a52c11db06ca"",""0x6940f8c3529787bcfbcbf21fa64207221930bb64f69f1727136674443bba43aa""]","[""0xb1d52412675094b54611913899744bda3aa3c67ce51c9e9d61d8a49d9cc84caf"",""0x92c0efa8758ff02dd06dfd438cd6612b6e3590f9c8b7c0932fd418903855a478"",""0x80288ad5dc62d58560df110a3535af497449f9f6f4f71e34500b9f5045943ea7"",""0x90ecb607bbb48b913aefe5003509412fcdc1a78708f7390fad1c6953be606038"",""0xcd09dc92e8736934e461988f29064ea4e49ccc41310e47a797ab8e787536e77d"",""0x7c40aac49a736517f5c440f9392f1683424054f2ffa6df7c2970a52c11db06ca"",""0x6940f8c3529787bcfbcbf21fa64207221930bb64f69f1727136674443bba43aa""]",0,0,1,0,0,0,0.7
bstpstaking513m069a3556,valid,,5,1,3,m069a3556,100,10,10,"[""0xc07123b97e3b7fb310541633f72936c40f21f7a507de51256f9c4a68505fe755"",""0x8e6d012480045e4b5a348cba18c36cd7dce2c03e104f31bee2ef673ed479f9b9"",""0xa96998d7482d5388fcfec7817656589c7dde92c5b5de8b537cd15bd1e45bf003"",""0x4acba4a5ab48bdfacfcc47ef590afc21b1b89482935b5ef5073139a71872cd91"",""0xa975691b986b4bd9a07e89ed53334e6673ad17210c80a7171fc789ad9a6c2241"",""0x48ba115d52a62585dc5bd5adf927ddd89f36a37b833979456398a75ce137082d"",""0xd5166cc672f96a8e49f42526120aea87115f34d3352f0d3da796678b2b76ddaf"",""0x9f23df75d917ffc73391df6f4b7ff7fa5b10689686afa49d47589ee1fbebf692"",""0x09e0d4aa66c3f8d8b249572c8e482eda6bbf73dc3a83e475aae2f79eafc24e12"",""0x301a4c5325fb29a54b2da09b372d61c8ddf8ca7e4f52c0727cc0f5247bdcb444""]","[""0x230550ee2f183f79fbee87b09e6157a7bfd65abfefa14a749660749b7fa0d6b4"",""0xe5da0f8dfb6b491adb9c38f755f10e08bd498ab5979036394be3930984053206"",""0x505f78474c398814eb0ba0cc3c08f6129e12bf16431876853283a43beac9d141"",""0x281cd26d80e9cd95f098908b641c2534121c033c47795850d88fdab6f04f2af0"",""0x12c0e8caa1bce7d499cbbbc665fbb364c09cd2977856fe2bf0027b9c600b9022"",""0x8d357dcd4a7c14d4a0f33a6d36f83ab30a8caad65d222d503f46d94d277f7c24"",""0xcd6d08f520a5a6aebaa079033393b6393e347445be26d2c107e8d7ee03c8f13c"",""0xd7531695dcd358a4f56787acbbd65565a09fc63eff941ad49498daeb1ae38f44"",""0x429b49322f39406d28f591c75e8222ecd51db05a599ec5d128466346627eb705"",""0x86ae1d3cfed9f994a673ca32c9ebb44c1b77c8c3781c16a0f6486fea4611ee5b""]",[],0,0,1,0,0,0,0
bstpstaking513m1a5bd173,valid,,5,1,3,m1a5bd173,100,10,10,"[""0xc6a97d34bb42db0a2411ee2a04a39e1a349ac46d0facc8d8aba2ac45c1b9eee0"",""0x463a6d79a1b14e1245e8a22a93eae203235f05c5835dce53dd44083cfce2ddb1"",""0x2810a2647fc8a040ec0828691316e1d0e1363d42f47f3bf80e2accb7bae8de17"",""0x1450a2ad54db1f6259714cc9ac588cd99a4c4c03f9526698ab2fa1de7df5a66e"",""0x803c04e9d0b2c4e90a99c31dd8519bf915308014ab129a6ef5635c5707119a44"",""0x33da2b3594ef9db6bcb504fb42dbeb618bd4744bad06118ab8bdb7d67bdff688"",""0x2124486dc85b8c57fc4d5e0a9f55e30add471fe3180fcfe101410d17e1eff055"",""0x1f25f99c6d1f24e05ff014d5cc531a97eb7d5bfb2e2ed27087821aad87f4f722"",""0xbf6489a08a8745746e35f77a052c289ef563ae490967385f26a3f35520ef5dbd"",""0x1d749b5f86c79ba93d5cff0db7a212674c39db3600bd641221349d52769447fc""]","[""0x16a4b9d56a3ab5e2ef284d0e822e6707757b125228793b37bc9e037802da9d9b"",""0x86ae1d3cfed9f994a673ca32c9ebb44c1b77c8c3781c16a0f6486fea4611ee5b"",""0xa4a5871d752ffcf82f0971f07904f7cdd34150574ae793fcf1bff93d1aa06ff0"",""0xaa8fad824a174e57accf11eb34b23d020d6aa685da1925b1c30a611ffdb95a0e"",""0x80e64594a9d4fad2c6617c96707f6c9a1a78970b22d16066311be57b6d24a7da"",""0x39700501189242fe3b7185fd03a5cace111de24b0c6b66471be82d30bc72ec27"",""0x7634f8326375f99ebfd7a8b203b7442a56b18cf7dc73f6238abd4122e8090b86"",""0x6ea2e4d3921eb79867ba52b40ba2fdf4df2de7e307f65f7742bf9f3bdb48a96c"",""0xe2c89165b1663cbef76d4db4aff33d030d5826b8a643a445b8531c288e7745fd"",""0x60642c6a8412d200a3413c5426afef17f3d72d45fadaf5cdde98b783893518ec""]",[],0,0,1,0,0,0,0
bstpstaking513m30fd2845,valid,,5,1,3,m30fd2845,100,10,10,"[""0x73d6c0efd0550ca38510ec910998f28c5f57de699ed4f4eab13ed86d90fb6b07"",""0x16a4b9d56a3ab5e2ef284d0e822e6707757b125228793b37bc9e037802da9d9b"",""0xe9bff1484b60de522b5fda8d2a44f33f1ba6a17ca2db76472f469a91f2245a8b"",""0x7c9cdb9fd07a0e95dd225ef751470ce88b43ad6e9e209b3b95404c7a6849e39b"",""0xb3788db79f3ad700a3cc134a27acbcec7a0a587ffbcdf5927faa24e5c362d493"",""0xc2467251882eb44d5415c8fddda0ba28022dedaeeca039a9fa1e56bb4cb2aba3"",""0xea69777677b59561b3782267ef6a65d6e0f38e1fea58f1ece52358972347edb0"",""0x68fb332560fdf6ea1d74d8c4bfc3ff952f79df911ac17e478862c0aa1c736db3"",""0x9920c06a362172692e96bab008e569caa257aaec2c8f130f3564a55f2f52357b"",""0x262e2e527250bfc9fea90edce78f93b95ce16f345766eb2534ba2fb39906d951""]","[""0x73d6c0efd0550ca38510ec910998f28c5f57de699ed4f4eab13ed86d90fb6b07"",""0x16a4b9d56a3ab5e2ef284d0e822e6707757b125228793b37bc9e037802da9d9b"",""0xe9bff1484b60de522b5fda8d2a44f33f1ba6a17ca2db76472f469a91f2245a8b"",""0x7c9cdb9fd07a0e95dd225ef751470ce88b43ad6e9e209b3b95404c7a6849e39b"",""0xb3788db79f3ad700a3cc134a27acbcec7a0a587ffbcdf5927faa24e5c362d493"",""0xc2467251882eb44d5415c8fddda0ba28022dedaeeca039a9fa1e56bb4cb2aba3"",""0xea69777677b59561b3782267ef6a65d6e0f38e1fea58f1ece52358972347edb0"",""0x68fb332560fdf6ea1d74d8c4bfc3ff952f79df911ac17e478862c0aa1c736db3"",""0x9920c06a362172692e96bab008e569caa257aaec2c8f130f3564a55f2f52357b"",""0x262e2e527250bfc9fea90edce78f93b95ce16f345766eb2534ba2fb39906d951""]","[""0x73d6c0efd0550ca38510ec910998f28c5f57de699ed4f4eab13ed86d90fb6b07"",""0x16a4b9d56a3ab5e2ef284d0e822e6707757b125228793b37bc9e037802da9d9b"",""0xe9bff1484b60de522b5fda8d2a44f33f1ba6a17ca2db76472f469a91f2245a8b"",""0x7c9cdb9fd07a0e95dd225ef751470ce88b43ad6e9e209b3b95404c7a6849e39b"",""0xb3788db79f3ad700a3cc134a27acbcec7a0a587ffbcdf5927faa24e5c362d493"",""0xc2467251882eb44d5415c8fddda0ba28022dedaeeca039a9fa1e56bb4cb2aba3"",""0xea69777677b59561b3782267ef6a65d6e0f38e1fea58f1ece52358972347edb0"",""0x68fb332560fdf6ea1d74d8c4bfc3ff952f79df911ac17e478862c0aa1c736db3"",""0x9920c06a362172692e96bab008e569caa257aaec2c8f130f3564a55f2f52357b"",""0x262e2e527250bfc9fea90edce78f93b95ce16f345766eb2534ba2fb39906d951""]",0,0,1,0,0,0,1
bstpstaking513m33799275,valid,,5,1,3,m33799275,100,10,10,"[""0xcd09dc92e8736934e461988f29064ea4e49ccc41310e47a797ab8e787536e77d"",""0xfd70d4311b5768c6b6bf7ecd75518b0b26ba2529cb7cf75e450bca9f0d366daa"",""0xa7831feb3b6ce91bfea938682651e70d662f1266659cbce6eaf0526e45512a68"",""0x29eba7ba49866efd89a8dce8d84688734eb0b4b198d4992b288b36b31540c8dc"",""0x8945bcc45087a8bfb2e18a5306781be29a69dbac49c73ab68b0d6c56a67bc0f9"",""0x5b677b1ca640fe2fa90ccb13036a107a5177af4f0b0bd5ed853ac029e427d019"",""0x8cc4b8cdcb727613f2378e83b1e459ef38061ac468dcb3d02730b17ef2a02673"",""0x49e5774ab139905928ff21d948254adc70aa28ff5eea2ac796f32b0549b267a3"",""0x106ecf713381cc7ee659b224caebb8c2d8402304fcc03cc12f04d9acb19beb31"",""0xf0972d9aa3b273f2d3cf65a082bf76d56bdf9ccf2ac70fff04b0e874dc1d469d""]","[""0xcd09dc92e8736934e461988f29064ea4e49ccc41310e47a797ab8e787536e77d"",""0xfd70d4311b5768c6b6bf7ecd75518b0b26ba2529cb7cf75e450bca9f0d366daa"",""0xa7831feb3b6ce91bfea938682651e70d662f1266659cbce6eaf0526e45512a68"",""0x29eba7ba49866efd89a8dce8d84688734eb0b4b198d4992b288b36b31540c8dc"",""0x2c6db858294994968533795d44c86dc8f050d3652066b8ceadf9d3b73dc7d902"",""0x8945bcc45087a8bfb2e18a5306781be29a69dbac49c73ab68b0d6c56a67bc0f9"",""0x5b677b1ca640fe2fa90ccb13036a107a5177af4f0b0bd5ed853ac029e427d019"",""0x8cc4b8cdcb727613f2378e83b1e459ef38061ac468dcb3d02730b17ef2a02673"",""0x49e5774ab139905928ff21d948254adc70aa28ff5eea2ac796f32b0549b267a3"",""0x106ecf713381cc7ee659b224caebb8c2d8402304fcc03cc12f04d9acb19beb31""]","[""0xcd09dc92e8736934e461988f29064ea4e49ccc41310e47a797ab8e787536e77d"",""0xfd70d4311b5768c6b6bf7ecd75518b0b26ba2529cb7cf75e450bca9f0d366daa"",""0xa7831feb3b6ce91bfea938682651e70d662f1266659cbce6eaf0526e45512a68"",""0x29eba7ba49866efd89a8dce8d84688734eb0b4b198d4992b288b36b31540c8dc"",""0x8945bcc45087a8bfb2e18a5306781be29a69dbac49c73ab68b0d6c56a67bc0f9"",""0x5b677b1ca640fe2fa90ccb13036a107a5177af4f0b0bd5ed853ac029e427d019"",""0x8cc4b8cdcb727613f2378e83b1e459ef38061ac468dcb3d02730b17ef2a02673"",""0x49e5774ab139905928ff21d948254adc70aa28ff5eea2ac796f32b0549b267a3"",""0x106ecf713381cc7ee659b224caebb8c2d8402304fcc03cc12f04d9acb19beb31""]",0,0,1,0,0,0,0.9
bstpstaking513m3b4969fb,invalid,error_duplicates,5,1,3,m3b4969fb,100,10,10,"[""0xb002fb01be58fedcd04d5ceb2895feaf22973ac1205efed3d2db367bc6d7525b"",""0x106ecf713381cc7ee659b224caebb8c2d8402304fcc03cc12f04d9acb19beb31"",""0x682175835b69fee8ca4e1000194ccf6067372d31c29aa0c1fb86d118274fe35f"",""0xc242c986f95f7cb745f870b1e292c03f57e59c36e809d37eb00cc8d235b22c5a"",""0x6a735d9199bcfde6d540397f0c81a9225ad8520e39847b9a367e7dd94565137d"",""0x4f70045f96345b6154f2e63f3fe4b06b6e40108aedcdd3afc6a66ea75fc3da24"",""0xffb33d2d1648788432430e96a9706f35a4dcfe30d45dd0e99a1eaf7e59ab6aeb"",""0xcfdc62eb5da1c0cc9f61c08540ca22833a6530d40de956ae254be5b1e0b59d74"",""0x5b677b1ca640fe2fa90ccb13036a107a5177af4f0b0bd5ed853ac029e427d019"",""0xffb33d2d1648788432430e96a9706f35a4dcfe30d45dd0e99a1eaf7e59ab6aeb""]","[""0xb002fb01be58fedcd04d5ceb2895feaf22973ac1205efed3d2db367bc6d7525b"",""0x106ecf713381cc7ee659b224caebb8c2d8402304fcc03cc12f04d9acb19beb31"",""0x682175835b69fee8ca4e1000194ccf6067372d31c29aa0c1fb86d118274fe35f"",""0xc242c986f95f7cb745f870b1e292c03f57e59c36e809d37eb00cc8d235b22c5a"",""0x4c896b9c75e38294c3a07ab4ccb18852996db2708540195223e428ddf09d38a0"",""0x6a735d9199bcfde6d540397f0c81a9225ad8520e39847b9a367e7dd94565137d"",""0x4f70045f96345b6154f2e63f3fe4b06b6e40108aedcdd3afc6a66ea75fc3da24"",""0xffb33d2d1648788432430e96a9706f35a4dcfe30d45dd0e99a1eaf7e59ab6aeb"",""0xcfdc62eb5da1c0cc9f61c08540ca22833a6530d40de956ae254be5b1e0b59d74"",""0x5b677b1ca640fe2fa90ccb13036a107a5177af4f0b0bd5ed853ac029e427d019""]","[""0xb002fb01be58fedcd04d5ceb2895feaf22973ac1205efed3d2db367bc6d7525b"",""0x106ecf713381cc7ee659b224caebb8c2d8402304fcc03cc12f04d9acb19beb31"",""0x682175835b69fee8ca4e1000194ccf6067372d31c29aa0c1fb86d118274fe35f"",""0xc242c986f95f7cb745f870b1e292c03f57e59c36e809d37eb00cc8d235b22c5a"",""0x6a735d9199bcfde6d540397f0c81a9225ad8520e39847b9a367e7dd94565137d"",""0x4f70045f96345b6154f2e63f3fe4b06b6e40108aedcdd3afc6a66ea75fc3da24"",""0xffb33d2d1648788432430e96a9706f35a4dcfe30d45dd0e99a1eaf7e59ab6aeb"",""0xcfdc62eb5da1c0cc9f61c08540ca22833a6530d40de956ae254be5b1e0b59d74"",""0x5b677b1ca640fe2fa90ccb13036a107a5177af4f0b0bd5ed853ac029e427d019"",""0xffb33d2d1648788432430e96a9706f35a4dcfe30d45dd0e99a1eaf7e59ab6aeb""]",0,0,1,0,0,0.09999999999999998,1
bstpstaking513m4239fd1c,valid,,5,1,3,m4239fd1c,100,10,10,"[""0x483e0faacc32045385006ac1d42d028b103a2e2e02f320e20037d0d36be54907"",""0x89c823bf9976eb820ef3b2041267ad2c6eed1f83e2ab87cdc4bf9577cff5a748"",""0x3c97283efec66e1a5ec8437966e087338da20f0aad3723d41d52c67328f7efe4"",""0x6940f8c3529787bcfbcbf21fa64207221930bb64f69f1727136674443bba43aa"",""0x106ecf713381cc7ee659b224caebb8c2d8402304fcc03cc12f04d9acb19beb31"",""0x90ecb607bbb48b913aefe5003509412fcdc1a78708f7390fad1c6953be606038"",""0xdf845dfbd70267c5c523805713303d6f4b7b91d97219e28f0508b46315e5e0e2"",""0x8a5fc9c813f0cbb1fbb3c86b71678b733f90197cd9b0fec7ef5b2e74d2827527"",""0xd9067ec22c0a52c0bf051e10e841161ac9d25bfedf069957979cc6f267cb6324"",""0xb7eba087f5cc24fe2d08675f1cd5a26ebf3fd48642175807fccde9db3ffb3752""]","[""0x483e0faacc32045385006ac1d42d028b103a2e2e02f320e20037d0d36be54907"",""0x89c823bf9976eb820ef3b2041267ad2c6eed1f83e2ab87cdc4bf9577cff5a748"",""0x3c97283efec66e1a5ec8437966e087338da20f0aad3723d41d52c67328f7efe4"",""0x6940f8c3529787bcfbcbf21fa64207221930bb64f69f1727136674443bba43aa"",""0x106ecf713381cc7ee659b224caebb8c2d8402304fcc03cc12f04d9acb19beb31"",""0x90ecb607bbb48b913aefe5003509412fcdc1a78708f7390fad1c6953be606038"",""0xb7eba087f5cc24fe2d08675f1cd5a26ebf3fd48642175807fccde9db3ffb3752"",""0xdf845dfbd70267c5c523805713303d6f4b7b91d97219e28f0508b46315e5e0e2"",""0x8a5fc9c813f0cbb1fbb3c86b71678b733f90197cd9b0fec7ef5b2e74d2827527"",""0xd9067ec22c0a52c0bf051e10e841161ac9d25bfedf069957979cc6f267cb6324""]","[""0x483e0faacc32045385006ac1d42d028b103a2e2e02f320e20037d0d36be54907"",""0x89c823bf9976eb820ef3b2041267ad2c6eed1f83e2ab87cdc4bf9577cff5a748"",""0x3c97283efec66e1a5ec8437966e087338da20f0aad3723d41d52c67328f7efe4"",""0x6940f8c3529787bcfbcbf21fa64207221930bb64f69f1727136674443bba43aa"",""0x106ecf713381cc7ee659b224caebb8c2d8402304fcc03cc12f04d9acb19beb31"",""0x90ecb607bbb48b913aefe5003509412fcdc1a78708f7390fad1c6953be606038"",""0xdf845dfbd70267c5c523805713303d6f4b7b91d97219e28f0508b46315e5e0e2"",""0x8a5fc9c813f0cbb1fbb3c86b71678b733f90197cd9b0fec7ef5b2e74d2827527"",""0xd9067ec22c0a52c0bf051e10e841161ac9d25bfedf069957979cc6f267cb6324"",""0xb7eba087f5cc24fe2d08675f1cd5a26ebf3fd48642175807fccde9db3ffb3752""]",0,0,1,0,0,0,1
bstpstaking513m61fde19d,valid,,5,1,3,m61fde19d,100,10,10,"[""0x8a5fc9c813f0cbb1fbb3c86b71678b733f90197cd9b0fec7ef5b2e74d2827527"",""0xa7831feb3b6ce91bfea938682651e70d662f1266659cbce6eaf0526e45512a68"",""0x12c0e8caa1bce7d499cbbbc665fbb364c09cd2977856fe2bf0027b9c600b9022"",""0x230550ee2f183f79fbee87b09e6157a7bfd65abfefa14a749660749b7fa0d6b4"",""0x37890a125406e5e42ba213b40b55685bc6c328fc0106903b123b70d8312c1000"",""0x06442c0ccc9ab367282f06426924517e0a49c25e50a492ad91aecc55b655f458"",""0x68fb332560fdf6ea1d74d8c4bfc3ff952f79df911ac17e478862c0aa1c736db3"",""0xe2c89165b1663cbef76d4db4aff33d030d5826b8a643a445b8531c288e7745fd"",""0xaa8fad824a174e57accf11eb34b23d020d6aa685da1925b1c30a611ffdb95a0e"",""0x29187244faabe50ff12772179ed1ed96c1b01fa42be46986e36d7235bdee020e""]","[""0x69f76a6458130c9ded5a13a31db3715ca829f4a679d617f3e492b9116677d10c"",""0xdabbd1bf365dd83a0175d5e359d11f8d109116b0745646ef8d2c6a2efcf851df"",""0x281d75ca73c64a8633ed60198d5e953cc41cba8132bf7dfc97a978d37dd83726"",""0x7c9cdb9fd07a0e95dd225ef751470ce88b43ad6e9e209b3b95404c7a6849e39b"",""0xfd6b6381e462eb69a90451498acc82533df2612f7e00141667dbce964caa982e"",""0x8d357dcd4a7c14d4a0f33a6d36f83ab30a8caad65d222d503f46d94d277f7c24"",""0x37890a125406e5e42ba213b40b55685bc6c328fc0106903b123b70d8312c1000"",""0x06442c0ccc9ab367282f06426924517e0a49c25e50a492ad91aecc55b655f458"",""0xe5da0f8dfb6b491adb9c38f755f10e08bd498ab5979036394be3930984053206"",""0xe2c89165b1663cbef76d4db4aff33d030d5826b8a643a445b8531c288e7745fd""]","[""0x37890a125406e5e42ba213b40b55685bc6c328fc0106903b123b70d8312c1000"",""0x06442c0ccc9ab367282f06426924517e0a49c25e50a492ad91aecc55b655f458"",""0xe2c89165b1663cbef76d4db4aff33d030d5826b8a643a445b8531c288e7745fd""]",0,0,1,0,0,0,0.3
bstpstaking513m6489f990,valid,,5,1,3,m6489f990,100,10,10,"[""0x8e0fe0f656e916603b21dfc46871616ecb7b642b28e5d883d2c499a8c5e837e1"",""0x34a4d8937f3354a8c46b9c2b29c4ce9f1ea8d0bcdf66b5633b3e24cfd92ed2d9"",""0x795399050aae731a8fb0651e6f99b4eaee8db493bd96ff86da6f6fa03c04b181"",""0x8dfdc5cf3cb02e7e591f87507f529f23ace45f23d37d2cc53a0be7ae48327735"",""0x55438b3cc8a7b8feb076576689edb0eb929cc5e619c8e3081ca280d3e78956fa"",""0xfd20133ec486c0ab3acaa7eedcd7170e5c17ac4821e7f799014bf5ac5d4a15d6"",""0x548a6d0e11a56a2f3c816358d5a6d33f238307fda325329c3fef19c266a0ad45"",""0xc2ffac38150fc2e08a11fe55ee74c9abd7af09e9ed476faaf590e2cc957e47d9"",""0xc9934edef10f228ceae43f18632ddd98051ed4be2403be15d14f2186731c579d"",""0xafa9938236b1684d4285e0eed9ec046b0a0bb88755b62b6a7bdf2a7963971aba""]","[""0x73d6c0efd0550ca38510ec910998f28c5f57de699ed4f4eab13ed86d90fb6b07"",""0x3c4ef3727c5acae7ca4976ecf767571e18ac1b70a4aad2ac4f7b9139bcfc987d"",""0x8e6ed61f936c34115ed64b52efb53b493d279f72a1ed2c1dde342f98dfc9178d"",""0x01829fcc6d779d94ee869f97379c6516562dc7f8b74938742ffefe6b09b93fbc"",""0x262e2e527250bfc9fea90edce78f93b95ce16f345766eb2534ba2fb39906d951"",""0xaa8fad824a174e57accf11eb34b23d020d6aa685da1925b1c30a611ffdb95a0e"",""0x429b49322f39406d28f591c75e8222ecd51db05a599ec5d128466346627eb705"",""0x08c294941588d570c4ae95ce5aaf4a1592f278bd19029a2851efff2d86015692"",""0x6ea2e4d3921eb79867ba52b40ba2fdf4df2de7e307f65f7742bf9f3bdb48a96c"",""0x281cd26d80e9cd95f098908b641c2534121c033c47795850d88fdab6f04f2af0""]",[],0,0,1,0,0,0,0
bstpstaking513m652a5fba,valid,,5,1,3,m652a5fba,100,10,10,"[""0x5b677b1ca640fe2fa90ccb13036a107a5177af4f0b0bd5ed853ac029e427d019"",""0xd9067ec22c0a52c0bf051e10e841161ac9d25bfedf069957979cc6f267cb6324"",""0x2c6db858294994968533795d44c86dc8f050d3652066b8ceadf9d3b73dc7d902"",""0x98383544e422fe17027cdac418f09337309386a10806b8ee02c8d32713923a8e"",""0x3c97283efec66e1a5ec8437966e087338da20f0aad3723d41d52c67328f7efe4"",""0x4c896b9c75e38294c3a07ab4ccb18852996db2708540195223e428ddf09d38a0"",""0x932383665799c1241f674264478c7dbdc9dbecd0c1d33b2034e91903326669df"",""0x0a363f73ac86187864f54390fdd7c779dfc66601f6a87f2d44a62f2ebe20bba6"",""0x56be1af2d7e1b1d344e1e940a0deacc5838848749bafc6f70b94397164f2132e"",""0x43816be87f050d0a14bdad035927aac74daffe5d2c78440230157be7c84b6d67""]","[""0x5b677b1ca640fe2fa90ccb13036a107a5177af4f0b0bd5ed853ac029e427d019"",""0xd9067ec22c0a52c0bf051e10e841161ac9d25bfedf069957979cc6f267cb6324"",""0x2c6db858294994968533795d44c86dc8f050d3652066b8ceadf9d3b73dc7d902"",""0xb65630e7129a1fecafdca9eb7dbe53130a12b5d3e2e984bbf9c9a5399c6cc30f"",""0x39700501189242fe3b7185fd03a5cace111de24b0c6b66471be82d30bc72ec27"",""0x856f01151a1c15aa053c920c11f2f4a193b3ed4250c6ee2ebf77c3390fe0f275"",""0x98383544e422fe17027cdac418f09337309386a10806b8ee02c8d32713923a8e"",""0x3c97283efec66e1a5ec8437966e087338da20f0aad3723d41d52c67328f7efe4"",""0x4c896b9c75e38294c3a07ab4ccb18852996db2708540195223e428ddf09d38a0"",""0x932383665799c1241f674264478c7dbdc9dbecd0c1d33b2034e91903326669df""]","[""0x5b677b1ca640fe2fa90ccb13036a107a5177af4f0b0bd5ed853ac029e427d019"",""0xd9067ec22c0a52c0bf051e10e841161ac9d25bfedf069957979cc6f267cb6324"",""0x2c6db858294994968533795d44c86dc8f050d3652066b8ceadf9d3b73dc7d902"",""0x98383544e422fe17027cdac418f09337309386a10806b8ee02c8d32713923a8e"",""0x3c97283efec66e1a5ec8437966e087338da20f0aad3723d41d52c67328f7efe4"",""0x4c896b9c75e38294c3a07ab4ccb18852996db2708540195223e428ddf09d38a0"",""0x932383665799c1241f674264478c7dbdc9dbecd0c1d33b2034e91903326669df""]",0,0,1,0,0,0,0.7
bstpstaking513m66488430,valid,,5,1,3,m66488430,100,10,10,"[""0xc3b0696840352e2a25a87160f85c766cba4c6b9424a40ded6b5e2eb28f9215f6"",""0xfc9bec6e17e3d34235748a04c8a772f602b2283e2946d9f68c2ed62bcdd2cd85"",""0x7c40aac49a736517f5c440f9392f1683424054f2ffa6df7c2970a52c11db06ca"",""0x4f70045f96345b6154f2e63f3fe4b06b6e40108aedcdd3afc6a66ea75fc3da24"",""0x90ecb607bbb48b913aefe5003509412fcdc1a78708f7390fad1c6953be606038"",""0xffb33d2d1648788432430e96a9706f35a4dcfe30d45dd0e99a1eaf7e59ab6aeb"",""0x6b84de292cb6e3be779d6288c69c6a070bba523a2317a4d294c1616e10f137ed"",""0x60642c6a8412d200a3413c5426afef17f3d72d45fadaf5cdde98b783893518ec"",""0x856f01151a1c15aa053c920c11f2f4a193b3ed4250c6ee2ebf77c3390fe0f275"",""0xc83255e7f44f715ea7d2b6da08689900a9b7bb38ef204039561e14dde5e03798""]","[""0xc3b0696840352e2a25a87160f85c766cba4c6b9424a40ded6b5e2eb28f9215f6"",""0xfc9bec6e17e3d34235748a04c8a772f602b2283e2946d9f68c2ed62bcdd2cd85"",""0x7c40aac49a736517f5c440f9392f1683424054f2ffa6df7c2970a52c11db06ca"",""0xcd09dc92e8736934e461988f29064ea4e49ccc41310e47a797ab8e787536e77d"",""0x92c0efa8758ff02dd06dfd438cd6612b6e3590f9c8b7c0932fd418903855a478"",""0x4f70045f96345b6154f2e63f3fe4b06b6e40108aedcdd3afc6a66ea75fc3da24"",""0xb1d52412675094b54611913899744bda3aa3c67ce51c9e9d61d8a49d9cc84caf"",""0x90ecb607bbb48b913aefe5003509412fcdc1a78708f7390fad1c6953be606038"",""0xffb33d2d1648788432430e96a9706f35a4dcfe30d45dd0e99a1eaf7e59ab6aeb"",""0x6b84de292cb6e3be779d6288c69c6a070bba523a2317a4d294c1616e10f137ed""]","[""0xc3b0696840352e2a25a87160f85c766cba4c6b9424a40ded6b5e2eb28f9215f6"",""0xfc9bec6e17e3d34235748a04c8a772f602b2283e2946d9f68c2ed62bcdd2cd85"",""0x7c40aac49a736517f5c440f9392f1683424054f2ffa6df7c2970a52c11db06ca"",""0x4f70045f96345b6154f2e63f3fe4b06b6e40108aedcdd3afc6a66ea75fc3da24"",""0x90ecb607bbb48b913aefe5003509412fcdc1a78708f7390fad1c6953be606038"",""0xffb33d2d1648788432430e96a9706f35a4dcfe30d45dd0e99a1eaf7e59ab6aeb"",""0x6b84de292cb6e3be779d6288c69c6a070bba523a2317a4d294c1616e10f137ed""]",0,0,1,0,0,0,0.7
bstpstaking513m6e7de01e,valid,,5,1,3,m6e7de01e,100,10,10,"[""0x7c9cdb9fd07a0e95dd225ef751470ce88b43ad6e9e209b3b95404c7a6849e39b"",""0x353fcfc68b913bba883a1cbe437235257a5567ace334e692406b2239896cc845"",""0xaa8fad824a174e57accf11eb34b23d020d6aa685da1925b1c30a611ffdb95a0e"",""0x3c4ef3727c5acae7ca4976ecf767571e18ac1b70a4aad2ac4f7b9139bcfc987d"",""0xcd6d08f520a5a6aebaa079033393b6393e347445be26d2c107e8d7ee03c8f13c"",""0xdd364115eefd88d44ddca902abb962bd1038efc911e81847f0d1911029cb83fc"",""0xd7531695dcd358a4f56787acbbd65565a09fc63eff941ad49498daeb1ae38f44"",""0x66dc91c1375c97a345396b765a31f83a172cf55a43b176b21f6e7ca8e695b9fd"",""0x281cd26d80e9cd95f098908b641c2534121c033c47795850d88fdab6f04f2af0"",""0xe2c89165b1663cbef76d4db4aff33d030d5826b8a643a445b8531c288e7745fd""]","[""0x7c9cdb9fd07a0e95dd225ef751470ce88b43ad6e9e209b3b95404c7a6849e39b"",""0x353fcfc68b913bba883a1cbe437235257a5567ace334e692406b2239896cc845"",""0xaa8fad824a174e57accf11eb34b23d020d6aa685da1925b1c30a611ffdb95a0e"",""0x3c4ef3727c5acae7ca4976ecf767571e18ac1b70a4aad2ac4f7b9139bcfc987d"",""0xcd6d08f520a5a6aebaa079033393b6393e347445be26d2c107e8d7ee03c8f13c"",""0x281cd26d80e9cd95f098908b641c2534121c033c47795850d88fdab6f04f2af0"",""0xdd364115eefd88d44ddca902abb962bd1038efc911e81847f0d1911029cb83fc"",""0xe2c89165b1663cbef76d4db4aff33d030d5826b8a643a445b8531c288e7745fd"",""0x66dc91c1375c97a345396b765a31f83a172cf55a43b176b21f6e7ca8e695b9fd"",""0xd7531695dcd358a4f56787acbbd65565a09fc63eff941ad49498daeb1ae38f44""]","[""0x7c9cdb9fd07a0e95dd225ef751470ce88b43ad6e9e209b3b95404c7a6849e39b"",""0x353fcfc68b913bba883a1cbe437235257a5567ace334e692406b2239896cc845"",""0xaa8fad824a174e57accf11eb34b23d020d6aa685da1925b1c30a611ffdb95a0e"",""0x3c4ef3727c5acae7ca4976ecf767571e18ac1b70a4aad2ac4f7b9139bcfc987d"",""0xcd6d08f520a5a6aebaa079033393b6393e347445be26d2c107e8d7ee03c8f13c"",""0xdd364115eefd88d44ddca902abb962bd1038efc911e81847f0d1911029cb83fc"",""0xd7531695dcd358a4f56787acbbd65565a09fc63eff941ad49498daeb1ae38f44"",""0x66dc91c1375c97a345396b765a31f83a172cf55a43b176b21f6e7ca8e695b9fd"",""0x281cd26d80e9cd95f098908b641c2534121c033c47795850d88fdab6f04f2af0"",""0xe2c89165b1663cbef76d4db4aff33d030d5826b8a643a445b8531c288e7745fd""]",0,0,1,0,0,0,1
bstpstaking513m7dfad905,valid,,5,1,3,m7dfad905,100,10,10,"[""0x106ecf713381cc7ee659b224caebb8c2d8402304fcc03cc12f04d9acb19beb31"",""0xfd70d4311b5768c6b6bf7ecd75518b0b26ba2529cb7cf75e450bca9f0d366daa"",""0xe70b739d2c9d746514eb24b9ed0d3b51448a0a5913813a2864aa9be0ec65e691"",""0xa7831feb3b6ce91bfea938682651e70d662f1266659cbce6eaf0526e45512a68"",""0xab461bed3349317736818b1dabb4b0c82cc986f81bc20a4f98abb1cf118525e2"",""0xcd09dc92e8736934e461988f29064ea4e49ccc41310e47a797ab8e787536e77d"",""0x49e5774ab139905928ff21d948254adc70aa28ff5eea2ac796f32b0549b267a3"",""0x6e53ec51854bc45ec72e747b9db61797e1b20b6c0f523a3f2ead783fd267ed91"",""0x9a0ed5a06fb6051d9a659f829e57ea0e382f714cb43d55efaa317c69cfae14ee"",""0x80288ad5dc62d58560df110a3535af497449f9f6f4f71e34500b9f5045943ea7""]","[""0x106ecf713381cc7ee659b224caebb8c2d8402304fcc03cc12f04d9acb19beb31"",""0xfd70d4311b5768c6b6bf7ecd75518b0b26ba2529cb7cf75e450bca9f0d366daa"",""0xe70b739d2c9d746514eb24b9ed0d3b51448a0a5913813a2864aa9be0ec65e691"",""0xa7831feb3b6ce91bfea938682651e70d662f1266659cbce6eaf0526e45512a68"",""0xab461bed3349317736818b1dabb4b0c82cc986f81bc20a4f98abb1cf118525e2"",""0xcd09dc92e8736934e461988f29064ea4e49ccc41310e47a797ab8e787536e77d"",""0x49e5774ab139905928ff21d948254adc70aa28ff5eea2ac796f32b0549b267a3"",""0x6e53ec51854bc45ec72e747b9db61797e1b20b6c0f523a3f2ead783fd267ed91"",""0x9a0ed5a06fb6051d9a659f829e57ea0e382f714cb43d55efaa317c69cfae14ee"",""0x80288ad5dc62d58560df110a3535af497449f9f6f4f71e34500b9f5045943ea7""]","[""0x106ecf713381cc7ee659b224caebb8c2d8402304fcc03cc12f04d9acb19beb31"",""0xfd70d4311b5768c6b6bf7ecd75518b0b26ba2529cb7cf75e450bca9f0d366daa"",""0xe70b739d2c9d746514eb24b9ed0d3b51448a0a5913813a2864aa9be0ec65e691"",""0xa7831feb3b6ce91bfea938682651e70d662f1266659cbce6eaf0526e45512a68"",""0xab461bed3349317736818b1dabb4b0c82cc986f81bc20a4f98abb1cf118525e2"",""0xcd09dc92e8736934e461988f29064ea4e49ccc41310e47a797ab8e787536e77d"",""0x49e5774ab139905928ff21d948254adc70aa28ff5eea2ac796f32b0549b267a3"",""0x6e53ec51854bc45ec72e747b9db61797e1b20b6c0f523a3f2ead783fd267ed91"",""0x9a0ed5a06fb6051d9a659f829e57ea0e382f714cb43d55efaa317c69cfae14ee"",""0x80288ad5dc62d58560df110a3535af497449f9f6f4f71e34500b9f5045943ea7""]",0,0,1,0,0,0,1
bstpstaking513m7e72b6a8,valid,,5,1,3,m7e72b6a8,100,10,10,"[""0x9a0ed5a06fb6051d9a659f829e57ea0e382f714cb43d55efaa317c69cfae14ee"",""0x98383544e422fe17027cdac418f09337309386a10806b8ee02c8d32713923a8e"",""0x8945bcc45087a8bfb2e18a5306781be29a69dbac49c73ab68b0d6c56a67bc0f9"",""0x99196e62444c2ecc416618bcc5a3424f9cd5641d6867c8e258507c7d89a4a88c"",""0x4c896b9c75e38294c3a07ab4ccb18852996db2708540195223e428ddf09d38a0"",""0x7c40aac49a736517f5c440f9392f1683424054f2ffa6df7c2970a52c11db06ca"",""0x49e5774ab139905928ff21d948254adc70aa28ff5eea2ac796f32b0549b267a3"",""0x3bdf59910dc80d945c909ab4265dbbbe8e7cc3938d6d3df55a7e4a8219757a6d"",""0xcd57fe897cd7013d3f9e6131de9fa6d2910dcab5055ecc546f6d83339d5c9867"",""0x4d1f4a08e41ec3ab3f41e9b6ce588f83f7098005d794d67b1ae234c07ff52acb""]","[""0x9a0ed5a06fb6051d9a659f829e57ea0e382f714cb43d55efaa317c69cfae14ee"",""0x98383544e422fe17027cdac418f09337309386a10806b8ee02c8d32713923a8e"",""0x8945bcc45087a8bfb2e18a5306781be29a69dbac49c73ab68b0d6c56a67bc0f9"",""0xd7531695dcd358a4f56787acbbd65565a09fc63eff941ad49498daeb1ae38f44"",""0x99196e62444c2ecc416618bcc5a3424f9cd5641d6867c8e258507c7d89a4a88c"",""0xe40523cb93f50925b957e5e448d59b64adfad0b41a549e68dd171dd988bc17a5"",""0x4c896b9c75e38294c3a07ab4ccb18852996db2708540195223e428ddf09d38a0"",""0x7c40aac49a736517f5c440f9392f1683424054f2ffa6df7c2970a52c11db06ca"",""0x49e5774ab139905928ff21d948254adc70aa28ff5eea2ac796f32b0549b267a3"",""0xffb33d2d1648788432430e96a9706f35a4dcfe30d45dd0e99a1eaf7e59ab6aeb""]","[""0x9a0ed5a06fb6051d9a659f829e57ea0e382f714cb43d55efaa317c69cfae14ee"",""0x98383544e422fe17027cdac418f09337309386a10806b8ee02c8d32713923a8e"",""0x8945bcc45087a8bfb2e18a5306781be29a69dbac49c73ab68b0d6c56a67bc0f9"",""0x99196e62444c2ecc416618bcc5a3424f9cd5641d6867c8e258507c7d89a4a88c"",""0x4c896b9c75e38294c3a07ab4ccb18852996db2708540195223e428ddf09d38a0"",""0x7c40aac49a736517f5c440f9392f1683424054f2ffa6df7c2970a52c11db06ca"",""0x49e5774ab139905928ff21d948254adc70aa28ff5eea2ac796f32b0549b267a3""]",0,0,1,0,0,0,0.7
bstpstaking513m8051415e,invalid,error_duplicates,5,1,3,m8051415e,100,10,10,"[""0x4f70045f96345b6154f2e63f3fe4b06b6e40108aedcdd3afc6a66ea75fc3da24"",""0x8cc4b8cdcb727613f2378e83b1e459ef38061ac468dcb3d02730b17ef2a02673"",""0x29eba7ba49866efd89a8dce8d84688734eb0b4b198d4992b288b36b31540c8dc"",""0x92c0efa8758ff02dd06dfd438cd6612b6e3590f9c8b7c0932fd418903855a478"",""0x80288ad5dc62d58560df110a3535af497449f9f6f4f71e34500b9f5045943ea7"",""0xa7831feb3b6ce91bfea938682651e70d662f1266659cbce6eaf0526e45512a68"",""0x6b84de292cb6e3be779d6288c69c6a070bba523a2317a4d294c1616e10f137ed"",""0xcfdc62eb5da1c0cc9f61c08540ca22833a6530d40de956ae254be5b1e0b59d74"",""0xd5568fd406d7db628afa415d58bf5bd06959a92398aa702548e8e04793bedd47"",""0x92c0efa8758ff02dd06dfd438cd6612b6e3590f9c8b7c0932fd418903855a478""]","[""0x4f70045f96345b6154f2e63f3fe4b06b6e40108aedcdd3afc6a66ea75fc3da24"",""0x8cc4b8cdcb727613f2378e83b1e459ef38061ac468dcb3d02730b17ef2a02673"",""0x29eba7ba49866efd89a8dce8d84688734eb0b4b198d4992b288b36b31540c8dc"",""0x92c0efa8758ff02dd06dfd438cd6612b6e3590f9c8b7c0932fd418903855a478"",""0x80288ad5dc62d58560df110a3535af497449f9f6f4f71e34500b9f5045943ea7"",""0xa7831feb3b6ce91bfea938682651e70d662f1266659cbce6eaf0526e45512a68"",""0x6b84de292cb6e3be779d6288c69c6a070bba523a2317a4d294c1616e10f137ed"",""0x483e0faacc32045385006ac1d42d028b103a2e2e02f320e20037d0d36be54907"",""0xcfdc62eb5da1c0cc9f61c08540ca22833a6530d40de956ae254be5b1e0b59d74"",""0xd5568fd406d7db628afa415d58bf5bd06959a92398aa702548e8e04793bedd47""]","[""0x4f70045f96345b6154f2e63f3fe4b06b6e40108aedcdd3afc6a66ea75fc3da24"",""0x8cc4b8cdcb727613f2378e83b1e459ef38061ac468dcb3d02730b17ef2a02673"",""0x29eba7ba49866efd89a8dce8d84688734eb0b4b198d4992b288b36b31540c8dc"",""0x92c0efa8758ff02dd06dfd438cd6612b6e3590f9c8b7c0932fd418903855a478"",""0x80288ad5dc62d58560df110a3535af497449f9f6f4f71e34500b9f5045943ea7"",""0xa7831feb3b6ce91bfea938682651e70d662f1266659cbce6eaf0526e45512a68"",""0x6b84de292cb6e3be779d6288c69c6a070bba523a2317a4d294c1616e10f137ed"",""0xcfdc62eb5da1c0cc9f61c08540ca22833a6530d40de956ae254be5b1e0b59d74"",""0xd5568fd406d7db628afa415d58bf5bd06959a92398aa702548e8e04793bedd47"",""0x92c0efa8758ff02dd06dfd438cd6612b6e3590f9c8b7c0932fd418903855a478""]",0,0,1,0,0,0.09999999999999998,1
bstpstaking513m810b37d6,valid,,5,1,3,m810b37d6,100,10,10,"[""0x14d09a4d420ae8a7492d23eb1beacf31a514ddd9765719262cf2a750248f046e"",""0xedb061d6c685949f3e6f6b2fbc31238ae6ee3c1a2760e056b5c3e5e2304df8af"",""0xd7531695dcd358a4f56787acbbd65565a09fc63eff941ad49498daeb1ae38f44"",""0x6e2ec90f7c36a36b5344a2aac6038ddc9c3860de12975f71142181a7a81c8609"",""0xdd364115eefd88d44ddca902abb962bd1038efc911e81847f0d1911029cb83fc"",""0x68fb332560fdf6ea1d74d8c4bfc3ff952f79df911ac17e478862c0aa1c736db3"",""0x37890a125406e5e42ba213b40b55685bc6c328fc0106903b123b70d8312c1000"",""0x69f76a6458130c9ded5a13a31db3715ca829f4a679d617f3e492b9116677d10c"",""0xd315b8c83a9e2edb719d67cf2cc732391e7c9d9fa55ab87f926ee4c7046a8578"",""0xdabbd1bf365dd83a0175d5e359d11f8d109116b0745646ef8d2c6a2efcf851df""]","[""0x14d09a4d420ae8a7492d23eb1beacf31a514ddd9765719262cf2a750248f046e"",""0xedb061d6c685949f3e6f6b2fbc31238ae6ee3c1a2760e056b5c3e5e2304df8af"",""0xd7531695dcd358a4f56787acbbd65565a09fc63eff941ad49498daeb1ae38f44"",""0x6e2ec90f7c36a36b5344a2aac6038ddc9c3860de12975f71142181a7a81c8609"",""0xdd364115eefd88d44ddca902abb962bd1038efc911e81847f0d1911029cb83fc"",""0x68fb332560fdf6ea1d74d8c4bfc3ff952f79df911ac17e478862c0aa1c736db3"",""0x37890a125406e5e42ba213b40b55685bc6c328fc0106903b123b70d8312c1000"",""0x69f76a6458130c9ded5a13a31db3715ca829f4a679d617f3e492b9116677d10c"",""0xd315b8c83a9e2edb719d67cf2cc732391e7c9d9fa55ab87f926ee4c7046a8578"",""0xdabbd1bf365dd83a0175d5e359d11f8d109116b0745646ef8d2c6a2efcf851df""]","[""0x14d09a4d420ae8a7492d23eb1beacf31a514ddd9765719262cf2a750248f046e"",""0xedb061d6c685949f3e6f6b2fbc31238ae6ee3c1a2760e056b5c3e5e2304df8af"",""0xd7531695dcd358a4f56787acbbd65565a09fc63eff941ad49498daeb1ae38f44"",""0x6e2ec90f7c36a36b5344a2aac6038ddc9c3860de12975f71142181a7a81c8609"",""0xdd364115eefd88d44ddca902abb962bd1038efc911e81847f0d1911029cb83fc"",""0x68fb332560fdf6ea1d74d8c4bfc3ff952f79df911ac17e478862c0aa1c736db3"",""0x37890a125406e5e42ba213b40b55685bc6c328fc0106903b123b70d8312c1000"",""0x69f76a6458130c9ded5a13a31db3715ca829f4a679d617f3e492b9116677d10c"",""0xd315b8c83a9e2edb719d67cf2cc732391e7c9d9fa55ab87f926ee4c7046a8578"",""0xdabbd1bf365dd83a0175d5e359d11f8d109116b0745646ef8d2c6a2efcf851df""]",0,0,1,0,0,0,1
bstpstaking513m9189f677,valid,,5,1,3,m9189f677,100,10,10,"[""0xcd09dc92e8736934e461988f29064ea4e49ccc41310e47a797ab8e787536e77d"",""0x8a5fc9c813f0cbb1fbb3c86b71678b733f90197cd9b0fec7ef5b2e74d2827527"",""0x483e0faacc32045385006ac1d42d028b103a2e2e02f320e20037d0d36be54907"",""0xb6956c09b733a91561395f6f106aa19a23a1df4c453562ff602fdc30b0b773ad"",""0xab461bed3349317736818b1dabb4b0c82cc986f81bc20a4f98abb1cf118525e2"",""0x682175835b69fee8ca4e1000194ccf6067372d31c29aa0c1fb86d118274fe35f"",""0xfc9bec6e17e3d34235748a04c8a772f602b2283e2946d9f68c2ed62bcdd2cd85"",""0x98383544e422fe17027cdac418f09337309386a10806b8ee02c8d32713923a8e"",""0xe40523cb93f50925b957e5e448d59b64adfad0b41a549e68dd171dd988bc17a5"",""0x3190869a216651bf4f392d4d17c7e78c64cbd5082bb910912637e05f5db5ea2f""]","[""0xcd09dc92e8736934e461988f29064ea4e49ccc41310e47a797ab8e787536e77d"",""0x8a5fc9c813f0cbb1fbb3c86b71678b733f90197cd9b0fec7ef5b2e74d2827527"",""0x483e0faacc32045385006ac1d42d028b103a2e2e02f320e20037d0d36be54907"",""0xb6956c09b733a91561395f6f106aa19a23a1df4c453562ff602fdc30b0b773ad"",""0xb7eba087f5cc24fe2d08675f1cd5a26ebf3fd48642175807fccde9db3ffb3752"",""0xab461bed3349317736818b1dabb4b0c82cc986f81bc20a4f98abb1cf118525e2"",""0x682175835b69fee8ca4e1000194ccf6067372d31c29aa0c1fb86d118274fe35f"",""0xfc9bec6e17e3d34235748a04c8a772f602b2283e2946d9f68c2ed62bcdd2cd85"",""0x98383544e422fe17027cdac418f09337309386a10806b8ee02c8d32713923a8e"",""0xe40523cb93f50925b957e5e448d59b64adfad0b41a549e68dd171dd988bc17a5""]","[""0xcd09dc92e8736934e461988f29064ea4e49ccc41310e47a797ab8e787536e77d"",""0x8a5fc9c813f0cbb1fbb3c86b71678b733f90197cd9b0fec7ef5b2e74d2827527"",""0x483e0faacc32045385006ac1d42d028b103a2e2e02f320e20037d0d36be54907"",""0xb6956c09b733a91561395f6f106aa19a23a1df4c453562ff602fdc30b0b773ad"",""0xab461bed3349317736818b1dabb4b0c82cc986f81bc20a4f98abb1cf118525e2"",""0x682175835b69fee8ca4e1000194ccf6067372d31c29aa0c1fb86d118274fe35f"",""0xfc9bec6e17e3d34235748a04c8a772f602b2283e2946d9f68c2ed62bcdd2cd85"",""0x98383544e422fe17027cdac418f09337309386a10806b8ee02c8d32713923a8e"",""0xe40523cb93f50925b957e5e448d59b64adfad0b41a549e68dd171dd988bc17a5""]",0,0,1,0,0,0,0.9
bstpstaking513m970360f4,valid,,5,1,3,m970360f4,100,10,10,"[""0x04e631257af2cf26e527e146f4e090feae7f8ba273f0574dcd62a46da5b5fb8c"",""0x5bbc9d2413d5740c9cce8b34acbdb04e9c122cff7ece31c0620bfd2b7e0e1b86"",""0xa81cb00815bbbd6922c16bc3bb033577aa2431580aea7e7e13aca944c2233272"",""0x8096cab0100aa02898585587d038ed875c585da73c52072d6a842c5b96bac202"",""0x3fa2ea8f79b0524a3c5e834a216d005b6653291abad1f4cd5704c375512864c8"",""0xffc71158a1713cadd9222700d20f0c30f7bc8dd2bb13d82c09a45f991a58c201"",""0x241145b169eb7335c6c3a55c542c7857ebbbe2cbe47e2bc2a4f72062e1ba800b"",""0x8ff5e5a995f90cacc168e94c841423644b6e694c451c843c70447926d051a888"",""0x323045169136f339e36c57f2b93c33e14359139bfb47f1394e0c41e18be3935d"",""0x6a302a4d737daf7a31af6a051be0bd9833d4c8d0d678f7a96353789e2f0cecc9""]","[""0x14d09a4d420ae8a7492d23eb1beacf31a514ddd9765719262cf2a750248f046e"",""0xae105f7f87da768b512fdfdb98a0fbf6131d1571893bb99b9a0ab477ff1702c2"",""0x281cd26d80e9cd95f098908b641c2534121c033c47795850d88fdab6f04f2af0"",""0xfd6b6381e462eb69a90451498acc82533df2612f7e00141667dbce964caa982e"",""0x68fb332560fdf6ea1d74d8c4bfc3ff952f79df911ac17e478862c0aa1c736db3"",""0x8e6ed61f936c34115ed64b52efb53b493d279f72a1ed2c1dde342f98dfc9178d"",""0xea69777677b59561b3782267ef6a65d6e0f38e1fea58f1ece52358972347edb0"",""0xe5da0f8dfb6b491adb9c38f755f10e08bd498ab5979036394be3930984053206"",""0x1721fbf3311a57adcac4eb75a9690451077fc079b0d94e4fa9d5a75bfb95e9c2"",""0x37890a125406e5e42ba213b40b55685bc6c328fc0106903b123b70d8312c1000""]",[],0,0,1,0,0,0,0
bstpstaking513m98d7930e,valid,,5,1,3,m98d7930e,100,10,10,"[""0x98383544e422fe17027cdac418f09337309386a10806b8ee02c8d32713923a8e"",""0x8945bcc45087a8bfb2e18a5306781be29a69dbac49c73ab68b0d6c56a67bc0f9"",""0x8cc4b8cdcb727613f2378e83b1e459ef38061ac468dcb3d02730b17ef2a02673"",""0x1ebfa3f4b31da950a10ba4155a5675fdf5fb3ac42fe3f076668cfe359788f601"",""0xe70b739d2c9d746514eb24b9ed0d3b51448a0a5913813a2864aa9be0ec65e691"",""0xab461bed3349317736818b1dabb4b0c82cc986f81bc20a4f98abb1cf118525e2"",""0xb1d52412675094b54611913899744bda3aa3c67ce51c9e9d61d8a49d9cc84caf"",""0x1393e94f34761ba344117a1cf1bc70b40119c5cdbab5b1f26f7c7a2c82c28d15"",""0x9ca8626b06776b02e555a4f9fddc2f560f5fb18faa29eb0aea0f867af8064608"",""0xd9293176125197a9a57c96e218d75ac08e0c348ad50e0183dc488660b8f11ba2""]","[""0x98383544e422fe17027cdac418f09337309386a10806b8ee02c8d32713923a8e"",""0x856f01151a1c15aa053c920c11f2f4a193b3ed4250c6ee2ebf77c3390fe0f275"",""0x8945bcc45087a8bfb2e18a5306781be29a69dbac49c73ab68b0d6c56a67bc0f9"",""0x8cc4b8cdcb727613f2378e83b1e459ef38061ac468dcb3d02730b17ef2a02673"",""0x1ebfa3f4b31da950a10ba4155a5675fdf5fb3ac42fe3f076668cfe359788f601"",""0xe70b739d2c9d746514eb24b9ed0d3b51448a0a5913813a2864aa9be0ec65e691"",""0x90ecb607bbb48b913aefe5003509412fcdc1a78708f7390fad1c6953be606038"",""0xab461bed3349317736818b1dabb4b0c82cc986f81bc20a4f98abb1cf118525e2"",""0xb1d52412675094b54611913899744bda3aa3c67ce51c9e9d61d8a49d9cc84caf"",""0x281cd26d80e9cd95f098908b641c2534121c033c47795850d88fdab6f04f2af0""]","[""0x98383544e422fe17027cdac418f09337309386a10806b8ee02c8d32713923a8e"",""0x8945bcc45087a8bfb2e18a5306781be29a69dbac49c73ab68b0d6c56a67bc0f9"",""0x8cc4b8cdcb727613f2378e83b1e459ef38061ac468dcb3d02730b17ef2a02673"",""0x1ebfa3f4b31da950a10ba4155a5675fdf5fb3ac42fe3f076668cfe359788f601"",""0xe70b739d2c9d746514eb24b9ed0d3b51448a0a5913813a2864aa9be0ec65e691"",""0xab461bed3349317736818b1dabb4b0c82cc986f81bc20a4f98abb1cf118525e2"",""0xb1d52412675094b54611913899744bda3aa3c67ce51c9e9d61d8a49d9cc84caf""]",0,0,1,0,0,0,0.7
bstpstaking513ma6f1fda3,valid,,5,1,3,ma6f1fda3,100,10,10,"[""0xcc5a3914b6cc401b98a202e8075b56eb77670a1140412c79b48b965bce6e05f2"",""0x90ecb607bbb48b913aefe5003509412fcdc1a78708f7390fad1c6953be606038"",""0x6940f8c3529787bcfbcbf21fa64207221930bb64f69f1727136674443bba43aa"",""0x4c896b9c75e38294c3a07ab4ccb18852996db2708540195223e428ddf09d38a0"",""0x000ceb98a30a9f0375fd46d151e4f2f8d830751c2983f14a1c6f0144f80b3198"",""0x5b677b1ca640fe2fa90ccb13036a107a5177af4f0b0bd5ed853ac029e427d019"",""0x1ebfa3f4b31da950a10ba4155a5675fdf5fb3ac42fe3f076668cfe359788f601"",""0xdf845dfbd70267c5c523805713303d6f4b7b91d97219e28f0508b46315e5e0e2"",""0x095b16e363b6b723d6647b4f99eed5eb94cd5b521c5d912df514bee195b84e78"",""0xaa3a256bb3dac0d5f6b9eab4f5fcc14a7450c92ca794c193f2999a2b7005af6d""]","[""0xcc5a3914b6cc401b98a202e8075b56eb77670a1140412c79b48b965bce6e05f2"",""0x90ecb607bbb48b913aefe5003509412fcdc1a78708f7390fad1c6953be606038"",""0x6940f8c3529787bcfbcbf21fa64207221930bb64f69f1727136674443bba43aa"",""0x4c896b9c75e38294c3a07ab4ccb18852996db2708540195223e428ddf09d38a0"",""0x01829fcc6d779d94ee869f97379c6516562dc7f8b74938742ffefe6b09b93fbc"",""0x106ecf713381cc7ee659b224caebb8c2d8402304fcc03cc12f04d9acb19beb31"",""0x429b49322f39406d28f591c75e8222ecd51db05a599ec5d128466346627eb705"",""0x5b677b1ca640fe2fa90ccb13036a107a5177af4f0b0bd5ed853ac029e427d019"",""0x1ebfa3f4b31da950a10ba4155a5675fdf5fb3ac42fe3f076668cfe359788f601"",""0xdf845dfbd70267c5c523805713303d6f4b7b91d97219e28f0508b46315e5e0e2""]","[""0xcc5a3914b6cc401b98a202e8075b56eb77670a1140412c79b48b965bce6e05f2"",""0x90ecb607bbb48b913aefe5003509412fcdc1a78708f7390fad1c6953be606038"",""0x6940f8c3529787bcfbcbf21fa64207221930bb64f69f1727136674443bba43aa"",""0x4c896b9c75e38294c3a07ab4ccb18852996db2708540195223e428ddf09d38a0"",""0x5b677b1ca640fe2fa90ccb13036a107a5177af4f0b0bd5ed853ac029e427d019"",""0x1ebfa3f4b31da950a10ba4155a5675fdf5fb3ac42fe3f076668cfe359788f601"",""0xdf845dfbd70267c5c523805713303d6f4b7b91d97219e28f0508b46315e5e0e2""]",0,0,1,0,0,0,0.7
bstpstaking513maea74e52,valid,,5,1,3,maea74e52,100,10,10,"[""0x8d357dcd4a7c14d4a0f33a6d36f83ab30a8caad65d222d503f46d94d277f7c24"",""0x01829fcc6d779d94ee869f97379c6516562dc7f8b74938742ffefe6b09b93fbc"",""0x281cd26d80e9cd95f098908b641c2534121c033c47795850d88fdab6f04f2af0"",""0x262e2e527250bfc9fea90edce78f93b95ce16f345766eb2534ba2fb39906d951"",""0x119bb5b05d026a441a51d331d2e813d4a51e2ca676f9919b728dde31c94dc798"",""0xdabbd1bf365dd83a0175d5e359d11f8d109116b0745646ef8d2c6a2efcf851df"",""0xe2c89165b1663cbef76d4db4aff33d030d5826b8a643a445b8531c288e7745fd"",""0x3c4ef3727c5acae7ca4976ecf767571e18ac1b70a4aad2ac4f7b9139bcfc987d"",""0x55502bafc57a57cf79cf670fefef3504cf632e5de82803db33a8e4d8337b211c"",""0xedb061d6c685949f3e6f6b2fbc31238ae6ee3c1a2760e056b5c3e5e2304df8af""]","[""0x8d357dcd4a7c14d4a0f33a6d36f83ab30a8caad65d222d503f46d94d277f7c24"",""0x01829fcc6d779d94ee869f97379c6516562dc7f8b74938742ffefe6b09b93fbc"",""0x281cd26d80e9cd95f098908b641c2534121c033c47795850d88fdab6f04f2af0"",""0x262e2e527250bfc9fea90edce78f93b95ce16f345766eb2534ba2fb39906d951"",""0x119bb5b05d026a441a51d331d2e813d4a51e2ca676f9919b728dde31c94dc798"",""0xdabbd1bf365dd83a0175d5e359d11f8d109116b0745646ef8d2c6a2efcf851df"",""0xe2c89165b1663cbef76d4db4aff33d030d5826b8a643a445b8531c288e7745fd"",""0x3c4ef3727c5acae7ca4976ecf767571e18ac1b70a4aad2ac4f7b9139bcfc987d"",""0x55502bafc57a57cf79cf670fefef3504cf632e5de82803db33a8e4d8337b211c"",""0xedb061d6c685949f3e6f6b2fbc31238ae6ee3c1a2760e056b5c3e5e2304df8af""]","[""0x8d357dcd4a7c14d4a0f33a6d36f83ab30a8caad65d222d503f46d94d277f7c24"",""0x01829fcc6d779d94ee869f97379c6516562dc7f8b74938742ffefe6b09b93fbc"",""0x281cd26d80e9cd95f098908b641c2534121c033c47795850d88fdab6f04f2af0"",""0x262e2e527250bfc9fea90edce78f93b95ce16f345766eb2534ba2fb39906d951"",""0x119bb5b05d026a441a51d331d2e813d4a51e2ca676f9919b728dde31c94dc798"",""0xdabbd1bf365dd83a0175d5e359d11f8d109116b0745646ef8d2c6a2efcf851df"",""0xe2c89165b1663cbef76d4db4aff33d030d5826b8a643a445b8531c288e7745fd"",""0x3c4ef3727c5acae7ca4976ecf767571e18ac1b70a4aad2ac4f7b9139bcfc987d"",""0x55502bafc57a57cf79cf670fefef3504cf632e5de82803db33a8e4d8337b211c"",""0xedb061d6c685949f3e6f6b2fbc31238ae6ee3c1a2760e056b5c3e5e2304df8af""]",0,0,1,0,0,0,1
bstpstaking513mb0c003cd,valid,,5,1,3,mb0c003cd,100,10,10,"[""0xcd09dc92e8736934e461988f29064ea4e49ccc41310e47a797ab8e787536e77d"",""0x8a5fc9c813f0cbb1fbb3c86b71678b733f90197cd9b0fec7ef5b2e74d2827527"",""0xc3b0696840352e2a25a87160f85c766cba4c6b9424a40ded6b5e2eb28f9215f6"",""0x2c6db858294994968533795d44c86dc8f050d3652066b8ceadf9d3b73dc7d902"",""0x3c97283efec66e1a5ec8437966e087338da20f0aad3723d41d52c67328f7efe4"",""0xab461bed3349317736818b1dabb4b0c82cc986f81bc20a4f98abb1cf118525e2"",""0xb6956c09b733a91561395f6f106aa19a23a1df4c453562ff602fdc30b0b773ad"",""0xcfdc62eb5da1c0cc9f61c08540ca22833a6530d40de956ae254be5b1e0b59d74"",""0x483e0faacc32045385006ac1d42d028b103a2e2e02f320e20037d0d36be54907"",""0xea7a49ca292aa75c155e9498bcb5ec57a1dda92b7bec9e724e2e8a57582a20e0""]","[""0xcd09dc92e8736934e461988f29064ea4e49ccc41310e47a797ab8e787536e77d"",""0x8a5fc9c813f0cbb1fbb3c86b71678b733f90197cd9b0fec7ef5b2e74d2827527"",""0xc3b0696840352e2a25a87160f85c766cba4c6b9424a40ded6b5e2eb28f9215f6"",""0x2c6db858294994968533795d44c86dc8f050d3652066b8ceadf9d3b73dc7d902"",""0x3c97283efec66e1a5ec8437966e087338da20f0aad3723d41d52c67328f7efe4"",""0xab461bed3349317736818b1dabb4b0c82cc986f81bc20a4f98abb1cf118525e2"",""0xb6956c09b733a91561395f6f106aa19a23a1df4c453562ff602fdc30b0b773ad"",""0xcfdc62eb5da1c0cc9f61c08540ca22833a6530d40de956ae254be5b1e0b59d74"",""0x483e0faacc32045385006ac1d42d028b103a2e2e02f320e20037d0d36be54907"",""0x49e5774ab139905928ff21d948254adc70aa28ff5eea2ac796f32b0549b267a3""]","[""0xcd09dc92e8736934e461988f29064ea4e49ccc41310e47a797ab8e787536e77d"",""0x8a5fc9c813f0cbb1fbb3c86b71678b733f90197cd9b0fec7ef5b2e74d2827527"",""0xc3b0696840352e2a25a87160f85c766cba4c6b9424a40ded6b5e2eb28f9215f6"",""0x2c6db858294994968533795d44c86dc8f050d3652066b8ceadf9d3b73dc7d902"",""0x3c97283efec66e1a5ec8437966e087338da20f0aad3723d41d52c67328f7efe4"",""0xab461bed3349317736818b1dabb4b0c82cc986f81bc20a4f98abb1cf118525e2"",""0xb6956c09b733a91561395f6f106aa19a23a1df4c453562ff602fdc30b0b773ad"",""0xcfdc62eb5da1c0cc9f61c08540ca22833a6530d40de956ae254be5b1e0b59d74"",""0x483e0faacc32045385006ac1d42d028b103a2e2e02f320e20037d0d36be54907""]",0,0,1,0,0,0,0.9
bstpstaking513mb38d99c5,valid,,5,1,3,mb38d99c5,100,10,10,"[""0xbb11b6e5a0db547605f0dcc18ec8e0c861054ce15ac7edf459810a5f353ee7e3"",""0x35d2f8d11a6e38e76da124815e227cccd7ade4d1cb08290de127e8ead973b6f9"",""0x27488e31cd75f9efaf7f7e36eef37bcb227279dd4432f04f99c9e52bd8f79e5b"",""0x5a0edccc572b6b6235885e1c180c7ca034eb52368f2c645a5620b3c4a395b883"",""0x09e0d4aa66c3f8d8b249572c8e482eda6bbf73dc3a83e475aae2f79eafc24e12"",""0xbeebf80a34721e08cf85ad88f9d2c2335df2460f4e338285b526fd20fe142680"",""0x44f14728d1ed43ac81a622079f50a95594e2238611c5ecc35443a0feae67d63a"",""0x1ff17ec5f7be577469d6ef908c41f501610b0d9092e1a0008a397171552e0109"",""0x803c04e9d0b2c4e90a99c31dd8519bf915308014ab129a6ef5635c5707119a44"",""0x06c71fc610020b8756895e0b21ca2d61cee6ca8547b34e022866e9e88699d7d8""]","[""0x8e6ed61f936c34115ed64b52efb53b493d279f72a1ed2c1dde342f98dfc9178d"",""0xadc1a837b5429a817612fe145787358ffe8831a2e75dee3a3338a31d486fb05f"",""0x000ceb98a30a9f0375fd46d151e4f2f8d830751c2983f14a1c6f0144f80b3198"",""0x8d357dcd4a7c14d4a0f33a6d36f83ab30a8caad65d222d503f46d94d277f7c24"",""0xe5da0f8dfb6b491adb9c38f755f10e08bd498ab5979036394be3930984053206"",""0xdabbd1bf365dd83a0175d5e359d11f8d109116b0745646ef8d2c6a2efcf851df"",""0x06442c0ccc9ab367282f06426924517e0a49c25e50a492ad91aecc55b655f458"",""0xaa8fad824a174e57accf11eb34b23d020d6aa685da1925b1c30a611ffdb95a0e"",""0x12c0e8caa1bce7d499cbbbc665fbb364c09cd2977856fe2bf0027b9c600b9022"",""0xf5162966dbd2c8c3b2195e7ee9c5e46a8dd1715287d079a5b92d312ca24045cd""]",[],0,0,1,0,0,0,0
bstpstaking513mb8cbcc16,valid,,5,1,3,mb8cbcc16,100,10,10,"[""0x1b3b8b12b7bf9b1d8821bfc98cabc8effd4c5f2aea25c8291e662bffe19f088d"",""0x84eaafb321f85ae5858030e14636ff83a58487675af1c0aadeca9e2983a2b66c"",""0x4cffc34430b17b49e9b079755533f7c6f4c31c95081f1c8e25908e84334ed0b3"",""0xc1f72dd56f9590b9d8bcbd4d9a61b6206009f7a628bb86c28b5b50a85ae0b0de"",""0x7161ca186e53e39022059dbe35524ebb446059fdbf1aef1d952fc1b5a53353e4"",""0x931d89ef4e05852e1e1e1cc41e2cc0f4d1f62a107dd03105fc4c95888c92c422"",""0x97d9529eb749351db998b0acafbccf96371bfc773a38143ad3bc0f47d3835572"",""0x8dfa73ee95b5ef2c7f1d9197cd79bd1cd3837bf38f57f720e668109db0cf2224"",""0x4869a791c4c793ca0508e6db7112ce96d0c1aa330c3ac83011ce9a2383cff56d"",""0x245bb3053b9382b3273f45ec7d6d51a0405c281eab53e1faf20e7319a0ffc013""]","[""0x1cde8373a779839f2b591a11cac079df0f1eb3fb272188f9ceccb1dee8ec102f"",""0xb65630e7129a1fecafdca9eb7dbe53130a12b5d3e2e984bbf9c9a5399c6cc30f"",""0x230550ee2f183f79fbee87b09e6157a7bfd65abfefa14a749660749b7fa0d6b4"",""0x39700501189242fe3b7185fd03a5cace111de24b0c6b66471be82d30bc72ec27"",""0x7634f8326375f99ebfd7a8b203b7442a56b18cf7dc73f6238abd4122e8090b86"",""0xae105f7f87da768b512fdfdb98a0fbf6131d1571893bb99b9a0ab477ff1702c2"",""0xb3788db79f3ad700a3cc134a27acbcec7a0a587ffbcdf5927faa24e5c362d493"",""0x60642c6a8412d200a3413c5426afef17f3d72d45fadaf5cdde98b783893518ec"",""0x856f01151a1c15aa053c920c11f2f4a193b3ed4250c6ee2ebf77c3390fe0f275"",""0x6d5bfd47046b2e223b0c83d8c0d4e2ad42a064232926ed904efe73cb5d8f2133""]",[],0,0,1,0,0,0,0
bstpstaking513mc5ae52b7,valid,,5,1,3,mc5ae52b7,100,10,10,"[""0x2dc60ac98b1f184a836c234aa2097366ddd6ba1cad8a90c4624398fd79e60070"",""0x541ebb059060ff7f73374199ff51e8281c4dc5942c5c541867b4f25621486dc9"",""0xf11bad94616eadc4c930a68cc954c762e0ad7ae4e11f81bbe37778477da71fa5"",""0xf06d08186fc20a8ad1c9302fb2ec4daa81ff87d7dc46799427e1c52d6bb1e6d3"",""0x755f498882ef3868c8327685feb4d14ddc05dfec9746206c5671c827bbcd63f2"",""0x281cd26d80e9cd95f098908b641c2534121c033c47795850d88fdab6f04f2af0"",""0xed4ce8f99e69760136906172411940729a5d9cd25120d1614b3184f5a3f893ad"",""0x801f16125e60466870bea2bd21d992cd2162aa6eaa6732cb4ab61cce175e63fd"",""0xada0094b75ba3bd2f862c0668f34b57f8c1bdef8d75613a9a29d9e42f0c4fc2a"",""0x8e6ed61f936c34115ed64b52efb53b493d279f72a1ed2c1dde342f98dfc9178d""]","[""0x3c4ef3727c5acae7ca4976ecf767571e18ac1b70a4aad2ac4f7b9139bcfc987d"",""0x6e2ec90f7c36a36b5344a2aac6038ddc9c3860de12975f71142181a7a81c8609"",""0x12c0e8caa1bce7d499cbbbc665fbb364c09cd2977856fe2bf0027b9c600b9022"",""0xea69777677b59561b3782267ef6a65d6e0f38e1fea58f1ece52358972347edb0"",""0xb65630e7129a1fecafdca9eb7dbe53130a12b5d3e2e984bbf9c9a5399c6cc30f"",""0x39700501189242fe3b7185fd03a5cace111de24b0c6b66471be82d30bc72ec27"",""0x9920c06a362172692e96bab008e569caa257aaec2c8f130f3564a55f2f52357b"",""0x1fd6cd46a30ebaf43fddfe1aa0f8499987a4d3e3a687e3b577d2d1f1bf4d9e77"",""0x1721fbf3311a57adcac4eb75a9690451077fc079b0d94e4fa9d5a75bfb95e9c2"",""0x08c294941588d570c4ae95ce5aaf4a1592f278bd19029a2851efff2d86015692""]",[],0,0,1,0,0,0,0
bstpstaking513mce4af4f6,valid,,5,1,3,mce4af4f6,100,10,10,"[""0x16ce498ca01ca0ceb8f3414bf534752c6788bd73b78139628534c4880e7d0c84"",""0x2c901a1e69bd055532c177d57d97657c1ee45446cdc9b2ce5916eda2a5c7011a"",""0x9d71c1950fb2485a93785f76560ffd25d298604f8c24f57aa61b276f1d333d1a"",""0xa9c448c7a7835713d38a44618a6c60c5d105b59bf4053e67c7988ff0e8297f1c"",""0x5290542e3d2cbc736ed1fbb7348402f7e1765f05ce29020f9f6b41f48c8ed0a7"",""0x866a207e0e7751fb45198e1e853d3070816125aac2451c73c2c41fc3742cc206"",""0x272e149a70bc0896c48886227c553446aad58de29d8305c185e44aece09d51c7"",""0xc000a9bb0afc1d0a9dc5f83998c23a063b6a17d7259ded4e2027f357a5dd25aa"",""0xcc0cc37ad94ed115a4dd0b53ed147dfa7850c8b0255b0cadf4e11fa6d0ca6e9d"",""0x6b4f31b3fa8b0293c766c2d555711bd439f992ddc98c34e43e810b0699b4ea0e""]","[""0x0d6652a8c9d9575f5254120f3b037a86104172ca1dd77b5b55be2da39daf1385"",""0xb759e3960a93ef78e32f4847b58dbc6b1c22efd6d9ccaa3b1a84911e6a288afa"",""0xf5162966dbd2c8c3b2195e7ee9c5e46a8dd1715287d079a5b92d312ca24045cd"",""0x3c4ef3727c5acae7ca4976ecf767571e18ac1b70a4aad2ac4f7b9139bcfc987d"",""0xea69777677b59561b3782267ef6a65d6e0f38e1fea58f1ece52358972347edb0"",""0x73d6c0efd0550ca38510ec910998f28c5f57de699ed4f4eab13ed86d90fb6b07"",""0x856f01151a1c15aa053c920c11f2f4a193b3ed4250c6ee2ebf77c3390fe0f275"",""0xfd6b6381e462eb69a90451498acc82533df2612f7e00141667dbce964caa982e"",""0x60642c6a8412d200a3413c5426afef17f3d72d45fadaf5cdde98b783893518ec"",""0x80ae3a3d46a5bfbf5f0adaf5d83aa1064814c65038e92093a16ea8304bd00bd3""]",[],0,0,1,0,0,0,0
bstpstaking513mdd189b64,valid,,5,1,3,mdd189b64,100,10,10,"[""0x0d6652a8c9d9575f5254120f3b037a86104172ca1dd77b5b55be2da39daf1385"",""0x8e6ed61f936c34115ed64b52efb53b493d279f72a1ed2c1dde342f98dfc9178d"",""0x505f78474c398814eb0ba0cc3c08f6129e12bf16431876853283a43beac9d141"",""0xdabbd1bf365dd83a0175d5e359d11f8d109116b0745646ef8d2c6a2efcf851df"",""0xcd6d08f520a5a6aebaa079033393b6393e347445be26d2c107e8d7ee03c8f13c"",""0x737e933cd67a89d2c13038c499d7d71518a56e6b95bc97e9056a59b45c072c99"",""0x37890a125406e5e42ba213b40b55685bc6c328fc0106903b123b70d8312c1000"",""0xaa8fad824a174e57accf11eb34b23d020d6aa685da1925b1c30a611ffdb95a0e"",""0x29ef521de175a6782a24f8bdf3a79f84a730b6a0d6b088f7bbbdb14f76bbd6b5"",""0xbd3b9ddb59aa4e3c39551deecbf44e00a9c787ab157303409f45c270f1f2be92""]","[""0x0d6652a8c9d9575f5254120f3b037a86104172ca1dd77b5b55be2da39daf1385"",""0x8e6ed61f936c34115ed64b52efb53b493d279f72a1ed2c1dde342f98dfc9178d"",""0x505f78474c398814eb0ba0cc3c08f6129e12bf16431876853283a43beac9d141"",""0xdabbd1bf365dd83a0175d5e359d11f8d109116b0745646ef8d2c6a2efcf851df"",""0xcd6d08f520a5a6aebaa079033393b6393e347445be26d2c107e8d7ee03c8f13c"",""0x70466edbeed113ce8a8435ffd9f8208b8c3f50b2cf38281af86584c766a4310f"",""0x737e933cd67a89d2c13038c499d7d71518a56e6b95bc97e9056a59b45c072c99"",""0x37890a125406e5e42ba213b40b55685bc6c328fc0106903b123b70d8312c1000"",""0x1721fbf3311a57adcac4eb75a9690451077fc079b0d94e4fa9d5a75bfb95e9c2"",""0xaa8fad824a174e57accf11eb34b23d020d6aa685da1925b1c30a611ffdb95a0e""]","[""0x0d6652a8c9d9575f5254120f3b037a86104172ca1dd77b5b55be2da39daf1385"",""0x8e6ed61f936c34115ed64b52efb53b493d279f72a1ed2c1dde342f98dfc9178d"",""0x505f78474c398814eb0ba0cc3c08f6129e12bf16431876853283a43beac9d141"",""0xdabbd1bf365dd83a0175d5e359d11f8d109116b0745646ef8d2c6a2efcf851df"",""0xcd6d08f520a5a6aebaa079033393b6393e347445be26d2c107e8d7ee03c8f13c"",""0x737e933cd67a89d2c13038c499d7d71518a56e6b95bc97e9056a59b45c072c99"",""0x37890a125406e5e42ba213b40b55685bc6c328fc0106903b123b70d8312c1000"",""0xaa8fad824a174e57accf11eb34b23d020d6aa685da1925b1c30a611ffdb95a0e""]",0,0,1,0,0,0,0.8
bstpstaking513me8bc7185,valid,,5,1,3,me8bc7185,100,10,10,"[""0x5b677b1ca640fe2fa90ccb13036a107a5177af4f0b0bd5ed853ac029e427d019"",""0x3c97283efec66e1a5ec8437966e087338da20f0aad3723d41d52c67328f7efe4"",""0x49e5774ab139905928ff21d948254adc70aa28ff5eea2ac796f32b0549b267a3"",""0x6e53ec51854bc45ec72e747b9db61797e1b20b6c0f523a3f2ead783fd267ed91"",""0xa7831feb3b6ce91bfea938682651e70d662f1266659cbce6eaf0526e45512a68"",""0x167a4d5214f28e5714dbe0ef582ab78f31d676888df89fd1380e7d60c6455530"",""0x90ecb607bbb48b913aefe5003509412fcdc1a78708f7390fad1c6953be606038"",""0xfc9bec6e17e3d34235748a04c8a772f602b2283e2946d9f68c2ed62bcdd2cd85"",""0xc242c986f95f7cb745f870b1e292c03f57e59c36e809d37eb00cc8d235b22c5a"",""0xcfdc62eb5da1c0cc9f61c08540ca22833a6530d40de956ae254be5b1e0b59d74""]","[""0x5b677b1ca640fe2fa90ccb13036a107a5177af4f0b0bd5ed853ac029e427d019"",""0x3c97283efec66e1a5ec8437966e087338da20f0aad3723d41d52c67328f7efe4"",""0x49e5774ab139905928ff21d948254adc70aa28ff5eea2ac796f32b0549b267a3"",""0x6e53ec51854bc45ec72e747b9db61797e1b20b6c0f523a3f2ead783fd267ed91"",""0xa7831feb3b6ce91bfea938682651e70d662f1266659cbce6eaf0526e45512a68"",""0x167a4d5214f28e5714dbe0ef582ab78f31d676888df89fd1380e7d60c6455530"",""0x90ecb607bbb48b913aefe5003509412fcdc1a78708f7390fad1c6953be606038"",""0xcfdc62eb5da1c0cc9f61c08540ca22833a6530d40de956ae254be5b1e0b59d74"",""0xfc9bec6e17e3d34235748a04c8a772f602b2283e2946d9f68c2ed62bcdd2cd85"",""0xc242c986f95f7cb745f870b1e292c03f57e59c36e809d37eb00cc8d235b22c5a""]","[""0x5b677b1ca640fe2fa90ccb13036a107a5177af4f0b0bd5ed853ac029e427d019"",""0x3c97283efec66e1a5ec8437966e087338da20f0aad3723d41d52c67328f7efe4"",""0x49e5774ab139905928ff21d948254adc70aa28ff5eea2ac796f32b0549b267a3"",""0x6e53ec51854bc45ec72e747b9db61797e1b20b6c0f523a3f2ead783fd267ed91"",""0xa7831feb3b6ce91bfea938682651e70d662f1266659cbce6eaf0526e45512a68"",""0x167a4d5214f28e5714dbe0ef582ab78f31d676888df89fd1380e7d60c6455530"",""0x90ecb607bbb48b913aefe5003509412fcdc1a78708f7390fad1c6953be606038"",""0xfc9bec6e17e3d34235748a04c8a772f602b2283e2946d9f68c2ed62bcdd2cd85"",""0xc242c986f95f7cb745f870b1e292c03f57e59c36e809d37eb00cc8d235b22c5a"",""0xcfdc62eb5da1c0cc9f61c08540ca22833a6530d40de956ae254be5b1e0b59d74""]",0,0,1,0,0,0,1
bstpstaking513mec0952f1,valid,,5,1,3,mec0952f1,100,10,10,"[""0x119bb5b05d026a441a51d331d2e813d4a51e2ca676f9919b728dde31c94dc798"",""0xdd364115eefd88d44ddca902abb962bd1038efc911e81847f0d1911029cb83fc"",""0xdabbd1bf365dd83a0175d5e359d11f8d109116b0745646ef8d2c6a2efcf851df"",""0x27f6a02165b673e7008df197e38e096214cfb8e24d4ed54d9d7086bd62eb23c1"",""0xbf11d678dcdece15f7824e21c504ec11500448bd6eb50749dea8bda81bf85a81"",""0x262e2e527250bfc9fea90edce78f93b95ce16f345766eb2534ba2fb39906d951"",""0x01829fcc6d779d94ee869f97379c6516562dc7f8b74938742ffefe6b09b93fbc"",""0x24fcc735cd0bee2ac1ad9ec75e5a1c81e12a38053fe89632819b115d328df730"",""0xcfdc62eb5da1c0cc9f61c08540ca22833a6530d40de956ae254be5b1e0b59d74"",""0x602e1931ffd162122bc05dbe6e64b7758e8c18c285a2d97af8df528e7cc1fddc""]","[""0x119bb5b05d026a441a51d331d2e813d4a51e2ca676f9919b728dde31c94dc798"",""0xdd364115eefd88d44ddca902abb962bd1038efc911e81847f0d1911029cb83fc"",""0x281cd26d80e9cd95f098908b641c2534121c033c47795850d88fdab6f04f2af0"",""0xdabbd1bf365dd83a0175d5e359d11f8d109116b0745646ef8d2c6a2efcf851df"",""0xbf11d678dcdece15f7824e21c504ec11500448bd6eb50749dea8bda81bf85a81"",""0xf5162966dbd2c8c3b2195e7ee9c5e46a8dd1715287d079a5b92d312ca24045cd"",""0x27f6a02165b673e7008df197e38e096214cfb8e24d4ed54d9d7086bd62eb23c1"",""0x68fb332560fdf6ea1d74d8c4bfc3ff952f79df911ac17e478862c0aa1c736db3"",""0x262e2e527250bfc9fea90edce78f93b95ce16f345766eb2534ba2fb39906d951"",""0x01829fcc6d779d94ee869f97379c6516562dc7f8b74938742ffefe6b09b93fbc""]","[""0x119bb5b05d026a441a51d331d2e813d4a51e2ca676f9919b728dde31c94dc798"",""0xdd364115eefd88d44ddca902abb962bd1038efc911e81847f0d1911029cb83fc"",""0xdabbd1bf365dd83a0175d5e359d11f8d109116b0745646ef8d2c6a2efcf851df"",""0x27f6a02165b673e7008df197e38e096214cfb8e24d4ed54d9d7086bd62eb23c1"",""0xbf11d678dcdece15f7824e21c504ec11500448bd6eb50749dea8bda81bf85a81"",""0x262e2e527250bfc9fea90edce78f93b95ce16f345766eb2534ba2fb39906d951"",""0x01829fcc6d779d94ee869f97379c6516562dc7f8b74938742ffefe6b09b93fbc""]",0,0,1,0,0,0,0.7
bstpstaking513mfadd38bd,invalid,error_duplicates,5,1,3,mfadd38bd,100,10,10,"[""0x6b84de292cb6e3be779d6288c69c6a070bba523a2317a4d294c1616e10f137ed"",""0x29eba7ba49866efd89a8dce8d84688734eb0b4b198d4992b288b36b31540c8dc"",""0x49e5774ab139905928ff21d948254adc70aa28ff5eea2ac796f32b0549b267a3"",""0x9a0ed5a06fb6051d9a659f829e57ea0e382f714cb43d55efaa317c69cfae14ee"",""0xa54b85ebaf38eb5f32e60aa26864d749276b396904eaac8eab33cb17c7bc5e92"",""0x0a7371a2c1e6c70d61108c0a57cc2e5e32dd7446653a538101a8ad02258c75e7"",""0xf0709e1c317f62da73e2744732c270aa269aeeeda9aec9f535b4816de23fb93b"",""0x29eba7ba49866efd89a8dce8d84688734eb0b4b198d4992b288b36b31540c8dc"",""0x9a0ed5a06fb6051d9a659f829e57ea0e382f714cb43d55efaa317c69cfae14ee"",""0xa54b85ebaf38eb5f32e60aa26864d749276b396904eaac8eab33cb17c7bc5e92""]","[""0x71a93113087b01233d6a75b25863b56cc2d4ca947f24a3540208f7d1f5e5efbf"",""0xfd6b6381e462eb69a90451498acc82533df2612f7e00141667dbce964caa982e"",""0x505f78474c398814eb0ba0cc3c08f6129e12bf16431876853283a43beac9d141"",""0x3c4ef3727c5acae7ca4976ecf767571e18ac1b70a4aad2ac4f7b9139bcfc987d"",""0x60642c6a8412d200a3413c5426afef17f3d72d45fadaf5cdde98b783893518ec"",""0x1fd6cd46a30ebaf43fddfe1aa0f8499987a4d3e3a687e3b577d2d1f1bf4d9e77"",""0x429b49322f39406d28f591c75e8222ecd51db05a599ec5d128466346627eb705"",""0xae105f7f87da768b512fdfdb98a0fbf6131d1571893bb99b9a0ab477ff1702c2"",""0x353fcfc68b913bba883a1cbe437235257a5567ace334e692406b2239896cc845"",""0x7c9cdb9fd07a0e95dd225ef751470ce88b43ad6e9e209b3b95404c7a6849e39b""]",[],0,0,1,0,0,0.30000000000000004,0
bstpstaking514m02a43993,valid,,5,1,4,m02a43993,100,10,10,"[""0xb1d52412675094b54611913899744bda3aa3c67ce51c9e9d61d8a49d9cc84caf"",""0x92c0efa8758ff02dd06dfd438cd6612b6e3590f9c8b7c0932fd418903855a478"",""0x90ecb607bbb48b913aefe5003509412fcdc1a78708f7390fad1c6953be606038"",""0xcd09dc92e8736934e461988f29064ea4e49ccc41310e47a797ab8e787536e77d"",""0x6940f8c3529787bcfbcbf21fa64207221930bb64f69f1727136674443bba43aa"",""0x80288ad5dc62d58560df110a3535af497449f9f6f4f71e34500b9f5045943ea7"",""0x7c40aac49a736517f5c440f9392f1683424054f2ffa6df7c2970a52c11db06ca"",""0xc55affca1215c084bf128ba0988f72307688e82dad27f78deb20fcd099ee6cfd"",""0xbf8c1230d97d1734b786b3a58bf3b629894750bf1d7c2e0dadf3021d6c4a3906"",""0x191c25b6fd5ca54d4b1680085420b4bc0554dd2676176916fced160d572374fd""]","[""0xb1d52412675094b54611913899744bda3aa3c67ce51c9e9d61d8a49d9cc84caf"",""0x92c0efa8758ff02dd06dfd438cd6612b6e3590f9c8b7c0932fd418903855a478"",""0x80288ad5dc62d58560df110a3535af497449f9f6f4f71e34500b9f5045943ea7"",""0x90ecb607bbb48b913aefe5003509412fcdc1a78708f7390fad1c6953be606038"",""0x08c294941588d570c4ae95ce5aaf4a1592f278bd19029a2851efff2d86015692"",""0x3b5d1234f10198acc136a10dfa09fa0a1a59de504bc0d9a7c35446f692b7c07c"",""0xcd09dc92e8736934e461988f29064ea4e49ccc41310e47a797ab8e787536e77d"",""0xb002fb01be58fedcd04d5ceb2895feaf22973ac1205efed3d2db367bc6d7525b"",""0x7c40aac49a736517f5c440f9392f1683424054f2ffa6df7c2970a52c11db06ca"",""0x6940f8c3529787bcfbcbf21fa64207221930bb64f69f1727136674443bba43aa""]","[""0xb1d52412675094b54611913899744bda3aa3c67ce51c9e9d61d8a49d9cc84caf"",""0x92c0efa8758ff02dd06dfd438cd6612b6e3590f9c8b7c0932fd418903855a478"",""0x90ecb607bbb48b913aefe5003509412fcdc1a78708f7390fad1c6953be606038"",""0xcd09dc92e8736934e461988f29064ea4e49ccc41310e47a797ab8e787536e77d"",""0x6940f8c3529787bcfbcbf21fa64207221930bb64f69f1727136674443bba43aa"",""0x80288ad5dc62d58560df110a3535af497449f9f6f4f71e34500b9f5045943ea7"",""0x7c40aac49a736517f5c440f9392f1683424054f2ffa6df7c2970a52c11db06ca""]",0,0,1,0,0,0,0.7
bstpstaking514m069a3556,valid,,5,1,4,m069a3556,100,10,10,"[""0xc07123b97e3b7fb310541633f72936c40f21f7a507de51256f9c4a68505fe755"",""0x8e6d012480045e4b5a348cba18c36cd7dce2c03e104f31bee2ef673ed479f9b9"",""0xa96998d7482d5388fcfec7817656589c7dde92c5b5de8b537cd15bd1e45bf003"",""0x4acba4a5ab48bdfacfcc47ef590afc21b1b89482935b5ef5073139a71872cd91"",""0xa975691b986b4bd9a07e89ed53334e6673ad17210c80a7171fc789ad9a6c2241"",""0x48ba115d52a62585dc5bd5adf927ddd89f36a37b833979456398a75ce137082d"",""0xd5166cc672f96a8e49f42526120aea87115f34d3352f0d3da796678b2b76ddaf"",""0x9f23df75d917ffc73391df6f4b7ff7fa5b10689686afa49d47589ee1fbebf692"",""0xe22ef03d5976dc26e1371738b4110f432fbf6c75432960d773ffe877f4ca0e5d"",""0x09e0d4aa66c3f8d8b249572c8e482eda6bbf73dc3a83e475aae2f79eafc24e12""]","[""0x230550ee2f183f79fbee87b09e6157a7bfd65abfefa14a749660749b7fa0d6b4"",""0xe5da0f8dfb6b491adb9c38f755f10e08bd498ab5979036394be3930984053206"",""0x505f78474c398814eb0ba0cc3c08f6129e12bf16431876853283a43beac9d141"",""0x281cd26d80e9cd95f098908b641c2534121c033c47795850d88fdab6f04f2af0"",""0x12c0e8caa1bce7d499cbbbc665fbb364c09cd2977856fe2bf0027b9c600b9022"",""0x8d357dcd4a7c14d4a0f33a6d36f83ab30a8caad65d222d503f46d94d277f7c24"",""0xcd6d08f520a5a6aebaa079033393b6393e347445be26d2c107e8d7ee03c8f13c"",""0xd7531695dcd358a4f56787acbbd65565a09fc63eff941ad49498daeb1ae38f44"",""0x429b49322f39406d28f591c75e8222ecd51db05a599ec5d128466346627eb705"",""0x86ae1d3cfed9f994a673ca32c9ebb44c1b77c8c3781c16a0f6486fea4611ee5b""]",[],0,0,1,0,0,0,0
bstpstaking514m1a5bd173,valid,,5,1,4,m1a5bd173,100,10,10,"[""0xc6a97d34bb42db0a2411ee2a04a39e1a349ac46d0facc8d8aba2ac45c1b9eee0"",""0x463a6d79a1b14e1245e8a22a93eae203235f05c5835dce53dd44083cfce2ddb1"",""0x1450a2ad54db1f6259714cc9ac588cd99a4c4c03f9526698ab2fa1de7df5a66e"",""0x803c04e9d0b2c4e90a99c31dd8519bf915308014ab129a6ef5635c5707119a44"",""0x2124486dc85b8c57fc4d5e0a9f55e30add471fe3180fcfe101410d17e1eff055"",""0xf67e2377111997dc02978522df622a53ad27c404a27e595ac91b5cc7292c75e2"",""0xbf6489a08a8745746e35f77a052c289ef563ae490967385f26a3f35520ef5dbd"",""0x1d749b5f86c79ba93d5cff0db7a212674c39db3600bd641221349d52769447fc"",""0x0a7371a2c1e6c70d61108c0a57cc2e5e32dd7446653a538101a8ad02258c75e7"",""0x49f24613c3b08bc22e59d450b9f8f3817955bcadddd4c3d87b87e23576f94097""]","[""0x16a4b9d56a3ab5e2ef284d0e822e6707757b125228793b37bc9e037802da9d9b"",""0x86ae1d3cfed9f994a673ca32c9ebb44c1b77c8c3781c16a0f6486fea4611ee5b"",""0xa4a5871d752ffcf82f0971f07904f7cdd34150574ae793fcf1bff93d1aa06ff0"",""0xaa8fad824a174e57accf11eb34b23d020d6aa685da1925b1c30a611ffdb95a0e"",""0x80e64594a9d4fad2c6617c96707f6c9a1a78970b22d16066311be57b6d24a7da"",""0x39700501189242fe3b7185fd03a5cace111de24b0c6b66471be82d30bc72ec27"",""0x7634f8326375f99ebfd7a8b203b7442a56b18cf7dc73f6238abd4122e8090b86"",""0x6ea2e4d3921eb79867ba52b40ba2fdf4df2de7e307f65f7742bf9f3bdb48a96c"",""0xe2c89165b1663cbef76d4db4aff33d030d5826b8a643a445b8531c288e7745fd"",""0x60642c6a8412d200a3413c5426afef17f3d72d45fadaf5cdde98b783893518ec""]",[],0,0,1,0,0,0,0
bstpstaking514m30fd2845,valid,,5,1,4,m30fd2845,100,10,10,"[""0x73d6c0efd0550ca38510ec910998f28c5f57de699ed4f4eab13ed86d90fb6b07"",""0x16a4b9d56a3ab5e2ef284d0e822e6707757b125228793b37bc9e037802da9d9b"",""0xe9bff1484b60de522b5fda8d2a44f33f1ba6a17ca2db76472f469a91f2245a8b"",""0x7c9cdb9fd07a0e95dd225ef751470ce88b43ad6e9e209b3b95404c7a6849e39b"",""0xb3788db79f3ad700a3cc134a27acbcec7a0a587ffbcdf5927faa24e5c362d493"",""0xea69777677b59561b3782267ef6a65d6e0f38e1fea58f1ece52358972347edb0"",""0x68fb332560fdf6ea1d74d8c4bfc3ff952f79df911ac17e478862c0aa1c736db3"",""0x9920c06a362172692e96bab008e569caa257aaec2c8f130f3564a55f2f52357b"",""0x262e2e527250bfc9fea90edce78f93b95ce16f345766eb2534ba2fb39906d951"",""0xc2467251882eb44d5415c8fddda0ba28022dedaeeca039a9fa1e56bb4cb2aba3""]","[""0x73d6c0efd0550ca38510ec910998f28c5f57de699ed4f4eab13ed86d90fb6b07"",""0x16a4b9d56a3ab5e2ef284d0e822e6707757b125228793b37bc9e037802da9d9b"",""0xe9bff1484b60de522b5fda8d2a44f33f1ba6a17ca2db76472f469a91f2245a8b"",""0x7c9cdb9fd07a0e95dd225ef751470ce88b43ad6e9e209b3b95404c7a6849e39b"",""0xb3788db79f3ad700a3cc134a27acbcec7a0a587ffbcdf5927faa24e5c362d493"",""0xc2467251882eb44d5415c8fddda0ba28022dedaeeca039a9fa1e56bb4cb2aba3"",""0xea69777677b59561b3782267ef6a65d6e0f38e1fea58f1ece52358972347edb0"",""0x68fb332560fdf6ea1d74d8c4bfc3ff952f79df911ac17e478862c0aa1c736db3"",""0x9920c06a362172692e96bab008e569caa257aaec2c8f130f3564a55f2f52357b"",""0x262e2e527250bfc9fea90edce78f93b95ce16f345766eb2534ba2fb39906d951""]","[""0x73d6c0efd0550ca38510ec910998f28c5f57de699ed4f4eab13ed86d90fb6b07"",""0x16a4b9d56a3ab5e2ef284d0e822e6707757b125228793b37bc9e037802da9d9b"",""0xe9bff1484b60de522b5fda8d2a44f33f1ba6a17ca2db76472f469a91f2245a8b"",""0x7c9cdb9fd07a0e95dd225ef751470ce88b43ad6e9e209b3b95404c7a6849e39b"",""0xb3788db79f3ad700a3cc134a27acbcec7a0a587ffbcdf5927faa24e5c362d493"",""0xea69777677b59561b3782267ef6a65d6e0f38e1fea58f1ece52358972347edb0"",""0x68fb332560fdf6ea1d74d8c4bfc3ff952f79df911ac17e478862c0aa1c736db3"",""0x9920c06a362172692e96bab008e569caa257aaec2c8f130f3564a55f2f52357b"",""0x262e2e527250bfc9fea90edce78f93b95ce16f345766eb2534ba2fb39906d951"",""0xc2467251882eb44d5415c8fddda0ba28022dedaeeca039a9fa1e56bb4cb2aba3""]",0,0,1,0,0,0,1
bstpstaking514m33799275,valid,,5,1,4,m33799275,100,10,10,"[""0xcd09dc92e8736934e461988f29064ea4e49ccc41310e47a797ab8e787536e77d"",""0xfd70d4311b5768c6b6bf7ecd75518b0b26ba2529cb7cf75e450bca9f0d366daa"",""0xa7831feb3b6ce91bfea938682651e70d662f1266659cbce6eaf0526e45512a68"",""0x29eba7ba49866efd89a8dce8d84688734eb0b4b198d4992b288b36b31540c8dc"",""0x2c6db858294994968533795d44c86dc8f050d3652066b8ceadf9d3b73dc7d902"",""0x8945bcc45087a8bfb2e18a5306781be29a69dbac49c73ab68b0d6c56a67bc0f9"",""0x5b677b1ca640fe2fa90ccb13036a107a5177af4f0b0bd5ed853ac029e427d019"",""0x49e5774ab139905928ff21d948254adc70aa28ff5eea2ac796f32b0549b267a3"",""0x106ecf713381cc7ee659b224caebb8c2d8402304fcc03cc12f04d9acb19beb31"",""0x8fc1d1e2c016ffb36d59c5dc3fc66f326f0dbf2f44da8dbad7ce668c0c9e69dd""]","[""0xcd09dc92e8736934e461988f29064ea4e49ccc41310e47a797ab8e787536e77d"",""0xfd70d4311b5768c6b6bf7ecd75518b0b26ba2529cb7cf75e450bca9f0d366daa"",""0xa7831feb3b6ce91bfea938682651e70d662f1266659cbce6eaf0526e45512a68"",""0x29eba7ba49866efd89a8dce8d84688734eb0b4b198d4992b288b36b31540c8dc"",""0x2c6db858294994968533795d44c86dc8f050d3652066b8ceadf9d3b73dc7d902"",""0x8945bcc45087a8bfb2e18a5306781be29a69dbac49c73ab68b0d6c56a67bc0f9"",""0x5b677b1ca640fe2fa90ccb13036a107a5177af4f0b0bd5ed853ac029e427d019"",""0x8cc4b8cdcb727613f2378e83b1e459ef38061ac468dcb3d02730b17ef2a02673"",""0x49e5774ab139905928ff21d948254adc70aa28ff5eea2ac796f32b0549b267a3"",""0x106ecf713381cc7ee659b224caebb8c2d8402304fcc03cc12f04d9acb19beb31""]","[""0xcd09dc92e8736934e461988f29064ea4e49ccc41310e47a797ab8e787536e77d"",""0xfd70d4311b5768c6b6bf7ecd75518b0b26ba2529cb7cf75e450bca9f0d366daa"",""0xa7831feb3b6ce91bfea938682651e70d662f1266659cbce6eaf0526e45512a68"",""0x29eba7ba49866efd89a8dce8d84688734eb0b4b198d4992b288b36b31540c8dc"",""0x2c6db858294994968533795d44c86dc8f050d3652066b8ceadf9d3b73dc7d902"",""0x8945bcc45087a8bfb2e18a5306781be29a69dbac49c73ab68b0d6c56a67bc0f9"",""0x5b677b1ca640fe2fa90ccb13036a107a5177af4f0b0bd5ed853ac029e427d019"",""0x49e5774ab139905928ff21d948254adc70aa28ff5eea2ac796f32b0549b267a3"",""0x106ecf713381cc7ee659b224caebb8c2d8402304fcc03cc12f04d9acb19beb31""]",0,0,1,0,0,0,0.9
bstpstaking514m3b4969fb,invalid,error_duplicates,5,1,4,m3b4969fb,100,10,10,"[""0xb002fb01be58fedcd04d5ceb2895feaf22973ac1205efed3d2db367bc6d7525b"",""0x106ecf713381cc7ee659b224caebb8c2d8402304fcc03cc12f04d9acb19beb31"",""0x682175835b69fee8ca4e1000194ccf6067372d31c29aa0c1fb86d118274fe35f"",""0xc242c986f95f7cb745f870b1e292c03f57e59c36e809d37eb00cc8d235b22c5a"",""0x6a735d9199bcfde6d540397f0c81a9225ad8520e39847b9a367e7dd94565137d"",""0x4f70045f96345b6154f2e63f3fe4b06b6e40108aedcdd3afc6a66ea75fc3da24"",""0xffb33d2d1648788432430e96a9706f35a4dcfe30d45dd0e99a1eaf7e59ab6aeb"",""0xcfdc62eb5da1c0cc9f61c08540ca22833a6530d40de956ae254be5b1e0b59d74"",""0x5b677b1ca640fe2fa90ccb13036a107a5177af4f0b0bd5ed853ac029e427d019"",""0xffb33d2d1648788432430e96a9706f35a4dcfe30d45dd0e99a1eaf7e59ab6aeb""]","[""0xb002fb01be58fedcd04d5ceb2895feaf22973ac1205efed3d2db367bc6d7525b"",""0x106ecf713381cc7ee659b224caebb8c2d8402304fcc03cc12f04d9acb19beb31"",""0x682175835b69fee8ca4e1000194ccf6067372d31c29aa0c1fb86d118274fe35f"",""0xc242c986f95f7cb745f870b1e292c03f57e59c36e809d37eb00cc8d235b22c5a"",""0x4c896b9c75e38294c3a07ab4ccb18852996db2708540195223e428ddf09d38a0"",""0x6a735d9199bcfde6d540397f0c81a9225ad8520e39847b9a367e7dd94565137d"",""0x4f70045f96345b6154f2e63f3fe4b06b6e40108aedcdd3afc6a66ea75fc3da24"",""0xffb33d2d1648788432430e96a9706f35a4dcfe30d45dd0e99a1eaf7e59ab6aeb"",""0xcfdc62eb5da1c0cc9f61c08540ca22833a6530d40de956ae254be5b1e0b59d74"",""0x5b677b1ca640fe2fa90ccb13036a107a5177af4f0b0bd5ed853ac029e427d019""]","[""0xb002fb01be58fedcd04d5ceb2895feaf22973ac1205efed3d2db367bc6d7525b"",""0x106ecf713381cc7ee659b224caebb8c2d8402304fcc03cc12f04d9acb19beb31"",""0x682175835b69fee8ca4e1000194ccf6067372d31c29aa0c1fb86d118274fe35f"",""0xc242c986f95f7cb745f870b1e292c03f57e59c36e809d37eb00cc8d235b22c5a"",""0x6a735d9199bcfde6d540397f0c81a9225ad8520e39847b9a367e7dd94565137d"",""0x4f70045f96345b6154f2e63f3fe4b06b6e40108aedcdd3afc6a66ea75fc3da24"",""0xffb33d2d1648788432430e96a9706f35a4dcfe30d45dd0e99a1eaf7e59ab6aeb"",""0xcfdc62eb5da1c0cc9f61c08540ca22833a6530d40de956ae254be5b1e0b59d74"",""0x5b677b1ca640fe2fa90ccb13036a107a5177af4f0b0bd5ed853ac029e427d019"",""0xffb33d2d1648788432430e96a9706f35a4dcfe30d45dd0e99a1eaf7e59ab6aeb""]",0,0,1,0,0,0.09999999999999998,1
bstpstaking514m4239fd1c,valid,,5,1,4,m4239fd1c,100,10,10,"[""0x483e0faacc32045385006ac1d42d028b103a2e2e02f320e20037d0d36be54907"",""0x89c823bf9976eb820ef3b2041267ad2c6eed1f83e2ab87cdc4bf9577cff5a748"",""0x3c97283efec66e1a5ec8437966e087338da20f0aad3723d41d52c67328f7efe4"",""0x6940f8c3529787bcfbcbf21fa64207221930bb64f69f1727136674443bba43aa"",""0x106ecf713381cc7ee659b224caebb8c2d8402304fcc03cc12f04d9acb19beb31"",""0x90ecb607bbb48b913aefe5003509412fcdc1a78708f7390fad1c6953be606038"",""0xb7eba087f5cc24fe2d08675f1cd5a26ebf3fd48642175807fccde9db3ffb3752"",""0xdf845dfbd70267c5c523805713303d6f4b7b91d97219e28f0508b46315e5e0e2"",""0xd9067ec22c0a52c0bf051e10e841161ac9d25bfedf069957979cc6f267cb6324"",""0x8a5fc9c813f0cbb1fbb3c86b71678b733f90197cd9b0fec7ef5b2e74d2827527""]","[""0x483e0faacc32045385006ac1d42d028b103a2e2e02f320e20037d0d36be54907"",""0x89c823bf9976eb820ef3b2041267ad2c6eed1f83e2ab87cdc4bf9577cff5a748"",""0x3c97283efec66e1a5ec8437966e087338da20f0aad3723d41d52c67328f7efe4"",""0x6940f8c3529787bcfbcbf21fa64207221930bb64f69f1727136674443bba43aa"",""0x106ecf713381cc7ee659b224caebb8c2d8402304fcc03cc12f04d9acb19beb31"",""0x90ecb607bbb48b913aefe5003509412fcdc1a78708f7390fad1c6953be606038"",""0xb7eba087f5cc24fe2d08675f1cd5a26ebf3fd48642175807fccde9db3ffb3752"",""0xdf845dfbd70267c5c523805713303d6f4b7b91d97219e28f0508b46315e5e0e2"",""0x8a5fc9c813f0cbb1fbb3c86b71678b733f90197cd9b0fec7ef5b2e74d2827527"",""0xd9067ec22c0a52c0bf051e10e841161ac9d25bfedf069957979cc6f267cb6324""]","[""0x483e0faacc32045385006ac1d42d028b103a2e2e02f320e20037d0d36be54907"",""0x89c823bf9976eb820ef3b2041267ad2c6eed1f83e2ab87cdc4bf9577cff5a748"",""0x3c97283efec66e1a5ec8437966e087338da20f0aad3723d41d52c67328f7efe4"",""0x6940f8c3529787bcfbcbf21fa64207221930bb64f69f1727136674443bba43aa"",""0x106ecf713381cc7ee659b224caebb8c2d8402304fcc03cc12f04d9acb19beb31"",""0x90ecb607bbb48b913aefe5003509412fcdc1a78708f7390fad1c6953be606038"",""0xb7eba087f5cc24fe2d08675f1cd5a26ebf3fd48642175807fccde9db3ffb3752"",""0xdf845dfbd70267c5c523805713303d6f4b7b91d97219e28f0508b46315e5e0e2"",""0xd9067ec22c0a52c0bf051e10e841161ac9d25bfedf069957979cc6f267cb6324"",""0x8a5fc9c813f0cbb1fbb3c86b71678b733f90197cd9b0fec7ef5b2e74d2827527""]",0,0,1,0,0,0,1
bstpstaking514m61fde19d,valid,,5,1,4,m61fde19d,100,10,10,"[""0x8a5fc9c813f0cbb1fbb3c86b71678b733f90197cd9b0fec7ef5b2e74d2827527"",""0xa7831feb3b6ce91bfea938682651e70d662f1266659cbce6eaf0526e45512a68"",""0x12c0e8caa1bce7d499cbbbc665fbb364c09cd2977856fe2bf0027b9c600b9022"",""0x68fb332560fdf6ea1d74d8c4bfc3ff952f79df911ac17e478862c0aa1c736db3"",""0xe2c89165b1663cbef76d4db4aff33d030d5826b8a643a445b8531c288e7745fd"",""0x06442c0ccc9ab367282f06426924517e0a49c25e50a492ad91aecc55b655f458"",""0xaa8fad824a174e57accf11eb34b23d020d6aa685da1925b1c30a611ffdb95a0e"",""0x230550ee2f183f79fbee87b09e6157a7bfd65abfefa14a749660749b7fa0d6b4"",""0x7634f8326375f99ebfd7a8b203b7442a56b18cf7dc73f6238abd4122e8090b86"",""0x37890a125406e5e42ba213b40b55685bc6c328fc0106903b123b70d8312c1000""]","[""0x69f76a6458130c9ded5a13a31db3715ca829f4a679d617f3e492b9116677d10c"",""0xdabbd1bf365dd83a0175d5e359d11f8d109116b0745646ef8d2c6a2efcf851df"",""0x281d75ca73c64a8633ed60198d5e953cc41cba8132bf7dfc97a978d37dd83726"",""0x7c9cdb9fd07a0e95dd225ef751470ce88b43ad6e9e209b3b95404c7a6849e39b"",""0xfd6b6381e462eb69a90451498acc82533df2612f7e00141667dbce964caa982e"",""0x8d357dcd4a7c14d4a0f33a6d36f83ab30a8caad65d222d503f46d94d277f7c24"",""0x37890a125406e5e42ba213b40b55685bc6c328fc0106903b123b70d8312c1000"",""0x06442c0ccc9ab367282f06426924517e0a49c25e50a492ad91aecc55b655f458"",""0xe5da0f8dfb6b491adb9c38f755f10e08bd498ab5979036394be3930984053206"",""0xe2c89165b1663cbef76d4db4aff33d030d5826b8a643a445b8531c288e7745fd""]","[""0xe2c89165b1663cbef76d4db4aff33d030d5826b8a643a445b8531c288e7745fd"",""0x06442c0ccc9ab367282f06426924517e0a49c25e50a492ad91aecc55b655f458"",""0x37890a125406e5e42ba213b40b55685bc6c328fc0106903b123b70d8312c1000""]",0,0,1,0,0,0,0.3
bstpstaking514m6489f990,valid,,5,1,4,m6489f990,100,10,10,"[""0x8e0fe0f656e916603b21dfc46871616ecb7b642b28e5d883d2c499a8c5e837e1"",""0x34a4d8937f3354a8c46b9c2b29c4ce9f1ea8d0bcdf66b5633b3e24cfd92ed2d9"",""0x795399050aae731a8fb0651e6f99b4eaee8db493bd96ff86da6f6fa03c04b181"",""0x8dfdc5cf3cb02e7e591f87507f529f23ace45f23d37d2cc53a0be7ae48327735"",""0x55438b3cc8a7b8feb076576689edb0eb929cc5e619c8e3081ca280d3e78956fa"",""0xed4ce8f99e69760136906172411940729a5d9cd25120d1614b3184f5a3f893ad"",""0x4a9e8d97f29cbc9d10e940c5cc81e08ecdc68011ac943428e5c328cb616f11a6"",""0xe2741cdf8617e21f17631fd12937bcec865a9c779d7c3e7a25ff270dec4539e9"",""0xfba61d0944a6a041db25615130d447ae04424e80b60d19b35ac59a364a6bcb11"",""0x2fca7fbeba6225e1f4fb9373e6a417663b15a5f54b5f93454a0a66edec6027ce""]","[""0x73d6c0efd0550ca38510ec910998f28c5f57de699ed4f4eab13ed86d90fb6b07"",""0x3c4ef3727c5acae7ca4976ecf767571e18ac1b70a4aad2ac4f7b9139bcfc987d"",""0x8e6ed61f936c34115ed64b52efb53b493d279f72a1ed2c1dde342f98dfc9178d"",""0x01829fcc6d779d94ee869f97379c6516562dc7f8b74938742ffefe6b09b93fbc"",""0x262e2e527250bfc9fea90edce78f93b95ce16f345766eb2534ba2fb39906d951"",""0xaa8fad824a174e57accf11eb34b23d020d6aa685da1925b1c30a611ffdb95a0e"",""0x429b49322f39406d28f591c75e8222ecd51db05a599ec5d128466346627eb705"",""0x08c294941588d570c4ae95ce5aaf4a1592f278bd19029a2851efff2d86015692"",""0x6ea2e4d3921eb79867ba52b40ba2fdf4df2de7e307f65f7742bf9f3bdb48a96c"",""0x281cd26d80e9cd95f098908b641c2534121c033c47795850d88fdab6f04f2af0""]",[],0,0,1,0,0,0,0
bstpstaking514m652a5fba,valid,,5,1,4,m652a5fba,100,10,10,"[""0x5b677b1ca640fe2fa90ccb13036a107a5177af4f0b0bd5ed853ac029e427d019"",""0xd9067ec22c0a52c0bf051e10e841161ac9d25bfedf069957979cc6f267cb6324"",""0x2c6db858294994968533795d44c86dc8f050d3652066b8ceadf9d3b73dc7d902"",""0x98383544e422fe17027cdac418f09337309386a10806b8ee02c8d32713923a8e"",""0x3c97283efec66e1a5ec8437966e087338da20f0aad3723d41d52c67328f7efe4"",""0x4c896b9c75e38294c3a07ab4ccb18852996db2708540195223e428ddf09d38a0"",""0x932383665799c1241f674264478c7dbdc9dbecd0c1d33b2034e91903326669df"",""0x0a363f73ac86187864f54390fdd7c779dfc66601f6a87f2d44a62f2ebe20bba6"",""0x3fa2ea8f79b0524a3c5e834a216d005b6653291abad1f4cd5704c375512864c8"",""0x2e2176b2d4f7965200c92c00af4ff1f18cfa259c652d11ff40b7b1ea7ec8b5f8""]","[""0x5b677b1ca640fe2fa90ccb13036a107a5177af4f0b0bd5ed853ac029e427d019"",""0xd9067ec22c0a52c0bf051e10e841161ac9d25bfedf069957979cc6f267cb6324"",""0x2c6db858294994968533795d44c86dc8f050d3652066b8ceadf9d3b73dc7d902"",""0xb65630e7129a1fecafdca9eb7dbe53130a12b5d3e2e984bbf9c9a5399c6cc30f"",""0x39700501189242fe3b7185fd03a5cace111de24b0c6b66471be82d30bc72ec27"",""0x856f01151a1c15aa053c920c11f2f4a193b3ed4250c6ee2ebf77c3390fe0f275"",""0x98383544e422fe17027cdac418f09337309386a10806b8ee02c8d32713923a8e"",""0x3c97283efec66e1a5ec8437966e087338da20f0aad3723d41d52c67328f7efe4"",""0x4c896b9c75e38294c3a07ab4ccb18852996db2708540195223e428ddf09d38a0"",""0x932383665799c1241f674264478c7dbdc9dbecd0c1d33b2034e91903326669df""]","[""0x5b677b1ca640fe2fa90ccb13036a107a5177af4f0b0bd5ed853ac029e427d019"",""0xd9067ec22c0a52c0bf051e10e841161ac9d25bfedf069957979cc6f267cb6324"",""0x2c6db858294994968533795d44c86dc8f050d3652066b8ceadf9d3b73dc7d902"",""0x98383544e422fe17027cdac418f09337309386a10806b8ee02c8d32713923a8e"",""0x3c97283efec66e1a5ec8437966e087338da20f0aad3723d41d52c67328f7efe4"",""0x4c896b9c75e38294c3a07ab4ccb18852996db2708540195223e428ddf09d38a0"",""0x932383665799c1241f674264478c7dbdc9dbecd0c1d33b2034e91903326669df""]",0,0,1,0,0,0,0.7
bstpstaking514m66488430,valid,,5,1,4,m66488430,100,10,10,"[""0xc3b0696840352e2a25a87160f85c766cba4c6b9424a40ded6b5e2eb28f9215f6"",""0xfc9bec6e17e3d34235748a04c8a772f602b2283e2946d9f68c2ed62bcdd2cd85"",""0x4f70045f96345b6154f2e63f3fe4b06b6e40108aedcdd3afc6a66ea75fc3da24"",""0xb1d52412675094b54611913899744bda3aa3c67ce51c9e9d61d8a49d9cc84caf"",""0x90ecb607bbb48b913aefe5003509412fcdc1a78708f7390fad1c6953be606038"",""0xffb33d2d1648788432430e96a9706f35a4dcfe30d45dd0e99a1eaf7e59ab6aeb"",""0x6b84de292cb6e3be779d6288c69c6a070bba523a2317a4d294c1616e10f137ed"",""0x7c40aac49a736517f5c440f9392f1683424054f2ffa6df7c2970a52c11db06ca"",""0xcd09dc92e8736934e461988f29064ea4e49ccc41310e47a797ab8e787536e77d"",""0x7a913a3ee9a3da44acaae712276a593c843c3e10aba5feef39839618479930ff""]","[""0xc3b0696840352e2a25a87160f85c766cba4c6b9424a40ded6b5e2eb28f9215f6"",""0xfc9bec6e17e3d34235748a04c8a772f602b2283e2946d9f68c2ed62bcdd2cd85"",""0x7c40aac49a736517f5c440f9392f1683424054f2ffa6df7c2970a52c11db06ca"",""0xcd09dc92e8736934e461988f29064ea4e49ccc41310e47a797ab8e787536e77d"",""0x92c0efa8758ff02dd06dfd438cd6612b6e3590f9c8b7c0932fd418903855a478"",""0x4f70045f96345b6154f2e63f3fe4b06b6e40108aedcdd3afc6a66ea75fc3da24"",""0xb1d52412675094b54611913899744bda3aa3c67ce51c9e9d61d8a49d9cc84caf"",""0x90ecb607bbb48b913aefe5003509412fcdc1a78708f7390fad1c6953be606038"",""0xffb33d2d1648788432430e96a9706f35a4dcfe30d45dd0e99a1eaf7e59ab6aeb"",""0x6b84de292cb6e3be779d6288c69c6a070bba523a2317a4d294c1616e10f137ed""]","[""0xc3b0696840352e2a25a87160f85c766cba4c6b9424a40ded6b5e2eb28f9215f6"",""0xfc9bec6e17e3d34235748a04c8a772f602b2283e2946d9f68c2ed62bcdd2cd85"",""0x4f70045f96345b6154f2e63f3fe4b06b6e40108aedcdd3afc6a66ea75fc3da24"",""0xb1d52412675094b54611913899744bda3aa3c67ce51c9e9d61d8a49d9cc84caf"",""0x90ecb607bbb48b913aefe5003509412fcdc1a78708f7390fad1c6953be606038"",""0xffb33d2d1648788432430e96a9706f35a4dcfe30d45dd0e99a1eaf7e59ab6aeb"",""0x6b84de292cb6e3be779d6288c69c6a070bba523a2317a4d294c1616e10f137ed"",""0x7c40aac49a736517f5c440f9392f1683424054f2ffa6df7c2970a52c11db06ca"",""0xcd09dc92e8736934e461988f29064ea4e49ccc41310e47a797ab8e787536e77d""]",0,0,1,0,0,0,0.9
bstpstaking514m6e7de01e,valid,,5,1,4,m6e7de01e,100,10,10,"[""0x7c9cdb9fd07a0e95dd225ef751470ce88b43ad6e9e209b3b95404c7a6849e39b"",""0x353fcfc68b913bba883a1cbe437235257a5567ace334e692406b2239896cc845"",""0xaa8fad824a174e57accf11eb34b23d020d6aa685da1925b1c30a611ffdb95a0e"",""0x3c4ef3727c5acae7ca4976ecf767571e18ac1b70a4aad2ac4f7b9139bcfc987d"",""0xcd6d08f520a5a6aebaa079033393b6393e347445be26d2c107e8d7ee03c8f13c"",""0x281cd26d80e9cd95f098908b641c2534121c033c47795850d88fdab6f04f2af0"",""0xdd364115eefd88d44ddca902abb962bd1038efc911e81847f0d1911029cb83fc"",""0xd7531695dcd358a4f56787acbbd65565a09fc63eff941ad49498daeb1ae38f44"",""0x66dc91c1375c97a345396b765a31f83a172cf55a43b176b21f6e7ca8e695b9fd"",""0xe2c89165b1663cbef76d4db4aff33d030d5826b8a643a445b8531c288e7745fd""]","[""0x7c9cdb9fd07a0e95dd225ef751470ce88b43ad6e9e209b3b95404c7a6849e39b"",""0x353fcfc68b913bba883a1cbe437235257a5567ace334e692406b2239896cc845"",""0xaa8fad824a174e57accf11eb34b23d020d6aa685da1925b1c30a611ffdb95a0e"",""0x3c4ef3727c5acae7ca4976ecf767571e18ac1b70a4aad2ac4f7b9139bcfc987d"",""0xcd6d08f520a5a6aebaa079033393b6393e347445be26d2c107e8d7ee03c8f13c"",""0x281cd26d80e9cd95f098908b641c2534121c033c47795850d88fdab6f04f2af0"",""0xdd364115eefd88d44ddca902abb962bd1038efc911e81847f0d1911029cb83fc"",""0xe2c89165b1663cbef76d4db4aff33d030d5826b8a643a445b8531c288e7745fd"",""0x66dc91c1375c97a345396b765a31f83a172cf55a43b176b21f6e7ca8e695b9fd"",""0xd7531695dcd358a4f56787acbbd65565a09fc63eff941ad49498daeb1ae38f44""]","[""0x7c9cdb9fd07a0e95dd225ef751470ce88b43ad6e9e209b3b95404c7a6849e39b"",""0x353fcfc68b913bba883a1cbe437235257a5567ace334e692406b2239896cc845"",""0xaa8fad824a174e57accf11eb34b23d020d6aa685da1925b1c30a611ffdb95a0e"",""0x3c4ef3727c5acae7ca4976ecf767571e18ac1b70a4aad2ac4f7b9139bcfc987d"",""0xcd6d08f520a5a6aebaa079033393b6393e347445be26d2c107e8d7ee03c8f13c"",""0x281cd26d80e9cd95f098908b641c2534121c033c47795850d88fdab6f04f2af0"",""0xdd364115eefd88d44ddca902abb962bd1038efc911e81847f0d1911029cb83fc"",""0xd7531695dcd358a4f56787acbbd65565a09fc63eff941ad49498daeb1ae38f44"",""0x66dc91c1375c97a345396b765a31f83a172cf55a43b176b21f6e7ca8e695b9fd"",""0xe2c89165b1663cbef76d4db4aff33d030d5826b8a643a445b8531c288e7745fd""]",0,0,1,0,0,0,1
bstpstaking514m7dfad905,invalid,error_duplicates,5,1,4,m7dfad905,100,10,10,"[""0x106ecf713381cc7ee659b224caebb8c2d8402304fcc03cc12f04d9acb19beb31"",""0xfd70d4311b5768c6b6bf7ecd75518b0b26ba2529cb7cf75e450bca9f0d366daa"",""0xe70b739d2c9d746514eb24b9ed0d3b51448a0a5913813a2864aa9be0ec65e691"",""0xa7831feb3b6ce91bfea938682651e70d662f1266659cbce6eaf0526e45512a68"",""0xab461bed3349317736818b1dabb4b0c82cc986f81bc20a4f98abb1cf118525e2"",""0xcd09dc92e8736934e461988f29064ea4e49ccc41310e47a797ab8e787536e77d"",""0x6e53ec51854bc45ec72e747b9db61797e1b20b6c0f523a3f2ead783fd267ed91"",""0x9a0ed5a06fb6051d9a659f829e57ea0e382f714cb43d55efaa317c69cfae14ee"",""0x49e5774ab139905928ff21d948254adc70aa28ff5eea2ac796f32b0549b267a3"",""0x49e5774ab139905928ff21d948254adc70aa28ff5eea2ac796f32b0549b267a3""]","[""0x106ecf713381cc7ee659b224caebb8c2d8402304fcc03cc12f04d9acb19beb31"",""0xfd70d4311b5768c6b6bf7ecd75518b0b26ba2529cb7cf75e450bca9f0d366daa"",""0xe70b739d2c9d746514eb24b9ed0d3b51448a0a5913813a2864aa9be0ec65e691"",""0xa7831feb3b6ce91bfea938682651e70d662f1266659cbce6eaf0526e45512a68"",""0xab461bed3349317736818b1dabb4b0c82cc986f81bc20a4f98abb1cf118525e2"",""0xcd09dc92e8736934e461988f29064ea4e49ccc41310e47a797ab8e787536e77d"",""0x49e5774ab139905928ff21d948254adc70aa28ff5eea2ac796f32b0549b267a3"",""0x6e53ec51854bc45ec72e747b9db61797e1b20b6c0f523a3f2ead783fd267ed91"",""0x9a0ed5a06fb6051d9a659f829e57ea0e382f714cb43d55efaa317c69cfae14ee"",""0x80288ad5dc62d58560df110a3535af497449f9f6f4f71e34500b9f5045943ea7""]","[""0x106ecf713381cc7ee659b224caebb8c2d8402304fcc03cc12f04d9acb19beb31"",""0xfd70d4311b5768c6b6bf7ecd75518b0b26ba2529cb7cf75e450bca9f0d366daa"",""0xe70b739d2c9d746514eb24b9ed0d3b51448a0a5913813a2864aa9be0ec65e691"",""0xa7831feb3b6ce91bfea938682651e70d662f1266659cbce6eaf0526e45512a68"",""0xab461bed3349317736818b1dabb4b0c82cc986f81bc20a4f98abb1cf118525e2"",""0xcd09dc92e8736934e461988f29064ea4e49ccc41310e47a797ab8e787536e77d"",""0x6e53ec51854bc45ec72e747b9db61797e1b20b6c0f523a3f2ead783fd267ed91"",""0x9a0ed5a06fb6051d9a659f829e57ea0e382f714cb43d55efaa317c69cfae14ee"",""0x49e5774ab139905928ff21d948254adc70aa28ff5eea2ac796f32b0549b267a3"",""0x49e5774ab139905928ff21d948254adc70aa28ff5eea2ac796f32b0549b267a3""]",0,0,1,0,0,0.09999999999999998,1
bstpstaking514m7e72b6a8,valid,,5,1,4,m7e72b6a8,100,10,10,"[""0x9a0ed5a06fb6051d9a659f829e57ea0e382f714cb43d55efaa317c69cfae14ee"",""0x98383544e422fe17027cdac418f09337309386a10806b8ee02c8d32713923a8e"",""0x8945bcc45087a8bfb2e18a5306781be29a69dbac49c73ab68b0d6c56a67bc0f9"",""0x99196e62444c2ecc416618bcc5a3424f9cd5641d6867c8e258507c7d89a4a88c"",""0x4c896b9c75e38294c3a07ab4ccb18852996db2708540195223e428ddf09d38a0"",""0x7c40aac49a736517f5c440f9392f1683424054f2ffa6df7c2970a52c11db06ca"",""0x49e5774ab139905928ff21d948254adc70aa28ff5eea2ac796f32b0549b267a3"",""0x3bdf59910dc80d945c909ab4265dbbbe8e7cc3938d6d3df55a7e4a8219757a6d"",""0xcd57fe897cd7013d3f9e6131de9fa6d2910dcab5055ecc546f6d83339d5c9867"",""0x5a75ac9917471a04dcc4a6812a11732fea6c4e59c2f0038f3446c81d2bcfa1b2""]","[""0x9a0ed5a06fb6051d9a659f829e57ea0e382f714cb43d55efaa317c69cfae14ee"",""0x98383544e422fe17027cdac418f09337309386a10806b8ee02c8d32713923a8e"",""0x8945bcc45087a8bfb2e18a5306781be29a69dbac49c73ab68b0d6c56a67bc0f9"",""0xd7531695dcd358a4f56787acbbd65565a09fc63eff941ad49498daeb1ae38f44"",""0x99196e62444c2ecc416618bcc5a3424f9cd5641d6867c8e258507c7d89a4a88c"",""0xe40523cb93f50925b957e5e448d59b64adfad0b41a549e68dd171dd988bc17a5"",""0x4c896b9c75e38294c3a07ab4ccb18852996db2708540195223e428ddf09d38a0"",""0x7c40aac49a736517f5c440f9392f1683424054f2ffa6df7c2970a52c11db06ca"",""0x49e5774ab139905928ff21d948254adc70aa28ff5eea2ac796f32b0549b267a3"",""0xffb33d2d1648788432430e96a9706f35a4dcfe30d45dd0e99a1eaf7e59ab6aeb""]","[""0x9a0ed5a06fb6051d9a659f829e57ea0e382f714cb43d55efaa317c69cfae14ee"",""0x98383544e422fe17027cdac418f09337309386a10806b8ee02c8d32713923a8e"",""0x8945bcc45087a8bfb2e18a5306781be29a69dbac49c73ab68b0d6c56a67bc0f9"",""0x99196e62444c2ecc416618bcc5a3424f9cd5641d6867c8e258507c7d89a4a88c"",""0x4c896b9c75e38294c3a07ab4ccb18852996db2708540195223e428ddf09d38a0"",""0x7c40aac49a736517f5c440f9392f1683424054f2ffa6df7c2970a52c11db06ca"",""0x49e5774ab139905928ff21d948254adc70aa28ff5eea2ac796f32b0549b267a3""]",0,0,1,0,0,0,0.7
bstpstaking514m8051415e,invalid,error_duplicates,5,1,4,m8051415e,100,10,10,"[""0x4f70045f96345b6154f2e63f3fe4b06b6e40108aedcdd3afc6a66ea75fc3da24"",""0x8cc4b8cdcb727613f2378e83b1e459ef38061ac468dcb3d02730b17ef2a02673"",""0x29eba7ba49866efd89a8dce8d84688734eb0b4b198d4992b288b36b31540c8dc"",""0x92c0efa8758ff02dd06dfd438cd6612b6e3590f9c8b7c0932fd418903855a478"",""0x80288ad5dc62d58560df110a3535af497449f9f6f4f71e34500b9f5045943ea7"",""0xa7831feb3b6ce91bfea938682651e70d662f1266659cbce6eaf0526e45512a68"",""0x6b84de292cb6e3be779d6288c69c6a070bba523a2317a4d294c1616e10f137ed"",""0xcfdc62eb5da1c0cc9f61c08540ca22833a6530d40de956ae254be5b1e0b59d74"",""0xd5568fd406d7db628afa415d58bf5bd06959a92398aa702548e8e04793bedd47"",""0x92c0efa8758ff02dd06dfd438cd6612b6e3590f9c8b7c0932fd418903855a478""]","[""0x4f70045f96345b6154f2e63f3fe4b06b6e40108aedcdd3afc6a66ea75fc3da24"",""0x8cc4b8cdcb727613f2378e83b1e459ef38061ac468dcb3d02730b17ef2a02673"",""0x29eba7ba49866efd89a8dce8d84688734eb0b4b198d4992b288b36b31540c8dc"",""0x92c0efa8758ff02dd06dfd438cd6612b6e3590f9c8b7c0932fd418903855a478"",""0x80288ad5dc62d58560df110a3535af497449f9f6f4f71e34500b9f5045943ea7"",""0xa7831feb3b6ce91bfea938682651e70d662f1266659cbce6eaf0526e45512a68"",""0x6b84de292cb6e3be779d6288c69c6a070bba523a2317a4d294c1616e10f137ed"",""0x483e0faacc32045385006ac1d42d028b103a2e2e02f320e20037d0d36be54907"",""0xcfdc62eb5da1c0cc9f61c08540ca22833a6530d40de956ae254be5b1e0b59d74"",""0xd5568fd406d7db628afa415d58bf5bd06959a92398aa702548e8e04793bedd47""]","[""0x4f70045f96345b6154f2e63f3fe4b06b6e40108aedcdd3afc6a66ea75fc3da24"",""0x8cc4b8cdcb727613f2378e83b1e459ef38061ac468dcb3d02730b17ef2a02673"",""0x29eba7ba49866efd89a8dce8d84688734eb0b4b198d4992b288b36b31540c8dc"",""0x92c0efa8758ff02dd06dfd438cd6612b6e3590f9c8b7c0932fd418903855a478"",""0x80288ad5dc62d58560df110a3535af497449f9f6f4f71e34500b9f5045943ea7"",""0xa7831feb3b6ce91bfea938682651e70d662f1266659cbce6eaf0526e45512a68"",""0x6b84de292cb6e3be779d6288c69c6a070bba523a2317a4d294c1616e10f137ed"",""0xcfdc62eb5da1c0cc9f61c08540ca22833a6530d40de956ae254be5b1e0b59d74"",""0xd5568fd406d7db628afa415d58bf5bd06959a92398aa702548e8e04793bedd47"",""0x92c0efa8758ff02dd06dfd438cd6612b6e3590f9c8b7c0932fd418903855a478""]",0,0,1,0,0,0.09999999999999998,1
bstpstaking514m810b37d6,valid,,5,1,4,m810b37d6,100,10,10,"[""0x14d09a4d420ae8a7492d23eb1beacf31a514ddd9765719262cf2a750248f046e"",""0xedb061d6c685949f3e6f6b2fbc31238ae6ee3c1a2760e056b5c3e5e2304df8af"",""0xd7531695dcd358a4f56787acbbd65565a09fc63eff941ad49498daeb1ae38f44"",""0x6e2ec90f7c36a36b5344a2aac6038ddc9c3860de12975f71142181a7a81c8609"",""0xdd364115eefd88d44ddca902abb962bd1038efc911e81847f0d1911029cb83fc"",""0x68fb332560fdf6ea1d74d8c4bfc3ff952f79df911ac17e478862c0aa1c736db3"",""0x37890a125406e5e42ba213b40b55685bc6c328fc0106903b123b70d8312c1000"",""0x69f76a6458130c9ded5a13a31db3715ca829f4a679d617f3e492b9116677d10c"",""0xd315b8c83a9e2edb719d67cf2cc732391e7c9d9fa55ab87f926ee4c7046a8578"",""0xdabbd1bf365dd83a0175d5e359d11f8d109116b0745646ef8d2c6a2efcf851df""]","[""0x14d09a4d420ae8a7492d23eb1beacf31a514ddd9765719262cf2a750248f046e"",""0xedb061d6c685949f3e6f6b2fbc31238ae6ee3c1a2760e056b5c3e5e2304df8af"",""0xd7531695dcd358a4f56787acbbd65565a09fc63eff941ad49498daeb1ae38f44"",""0x6e2ec90f7c36a36b5344a2aac6038ddc9c3860de12975f71142181a7a81c8609"",""0xdd364115eefd88d44ddca902abb962bd1038efc911e81847f0d1911029cb83fc"",""0x68fb332560fdf6ea1d74d8c4bfc3ff952f79df911ac17e478862c0aa1c736db3"",""0x37890a125406e5e42ba213b40b55685bc6c328fc0106903b123b70d8312c1000"",""0x69f76a6458130c9ded5a13a31db3715ca829f4a679d617f3e492b9116677d10c"",""0xd315b8c83a9e2edb719d67cf2cc732391e7c9d9fa55ab87f926ee4c7046a8578"",""0xdabbd1bf365dd83a0175d5e359d11f8d109116b0745646ef8d2c6a2efcf851df""]","[""0x14d09a4d420ae8a7492d23eb1beacf31a514ddd9765719262cf2a750248f046e"",""0xedb061d6c685949f3e6f6b2fbc31238ae6ee3c1a2760e056b5c3e5e2304df8af"",""0xd7531695dcd358a4f56787acbbd65565a09fc63eff941ad49498daeb1ae38f44"",""0x6e2ec90f7c36a36b5344a2aac6038ddc9c3860de12975f71142181a7a81c8609"",""0xdd364115eefd88d44ddca902abb962bd1038efc911e81847f0d1911029cb83fc"",""0x68fb332560fdf6ea1d74d8c4bfc3ff952f79df911ac17e478862c0aa1c736db3"",""0x37890a125406e5e42ba213b40b55685bc6c328fc0106903b123b70d8312c1000"",""0x69f76a6458130c9ded5a13a31db3715ca829f4a679d617f3e492b9116677d10c"",""0xd315b8c83a9e2edb719d67cf2cc732391e7c9d9fa55ab87f926ee4c7046a8578"",""0xdabbd1bf365dd83a0175d5e359d11f8d109116b0745646ef8d2c6a2efcf851df""]",0,0,1,0,0,0,1
bstpstaking514m9189f677,valid,,5,1,4,m9189f677,100,10,10,"[""0xcd09dc92e8736934e461988f29064ea4e49ccc41310e47a797ab8e787536e77d"",""0x8a5fc9c813f0cbb1fbb3c86b71678b733f90197cd9b0fec7ef5b2e74d2827527"",""0xb6956c09b733a91561395f6f106aa19a23a1df4c453562ff602fdc30b0b773ad"",""0xb7eba087f5cc24fe2d08675f1cd5a26ebf3fd48642175807fccde9db3ffb3752"",""0xab461bed3349317736818b1dabb4b0c82cc986f81bc20a4f98abb1cf118525e2"",""0x682175835b69fee8ca4e1000194ccf6067372d31c29aa0c1fb86d118274fe35f"",""0xfc9bec6e17e3d34235748a04c8a772f602b2283e2946d9f68c2ed62bcdd2cd85"",""0x98383544e422fe17027cdac418f09337309386a10806b8ee02c8d32713923a8e"",""0xe40523cb93f50925b957e5e448d59b64adfad0b41a549e68dd171dd988bc17a5"",""0x27a163a4110566acfc156339d6e9ee4c66cb5b1bed8c030e751013a75ed443eb""]","[""0xcd09dc92e8736934e461988f29064ea4e49ccc41310e47a797ab8e787536e77d"",""0x8a5fc9c813f0cbb1fbb3c86b71678b733f90197cd9b0fec7ef5b2e74d2827527"",""0x483e0faacc32045385006ac1d42d028b103a2e2e02f320e20037d0d36be54907"",""0xb6956c09b733a91561395f6f106aa19a23a1df4c453562ff602fdc30b0b773ad"",""0xb7eba087f5cc24fe2d08675f1cd5a26ebf3fd48642175807fccde9db3ffb3752"",""0xab461bed3349317736818b1dabb4b0c82cc986f81bc20a4f98abb1cf118525e2"",""0x682175835b69fee8ca4e1000194ccf6067372d31c29aa0c1fb86d118274fe35f"",""0xfc9bec6e17e3d34235748a04c8a772f602b2283e2946d9f68c2ed62bcdd2cd85"",""0x98383544e422fe17027cdac418f09337309386a10806b8ee02c8d32713923a8e"",""0xe40523cb93f50925b957e5e448d59b64adfad0b41a549e68dd171dd988bc17a5""]","[""0xcd09dc92e8736934e461988f29064ea4e49ccc41310e47a797ab8e787536e77d"",""0x8a5fc9c813f0cbb1fbb3c86b71678b733f90197cd9b0fec7ef5b2e74d2827527"",""0xb6956c09b733a91561395f6f106aa19a23a1df4c453562ff602fdc30b0b773ad"",""0xb7eba087f5cc24fe2d08675f1cd5a26ebf3fd48642175807fccde9db3ffb3752"",""0xab461bed3349317736818b1dabb4b0c82cc986f81bc20a4f98abb1cf118525e2"",""0x682175835b69fee8ca4e1000194ccf6067372d31c29aa0c1fb86d118274fe35f"",""0xfc9bec6e17e3d34235748a04c8a772f602b2283e2946d9f68c2ed62bcdd2cd85"",""0x98383544e422fe17027cdac418f09337309386a10806b8ee02c8d32713923a8e"",""0xe40523cb93f50925b957e5e448d59b64adfad0b41a549e68dd171dd988bc17a5""]",0,0,1,0,0,0,0.9
bstpstaking514m970360f4,valid,,5,1,4,m970360f4,100,10,10,"[""0x04e631257af2cf26e527e146f4e090feae7f8ba273f0574dcd62a46da5b5fb8c"",""0x5bbc9d2413d5740c9cce8b34acbdb04e9c122cff7ece31c0620bfd2b7e0e1b86"",""0xa81cb00815bbbd6922c16bc3bb033577aa2431580aea7e7e13aca944c2233272"",""0x8096cab0100aa02898585587d038ed875c585da73c52072d6a842c5b96bac202"",""0x3fa2ea8f79b0524a3c5e834a216d005b6653291abad1f4cd5704c375512864c8"",""0xffc71158a1713cadd9222700d20f0c30f7bc8dd2bb13d82c09a45f991a58c201"",""0x241145b169eb7335c6c3a55c542c7857ebbbe2cbe47e2bc2a4f72062e1ba800b"",""0x8ff5e5a995f90cacc168e94c841423644b6e694c451c843c70447926d051a888"",""0x323045169136f339e36c57f2b93c33e14359139bfb47f1394e0c41e18be3935d"",""0x3e31dccc799ca51522df8781f1176ff555c5a955ca9ed86372629d828c265698""]","[""0x14d09a4d420ae8a7492d23eb1beacf31a514ddd9765719262cf2a750248f046e"",""0xae105f7f87da768b512fdfdb98a0fbf6131d1571893bb99b9a0ab477ff1702c2"",""0x281cd26d80e9cd95f098908b641c2534121c033c47795850d88fdab6f04f2af0"",""0xfd6b6381e462eb69a90451498acc82533df2612f7e00141667dbce964caa982e"",""0x68fb332560fdf6ea1d74d8c4bfc3ff952f79df911ac17e478862c0aa1c736db3"",""0x8e6ed61f936c34115ed64b52efb53b493d279f72a1ed2c1dde342f98dfc9178d"",""0xea69777677b59561b3782267ef6a65d6e0f38e1fea58f1ece52358972347edb0"",""0xe5da0f8dfb6b491adb9c38f755f10e08bd498ab5979036394be3930984053206"",""0x1721fbf3311a57adcac4eb75a9690451077fc079b0d94e4fa9d5a75bfb95e9c2"",""0x37890a125406e5e42ba213b40b55685bc6c328fc0106903b123b70d8312c1000""]",[],0,0,1,0,0,0,0
bstpstaking514m98d7930e,valid,,5,1,4,m98d7930e,100,10,10,"[""0x98383544e422fe17027cdac418f09337309386a10806b8ee02c8d32713923a8e"",""0x8945bcc45087a8bfb2e18a5306781be29a69dbac49c73ab68b0d6c56a67bc0f9"",""0xab461bed3349317736818b1dabb4b0c82cc986f81bc20a4f98abb1cf118525e2"",""0x8cc4b8cdcb727613f2378e83b1e459ef38061ac468dcb3d02730b17ef2a02673"",""0x1ebfa3f4b31da950a10ba4155a5675fdf5fb3ac42fe3f076668cfe359788f601"",""0xe70b739d2c9d746514eb24b9ed0d3b51448a0a5913813a2864aa9be0ec65e691"",""0xb1d52412675094b54611913899744bda3aa3c67ce51c9e9d61d8a49d9cc84caf"",""0x1393e94f34761ba344117a1cf1bc70b40119c5cdbab5b1f26f7c7a2c82c28d15"",""0x9ca8626b06776b02e555a4f9fddc2f560f5fb18faa29eb0aea0f867af8064608"",""0xb43c6ce35bcbd028636a86d54a3e4d2d9700310d2c1c4e090f21eae55ab13250""]","[""0x98383544e422fe17027cdac418f09337309386a10806b8ee02c8d32713923a8e"",""0x856f01151a1c15aa053c920c11f2f4a193b3ed4250c6ee2ebf77c3390fe0f275"",""0x8945bcc45087a8bfb2e18a5306781be29a69dbac49c73ab68b0d6c56a67bc0f9"",""0x8cc4b8cdcb727613f2378e83b1e459ef38061ac468dcb3d02730b17ef2a02673"",""0x1ebfa3f4b31da950a10ba4155a5675fdf5fb3ac42fe3f076668cfe359788f601"",""0xe70b739d2c9d746514eb24b9ed0d3b51448a0a5913813a2864aa9be0ec65e691"",""0x90ecb607bbb48b913aefe5003509412fcdc1a78708f7390fad1c6953be606038"",""0xab461bed3349317736818b1dabb4b0c82cc986f81bc20a4f98abb1cf118525e2"",""0xb1d52412675094b54611913899744bda3aa3c67ce51c9e9d61d8a49d9cc84caf"",""0x281cd26d80e9cd95f098908b641c2534121c033c47795850d88fdab6f04f2af0""]","[""0x98383544e422fe17027cdac418f09337309386a10806b8ee02c8d32713923a8e"",""0x8945bcc45087a8bfb2e18a5306781be29a69dbac49c73ab68b0d6c56a67bc0f9"",""0xab461bed3349317736818b1dabb4b0c82cc986f81bc20a4f98abb1cf118525e2"",""0x8cc4b8cdcb727613f2378e83b1e459ef38061ac468dcb3d02730b17ef2a02673"",""0x1ebfa3f4b31da950a10ba4155a5675fdf5fb3ac42fe3f076668cfe359788f601"",""0xe70b739d2c9d746514eb24b9ed0d3b51448a0a5913813a2864aa9be0ec65e691"",""0xb1d52412675094b54611913899744bda3aa3c67ce51c9e9d61d8a49d9cc84caf""]",0,0,1,0,0,0,0.7
bstpstaking514ma6f1fda3,valid,,5,1,4,ma6f1fda3,100,10,10,"[""0xcc5a3914b6cc401b98a202e8075b56eb77670a1140412c79b48b965bce6e05f2"",""0x90ecb607bbb48b913aefe5003509412fcdc1a78708f7390fad1c6953be606038"",""0x6940f8c3529787bcfbcbf21fa64207221930bb64f69f1727136674443bba43aa"",""0x4c896b9c75e38294c3a07ab4ccb18852996db2708540195223e428ddf09d38a0"",""0x000ceb98a30a9f0375fd46d151e4f2f8d830751c2983f14a1c6f0144f80b3198"",""0x5b677b1ca640fe2fa90ccb13036a107a5177af4f0b0bd5ed853ac029e427d019"",""0x1ebfa3f4b31da950a10ba4155a5675fdf5fb3ac42fe3f076668cfe359788f601"",""0xdf845dfbd70267c5c523805713303d6f4b7b91d97219e28f0508b46315e5e0e2"",""0x9add7bcde80edf6ee8f3a7cde3b47a7ea9aabddab95768e68fd0c1094aaa971f"",""0x08690cfa3f1b0de489f4df88202ce0255efbd400f8bcb23f862335ef8dd0bd64""]","[""0xcc5a3914b6cc401b98a202e8075b56eb77670a1140412c79b48b965bce6e05f2"",""0x90ecb607bbb48b913aefe5003509412fcdc1a78708f7390fad1c6953be606038"",""0x6940f8c3529787bcfbcbf21fa64207221930bb64f69f1727136674443bba43aa"",""0x4c896b9c75e38294c3a07ab4ccb18852996db2708540195223e428ddf09d38a0"",""0x01829fcc6d779d94ee869f97379c6516562dc7f8b74938742ffefe6b09b93fbc"",""0x106ecf713381cc7ee659b224caebb8c2d8402304fcc03cc12f04d9acb19beb31"",""0x429b49322f39406d28f591c75e8222ecd51db05a599ec5d128466346627eb705"",""0x5b677b1ca640fe2fa90ccb13036a107a5177af4f0b0bd5ed853ac029e427d019"",""0x1ebfa3f4b31da950a10ba4155a5675fdf5fb3ac42fe3f076668cfe359788f601"",""0xdf845dfbd70267c5c523805713303d6f4b7b91d97219e28f0508b46315e5e0e2""]","[""0xcc5a3914b6cc401b98a202e8075b56eb77670a1140412c79b48b965bce6e05f2"",""0x90ecb607bbb48b913aefe5003509412fcdc1a78708f7390fad1c6953be606038"",""0x6940f8c3529787bcfbcbf21fa64207221930bb64f69f1727136674443bba43aa"",""0x4c896b9c75e38294c3a07ab4ccb18852996db2708540195223e428ddf09d38a0"",""0x5b677b1ca640fe2fa90ccb13036a107a5177af4f0b0bd5ed853ac029e427d019"",""0x1ebfa3f4b31da950a10ba4155a5675fdf5fb3ac42fe3f076668cfe359788f601"",""0xdf845dfbd70267c5c523805713303d6f4b7b91d97219e28f0508b46315e5e0e2""]",0,0,1,0,0,0,0.7
bstpstaking514maea74e52,valid,,5,1,4,maea74e52,100,10,10,"[""0x8d357dcd4a7c14d4a0f33a6d36f83ab30a8caad65d222d503f46d94d277f7c24"",""0x01829fcc6d779d94ee869f97379c6516562dc7f8b74938742ffefe6b09b93fbc"",""0x281cd26d80e9cd95f098908b641c2534121c033c47795850d88fdab6f04f2af0"",""0x262e2e527250bfc9fea90edce78f93b95ce16f345766eb2534ba2fb39906d951"",""0x119bb5b05d026a441a51d331d2e813d4a51e2ca676f9919b728dde31c94dc798"",""0xdabbd1bf365dd83a0175d5e359d11f8d109116b0745646ef8d2c6a2efcf851df"",""0xe2c89165b1663cbef76d4db4aff33d030d5826b8a643a445b8531c288e7745fd"",""0x3c4ef3727c5acae7ca4976ecf767571e18ac1b70a4aad2ac4f7b9139bcfc987d"",""0x55502bafc57a57cf79cf670fefef3504cf632e5de82803db33a8e4d8337b211c"",""0xedb061d6c685949f3e6f6b2fbc31238ae6ee3c1a2760e056b5c3e5e2304df8af""]","[""0x8d357dcd4a7c14d4a0f33a6d36f83ab30a8caad65d222d503f46d94d277f7c24"",""0x01829fcc6d779d94ee869f97379c6516562dc7f8b74938742ffefe6b09b93fbc"",""0x281cd26d80e9cd95f098908b641c2534121c033c47795850d88fdab6f04f2af0"",""0x262e2e527250bfc9fea90edce78f93b95ce16f345766eb2534ba2fb39906d951"",""0x119bb5b05d026a441a51d331d2e813d4a51e2ca676f9919b728dde31c94dc798"",""0xdabbd1bf365dd83a0175d5e359d11f8d109116b0745646ef8d2c6a2efcf851df"",""0xe2c89165b1663cbef76d4db4aff33d030d5826b8a643a445b8531c288e7745fd"",""0x3c4ef3727c5acae7ca4976ecf767571e18ac1b70a4aad2ac4f7b9139bcfc987d"",""0x55502bafc57a57cf79cf670fefef3504cf632e5de82803db33a8e4d8337b211c"",""0xedb061d6c685949f3e6f6b2fbc31238ae6ee3c1a2760e056b5c3e5e2304df8af""]","[""0x8d357dcd4a7c14d4a0f33a6d36f83ab30a8caad65d222d503f46d94d277f7c24"",""0x01829fcc6d779d94ee869f97379c6516562dc7f8b74938742ffefe6b09b93fbc"",""0x281cd26d80e9cd95f098908b641c2534121c033c47795850d88fdab6f04f2af0"",""0x262e2e527250bfc9fea90edce78f93b95ce16f345766eb2534ba2fb39906d951"",""0x119bb5b05d026a441a51d331d2e813d4a51e2ca676f9919b728dde31c94dc798"",""0xdabbd1bf365dd83a0175d5e359d11f8d109116b0745646ef8d2c6a2efcf851df"",""0xe2c89165b1663cbef76d4db4aff33d030d5826b8a643a445b8531c288e7745fd"",""0x3c4ef3727c5acae7ca4976ecf767571e18ac1b70a4aad2ac4f7b9139bcfc987d"",""0x55502bafc57a57cf79cf670fefef3504cf632e5de82803db33a8e4d8337b211c"",""0xedb061d6c685949f3e6f6b2fbc31238ae6ee3c1a2760e056b5c3e5e2304df8af""]",0,0,1,0,0,0,1
bstpstaking514mb0c003cd,valid,,5,1,4,mb0c003cd,100,10,10,"[""0xcd09dc92e8736934e461988f29064ea4e49ccc41310e47a797ab8e787536e77d"",""0x8a5fc9c813f0cbb1fbb3c86b71678b733f90197cd9b0fec7ef5b2e74d2827527"",""0xc3b0696840352e2a25a87160f85c766cba4c6b9424a40ded6b5e2eb28f9215f6"",""0x2c6db858294994968533795d44c86dc8f050d3652066b8ceadf9d3b73dc7d902"",""0x3c97283efec66e1a5ec8437966e087338da20f0aad3723d41d52c67328f7efe4"",""0xab461bed3349317736818b1dabb4b0c82cc986f81bc20a4f98abb1cf118525e2"",""0xcfdc62eb5da1c0cc9f61c08540ca22833a6530d40de956ae254be5b1e0b59d74"",""0x483e0faacc32045385006ac1d42d028b103a2e2e02f320e20037d0d36be54907"",""0xea7a49ca292aa75c155e9498bcb5ec57a1dda92b7bec9e724e2e8a57582a20e0"",""0xafaa81ffcc4921e477a4ef93820d32cbd20521f110c138a453b34cdbda35c04d""]","[""0xcd09dc92e8736934e461988f29064ea4e49ccc41310e47a797ab8e787536e77d"",""0x8a5fc9c813f0cbb1fbb3c86b71678b733f90197cd9b0fec7ef5b2e74d2827527"",""0xc3b0696840352e2a25a87160f85c766cba4c6b9424a40ded6b5e2eb28f9215f6"",""0x2c6db858294994968533795d44c86dc8f050d3652066b8ceadf9d3b73dc7d902"",""0x3c97283efec66e1a5ec8437966e087338da20f0aad3723d41d52c67328f7efe4"",""0xab461bed3349317736818b1dabb4b0c82cc986f81bc20a4f98abb1cf118525e2"",""0xb6956c09b733a91561395f6f106aa19a23a1df4c453562ff602fdc30b0b773ad"",""0xcfdc62eb5da1c0cc9f61c08540ca22833a6530d40de956ae254be5b1e0b59d74"",""0x483e0faacc32045385006ac1d42d028b103a2e2e02f320e20037d0d36be54907"",""0x49e5774ab139905928ff21d948254adc70aa28ff5eea2ac796f32b0549b267a3""]","[""0xcd09dc92e8736934e461988f29064ea4e49ccc41310e47a797ab8e787536e77d"",""0x8a5fc9c813f0cbb1fbb3c86b71678b733f90197cd9b0fec7ef5b2e74d2827527"",""0xc3b0696840352e2a25a87160f85c766cba4c6b9424a40ded6b5e2eb28f9215f6"",""0x2c6db858294994968533795d44c86dc8f050d3652066b8ceadf9d3b73dc7d902"",""0x3c97283efec66e1a5ec8437966e087338da20f0aad3723d41d52c67328f7efe4"",""0xab461bed3349317736818b1dabb4b0c82cc986f81bc20a4f98abb1cf118525e2"",""0xcfdc62eb5da1c0cc9f61c08540ca22833a6530d40de956ae254be5b1e0b59d74"",""0x483e0faacc32045385006ac1d42d028b103a2e2e02f320e20037d0d36be54907""]",0,0,1,0,0,0,0.8
bstpstaking514mb38d99c5,valid,,5,1,4,mb38d99c5,100,10,10,"[""0xbb11b6e5a0db547605f0dcc18ec8e0c861054ce15ac7edf459810a5f353ee7e3"",""0xaa3a256bb3dac0d5f6b9eab4f5fcc14a7450c92ca794c193f2999a2b7005af6d"",""0x35d2f8d11a6e38e76da124815e227cccd7ade4d1cb08290de127e8ead973b6f9"",""0x0bcf996240aec5e142778d31bccb2dbc12cb599c497bfaea8d91635730c897c8"",""0x27488e31cd75f9efaf7f7e36eef37bcb227279dd4432f04f99c9e52bd8f79e5b"",""0xaef34b8afe208c91dbae6c97ee0833aca5a94e75db707be238d62aa32d1b0d5e"",""0x24d02a72685910062d72165e5e616bfb5c9521058f71e95bcfebb661fb16434d"",""0x865c976806d7a7899b2badf63532946046fdb07c416585596b4fcb30808334c1"",""0x5a0edccc572b6b6235885e1c180c7ca034eb52368f2c645a5620b3c4a395b883"",""0x9cdac732bd194ec563b0f797f75b9244b195730a163ccec1a5cd5f36ff3d5445""]","[""0x8e6ed61f936c34115ed64b52efb53b493d279f72a1ed2c1dde342f98dfc9178d"",""0xadc1a837b5429a817612fe145787358ffe8831a2e75dee3a3338a31d486fb05f"",""0x000ceb98a30a9f0375fd46d151e4f2f8d830751c2983f14a1c6f0144f80b3198"",""0x8d357dcd4a7c14d4a0f33a6d36f83ab30a8caad65d222d503f46d94d277f7c24"",""0xe5da0f8dfb6b491adb9c38f755f10e08bd498ab5979036394be3930984053206"",""0xdabbd1bf365dd83a0175d5e359d11f8d109116b0745646ef8d2c6a2efcf851df"",""0x06442c0ccc9ab367282f06426924517e0a49c25e50a492ad91aecc55b655f458"",""0xaa8fad824a174e57accf11eb34b23d020d6aa685da1925b1c30a611ffdb95a0e"",""0x12c0e8caa1bce7d499cbbbc665fbb364c09cd2977856fe2bf0027b9c600b9022"",""0xf5162966dbd2c8c3b2195e7ee9c5e46a8dd1715287d079a5b92d312ca24045cd""]",[],0,0,1,0,0,0,0
bstpstaking514mb8cbcc16,valid,,5,1,4,mb8cbcc16,100,10,10,"[""0x1b3b8b12b7bf9b1d8821bfc98cabc8effd4c5f2aea25c8291e662bffe19f088d"",""0x84eaafb321f85ae5858030e14636ff83a58487675af1c0aadeca9e2983a2b66c"",""0x4cffc34430b17b49e9b079755533f7c6f4c31c95081f1c8e25908e84334ed0b3"",""0xc1f72dd56f9590b9d8bcbd4d9a61b6206009f7a628bb86c28b5b50a85ae0b0de"",""0x91394002fe4fdb5170da58900b3603aeecc1147e14116f71e33cbc0f94f765d4"",""0x7161ca186e53e39022059dbe35524ebb446059fdbf1aef1d952fc1b5a53353e4"",""0x931d89ef4e05852e1e1e1cc41e2cc0f4d1f62a107dd03105fc4c95888c92c422"",""0x97d9529eb749351db998b0acafbccf96371bfc773a38143ad3bc0f47d3835572"",""0x8dfa73ee95b5ef2c7f1d9197cd79bd1cd3837bf38f57f720e668109db0cf2224"",""0x742e8d6b7f4f58aefb491ed7e81f4e917dd07cc98fd42fc88aef43291b0a8204""]","[""0x1cde8373a779839f2b591a11cac079df0f1eb3fb272188f9ceccb1dee8ec102f"",""0xb65630e7129a1fecafdca9eb7dbe53130a12b5d3e2e984bbf9c9a5399c6cc30f"",""0x230550ee2f183f79fbee87b09e6157a7bfd65abfefa14a749660749b7fa0d6b4"",""0x39700501189242fe3b7185fd03a5cace111de24b0c6b66471be82d30bc72ec27"",""0x7634f8326375f99ebfd7a8b203b7442a56b18cf7dc73f6238abd4122e8090b86"",""0xae105f7f87da768b512fdfdb98a0fbf6131d1571893bb99b9a0ab477ff1702c2"",""0xb3788db79f3ad700a3cc134a27acbcec7a0a587ffbcdf5927faa24e5c362d493"",""0x60642c6a8412d200a3413c5426afef17f3d72d45fadaf5cdde98b783893518ec"",""0x856f01151a1c15aa053c920c11f2f4a193b3ed4250c6ee2ebf77c3390fe0f275"",""0x6d5bfd47046b2e223b0c83d8c0d4e2ad42a064232926ed904efe73cb5d8f2133""]",[],0,0,1,0,0,0,0
bstpstaking514mc5ae52b7,valid,,5,1,4,mc5ae52b7,100,10,10,"[""0x541ebb059060ff7f73374199ff51e8281c4dc5942c5c541867b4f25621486dc9"",""0xf11bad94616eadc4c930a68cc954c762e0ad7ae4e11f81bbe37778477da71fa5"",""0xf06d08186fc20a8ad1c9302fb2ec4daa81ff87d7dc46799427e1c52d6bb1e6d3"",""0xd86edee3887482aaa87bf056e6c0699a0ead02b8267c06b9514d0a31ad11a63c"",""0x755f498882ef3868c8327685feb4d14ddc05dfec9746206c5671c827bbcd63f2"",""0xed4ce8f99e69760136906172411940729a5d9cd25120d1614b3184f5a3f893ad"",""0x801f16125e60466870bea2bd21d992cd2162aa6eaa6732cb4ab61cce175e63fd"",""0xada0094b75ba3bd2f862c0668f34b57f8c1bdef8d75613a9a29d9e42f0c4fc2a"",""0x1b8de8a6f340dae5f86bc82c7c98362d8b84ab7eade2485d2e876e892a060269"",""0x3db3bbb0a1667dc9602eb0f1040ff62dcda84c7e2c9e8919302e7ee279ab36dc""]","[""0x3c4ef3727c5acae7ca4976ecf767571e18ac1b70a4aad2ac4f7b9139bcfc987d"",""0x6e2ec90f7c36a36b5344a2aac6038ddc9c3860de12975f71142181a7a81c8609"",""0x12c0e8caa1bce7d499cbbbc665fbb364c09cd2977856fe2bf0027b9c600b9022"",""0xea69777677b59561b3782267ef6a65d6e0f38e1fea58f1ece52358972347edb0"",""0xb65630e7129a1fecafdca9eb7dbe53130a12b5d3e2e984bbf9c9a5399c6cc30f"",""0x39700501189242fe3b7185fd03a5cace111de24b0c6b66471be82d30bc72ec27"",""0x9920c06a362172692e96bab008e569caa257aaec2c8f130f3564a55f2f52357b"",""0x1fd6cd46a30ebaf43fddfe1aa0f8499987a4d3e3a687e3b577d2d1f1bf4d9e77"",""0x1721fbf3311a57adcac4eb75a9690451077fc079b0d94e4fa9d5a75bfb95e9c2"",""0x08c294941588d570c4ae95ce5aaf4a1592f278bd19029a2851efff2d86015692""]",[],0,0,1,0,0,0,0
bstpstaking514mce4af4f6,valid,,5,1,4,mce4af4f6,100,10,10,"[""0x16ce498ca01ca0ceb8f3414bf534752c6788bd73b78139628534c4880e7d0c84"",""0x9d71c1950fb2485a93785f76560ffd25d298604f8c24f57aa61b276f1d333d1a"",""0xa9c448c7a7835713d38a44618a6c60c5d105b59bf4053e67c7988ff0e8297f1c"",""0x866a207e0e7751fb45198e1e853d3070816125aac2451c73c2c41fc3742cc206"",""0xecdc3cc4344340370d1463336b233cf1ecc7f92d334321718ef0feba0685748a"",""0xe70bb3bb5bd710cd0061bbfe0596f51e2e84065881934ff7eef89c80eea69b33"",""0x66586797b78ed990c07a5ad805f88e190086597218283fca07a0998ddaab7875"",""0xc04c6b331fbfab273e8c13c20b198a8f3c6af6d380cd3881e0895e85cfc905ed"",""0x4d1f4a08e41ec3ab3f41e9b6ce588f83f7098005d794d67b1ae234c07ff52acb"",""0x49f24613c3b08bc22e59d450b9f8f3817955bcadddd4c3d87b87e23576f94097""]","[""0x0d6652a8c9d9575f5254120f3b037a86104172ca1dd77b5b55be2da39daf1385"",""0xb759e3960a93ef78e32f4847b58dbc6b1c22efd6d9ccaa3b1a84911e6a288afa"",""0xf5162966dbd2c8c3b2195e7ee9c5e46a8dd1715287d079a5b92d312ca24045cd"",""0x3c4ef3727c5acae7ca4976ecf767571e18ac1b70a4aad2ac4f7b9139bcfc987d"",""0xea69777677b59561b3782267ef6a65d6e0f38e1fea58f1ece52358972347edb0"",""0x73d6c0efd0550ca38510ec910998f28c5f57de699ed4f4eab13ed86d90fb6b07"",""0x856f01151a1c15aa053c920c11f2f4a193b3ed4250c6ee2ebf77c3390fe0f275"",""0xfd6b6381e462eb69a90451498acc82533df2612f7e00141667dbce964caa982e"",""0x60642c6a8412d200a3413c5426afef17f3d72d45fadaf5cdde98b783893518ec"",""0x80ae3a3d46a5bfbf5f0adaf5d83aa1064814c65038e92093a16ea8304bd00bd3""]",[],0,0,1,0,0,0,0
bstpstaking514mdd189b64,valid,,5,1,4,mdd189b64,100,10,10,"[""0x0d6652a8c9d9575f5254120f3b037a86104172ca1dd77b5b55be2da39daf1385"",""0x8e6ed61f936c34115ed64b52efb53b493d279f72a1ed2c1dde342f98dfc9178d"",""0x505f78474c398814eb0ba0cc3c08f6129e12bf16431876853283a43beac9d141"",""0xdabbd1bf365dd83a0175d5e359d11f8d109116b0745646ef8d2c6a2efcf851df"",""0x737e933cd67a89d2c13038c499d7d71518a56e6b95bc97e9056a59b45c072c99"",""0x1721fbf3311a57adcac4eb75a9690451077fc079b0d94e4fa9d5a75bfb95e9c2"",""0xaa8fad824a174e57accf11eb34b23d020d6aa685da1925b1c30a611ffdb95a0e"",""0x29ef521de175a6782a24f8bdf3a79f84a730b6a0d6b088f7bbbdb14f76bbd6b5"",""0x1c64ad766dfa4fa9d74a4d2ce01848b8d5a7da03dd7621fcc2404e4022284ea2"",""0x9e087f7bd1b781a46be608096cf227324d8a3e30d57f0a1d050cfb8e4c1d2c90""]","[""0x0d6652a8c9d9575f5254120f3b037a86104172ca1dd77b5b55be2da39daf1385"",""0x8e6ed61f936c34115ed64b52efb53b493d279f72a1ed2c1dde342f98dfc9178d"",""0x505f78474c398814eb0ba0cc3c08f6129e12bf16431876853283a43beac9d141"",""0xdabbd1bf365dd83a0175d5e359d11f8d109116b0745646ef8d2c6a2efcf851df"",""0xcd6d08f520a5a6aebaa079033393b6393e347445be26d2c107e8d7ee03c8f13c"",""0x70466edbeed113ce8a8435ffd9f8208b8c3f50b2cf38281af86584c766a4310f"",""0x737e933cd67a89d2c13038c499d7d71518a56e6b95bc97e9056a59b45c072c99"",""0x37890a125406e5e42ba213b40b55685bc6c328fc0106903b123b70d8312c1000"",""0x1721fbf3311a57adcac4eb75a9690451077fc079b0d94e4fa9d5a75bfb95e9c2"",""0xaa8fad824a174e57accf11eb34b23d020d6aa685da1925b1c30a611ffdb95a0e""]","[""0x0d6652a8c9d9575f5254120f3b037a86104172ca1dd77b5b55be2da39daf1385"",""0x8e6ed61f936c34115ed64b52efb53b493d279f72a1ed2c1dde342f98dfc9178d"",""0x505f78474c398814eb0ba0cc3c08f6129e12bf16431876853283a43beac9d141"",""0xdabbd1bf365dd83a0175d5e359d11f8d109116b0745646ef8d2c6a2efcf851df"",""0x737e933cd67a89d2c13038c499d7d71518a56e6b95bc97e9056a59b45c072c99"",""0x1721fbf3311a57adcac4eb75a9690451077fc079b0d94e4fa9d5a75bfb95e9c2"",""0xaa8fad824a174e57accf11eb34b23d020d6aa685da1925b1c30a611ffdb95a0e""]",0,0,1,0,0,0,0.7
bstpstaking514me8bc7185,valid,,5,1,4,me8bc7185,100,10,10,"[""0x5b677b1ca640fe2fa90ccb13036a107a5177af4f0b0bd5ed853ac029e427d019"",""0x49e5774ab139905928ff21d948254adc70aa28ff5eea2ac796f32b0549b267a3"",""0x6e53ec51854bc45ec72e747b9db61797e1b20b6c0f523a3f2ead783fd267ed91"",""0xa7831feb3b6ce91bfea938682651e70d662f1266659cbce6eaf0526e45512a68"",""0x167a4d5214f28e5714dbe0ef582ab78f31d676888df89fd1380e7d60c6455530"",""0xfc9bec6e17e3d34235748a04c8a772f602b2283e2946d9f68c2ed62bcdd2cd85"",""0xcfdc62eb5da1c0cc9f61c08540ca22833a6530d40de956ae254be5b1e0b59d74"",""0x8e6ed61f936c34115ed64b52efb53b493d279f72a1ed2c1dde342f98dfc9178d"",""0x8d357dcd4a7c14d4a0f33a6d36f83ab30a8caad65d222d503f46d94d277f7c24"",""0xd0ef1311a7bc7afe36cdc5db820548623dd40930026f91ae9fdfe8f40d3a3a03""]","[""0x5b677b1ca640fe2fa90ccb13036a107a5177af4f0b0bd5ed853ac029e427d019"",""0x3c97283efec66e1a5ec8437966e087338da20f0aad3723d41d52c67328f7efe4"",""0x49e5774ab139905928ff21d948254adc70aa28ff5eea2ac796f32b0549b267a3"",""0x6e53ec51854bc45ec72e747b9db61797e1b20b6c0f523a3f2ead783fd267ed91"",""0xa7831feb3b6ce91bfea938682651e70d662f1266659cbce6eaf0526e45512a68"",""0x167a4d5214f28e5714dbe0ef582ab78f31d676888df89fd1380e7d60c6455530"",""0x90ecb607bbb48b913aefe5003509412fcdc1a78708f7390fad1c6953be606038"",""0xcfdc62eb5da1c0cc9f61c08540ca22833a6530d40de956ae254be5b1e0b59d74"",""0xfc9bec6e17e3d34235748a04c8a772f602b2283e2946d9f68c2ed62bcdd2cd85"",""0xc242c986f95f7cb745f870b1e292c03f57e59c36e809d37eb00cc8d235b22c5a""]","[""0x5b677b1ca640fe2fa90ccb13036a107a5177af4f0b0bd5ed853ac029e427d019"",""0x49e5774ab139905928ff21d948254adc70aa28ff5eea2ac796f32b0549b267a3"",""0x6e53ec51854bc45ec72e747b9db61797e1b20b6c0f523a3f2ead783fd267ed91"",""0xa7831feb3b6ce91bfea938682651e70d662f1266659cbce6eaf0526e45512a68"",""0x167a4d5214f28e5714dbe0ef582ab78f31d676888df89fd1380e7d60c6455530"",""0xfc9bec6e17e3d34235748a04c8a772f602b2283e2946d9f68c2ed62bcdd2cd85"",""0xcfdc62eb5da1c0cc9f61c08540ca22833a6530d40de956ae254be5b1e0b59d74""]",0,0,1,0,0,0,0.7
bstpstaking514mec0952f1,valid,,5,1,4,mec0952f1,100,10,10,"[""0x119bb5b05d026a441a51d331d2e813d4a51e2ca676f9919b728dde31c94dc798"",""0xdd364115eefd88d44ddca902abb962bd1038efc911e81847f0d1911029cb83fc"",""0xbf11d678dcdece15f7824e21c504ec11500448bd6eb50749dea8bda81bf85a81"",""0x27f6a02165b673e7008df197e38e096214cfb8e24d4ed54d9d7086bd62eb23c1"",""0x01829fcc6d779d94ee869f97379c6516562dc7f8b74938742ffefe6b09b93fbc"",""0x262e2e527250bfc9fea90edce78f93b95ce16f345766eb2534ba2fb39906d951"",""0x68fb332560fdf6ea1d74d8c4bfc3ff952f79df911ac17e478862c0aa1c736db3"",""0xdabbd1bf365dd83a0175d5e359d11f8d109116b0745646ef8d2c6a2efcf851df"",""0x602e1931ffd162122bc05dbe6e64b7758e8c18c285a2d97af8df528e7cc1fddc"",""0x22e66d49ae946f4aed0979ee5e051fc91dc17422a576e7ea6fa3c724755f9864""]","[""0x119bb5b05d026a441a51d331d2e813d4a51e2ca676f9919b728dde31c94dc798"",""0xdd364115eefd88d44ddca902abb962bd1038efc911e81847f0d1911029cb83fc"",""0x281cd26d80e9cd95f098908b641c2534121c033c47795850d88fdab6f04f2af0"",""0xdabbd1bf365dd83a0175d5e359d11f8d109116b0745646ef8d2c6a2efcf851df"",""0xbf11d678dcdece15f7824e21c504ec11500448bd6eb50749dea8bda81bf85a81"",""0xf5162966dbd2c8c3b2195e7ee9c5e46a8dd1715287d079a5b92d312ca24045cd"",""0x27f6a02165b673e7008df197e38e096214cfb8e24d4ed54d9d7086bd62eb23c1"",""0x68fb332560fdf6ea1d74d8c4bfc3ff952f79df911ac17e478862c0aa1c736db3"",""0x262e2e527250bfc9fea90edce78f93b95ce16f345766eb2534ba2fb39906d951"",""0x01829fcc6d779d94ee869f97379c6516562dc7f8b74938742ffefe6b09b93fbc""]","[""0x119bb5b05d026a441a51d331d2e813d4a51e2ca676f9919b728dde31c94dc798"",""0xdd364115eefd88d44ddca902abb962bd1038efc911e81847f0d1911029cb83fc"",""0xbf11d678dcdece15f7824e21c504ec11500448bd6eb50749dea8bda81bf85a81"",""0x27f6a02165b673e7008df197e38e096214cfb8e24d4ed54d9d7086bd62eb23c1"",""0x01829fcc6d779d94ee869f97379c6516562dc7f8b74938742ffefe6b09b93fbc"",""0x262e2e527250bfc9fea90edce78f93b95ce16f345766eb2534ba2fb39906d951"",""0x68fb332560fdf6ea1d74d8c4bfc3ff952f79df911ac17e478862c0aa1c736db3"",""0xdabbd1bf365dd83a0175d5e359d11f8d109116b0745646ef8d2c6a2efcf851df""]",0,0,1,0,0,0,0.8
bstpstaking514mfadd38bd,valid,,5,1,4,mfadd38bd,100,10,10,"[""0x6b84de292cb6e3be779d6288c69c6a070bba523a2317a4d294c1616e10f137ed"",""0x29eba7ba49866efd89a8dce8d84688734eb0b4b198d4992b288b36b31540c8dc"",""0x49e5774ab139905928ff21d948254adc70aa28ff5eea2ac796f32b0549b267a3"",""0x9a0ed5a06fb6051d9a659f829e57ea0e382f714cb43d55efaa317c69cfae14ee"",""0xa54b85ebaf38eb5f32e60aa26864d749276b396904eaac8eab33cb17c7bc5e92"",""0x3bc3450b1ac77b125898b4ba83f10fd309b5346e6d043755308e7298ca049c69"",""0x353fcfc68b913bba883a1cbe437235257a5567ace334e692406b2239896cc845"",""0xd9d0a742f62ad462d4a2fff844f4b669d68bb2176bf7ed54a5ba0bac92f04fb8"",""0x36f1f5f66e7e3ee6e62c64a7deec563fcef8e1bffe5a3280e83228b5db5f862e"",""0x63530334aeca79ddbe6c959a076930a6d6ae5abaeb9f609ec3cb7547664e4f88""]","[""0x71a93113087b01233d6a75b25863b56cc2d4ca947f24a3540208f7d1f5e5efbf"",""0xfd6b6381e462eb69a90451498acc82533df2612f7e00141667dbce964caa982e"",""0x505f78474c398814eb0ba0cc3c08f6129e12bf16431876853283a43beac9d141"",""0x3c4ef3727c5acae7ca4976ecf767571e18ac1b70a4aad2ac4f7b9139bcfc987d"",""0x60642c6a8412d200a3413c5426afef17f3d72d45fadaf5cdde98b783893518ec"",""0x1fd6cd46a30ebaf43fddfe1aa0f8499987a4d3e3a687e3b577d2d1f1bf4d9e77"",""0x429b49322f39406d28f591c75e8222ecd51db05a599ec5d128466346627eb705"",""0xae105f7f87da768b512fdfdb98a0fbf6131d1571893bb99b9a0ab477ff1702c2"",""0x353fcfc68b913bba883a1cbe437235257a5567ace334e692406b2239896cc845"",""0x7c9cdb9fd07a0e95dd225ef751470ce88b43ad6e9e209b3b95404c7a6849e39b""]","[""0x353fcfc68b913bba883a1cbe437235257a5567ace334e692406b2239896cc845""]",0,0,1,0,0,0,0.1
bstpstaking515m02a43993,valid,,5,1,5,m02a43993,100,10,10,"[""0xb1d52412675094b54611913899744bda3aa3c67ce51c9e9d61d8a49d9cc84caf"",""0x92c0efa8758ff02dd06dfd438cd6612b6e3590f9c8b7c0932fd418903855a478"",""0x80288ad5dc62d58560df110a3535af497449f9f6f4f71e34500b9f5045943ea7"",""0x90ecb607bbb48b913aefe5003509412fcdc1a78708f7390fad1c6953be606038"",""0xcd09dc92e8736934e461988f29064ea4e49ccc41310e47a797ab8e787536e77d"",""0x6940f8c3529787bcfbcbf21fa64207221930bb64f69f1727136674443bba43aa"",""0x7c40aac49a736517f5c440f9392f1683424054f2ffa6df7c2970a52c11db06ca"",""0x4acba4a5ab48bdfacfcc47ef590afc21b1b89482935b5ef5073139a71872cd91"",""0xc55affca1215c084bf128ba0988f72307688e82dad27f78deb20fcd099ee6cfd"",""0xbf8c1230d97d1734b786b3a58bf3b629894750bf1d7c2e0dadf3021d6c4a3906""]","[""0xb1d52412675094b54611913899744bda3aa3c67ce51c9e9d61d8a49d9cc84caf"",""0x92c0efa8758ff02dd06dfd438cd6612b6e3590f9c8b7c0932fd418903855a478"",""0x80288ad5dc62d58560df110a3535af497449f9f6f4f71e34500b9f5045943ea7"",""0x90ecb607bbb48b913aefe5003509412fcdc1a78708f7390fad1c6953be606038"",""0x08c294941588d570c4ae95ce5aaf4a1592f278bd19029a2851efff2d86015692"",""0x3b5d1234f10198acc136a10dfa09fa0a1a59de504bc0d9a7c35446f692b7c07c"",""0xcd09dc92e8736934e461988f29064ea4e49ccc41310e47a797ab8e787536e77d"",""0xb002fb01be58fedcd04d5ceb2895feaf22973ac1205efed3d2db367bc6d7525b"",""0x7c40aac49a736517f5c440f9392f1683424054f2ffa6df7c2970a52c11db06ca"",""0x6940f8c3529787bcfbcbf21fa64207221930bb64f69f1727136674443bba43aa""]","[""0xb1d52412675094b54611913899744bda3aa3c67ce51c9e9d61d8a49d9cc84caf"",""0x92c0efa8758ff02dd06dfd438cd6612b6e3590f9c8b7c0932fd418903855a478"",""0x80288ad5dc62d58560df110a3535af497449f9f6f4f71e34500b9f5045943ea7"",""0x90ecb607bbb48b913aefe5003509412fcdc1a78708f7390fad1c6953be606038"",""0xcd09dc92e8736934e461988f29064ea4e49ccc41310e47a797ab8e787536e77d"",""0x6940f8c3529787bcfbcbf21fa64207221930bb64f69f1727136674443bba43aa"",""0x7c40aac49a736517f5c440f9392f1683424054f2ffa6df7c2970a52c11db06ca""]",0,0,1,0,0,0,0.7
bstpstaking515m069a3556,valid,,5,1,5,m069a3556,100,10,10,"[""0xc07123b97e3b7fb310541633f72936c40f21f7a507de51256f9c4a68505fe755"",""0x8e6d012480045e4b5a348cba18c36cd7dce2c03e104f31bee2ef673ed479f9b9"",""0xa96998d7482d5388fcfec7817656589c7dde92c5b5de8b537cd15bd1e45bf003"",""0x4acba4a5ab48bdfacfcc47ef590afc21b1b89482935b5ef5073139a71872cd91"",""0xa975691b986b4bd9a07e89ed53334e6673ad17210c80a7171fc789ad9a6c2241"",""0x48ba115d52a62585dc5bd5adf927ddd89f36a37b833979456398a75ce137082d"",""0x6a88071a43b422b5b8bc2b51f8d1f7b8fb5ffbb9c0147724d4b5053293f9d2e0"",""0xd5166cc672f96a8e49f42526120aea87115f34d3352f0d3da796678b2b76ddaf"",""0x29187244faabe50ff12772179ed1ed96c1b01fa42be46986e36d7235bdee020e"",""0xe22ef03d5976dc26e1371738b4110f432fbf6c75432960d773ffe877f4ca0e5d""]","[""0x230550ee2f183f79fbee87b09e6157a7bfd65abfefa14a749660749b7fa0d6b4"",""0xe5da0f8dfb6b491adb9c38f755f10e08bd498ab5979036394be3930984053206"",""0x505f78474c398814eb0ba0cc3c08f6129e12bf16431876853283a43beac9d141"",""0x281cd26d80e9cd95f098908b641c2534121c033c47795850d88fdab6f04f2af0"",""0x12c0e8caa1bce7d499cbbbc665fbb364c09cd2977856fe2bf0027b9c600b9022"",""0x8d357dcd4a7c14d4a0f33a6d36f83ab30a8caad65d222d503f46d94d277f7c24"",""0xcd6d08f520a5a6aebaa079033393b6393e347445be26d2c107e8d7ee03c8f13c"",""0xd7531695dcd358a4f56787acbbd65565a09fc63eff941ad49498daeb1ae38f44"",""0x429b49322f39406d28f591c75e8222ecd51db05a599ec5d128466346627eb705"",""0x86ae1d3cfed9f994a673ca32c9ebb44c1b77c8c3781c16a0f6486fea4611ee5b""]",[],0,0,1,0,0,0,0
bstpstaking515m1a5bd173,valid,,5,1,5,m1a5bd173,100,10,10,"[""0xc6a97d34bb42db0a2411ee2a04a39e1a349ac46d0facc8d8aba2ac45c1b9eee0"",""0x463a6d79a1b14e1245e8a22a93eae203235f05c5835dce53dd44083cfce2ddb1"",""0x2810a2647fc8a040ec0828691316e1d0e1363d42f47f3bf80e2accb7bae8de17"",""0x1450a2ad54db1f6259714cc9ac588cd99a4c4c03f9526698ab2fa1de7df5a66e"",""0x803c04e9d0b2c4e90a99c31dd8519bf915308014ab129a6ef5635c5707119a44"",""0x2124486dc85b8c57fc4d5e0a9f55e30add471fe3180fcfe101410d17e1eff055"",""0xb43c6ce35bcbd028636a86d54a3e4d2d9700310d2c1c4e090f21eae55ab13250"",""0x1f25f99c6d1f24e05ff014d5cc531a97eb7d5bfb2e2ed27087821aad87f4f722"",""0xe616fc0752144c71243d8601d738cd50f867bcaff31e59161cbc92d52fdb7c55"",""0x0a7371a2c1e6c70d61108c0a57cc2e5e32dd7446653a538101a8ad02258c75e7""]","[""0x16a4b9d56a3ab5e2ef284d0e822e6707757b125228793b37bc9e037802da9d9b"",""0x86ae1d3cfed9f994a673ca32c9ebb44c1b77c8c3781c16a0f6486fea4611ee5b"",""0xa4a5871d752ffcf82f0971f07904f7cdd34150574ae793fcf1bff93d1aa06ff0"",""0xaa8fad824a174e57accf11eb34b23d020d6aa685da1925b1c30a611ffdb95a0e"",""0x80e64594a9d4fad2c6617c96707f6c9a1a78970b22d16066311be57b6d24a7da"",""0x39700501189242fe3b7185fd03a5cace111de24b0c6b66471be82d30bc72ec27"",""0x7634f8326375f99ebfd7a8b203b7442a56b18cf7dc73f6238abd4122e8090b86"",""0x6ea2e4d3921eb79867ba52b40ba2fdf4df2de7e307f65f7742bf9f3bdb48a96c"",""0xe2c89165b1663cbef76d4db4aff33d030d5826b8a643a445b8531c288e7745fd"",""0x60642c6a8412d200a3413c5426afef17f3d72d45fadaf5cdde98b783893518ec""]",[],0,0,1,0,0,0,0
bstpstaking515m30fd2845,valid,,5,1,5,m30fd2845,100,10,10,"[""0x73d6c0efd0550ca38510ec910998f28c5f57de699ed4f4eab13ed86d90fb6b07"",""0x16a4b9d56a3ab5e2ef284d0e822e6707757b125228793b37bc9e037802da9d9b"",""0xe9bff1484b60de522b5fda8d2a44f33f1ba6a17ca2db76472f469a91f2245a8b"",""0x7c9cdb9fd07a0e95dd225ef751470ce88b43ad6e9e209b3b95404c7a6849e39b"",""0xb3788db79f3ad700a3cc134a27acbcec7a0a587ffbcdf5927faa24e5c362d493"",""0xea69777677b59561b3782267ef6a65d6e0f38e1fea58f1ece52358972347edb0"",""0x68fb332560fdf6ea1d74d8c4bfc3ff952f79df911ac17e478862c0aa1c736db3"",""0x9920c06a362172692e96bab008e569caa257aaec2c8f130f3564a55f2f52357b"",""0x262e2e527250bfc9fea90edce78f93b95ce16f345766eb2534ba2fb39906d951"",""0xc2467251882eb44d5415c8fddda0ba28022dedaeeca039a9fa1e56bb4cb2aba3""]","[""0x73d6c0efd0550ca38510ec910998f28c5f57de699ed4f4eab13ed86d90fb6b07"",""0x16a4b9d56a3ab5e2ef284d0e822e6707757b125228793b37bc9e037802da9d9b"",""0xe9bff1484b60de522b5fda8d2a44f33f1ba6a17ca2db76472f469a91f2245a8b"",""0x7c9cdb9fd07a0e95dd225ef751470ce88b43ad6e9e209b3b95404c7a6849e39b"",""0xb3788db79f3ad700a3cc134a27acbcec7a0a587ffbcdf5927faa24e5c362d493"",""0xc2467251882eb44d5415c8fddda0ba28022dedaeeca039a9fa1e56bb4cb2aba3"",""0xea69777677b59561b3782267ef6a65d6e0f38e1fea58f1ece52358972347edb0"",""0x68fb332560fdf6ea1d74d8c4bfc3ff952f79df911ac17e478862c0aa1c736db3"",""0x9920c06a362172692e96bab008e569caa257aaec2c8f130f3564a55f2f52357b"",""0x262e2e527250bfc9fea90edce78f93b95ce16f345766eb2534ba2fb39906d951""]","[""0x73d6c0efd0550ca38510ec910998f28c5f57de699ed4f4eab13ed86d90fb6b07"",""0x16a4b9d56a3ab5e2ef284d0e822e6707757b125228793b37bc9e037802da9d9b"",""0xe9bff1484b60de522b5fda8d2a44f33f1ba6a17ca2db76472f469a91f2245a8b"",""0x7c9cdb9fd07a0e95dd225ef751470ce88b43ad6e9e209b3b95404c7a6849e39b"",""0xb3788db79f3ad700a3cc134a27acbcec7a0a587ffbcdf5927faa24e5c362d493"",""0xea69777677b59561b3782267ef6a65d6e0f38e1fea58f1ece52358972347edb0"",""0x68fb332560fdf6ea1d74d8c4bfc3ff952f79df911ac17e478862c0aa1c736db3"",""0x9920c06a362172692e96bab008e569caa257aaec2c8f130f3564a55f2f52357b"",""0x262e2e527250bfc9fea90edce78f93b95ce16f345766eb2534ba2fb39906d951"",""0xc2467251882eb44d5415c8fddda0ba28022dedaeeca039a9fa1e56bb4cb2aba3""]",0,0,1,0,0,0,1
bstpstaking515m33799275,valid,,5,1,5,m33799275,100,10,10,"[""0xcd09dc92e8736934e461988f29064ea4e49ccc41310e47a797ab8e787536e77d"",""0xfd70d4311b5768c6b6bf7ecd75518b0b26ba2529cb7cf75e450bca9f0d366daa"",""0xa7831feb3b6ce91bfea938682651e70d662f1266659cbce6eaf0526e45512a68"",""0x29eba7ba49866efd89a8dce8d84688734eb0b4b198d4992b288b36b31540c8dc"",""0x8945bcc45087a8bfb2e18a5306781be29a69dbac49c73ab68b0d6c56a67bc0f9"",""0x5b677b1ca640fe2fa90ccb13036a107a5177af4f0b0bd5ed853ac029e427d019"",""0x49e5774ab139905928ff21d948254adc70aa28ff5eea2ac796f32b0549b267a3"",""0x106ecf713381cc7ee659b224caebb8c2d8402304fcc03cc12f04d9acb19beb31"",""0x8cc4b8cdcb727613f2378e83b1e459ef38061ac468dcb3d02730b17ef2a02673"",""0x2c6db858294994968533795d44c86dc8f050d3652066b8ceadf9d3b73dc7d902""]","[""0xcd09dc92e8736934e461988f29064ea4e49ccc41310e47a797ab8e787536e77d"",""0xfd70d4311b5768c6b6bf7ecd75518b0b26ba2529cb7cf75e450bca9f0d366daa"",""0xa7831feb3b6ce91bfea938682651e70d662f1266659cbce6eaf0526e45512a68"",""0x29eba7ba49866efd89a8dce8d84688734eb0b4b198d4992b288b36b31540c8dc"",""0x2c6db858294994968533795d44c86dc8f050d3652066b8ceadf9d3b73dc7d902"",""0x8945bcc45087a8bfb2e18a5306781be29a69dbac49c73ab68b0d6c56a67bc0f9"",""0x5b677b1ca640fe2fa90ccb13036a107a5177af4f0b0bd5ed853ac029e427d019"",""0x8cc4b8cdcb727613f2378e83b1e459ef38061ac468dcb3d02730b17ef2a02673"",""0x49e5774ab139905928ff21d948254adc70aa28ff5eea2ac796f32b0549b267a3"",""0x106ecf713381cc7ee659b224caebb8c2d8402304fcc03cc12f04d9acb19beb31""]","[""0xcd09dc92e8736934e461988f29064ea4e49ccc41310e47a797ab8e787536e77d"",""0xfd70d4311b5768c6b6bf7ecd75518b0b26ba2529cb7cf75e450bca9f0d366daa"",""0xa7831feb3b6ce91bfea938682651e70d662f1266659cbce6eaf0526e45512a68"",""0x29eba7ba49866efd89a8dce8d84688734eb0b4b198d4992b288b36b31540c8dc"",""0x8945bcc45087a8bfb2e18a5306781be29a69dbac49c73ab68b0d6c56a67bc0f9"",""0x5b677b1ca640fe2fa90ccb13036a107a5177af4f0b0bd5ed853ac029e427d019"",""0x49e5774ab139905928ff21d948254adc70aa28ff5eea2ac796f32b0549b267a3"",""0x106ecf713381cc7ee659b224caebb8c2d8402304fcc03cc12f04d9acb19beb31"",""0x8cc4b8cdcb727613f2378e83b1e459ef38061ac468dcb3d02730b17ef2a02673"",""0x2c6db858294994968533795d44c86dc8f050d3652066b8ceadf9d3b73dc7d902""]",0,0,1,0,0,0,1
bstpstaking515m3b4969fb,invalid,error_duplicates,5,1,5,m3b4969fb,100,10,10,"[""0xb002fb01be58fedcd04d5ceb2895feaf22973ac1205efed3d2db367bc6d7525b"",""0x106ecf713381cc7ee659b224caebb8c2d8402304fcc03cc12f04d9acb19beb31"",""0x682175835b69fee8ca4e1000194ccf6067372d31c29aa0c1fb86d118274fe35f"",""0xc242c986f95f7cb745f870b1e292c03f57e59c36e809d37eb00cc8d235b22c5a"",""0x6a735d9199bcfde6d540397f0c81a9225ad8520e39847b9a367e7dd94565137d"",""0x4f70045f96345b6154f2e63f3fe4b06b6e40108aedcdd3afc6a66ea75fc3da24"",""0xffb33d2d1648788432430e96a9706f35a4dcfe30d45dd0e99a1eaf7e59ab6aeb"",""0xcfdc62eb5da1c0cc9f61c08540ca22833a6530d40de956ae254be5b1e0b59d74"",""0x5b677b1ca640fe2fa90ccb13036a107a5177af4f0b0bd5ed853ac029e427d019"",""0xffb33d2d1648788432430e96a9706f35a4dcfe30d45dd0e99a1eaf7e59ab6aeb""]","[""0xb002fb01be58fedcd04d5ceb2895feaf22973ac1205efed3d2db367bc6d7525b"",""0x106ecf713381cc7ee659b224caebb8c2d8402304fcc03cc12f04d9acb19beb31"",""0x682175835b69fee8ca4e1000194ccf6067372d31c29aa0c1fb86d118274fe35f"",""0xc242c986f95f7cb745f870b1e292c03f57e59c36e809d37eb00cc8d235b22c5a"",""0x4c896b9c75e38294c3a07ab4ccb18852996db2708540195223e428ddf09d38a0"",""0x6a735d9199bcfde6d540397f0c81a9225ad8520e39847b9a367e7dd94565137d"",""0x4f70045f96345b6154f2e63f3fe4b06b6e40108aedcdd3afc6a66ea75fc3da24"",""0xffb33d2d1648788432430e96a9706f35a4dcfe30d45dd0e99a1eaf7e59ab6aeb"",""0xcfdc62eb5da1c0cc9f61c08540ca22833a6530d40de956ae254be5b1e0b59d74"",""0x5b677b1ca640fe2fa90ccb13036a107a5177af4f0b0bd5ed853ac029e427d019""]","[""0xb002fb01be58fedcd04d5ceb2895feaf22973ac1205efed3d2db367bc6d7525b"",""0x106ecf713381cc7ee659b224caebb8c2d8402304fcc03cc12f04d9acb19beb31"",""0x682175835b69fee8ca4e1000194ccf6067372d31c29aa0c1fb86d118274fe35f"",""0xc242c986f95f7cb745f870b1e292c03f57e59c36e809d37eb00cc8d235b22c5a"",""0x6a735d9199bcfde6d540397f0c81a9225ad8520e39847b9a367e7dd94565137d"",""0x4f70045f96345b6154f2e63f3fe4b06b6e40108aedcdd3afc6a66ea75fc3da24"",""0xffb33d2d1648788432430e96a9706f35a4dcfe30d45dd0e99a1eaf7e59ab6aeb"",""0xcfdc62eb5da1c0cc9f61c08540ca22833a6530d40de956ae254be5b1e0b59d74"",""0x5b677b1ca640fe2fa90ccb13036a107a5177af4f0b0bd5ed853ac029e427d019"",""0xffb33d2d1648788432430e96a9706f35a4dcfe30d45dd0e99a1eaf7e59ab6aeb""]",0,0,1,0,0,0.09999999999999998,1
bstpstaking515m4239fd1c,valid,,5,1,5,m4239fd1c,100,10,10,"[""0x483e0faacc32045385006ac1d42d028b103a2e2e02f320e20037d0d36be54907"",""0x89c823bf9976eb820ef3b2041267ad2c6eed1f83e2ab87cdc4bf9577cff5a748"",""0x3c97283efec66e1a5ec8437966e087338da20f0aad3723d41d52c67328f7efe4"",""0x6940f8c3529787bcfbcbf21fa64207221930bb64f69f1727136674443bba43aa"",""0x106ecf713381cc7ee659b224caebb8c2d8402304fcc03cc12f04d9acb19beb31"",""0x90ecb607bbb48b913aefe5003509412fcdc1a78708f7390fad1c6953be606038"",""0xb7eba087f5cc24fe2d08675f1cd5a26ebf3fd48642175807fccde9db3ffb3752"",""0xdf845dfbd70267c5c523805713303d6f4b7b91d97219e28f0508b46315e5e0e2"",""0xd9067ec22c0a52c0bf051e10e841161ac9d25bfedf069957979cc6f267cb6324"",""0x8a5fc9c813f0cbb1fbb3c86b71678b733f90197cd9b0fec7ef5b2e74d2827527""]","[""0x483e0faacc32045385006ac1d42d028b103a2e2e02f320e20037d0d36be54907"",""0x89c823bf9976eb820ef3b2041267ad2c6eed1f83e2ab87cdc4bf9577cff5a748"",""0x3c97283efec66e1a5ec8437966e087338da20f0aad3723d41d52c67328f7efe4"",""0x6940f8c3529787bcfbcbf21fa64207221930bb64f69f1727136674443bba43aa"",""0x106ecf713381cc7ee659b224caebb8c2d8402304fcc03cc12f04d9acb19beb31"",""0x90ecb607bbb48b913aefe5003509412fcdc1a78708f7390fad1c6953be606038"",""0xb7eba087f5cc24fe2d08675f1cd5a26ebf3fd48642175807fccde9db3ffb3752"",""0xdf845dfbd70267c5c523805713303d6f4b7b91d97219e28f0508b46315e5e0e2"",""0x8a5fc9c813f0cbb1fbb3c86b71678b733f90197cd9b0fec7ef5b2e74d2827527"",""0xd9067ec22c0a52c0bf051e10e841161ac9d25bfedf069957979cc6f267cb6324""]","[""0x483e0faacc32045385006ac1d42d028b103a2e2e02f320e20037d0d36be54907"",""0x89c823bf9976eb820ef3b2041267ad2c6eed1f83e2ab87cdc4bf9577cff5a748"",""0x3c97283efec66e1a5ec8437966e087338da20f0aad3723d41d52c67328f7efe4"",""0x6940f8c3529787bcfbcbf21fa64207221930bb64f69f1727136674443bba43aa"",""0x106ecf713381cc7ee659b224caebb8c2d8402304fcc03cc12f04d9acb19beb31"",""0x90ecb607bbb48b913aefe5003509412fcdc1a78708f7390fad1c6953be606038"",""0xb7eba087f5cc24fe2d08675f1cd5a26ebf3fd48642175807fccde9db3ffb3752"",""0xdf845dfbd70267c5c523805713303d6f4b7b91d97219e28f0508b46315e5e0e2"",""0xd9067ec22c0a52c0bf051e10e841161ac9d25bfedf069957979cc6f267cb6324"",""0x8a5fc9c813f0cbb1fbb3c86b71678b733f90197cd9b0fec7ef5b2e74d2827527""]",0,0,1,0,0,0,1
bstpstaking515m61fde19d,valid,,5,1,5,m61fde19d,100,10,10,"[""0x8a5fc9c813f0cbb1fbb3c86b71678b733f90197cd9b0fec7ef5b2e74d2827527"",""0xa7831feb3b6ce91bfea938682651e70d662f1266659cbce6eaf0526e45512a68"",""0x12c0e8caa1bce7d499cbbbc665fbb364c09cd2977856fe2bf0027b9c600b9022"",""0xe2c89165b1663cbef76d4db4aff33d030d5826b8a643a445b8531c288e7745fd"",""0x68fb332560fdf6ea1d74d8c4bfc3ff952f79df911ac17e478862c0aa1c736db3"",""0xaa8fad824a174e57accf11eb34b23d020d6aa685da1925b1c30a611ffdb95a0e"",""0x06442c0ccc9ab367282f06426924517e0a49c25e50a492ad91aecc55b655f458"",""0x71a93113087b01233d6a75b25863b56cc2d4ca947f24a3540208f7d1f5e5efbf"",""0x7634f8326375f99ebfd7a8b203b7442a56b18cf7dc73f6238abd4122e8090b86"",""0x37890a125406e5e42ba213b40b55685bc6c328fc0106903b123b70d8312c1000""]","[""0x69f76a6458130c9ded5a13a31db3715ca829f4a679d617f3e492b9116677d10c"",""0xdabbd1bf365dd83a0175d5e359d11f8d109116b0745646ef8d2c6a2efcf851df"",""0x281d75ca73c64a8633ed60198d5e953cc41cba8132bf7dfc97a978d37dd83726"",""0x7c9cdb9fd07a0e95dd225ef751470ce88b43ad6e9e209b3b95404c7a6849e39b"",""0xfd6b6381e462eb69a90451498acc82533df2612f7e00141667dbce964caa982e"",""0x8d357dcd4a7c14d4a0f33a6d36f83ab30a8caad65d222d503f46d94d277f7c24"",""0x37890a125406e5e42ba213b40b55685bc6c328fc0106903b123b70d8312c1000"",""0x06442c0ccc9ab367282f06426924517e0a49c25e50a492ad91aecc55b655f458"",""0xe5da0f8dfb6b491adb9c38f755f10e08bd498ab5979036394be3930984053206"",""0xe2c89165b1663cbef76d4db4aff33d030d5826b8a643a445b8531c288e7745fd""]","[""0xe2c89165b1663cbef76d4db4aff33d030d5826b8a643a445b8531c288e7745fd"",""0x06442c0ccc9ab367282f06426924517e0a49c25e50a492ad91aecc55b655f458"",""0x37890a125406e5e42ba213b40b55685bc6c328fc0106903b123b70d8312c1000""]",0,0,1,0,0,0,0.3
bstpstaking515m6489f990,valid,,5,1,5,m6489f990,100,10,10,"[""0x8e0fe0f656e916603b21dfc46871616ecb7b642b28e5d883d2c499a8c5e837e1"",""0x34a4d8937f3354a8c46b9c2b29c4ce9f1ea8d0bcdf66b5633b3e24cfd92ed2d9"",""0x795399050aae731a8fb0651e6f99b4eaee8db493bd96ff86da6f6fa03c04b181"",""0x8dfdc5cf3cb02e7e591f87507f529f23ace45f23d37d2cc53a0be7ae48327735"",""0x55438b3cc8a7b8feb076576689edb0eb929cc5e619c8e3081ca280d3e78956fa"",""0xed4ce8f99e69760136906172411940729a5d9cd25120d1614b3184f5a3f893ad"",""0x4a9e8d97f29cbc9d10e940c5cc81e08ecdc68011ac943428e5c328cb616f11a6"",""0xe2741cdf8617e21f17631fd12937bcec865a9c779d7c3e7a25ff270dec4539e9"",""0xfba61d0944a6a041db25615130d447ae04424e80b60d19b35ac59a364a6bcb11"",""0x2fca7fbeba6225e1f4fb9373e6a417663b15a5f54b5f93454a0a66edec6027ce""]","[""0x73d6c0efd0550ca38510ec910998f28c5f57de699ed4f4eab13ed86d90fb6b07"",""0x3c4ef3727c5acae7ca4976ecf767571e18ac1b70a4aad2ac4f7b9139bcfc987d"",""0x8e6ed61f936c34115ed64b52efb53b493d279f72a1ed2c1dde342f98dfc9178d"",""0x01829fcc6d779d94ee869f97379c6516562dc7f8b74938742ffefe6b09b93fbc"",""0x262e2e527250bfc9fea90edce78f93b95ce16f345766eb2534ba2fb39906d951"",""0xaa8fad824a174e57accf11eb34b23d020d6aa685da1925b1c30a611ffdb95a0e"",""0x429b49322f39406d28f591c75e8222ecd51db05a599ec5d128466346627eb705"",""0x08c294941588d570c4ae95ce5aaf4a1592f278bd19029a2851efff2d86015692"",""0x6ea2e4d3921eb79867ba52b40ba2fdf4df2de7e307f65f7742bf9f3bdb48a96c"",""0x281cd26d80e9cd95f098908b641c2534121c033c47795850d88fdab6f04f2af0""]",[],0,0,1,0,0,0,0
bstpstaking515m652a5fba,valid,,5,1,5,m652a5fba,100,10,10,"[""0x5b677b1ca640fe2fa90ccb13036a107a5177af4f0b0bd5ed853ac029e427d019"",""0xd9067ec22c0a52c0bf051e10e841161ac9d25bfedf069957979cc6f267cb6324"",""0x2c6db858294994968533795d44c86dc8f050d3652066b8ceadf9d3b73dc7d902"",""0x98383544e422fe17027cdac418f09337309386a10806b8ee02c8d32713923a8e"",""0x3c97283efec66e1a5ec8437966e087338da20f0aad3723d41d52c67328f7efe4"",""0x4c896b9c75e38294c3a07ab4ccb18852996db2708540195223e428ddf09d38a0"",""0x932383665799c1241f674264478c7dbdc9dbecd0c1d33b2034e91903326669df"",""0x0a363f73ac86187864f54390fdd7c779dfc66601f6a87f2d44a62f2ebe20bba6"",""0x328f7be4ec6d63ed0e1dd41047b5896d99cb54136321dee3b2aa6286995f81e4"",""0x8fc1d1e2c016ffb36d59c5dc3fc66f326f0dbf2f44da8dbad7ce668c0c9e69dd""]","[""0x5b677b1ca640fe2fa90ccb13036a107a5177af4f0b0bd5ed853ac029e427d019"",""0xd9067ec22c0a52c0bf051e10e841161ac9d25bfedf069957979cc6f267cb6324"",""0x2c6db858294994968533795d44c86dc8f050d3652066b8ceadf9d3b73dc7d902"",""0xb65630e7129a1fecafdca9eb7dbe53130a12b5d3e2e984bbf9c9a5399c6cc30f"",""0x39700501189242fe3b7185fd03a5cace111de24b0c6b66471be82d30bc72ec27"",""0x856f01151a1c15aa053c920c11f2f4a193b3ed4250c6ee2ebf77c3390fe0f275"",""0x98383544e422fe17027cdac418f09337309386a10806b8ee02c8d32713923a8e"",""0x3c97283efec66e1a5ec8437966e087338da20f0aad3723d41d52c67328f7efe4"",""0x4c896b9c75e38294c3a07ab4ccb18852996db2708540195223e428ddf09d38a0"",""0x932383665799c1241f674264478c7dbdc9dbecd0c1d33b2034e91903326669df""]","[""0x5b677b1ca640fe2fa90ccb13036a107a5177af4f0b0bd5ed853ac029e427d019"",""0xd9067ec22c0a52c0bf051e10e841161ac9d25bfedf069957979cc6f267cb6324"",""0x2c6db858294994968533795d44c86dc8f050d3652066b8ceadf9d3b73dc7d902"",""0x98383544e422fe17027cdac418f09337309386a10806b8ee02c8d32713923a8e"",""0x3c97283efec66e1a5ec8437966e087338da20f0aad3723d41d52c67328f7efe4"",""0x4c896b9c75e38294c3a07ab4ccb18852996db2708540195223e428ddf09d38a0"",""0x932383665799c1241f674264478c7dbdc9dbecd0c1d33b2034e91903326669df""]",0,0,1,0,0,0,0.7
bstpstaking515m66488430,valid,,5,1,5,m66488430,100,10,10,"[""0xc3b0696840352e2a25a87160f85c766cba4c6b9424a40ded6b5e2eb28f9215f6"",""0xfc9bec6e17e3d34235748a04c8a772f602b2283e2946d9f68c2ed62bcdd2cd85"",""0x4f70045f96345b6154f2e63f3fe4b06b6e40108aedcdd3afc6a66ea75fc3da24"",""0xb1d52412675094b54611913899744bda3aa3c67ce51c9e9d61d8a49d9cc84caf"",""0x90ecb607bbb48b913aefe5003509412fcdc1a78708f7390fad1c6953be606038"",""0x6b84de292cb6e3be779d6288c69c6a070bba523a2317a4d294c1616e10f137ed"",""0xcd09dc92e8736934e461988f29064ea4e49ccc41310e47a797ab8e787536e77d"",""0x7c40aac49a736517f5c440f9392f1683424054f2ffa6df7c2970a52c11db06ca"",""0x7a913a3ee9a3da44acaae712276a593c843c3e10aba5feef39839618479930ff"",""0x0a363f73ac86187864f54390fdd7c779dfc66601f6a87f2d44a62f2ebe20bba6""]","[""0xc3b0696840352e2a25a87160f85c766cba4c6b9424a40ded6b5e2eb28f9215f6"",""0xfc9bec6e17e3d34235748a04c8a772f602b2283e2946d9f68c2ed62bcdd2cd85"",""0x7c40aac49a736517f5c440f9392f1683424054f2ffa6df7c2970a52c11db06ca"",""0xcd09dc92e8736934e461988f29064ea4e49ccc41310e47a797ab8e787536e77d"",""0x92c0efa8758ff02dd06dfd438cd6612b6e3590f9c8b7c0932fd418903855a478"",""0x4f70045f96345b6154f2e63f3fe4b06b6e40108aedcdd3afc6a66ea75fc3da24"",""0xb1d52412675094b54611913899744bda3aa3c67ce51c9e9d61d8a49d9cc84caf"",""0x90ecb607bbb48b913aefe5003509412fcdc1a78708f7390fad1c6953be606038"",""0xffb33d2d1648788432430e96a9706f35a4dcfe30d45dd0e99a1eaf7e59ab6aeb"",""0x6b84de292cb6e3be779d6288c69c6a070bba523a2317a4d294c1616e10f137ed""]","[""0xc3b0696840352e2a25a87160f85c766cba4c6b9424a40ded6b5e2eb28f9215f6"",""0xfc9bec6e17e3d34235748a04c8a772f602b2283e2946d9f68c2ed62bcdd2cd85"",""0x4f70045f96345b6154f2e63f3fe4b06b6e40108aedcdd3afc6a66ea75fc3da24"",""0xb1d52412675094b54611913899744bda3aa3c67ce51c9e9d61d8a49d9cc84caf"",""0x90ecb607bbb48b913aefe5003509412fcdc1a78708f7390fad1c6953be606038"",""0x6b84de292cb6e3be779d6288c69c6a070bba523a2317a4d294c1616e10f137ed"",""0xcd09dc92e8736934e461988f29064ea4e49ccc41310e47a797ab8e787536e77d"",""0x7c40aac49a736517f5c440f9392f1683424054f2ffa6df7c2970a52c11db06ca""]",0,0,1,0,0,0,0.8
bstpstaking515m6e7de01e,valid,,5,1,5,m6e7de01e,100,10,10,"[""0x7c9cdb9fd07a0e95dd225ef751470ce88b43ad6e9e209b3b95404c7a6849e39b"",""0x353fcfc68b913bba883a1cbe437235257a5567ace334e692406b2239896cc845"",""0xaa8fad824a174e57accf11eb34b23d020d6aa685da1925b1c30a611ffdb95a0e"",""0x3c4ef3727c5acae7ca4976ecf767571e18ac1b70a4aad2ac4f7b9139bcfc987d"",""0xcd6d08f520a5a6aebaa079033393b6393e347445be26d2c107e8d7ee03c8f13c"",""0xdd364115eefd88d44ddca902abb962bd1038efc911e81847f0d1911029cb83fc"",""0xd7531695dcd358a4f56787acbbd65565a09fc63eff941ad49498daeb1ae38f44"",""0x66dc91c1375c97a345396b765a31f83a172cf55a43b176b21f6e7ca8e695b9fd"",""0x281cd26d80e9cd95f098908b641c2534121c033c47795850d88fdab6f04f2af0"",""0xe2c89165b1663cbef76d4db4aff33d030d5826b8a643a445b8531c288e7745fd""]","[""0x7c9cdb9fd07a0e95dd225ef751470ce88b43ad6e9e209b3b95404c7a6849e39b"",""0x353fcfc68b913bba883a1cbe437235257a5567ace334e692406b2239896cc845"",""0xaa8fad824a174e57accf11eb34b23d020d6aa685da1925b1c30a611ffdb95a0e"",""0x3c4ef3727c5acae7ca4976ecf767571e18ac1b70a4aad2ac4f7b9139bcfc987d"",""0xcd6d08f520a5a6aebaa079033393b6393e347445be26d2c107e8d7ee03c8f13c"",""0x281cd26d80e9cd95f098908b641c2534121c033c47795850d88fdab6f04f2af0"",""0xdd364115eefd88d44ddca902abb962bd1038efc911e81847f0d1911029cb83fc"",""0xe2c89165b1663cbef76d4db4aff33d030d5826b8a643a445b8531c288e7745fd"",""0x66dc91c1375c97a345396b765a31f83a172cf55a43b176b21f6e7ca8e695b9fd"",""0xd7531695dcd358a4f56787acbbd65565a09fc63eff941ad49498daeb1ae38f44""]","[""0x7c9cdb9fd07a0e95dd225ef751470ce88b43ad6e9e209b3b95404c7a6849e39b"",""0x353fcfc68b913bba883a1cbe437235257a5567ace334e692406b2239896cc845"",""0xaa8fad824a174e57accf11eb34b23d020d6aa685da1925b1c30a611ffdb95a0e"",""0x3c4ef3727c5acae7ca4976ecf767571e18ac1b70a4aad2ac4f7b9139bcfc987d"",""0xcd6d08f520a5a6aebaa079033393b6393e347445be26d2c107e8d7ee03c8f13c"",""0xdd364115eefd88d44ddca902abb962bd1038efc911e81847f0d1911029cb83fc"",""0xd7531695dcd358a4f56787acbbd65565a09fc63eff941ad49498daeb1ae38f44"",""0x66dc91c1375c97a345396b765a31f83a172cf55a43b176b21f6e7ca8e695b9fd"",""0x281cd26d80e9cd95f098908b641c2534121c033c47795850d88fdab6f04f2af0"",""0xe2c89165b1663cbef76d4db4aff33d030d5826b8a643a445b8531c288e7745fd""]",0,0,1,0,0,0,1
bstpstaking515m7dfad905,valid,,5,1,5,m7dfad905,100,10,10,"[""0x106ecf713381cc7ee659b224caebb8c2d8402304fcc03cc12f04d9acb19beb31"",""0xfd70d4311b5768c6b6bf7ecd75518b0b26ba2529cb7cf75e450bca9f0d366daa"",""0xe70b739d2c9d746514eb24b9ed0d3b51448a0a5913813a2864aa9be0ec65e691"",""0xa7831feb3b6ce91bfea938682651e70d662f1266659cbce6eaf0526e45512a68"",""0xab461bed3349317736818b1dabb4b0c82cc986f81bc20a4f98abb1cf118525e2"",""0xcd09dc92e8736934e461988f29064ea4e49ccc41310e47a797ab8e787536e77d"",""0x49e5774ab139905928ff21d948254adc70aa28ff5eea2ac796f32b0549b267a3"",""0x6e53ec51854bc45ec72e747b9db61797e1b20b6c0f523a3f2ead783fd267ed91"",""0x9a0ed5a06fb6051d9a659f829e57ea0e382f714cb43d55efaa317c69cfae14ee"",""0x80288ad5dc62d58560df110a3535af497449f9f6f4f71e34500b9f5045943ea7""]","[""0x106ecf713381cc7ee659b224caebb8c2d8402304fcc03cc12f04d9acb19beb31"",""0xfd70d4311b5768c6b6bf7ecd75518b0b26ba2529cb7cf75e450bca9f0d366daa"",""0xe70b739d2c9d746514eb24b9ed0d3b51448a0a5913813a2864aa9be0ec65e691"",""0xa7831feb3b6ce91bfea938682651e70d662f1266659cbce6eaf0526e45512a68"",""0xab461bed3349317736818b1dabb4b0c82cc986f81bc20a4f98abb1cf118525e2"",""0xcd09dc92e8736934e461988f29064ea4e49ccc41310e47a797ab8e787536e77d"",""0x49e5774ab139905928ff21d948254adc70aa28ff5eea2ac796f32b0549b267a3"",""0x6e53ec51854bc45ec72e747b9db61797e1b20b6c0f523a3f2ead783fd267ed91"",""0x9a0ed5a06fb6051d9a659f829e57ea0e382f714cb43d55efaa317c69cfae14ee"",""0x80288ad5dc62d58560df110a3535af497449f9f6f4f71e34500b9f5045943ea7""]","[""0x106ecf713381cc7ee659b224caebb8c2d8402304fcc03cc12f04d9acb19beb31"",""0xfd70d4311b5768c6b6bf7ecd75518b0b26ba2529cb7cf75e450bca9f0d366daa"",""0xe70b739d2c9d746514eb24b9ed0d3b51448a0a5913813a2864aa9be0ec65e691"",""0xa7831feb3b6ce91bfea938682651e70d662f1266659cbce6eaf0526e45512a68"",""0xab461bed3349317736818b1dabb4b0c82cc986f81bc20a4f98abb1cf118525e2"",""0xcd09dc92e8736934e461988f29064ea4e49ccc41310e47a797ab8e787536e77d"",""0x49e5774ab139905928ff21d948254adc70aa28ff5eea2ac796f32b0549b267a3"",""0x6e53ec51854bc45ec72e747b9db61797e1b20b6c0f523a3f2ead783fd267ed91"",""0x9a0ed5a06fb6051d9a659f829e57ea0e382f714cb43d55efaa317c69cfae14ee"",""0x80288ad5dc62d58560df110a3535af497449f9f6f4f71e34500b9f5045943ea7""]",0,0,1,0,0,0,1
bstpstaking515m7e72b6a8,valid,,5,1,5,m7e72b6a8,100,10,10,"[""0x9a0ed5a06fb6051d9a659f829e57ea0e382f714cb43d55efaa317c69cfae14ee"",""0x98383544e422fe17027cdac418f09337309386a10806b8ee02c8d32713923a8e"",""0x8945bcc45087a8bfb2e18a5306781be29a69dbac49c73ab68b0d6c56a67bc0f9"",""0x4c896b9c75e38294c3a07ab4ccb18852996db2708540195223e428ddf09d38a0"",""0x7c40aac49a736517f5c440f9392f1683424054f2ffa6df7c2970a52c11db06ca"",""0x49e5774ab139905928ff21d948254adc70aa28ff5eea2ac796f32b0549b267a3"",""0xffb33d2d1648788432430e96a9706f35a4dcfe30d45dd0e99a1eaf7e59ab6aeb"",""0x6f3aa452ac3ebe7bbf3dfeeb82157ebf7c8b323920d2d7953d9a52c3b0d0d921"",""0x9b584ffd32a3f16cbd3455fdbaa69a879c4a0262df83577c6530ded23aff8201"",""0xcd57fe897cd7013d3f9e6131de9fa6d2910dcab5055ecc546f6d83339d5c9867""]","[""0x9a0ed5a06fb6051d9a659f829e57ea0e382f714cb43d55efaa317c69cfae14ee"",""0x98383544e422fe17027cdac418f09337309386a10806b8ee02c8d32713923a8e"",""0x8945bcc45087a8bfb2e18a5306781be29a69dbac49c73ab68b0d6c56a67bc0f9"",""0xd7531695dcd358a4f56787acbbd65565a09fc63eff941ad49498daeb1ae38f44"",""0x99196e62444c2ecc416618bcc5a3424f9cd5641d6867c8e258507c7d89a4a88c"",""0xe40523cb93f50925b957e5e448d59b64adfad0b41a549e68dd171dd988bc17a5"",""0x4c896b9c75e38294c3a07ab4ccb18852996db2708540195223e428ddf09d38a0"",""0x7c40aac49a736517f5c440f9392f1683424054f2ffa6df7c2970a52c11db06ca"",""0x49e5774ab139905928ff21d948254adc70aa28ff5eea2ac796f32b0549b267a3"",""0xffb33d2d1648788432430e96a9706f35a4dcfe30d45dd0e99a1eaf7e59ab6aeb""]","[""0x9a0ed5a06fb6051d9a659f829e57ea0e382f714cb43d55efaa317c69cfae14ee"",""0x98383544e422fe17027cdac418f09337309386a10806b8ee02c8d32713923a8e"",""0x8945bcc45087a8bfb2e18a5306781be29a69dbac49c73ab68b0d6c56a67bc0f9"",""0x4c896b9c75e38294c3a07ab4ccb18852996db2708540195223e428ddf09d38a0"",""0x7c40aac49a736517f5c440f9392f1683424054f2ffa6df7c2970a52c11db06ca"",""0x49e5774ab139905928ff21d948254adc70aa28ff5eea2ac796f32b0549b267a3"",""0xffb33d2d1648788432430e96a9706f35a4dcfe30d45dd0e99a1eaf7e59ab6aeb""]",0,0,1,0,0,0,0.7
bstpstaking515m8051415e,invalid,error_duplicates,5,1,5,m8051415e,100,10,10,"[""0x4f70045f96345b6154f2e63f3fe4b06b6e40108aedcdd3afc6a66ea75fc3da24"",""0x8cc4b8cdcb727613f2378e83b1e459ef38061ac468dcb3d02730b17ef2a02673"",""0x29eba7ba49866efd89a8dce8d84688734eb0b4b198d4992b288b36b31540c8dc"",""0x92c0efa8758ff02dd06dfd438cd6612b6e3590f9c8b7c0932fd418903855a478"",""0x80288ad5dc62d58560df110a3535af497449f9f6f4f71e34500b9f5045943ea7"",""0xa7831feb3b6ce91bfea938682651e70d662f1266659cbce6eaf0526e45512a68"",""0x6b84de292cb6e3be779d6288c69c6a070bba523a2317a4d294c1616e10f137ed"",""0xcfdc62eb5da1c0cc9f61c08540ca22833a6530d40de956ae254be5b1e0b59d74"",""0xd5568fd406d7db628afa415d58bf5bd06959a92398aa702548e8e04793bedd47"",""0x92c0efa8758ff02dd06dfd438cd6612b6e3590f9c8b7c0932fd418903855a478""]","[""0x4f70045f96345b6154f2e63f3fe4b06b6e40108aedcdd3afc6a66ea75fc3da24"",""0x8cc4b8cdcb727613f2378e83b1e459ef38061ac468dcb3d02730b17ef2a02673"",""0x29eba7ba49866efd89a8dce8d84688734eb0b4b198d4992b288b36b31540c8dc"",""0x92c0efa8758ff02dd06dfd438cd6612b6e3590f9c8b7c0932fd418903855a478"",""0x80288ad5dc62d58560df110a3535af497449f9f6f4f71e34500b9f5045943ea7"",""0xa7831feb3b6ce91bfea938682651e70d662f1266659cbce6eaf0526e45512a68"",""0x6b84de292cb6e3be779d6288c69c6a070bba523a2317a4d294c1616e10f137ed"",""0x483e0faacc32045385006ac1d42d028b103a2e2e02f320e20037d0d36be54907"",""0xcfdc62eb5da1c0cc9f61c08540ca22833a6530d40de956ae254be5b1e0b59d74"",""0xd5568fd406d7db628afa415d58bf5bd06959a92398aa702548e8e04793bedd47""]","[""0x4f70045f96345b6154f2e63f3fe4b06b6e40108aedcdd3afc6a66ea75fc3da24"",""0x8cc4b8cdcb727613f2378e83b1e459ef38061ac468dcb3d02730b17ef2a02673"",""0x29eba7ba49866efd89a8dce8d84688734eb0b4b198d4992b288b36b31540c8dc"",""0x92c0efa8758ff02dd06dfd438cd6612b6e3590f9c8b7c0932fd418903855a478"",""0x80288ad5dc62d58560df110a3535af497449f9f6f4f71e34500b9f5045943ea7"",""0xa7831feb3b6ce91bfea938682651e70d662f1266659cbce6eaf0526e45512a68"",""0x6b84de292cb6e3be779d6288c69c6a070bba523a2317a4d294c1616e10f137ed"",""0xcfdc62eb5da1c0cc9f61c08540ca22833a6530d40de956ae254be5b1e0b59d74"",""0xd5568fd406d7db628afa415d58bf5bd06959a92398aa702548e8e04793bedd47"",""0x92c0efa8758ff02dd06dfd438cd6612b6e3590f9c8b7c0932fd418903855a478""]",0,0,1,0,0,0.09999999999999998,1
bstpstaking515m810b37d6,valid,,5,1,5,m810b37d6,100,10,10,"[""0x14d09a4d420ae8a7492d23eb1beacf31a514ddd9765719262cf2a750248f046e"",""0xedb061d6c685949f3e6f6b2fbc31238ae6ee3c1a2760e056b5c3e5e2304df8af"",""0xd7531695dcd358a4f56787acbbd65565a09fc63eff941ad49498daeb1ae38f44"",""0x6e2ec90f7c36a36b5344a2aac6038ddc9c3860de12975f71142181a7a81c8609"",""0xdd364115eefd88d44ddca902abb962bd1038efc911e81847f0d1911029cb83fc"",""0x68fb332560fdf6ea1d74d8c4bfc3ff952f79df911ac17e478862c0aa1c736db3"",""0x37890a125406e5e42ba213b40b55685bc6c328fc0106903b123b70d8312c1000"",""0x69f76a6458130c9ded5a13a31db3715ca829f4a679d617f3e492b9116677d10c"",""0xd315b8c83a9e2edb719d67cf2cc732391e7c9d9fa55ab87f926ee4c7046a8578"",""0xdabbd1bf365dd83a0175d5e359d11f8d109116b0745646ef8d2c6a2efcf851df""]","[""0x14d09a4d420ae8a7492d23eb1beacf31a514ddd9765719262cf2a750248f046e"",""0xedb061d6c685949f3e6f6b2fbc31238ae6ee3c1a2760e056b5c3e5e2304df8af"",""0xd7531695dcd358a4f56787acbbd65565a09fc63eff941ad49498daeb1ae38f44"",""0x6e2ec90f7c36a36b5344a2aac6038ddc9c3860de12975f71142181a7a81c8609"",""0xdd364115eefd88d44ddca902abb962bd1038efc911e81847f0d1911029cb83fc"",""0x68fb332560fdf6ea1d74d8c4bfc3ff952f79df911ac17e478862c0aa1c736db3"",""0x37890a125406e5e42ba213b40b55685bc6c328fc0106903b123b70d8312c1000"",""0x69f76a6458130c9ded5a13a31db3715ca829f4a679d617f3e492b9116677d10c"",""0xd315b8c83a9e2edb719d67cf2cc732391e7c9d9fa55ab87f926ee4c7046a8578"",""0xdabbd1bf365dd83a0175d5e359d11f8d109116b0745646ef8d2c6a2efcf851df""]","[""0x14d09a4d420ae8a7492d23eb1beacf31a514ddd9765719262cf2a750248f046e"",""0xedb061d6c685949f3e6f6b2fbc31238ae6ee3c1a2760e056b5c3e5e2304df8af"",""0xd7531695dcd358a4f56787acbbd65565a09fc63eff941ad49498daeb1ae38f44"",""0x6e2ec90f7c36a36b5344a2aac6038ddc9c3860de12975f71142181a7a81c8609"",""0xdd364115eefd88d44ddca902abb962bd1038efc911e81847f0d1911029cb83fc"",""0x68fb332560fdf6ea1d74d8c4bfc3ff952f79df911ac17e478862c0aa1c736db3"",""0x37890a125406e5e42ba213b40b55685bc6c328fc0106903b123b70d8312c1000"",""0x69f76a6458130c9ded5a13a31db3715ca829f4a679d617f3e492b9116677d10c"",""0xd315b8c83a9e2edb719d67cf2cc732391e7c9d9fa55ab87f926ee4c7046a8578"",""0xdabbd1bf365dd83a0175d5e359d11f8d109116b0745646ef8d2c6a2efcf851df""]",0,0,1,0,0,0,1
bstpstaking515m9189f677,valid,,5,1,5,m9189f677,100,10,10,"[""0xcd09dc92e8736934e461988f29064ea4e49ccc41310e47a797ab8e787536e77d"",""0x8a5fc9c813f0cbb1fbb3c86b71678b733f90197cd9b0fec7ef5b2e74d2827527"",""0xb6956c09b733a91561395f6f106aa19a23a1df4c453562ff602fdc30b0b773ad"",""0xb7eba087f5cc24fe2d08675f1cd5a26ebf3fd48642175807fccde9db3ffb3752"",""0xab461bed3349317736818b1dabb4b0c82cc986f81bc20a4f98abb1cf118525e2"",""0x682175835b69fee8ca4e1000194ccf6067372d31c29aa0c1fb86d118274fe35f"",""0xfc9bec6e17e3d34235748a04c8a772f602b2283e2946d9f68c2ed62bcdd2cd85"",""0x98383544e422fe17027cdac418f09337309386a10806b8ee02c8d32713923a8e"",""0xe40523cb93f50925b957e5e448d59b64adfad0b41a549e68dd171dd988bc17a5"",""0x27a163a4110566acfc156339d6e9ee4c66cb5b1bed8c030e751013a75ed443eb""]","[""0xcd09dc92e8736934e461988f29064ea4e49ccc41310e47a797ab8e787536e77d"",""0x8a5fc9c813f0cbb1fbb3c86b71678b733f90197cd9b0fec7ef5b2e74d2827527"",""0x483e0faacc32045385006ac1d42d028b103a2e2e02f320e20037d0d36be54907"",""0xb6956c09b733a91561395f6f106aa19a23a1df4c453562ff602fdc30b0b773ad"",""0xb7eba087f5cc24fe2d08675f1cd5a26ebf3fd48642175807fccde9db3ffb3752"",""0xab461bed3349317736818b1dabb4b0c82cc986f81bc20a4f98abb1cf118525e2"",""0x682175835b69fee8ca4e1000194ccf6067372d31c29aa0c1fb86d118274fe35f"",""0xfc9bec6e17e3d34235748a04c8a772f602b2283e2946d9f68c2ed62bcdd2cd85"",""0x98383544e422fe17027cdac418f09337309386a10806b8ee02c8d32713923a8e"",""0xe40523cb93f50925b957e5e448d59b64adfad0b41a549e68dd171dd988bc17a5""]","[""0xcd09dc92e8736934e461988f29064ea4e49ccc41310e47a797ab8e787536e77d"",""0x8a5fc9c813f0cbb1fbb3c86b71678b733f90197cd9b0fec7ef5b2e74d2827527"",""0xb6956c09b733a91561395f6f106aa19a23a1df4c453562ff602fdc30b0b773ad"",""0xb7eba087f5cc24fe2d08675f1cd5a26ebf3fd48642175807fccde9db3ffb3752"",""0xab461bed3349317736818b1dabb4b0c82cc986f81bc20a4f98abb1cf118525e2"",""0x682175835b69fee8ca4e1000194ccf6067372d31c29aa0c1fb86d118274fe35f"",""0xfc9bec6e17e3d34235748a04c8a772f602b2283e2946d9f68c2ed62bcdd2cd85"",""0x98383544e422fe17027cdac418f09337309386a10806b8ee02c8d32713923a8e"",""0xe40523cb93f50925b957e5e448d59b64adfad0b41a549e68dd171dd988bc17a5""]",0,0,1,0,0,0,0.9
bstpstaking515m970360f4,valid,,5,1,5,m970360f4,100,10,10,"[""0x04e631257af2cf26e527e146f4e090feae7f8ba273f0574dcd62a46da5b5fb8c"",""0x5bbc9d2413d5740c9cce8b34acbdb04e9c122cff7ece31c0620bfd2b7e0e1b86"",""0xa81cb00815bbbd6922c16bc3bb033577aa2431580aea7e7e13aca944c2233272"",""0x8096cab0100aa02898585587d038ed875c585da73c52072d6a842c5b96bac202"",""0x3fa2ea8f79b0524a3c5e834a216d005b6653291abad1f4cd5704c375512864c8"",""0xffc71158a1713cadd9222700d20f0c30f7bc8dd2bb13d82c09a45f991a58c201"",""0x241145b169eb7335c6c3a55c542c7857ebbbe2cbe47e2bc2a4f72062e1ba800b"",""0xf11bad94616eadc4c930a68cc954c762e0ad7ae4e11f81bbe37778477da71fa5"",""0x323045169136f339e36c57f2b93c33e14359139bfb47f1394e0c41e18be3935d"",""0x6b4f31b3fa8b0293c766c2d555711bd439f992ddc98c34e43e810b0699b4ea0e""]","[""0x14d09a4d420ae8a7492d23eb1beacf31a514ddd9765719262cf2a750248f046e"",""0xae105f7f87da768b512fdfdb98a0fbf6131d1571893bb99b9a0ab477ff1702c2"",""0x281cd26d80e9cd95f098908b641c2534121c033c47795850d88fdab6f04f2af0"",""0xfd6b6381e462eb69a90451498acc82533df2612f7e00141667dbce964caa982e"",""0x68fb332560fdf6ea1d74d8c4bfc3ff952f79df911ac17e478862c0aa1c736db3"",""0x8e6ed61f936c34115ed64b52efb53b493d279f72a1ed2c1dde342f98dfc9178d"",""0xea69777677b59561b3782267ef6a65d6e0f38e1fea58f1ece52358972347edb0"",""0xe5da0f8dfb6b491adb9c38f755f10e08bd498ab5979036394be3930984053206"",""0x1721fbf3311a57adcac4eb75a9690451077fc079b0d94e4fa9d5a75bfb95e9c2"",""0x37890a125406e5e42ba213b40b55685bc6c328fc0106903b123b70d8312c1000""]",[],0,0,1,0,0,0,0
bstpstaking515m98d7930e,valid,,5,1,5,m98d7930e,100,10,10,"[""0x98383544e422fe17027cdac418f09337309386a10806b8ee02c8d32713923a8e"",""0x8945bcc45087a8bfb2e18a5306781be29a69dbac49c73ab68b0d6c56a67bc0f9"",""0x8cc4b8cdcb727613f2378e83b1e459ef38061ac468dcb3d02730b17ef2a02673"",""0x1ebfa3f4b31da950a10ba4155a5675fdf5fb3ac42fe3f076668cfe359788f601"",""0xe70b739d2c9d746514eb24b9ed0d3b51448a0a5913813a2864aa9be0ec65e691"",""0xab461bed3349317736818b1dabb4b0c82cc986f81bc20a4f98abb1cf118525e2"",""0xb1d52412675094b54611913899744bda3aa3c67ce51c9e9d61d8a49d9cc84caf"",""0x1393e94f34761ba344117a1cf1bc70b40119c5cdbab5b1f26f7c7a2c82c28d15"",""0x9ca8626b06776b02e555a4f9fddc2f560f5fb18faa29eb0aea0f867af8064608"",""0xb43c6ce35bcbd028636a86d54a3e4d2d9700310d2c1c4e090f21eae55ab13250""]","[""0x98383544e422fe17027cdac418f09337309386a10806b8ee02c8d32713923a8e"",""0x856f01151a1c15aa053c920c11f2f4a193b3ed4250c6ee2ebf77c3390fe0f275"",""0x8945bcc45087a8bfb2e18a5306781be29a69dbac49c73ab68b0d6c56a67bc0f9"",""0x8cc4b8cdcb727613f2378e83b1e459ef38061ac468dcb3d02730b17ef2a02673"",""0x1ebfa3f4b31da950a10ba4155a5675fdf5fb3ac42fe3f076668cfe359788f601"",""0xe70b739d2c9d746514eb24b9ed0d3b51448a0a5913813a2864aa9be0ec65e691"",""0x90ecb607bbb48b913aefe5003509412fcdc1a78708f7390fad1c6953be606038"",""0xab461bed3349317736818b1dabb4b0c82cc986f81bc20a4f98abb1cf118525e2"",""0xb1d52412675094b54611913899744bda3aa3c67ce51c9e9d61d8a49d9cc84caf"",""0x281cd26d80e9cd95f098908b641c2534121c033c47795850d88fdab6f04f2af0""]","[""0x98383544e422fe17027cdac418f09337309386a10806b8ee02c8d32713923a8e"",""0x8945bcc45087a8bfb2e18a5306781be29a69dbac49c73ab68b0d6c56a67bc0f9"",""0x8cc4b8cdcb727613f2378e83b1e459ef38061ac468dcb3d02730b17ef2a02673"",""0x1ebfa3f4b31da950a10ba4155a5675fdf5fb3ac42fe3f076668cfe359788f601"",""0xe70b739d2c9d746514eb24b9ed0d3b51448a0a5913813a2864aa9be0ec65e691"",""0xab461bed3349317736818b1dabb4b0c82cc986f81bc20a4f98abb1cf118525e2"",""0xb1d52412675094b54611913899744bda3aa3c67ce51c9e9d61d8a49d9cc84caf""]",0,0,1,0,0,0,0.7
bstpstaking515ma6f1fda3,valid,,5,1,5,ma6f1fda3,100,10,10,"[""0xcc5a3914b6cc401b98a202e8075b56eb77670a1140412c79b48b965bce6e05f2"",""0x90ecb607bbb48b913aefe5003509412fcdc1a78708f7390fad1c6953be606038"",""0x4c896b9c75e38294c3a07ab4ccb18852996db2708540195223e428ddf09d38a0"",""0x000ceb98a30a9f0375fd46d151e4f2f8d830751c2983f14a1c6f0144f80b3198"",""0x5b677b1ca640fe2fa90ccb13036a107a5177af4f0b0bd5ed853ac029e427d019"",""0xdf845dfbd70267c5c523805713303d6f4b7b91d97219e28f0508b46315e5e0e2"",""0x6940f8c3529787bcfbcbf21fa64207221930bb64f69f1727136674443bba43aa"",""0x106ecf713381cc7ee659b224caebb8c2d8402304fcc03cc12f04d9acb19beb31"",""0x1ebfa3f4b31da950a10ba4155a5675fdf5fb3ac42fe3f076668cfe359788f601"",""0x9add7bcde80edf6ee8f3a7cde3b47a7ea9aabddab95768e68fd0c1094aaa971f""]","[""0xcc5a3914b6cc401b98a202e8075b56eb77670a1140412c79b48b965bce6e05f2"",""0x90ecb607bbb48b913aefe5003509412fcdc1a78708f7390fad1c6953be606038"",""0x6940f8c3529787bcfbcbf21fa64207221930bb64f69f1727136674443bba43aa"",""0x4c896b9c75e38294c3a07ab4ccb18852996db2708540195223e428ddf09d38a0"",""0x01829fcc6d779d94ee869f97379c6516562dc7f8b74938742ffefe6b09b93fbc"",""0x106ecf713381cc7ee659b224caebb8c2d8402304fcc03cc12f04d9acb19beb31"",""0x429b49322f39406d28f591c75e8222ecd51db05a599ec5d128466346627eb705"",""0x5b677b1ca640fe2fa90ccb13036a107a5177af4f0b0bd5ed853ac029e427d019"",""0x1ebfa3f4b31da950a10ba4155a5675fdf5fb3ac42fe3f076668cfe359788f601"",""0xdf845dfbd70267c5c523805713303d6f4b7b91d97219e28f0508b46315e5e0e2""]","[""0xcc5a3914b6cc401b98a202e8075b56eb77670a1140412c79b48b965bce6e05f2"",""0x90ecb607bbb48b913aefe5003509412fcdc1a78708f7390fad1c6953be606038"",""0x4c896b9c75e38294c3a07ab4ccb18852996db2708540195223e428ddf09d38a0"",""0x5b677b1ca640fe2fa90ccb13036a107a5177af4f0b0bd5ed853ac029e427d019"",""0xdf845dfbd70267c5c523805713303d6f4b7b91d97219e28f0508b46315e5e0e2"",""0x6940f8c3529787bcfbcbf21fa64207221930bb64f69f1727136674443bba43aa"",""0x106ecf713381cc7ee659b224caebb8c2d8402304fcc03cc12f04d9acb19beb31"",""0x1ebfa3f4b31da950a10ba4155a5675fdf5fb3ac42fe3f076668cfe359788f601""]",0,0,1,0,0,0,0.8
bstpstaking515maea74e52,valid,,5,1,5,maea74e52,100,10,10,"[""0x8d357dcd4a7c14d4a0f33a6d36f83ab30a8caad65d222d503f46d94d277f7c24"",""0x01829fcc6d779d94ee869f97379c6516562dc7f8b74938742ffefe6b09b93fbc"",""0x281cd26d80e9cd95f098908b641c2534121c033c47795850d88fdab6f04f2af0"",""0x262e2e527250bfc9fea90edce78f93b95ce16f345766eb2534ba2fb39906d951"",""0x119bb5b05d026a441a51d331d2e813d4a51e2ca676f9919b728dde31c94dc798"",""0xdabbd1bf365dd83a0175d5e359d11f8d109116b0745646ef8d2c6a2efcf851df"",""0xe2c89165b1663cbef76d4db4aff33d030d5826b8a643a445b8531c288e7745fd"",""0x3c4ef3727c5acae7ca4976ecf767571e18ac1b70a4aad2ac4f7b9139bcfc987d"",""0x55502bafc57a57cf79cf670fefef3504cf632e5de82803db33a8e4d8337b211c"",""0xedb061d6c685949f3e6f6b2fbc31238ae6ee3c1a2760e056b5c3e5e2304df8af""]","[""0x8d357dcd4a7c14d4a0f33a6d36f83ab30a8caad65d222d503f46d94d277f7c24"",""0x01829fcc6d779d94ee869f97379c6516562dc7f8b74938742ffefe6b09b93fbc"",""0x281cd26d80e9cd95f098908b641c2534121c033c47795850d88fdab6f04f2af0"",""0x262e2e527250bfc9fea90edce78f93b95ce16f345766eb2534ba2fb39906d951"",""0x119bb5b05d026a441a51d331d2e813d4a51e2ca676f9919b728dde31c94dc798"",""0xdabbd1bf365dd83a0175d5e359d11f8d109116b0745646ef8d2c6a2efcf851df"",""0xe2c89165b1663cbef76d4db4aff33d030d5826b8a643a445b8531c288e7745fd"",""0x3c4ef3727c5acae7ca4976ecf767571e18ac1b70a4aad2ac4f7b9139bcfc987d"",""0x55502bafc57a57cf79cf670fefef3504cf632e5de82803db33a8e4d8337b211c"",""0xedb061d6c685949f3e6f6b2fbc31238ae6ee3c1a2760e056b5c3e5e2304df8af""]","[""0x8d357dcd4a7c14d4a0f33a6d36f83ab30a8caad65d222d503f46d94d277f7c24"",""0x01829fcc6d779d94ee869f97379c6516562dc7f8b74938742ffefe6b09b93fbc"",""0x281cd26d80e9cd95f098908b641c2534121c033c47795850d88fdab6f04f2af0"",""0x262e2e527250bfc9fea90edce78f93b95ce16f345766eb2534ba2fb39906d951"",""0x119bb5b05d026a441a51d331d2e813d4a51e2ca676f9919b728dde31c94dc798"",""0xdabbd1bf365dd83a0175d5e359d11f8d109116b0745646ef8d2c6a2efcf851df"",""0xe2c89165b1663cbef76d4db4aff33d030d5826b8a643a445b8531c288e7745fd"",""0x3c4ef3727c5acae7ca4976ecf767571e18ac1b70a4aad2ac4f7b9139bcfc987d"",""0x55502bafc57a57cf79cf670fefef3504cf632e5de82803db33a8e4d8337b211c"",""0xedb061d6c685949f3e6f6b2fbc31238ae6ee3c1a2760e056b5c3e5e2304df8af""]",0,0,1,0,0,0,1
bstpstaking515mb0c003cd,valid,,5,1,5,mb0c003cd,100,10,10,"[""0xcd09dc92e8736934e461988f29064ea4e49ccc41310e47a797ab8e787536e77d"",""0x8a5fc9c813f0cbb1fbb3c86b71678b733f90197cd9b0fec7ef5b2e74d2827527"",""0xc3b0696840352e2a25a87160f85c766cba4c6b9424a40ded6b5e2eb28f9215f6"",""0x2c6db858294994968533795d44c86dc8f050d3652066b8ceadf9d3b73dc7d902"",""0x3c97283efec66e1a5ec8437966e087338da20f0aad3723d41d52c67328f7efe4"",""0xab461bed3349317736818b1dabb4b0c82cc986f81bc20a4f98abb1cf118525e2"",""0xcfdc62eb5da1c0cc9f61c08540ca22833a6530d40de956ae254be5b1e0b59d74"",""0x483e0faacc32045385006ac1d42d028b103a2e2e02f320e20037d0d36be54907"",""0xea7a49ca292aa75c155e9498bcb5ec57a1dda92b7bec9e724e2e8a57582a20e0"",""0xafaa81ffcc4921e477a4ef93820d32cbd20521f110c138a453b34cdbda35c04d""]","[""0xcd09dc92e8736934e461988f29064ea4e49ccc41310e47a797ab8e787536e77d"",""0x8a5fc9c813f0cbb1fbb3c86b71678b733f90197cd9b0fec7ef5b2e74d2827527"",""0xc3b0696840352e2a25a87160f85c766cba4c6b9424a40ded6b5e2eb28f9215f6"",""0x2c6db858294994968533795d44c86dc8f050d3652066b8ceadf9d3b73dc7d902"",""0x3c97283efec66e1a5ec8437966e087338da20f0aad3723d41d52c67328f7efe4"",""0xab461bed3349317736818b1dabb4b0c82cc986f81bc20a4f98abb1cf118525e2"",""0xb6956c09b733a91561395f6f106aa19a23a1df4c453562ff602fdc30b0b773ad"",""0xcfdc62eb5da1c0cc9f61c08540ca22833a6530d40de956ae254be5b1e0b59d74"",""0x483e0faacc32045385006ac1d42d028b103a2e2e02f320e20037d0d36be54907"",""0x49e5774ab139905928ff21d948254adc70aa28ff5eea2ac796f32b0549b267a3""]","[""0xcd09dc92e8736934e461988f29064ea4e49ccc41310e47a797ab8e787536e77d"",""0x8a5fc9c813f0cbb1fbb3c86b71678b733f90197cd9b0fec7ef5b2e74d2827527"",""0xc3b0696840352e2a25a87160f85c766cba4c6b9424a40ded6b5e2eb28f9215f6"",""0x2c6db858294994968533795d44c86dc8f050d3652066b8ceadf9d3b73dc7d902"",""0x3c97283efec66e1a5ec8437966e087338da20f0aad3723d41d52c67328f7efe4"",""0xab461bed3349317736818b1dabb4b0c82cc986f81bc20a4f98abb1cf118525e2"",""0xcfdc62eb5da1c0cc9f61c08540ca22833a6530d40de956ae254be5b1e0b59d74"",""0x483e0faacc32045385006ac1d42d028b103a2e2e02f320e20037d0d36be54907""]",0,0,1,0,0,0,0.8
bstpstaking515mb38d99c5,valid,,5,1,5,mb38d99c5,100,10,10,"[""0xbb11b6e5a0db547605f0dcc18ec8e0c861054ce15ac7edf459810a5f353ee7e3"",""0xaa3a256bb3dac0d5f6b9eab4f5fcc14a7450c92ca794c193f2999a2b7005af6d"",""0x35d2f8d11a6e38e76da124815e227cccd7ade4d1cb08290de127e8ead973b6f9"",""0x0bcf996240aec5e142778d31bccb2dbc12cb599c497bfaea8d91635730c897c8"",""0x27488e31cd75f9efaf7f7e36eef37bcb227279dd4432f04f99c9e52bd8f79e5b"",""0xaef34b8afe208c91dbae6c97ee0833aca5a94e75db707be238d62aa32d1b0d5e"",""0x24d02a72685910062d72165e5e616bfb5c9521058f71e95bcfebb661fb16434d"",""0x865c976806d7a7899b2badf63532946046fdb07c416585596b4fcb30808334c1"",""0x5a0edccc572b6b6235885e1c180c7ca034eb52368f2c645a5620b3c4a395b883"",""0x9cdac732bd194ec563b0f797f75b9244b195730a163ccec1a5cd5f36ff3d5445""]","[""0x8e6ed61f936c34115ed64b52efb53b493d279f72a1ed2c1dde342f98dfc9178d"",""0xadc1a837b5429a817612fe145787358ffe8831a2e75dee3a3338a31d486fb05f"",""0x000ceb98a30a9f0375fd46d151e4f2f8d830751c2983f14a1c6f0144f80b3198"",""0x8d357dcd4a7c14d4a0f33a6d36f83ab30a8caad65d222d503f46d94d277f7c24"",""0xe5da0f8dfb6b491adb9c38f755f10e08bd498ab5979036394be3930984053206"",""0xdabbd1bf365dd83a0175d5e359d11f8d109116b0745646ef8d2c6a2efcf851df"",""0x06442c0ccc9ab367282f06426924517e0a49c25e50a492ad91aecc55b655f458"",""0xaa8fad824a174e57accf11eb34b23d020d6aa685da1925b1c30a611ffdb95a0e"",""0x12c0e8caa1bce7d499cbbbc665fbb364c09cd2977856fe2bf0027b9c600b9022"",""0xf5162966dbd2c8c3b2195e7ee9c5e46a8dd1715287d079a5b92d312ca24045cd""]",[],0,0,1,0,0,0,0
bstpstaking515mb8cbcc16,valid,,5,1,5,mb8cbcc16,100,10,10,"[""0x1b3b8b12b7bf9b1d8821bfc98cabc8effd4c5f2aea25c8291e662bffe19f088d"",""0x84eaafb321f85ae5858030e14636ff83a58487675af1c0aadeca9e2983a2b66c"",""0x4cffc34430b17b49e9b079755533f7c6f4c31c95081f1c8e25908e84334ed0b3"",""0xc1f72dd56f9590b9d8bcbd4d9a61b6206009f7a628bb86c28b5b50a85ae0b0de"",""0x0f7111fd4af91016f6e6efa1dbc92c6aeb75dff18e99a22095079448fc73483e"",""0x7161ca186e53e39022059dbe35524ebb446059fdbf1aef1d952fc1b5a53353e4"",""0xd9293176125197a9a57c96e218d75ac08e0c348ad50e0183dc488660b8f11ba2"",""0x931d89ef4e05852e1e1e1cc41e2cc0f4d1f62a107dd03105fc4c95888c92c422"",""0x4f83fe226b48ba54459ac587f0c72e27280e2f633d5f8ff200fb42ddfc039cec"",""0x8dfa73ee95b5ef2c7f1d9197cd79bd1cd3837bf38f57f720e668109db0cf2224""]","[""0x1cde8373a779839f2b591a11cac079df0f1eb3fb272188f9ceccb1dee8ec102f"",""0xb65630e7129a1fecafdca9eb7dbe53130a12b5d3e2e984bbf9c9a5399c6cc30f"",""0x230550ee2f183f79fbee87b09e6157a7bfd65abfefa14a749660749b7fa0d6b4"",""0x39700501189242fe3b7185fd03a5cace111de24b0c6b66471be82d30bc72ec27"",""0x7634f8326375f99ebfd7a8b203b7442a56b18cf7dc73f6238abd4122e8090b86"",""0xae105f7f87da768b512fdfdb98a0fbf6131d1571893bb99b9a0ab477ff1702c2"",""0xb3788db79f3ad700a3cc134a27acbcec7a0a587ffbcdf5927faa24e5c362d493"",""0x60642c6a8412d200a3413c5426afef17f3d72d45fadaf5cdde98b783893518ec"",""0x856f01151a1c15aa053c920c11f2f4a193b3ed4250c6ee2ebf77c3390fe0f275"",""0x6d5bfd47046b2e223b0c83d8c0d4e2ad42a064232926ed904efe73cb5d8f2133""]",[],0,0,1,0,0,0,0
bstpstaking515mc5ae52b7,valid,,5,1,5,mc5ae52b7,100,10,10,"[""0x541ebb059060ff7f73374199ff51e8281c4dc5942c5c541867b4f25621486dc9"",""0xf11bad94616eadc4c930a68cc954c762e0ad7ae4e11f81bbe37778477da71fa5"",""0xf06d08186fc20a8ad1c9302fb2ec4daa81ff87d7dc46799427e1c52d6bb1e6d3"",""0xd86edee3887482aaa87bf056e6c0699a0ead02b8267c06b9514d0a31ad11a63c"",""0x755f498882ef3868c8327685feb4d14ddc05dfec9746206c5671c827bbcd63f2"",""0xed4ce8f99e69760136906172411940729a5d9cd25120d1614b3184f5a3f893ad"",""0x272e149a70bc0896c48886227c553446aad58de29d8305c185e44aece09d51c7"",""0x8b27858bad1aa92e85ffb194d764635f4163bd068248aea78b7774fe7900f261"",""0x130f690e80d252591b95518b9764896ec1eda3cb84abd719837eea791d8ec3f8"",""0x7328522f6eeaa796edbd7c63b7cf02a8c87d8176fc85bb12bb3c0ec0d4834ef7""]","[""0x3c4ef3727c5acae7ca4976ecf767571e18ac1b70a4aad2ac4f7b9139bcfc987d"",""0x6e2ec90f7c36a36b5344a2aac6038ddc9c3860de12975f71142181a7a81c8609"",""0x12c0e8caa1bce7d499cbbbc665fbb364c09cd2977856fe2bf0027b9c600b9022"",""0xea69777677b59561b3782267ef6a65d6e0f38e1fea58f1ece52358972347edb0"",""0xb65630e7129a1fecafdca9eb7dbe53130a12b5d3e2e984bbf9c9a5399c6cc30f"",""0x39700501189242fe3b7185fd03a5cace111de24b0c6b66471be82d30bc72ec27"",""0x9920c06a362172692e96bab008e569caa257aaec2c8f130f3564a55f2f52357b"",""0x1fd6cd46a30ebaf43fddfe1aa0f8499987a4d3e3a687e3b577d2d1f1bf4d9e77"",""0x1721fbf3311a57adcac4eb75a9690451077fc079b0d94e4fa9d5a75bfb95e9c2"",""0x08c294941588d570c4ae95ce5aaf4a1592f278bd19029a2851efff2d86015692""]",[],0,0,1,0,0,0,0
bstpstaking515mce4af4f6,valid,,5,1,5,mce4af4f6,100,10,10,"[""0x16ce498ca01ca0ceb8f3414bf534752c6788bd73b78139628534c4880e7d0c84"",""0x2c901a1e69bd055532c177d57d97657c1ee45446cdc9b2ce5916eda2a5c7011a"",""0x9d71c1950fb2485a93785f76560ffd25d298604f8c24f57aa61b276f1d333d1a"",""0xa9c448c7a7835713d38a44618a6c60c5d105b59bf4053e67c7988ff0e8297f1c"",""0x5290542e3d2cbc736ed1fbb7348402f7e1765f05ce29020f9f6b41f48c8ed0a7"",""0x1b90e8c58b04a10a353804eecc214bf40469c2a11062b2059f131c9b502fd828"",""0xd5c4a50b2f0f1a6b4de6fac9d21205dd083da5b62fc04baab6eafc6e7b7edaba"",""0x7dff03e9151eef7673af7ed88117e897aded4bee06eefc9219e8f5627d78ada3"",""0x866a207e0e7751fb45198e1e853d3070816125aac2451c73c2c41fc3742cc206"",""0x272e149a70bc0896c48886227c553446aad58de29d8305c185e44aece09d51c7""]","[""0x0d6652a8c9d9575f5254120f3b037a86104172ca1dd77b5b55be2da39daf1385"",""0xb759e3960a93ef78e32f4847b58dbc6b1c22efd6d9ccaa3b1a84911e6a288afa"",""0xf5162966dbd2c8c3b2195e7ee9c5e46a8dd1715287d079a5b92d312ca24045cd"",""0x3c4ef3727c5acae7ca4976ecf767571e18ac1b70a4aad2ac4f7b9139bcfc987d"",""0xea69777677b59561b3782267ef6a65d6e0f38e1fea58f1ece52358972347edb0"",""0x73d6c0efd0550ca38510ec910998f28c5f57de699ed4f4eab13ed86d90fb6b07"",""0x856f01151a1c15aa053c920c11f2f4a193b3ed4250c6ee2ebf77c3390fe0f275"",""0xfd6b6381e462eb69a90451498acc82533df2612f7e00141667dbce964caa982e"",""0x60642c6a8412d200a3413c5426afef17f3d72d45fadaf5cdde98b783893518ec"",""0x80ae3a3d46a5bfbf5f0adaf5d83aa1064814c65038e92093a16ea8304bd00bd3""]",[],0,0,1,0,0,0,0
bstpstaking515mdd189b64,valid,,5,1,5,mdd189b64,100,10,10,"[""0x0d6652a8c9d9575f5254120f3b037a86104172ca1dd77b5b55be2da39daf1385"",""0x8e6ed61f936c34115ed64b52efb53b493d279f72a1ed2c1dde342f98dfc9178d"",""0x505f78474c398814eb0ba0cc3c08f6129e12bf16431876853283a43beac9d141"",""0xdabbd1bf365dd83a0175d5e359d11f8d109116b0745646ef8d2c6a2efcf851df"",""0x737e933cd67a89d2c13038c499d7d71518a56e6b95bc97e9056a59b45c072c99"",""0x1721fbf3311a57adcac4eb75a9690451077fc079b0d94e4fa9d5a75bfb95e9c2"",""0xaa8fad824a174e57accf11eb34b23d020d6aa685da1925b1c30a611ffdb95a0e"",""0x29ef521de175a6782a24f8bdf3a79f84a730b6a0d6b088f7bbbdb14f76bbd6b5"",""0x713930bf79df408ecebbe2c142c25d57280fc956a601a43ee71d41a458bc9dc3"",""0x9e087f7bd1b781a46be608096cf227324d8a3e30d57f0a1d050cfb8e4c1d2c90""]","[""0x0d6652a8c9d9575f5254120f3b037a86104172ca1dd77b5b55be2da39daf1385"",""0x8e6ed61f936c34115ed64b52efb53b493d279f72a1ed2c1dde342f98dfc9178d"",""0x505f78474c398814eb0ba0cc3c08f6129e12bf16431876853283a43beac9d141"",""0xdabbd1bf365dd83a0175d5e359d11f8d109116b0745646ef8d2c6a2efcf851df"",""0xcd6d08f520a5a6aebaa079033393b6393e347445be26d2c107e8d7ee03c8f13c"",""0x70466edbeed113ce8a8435ffd9f8208b8c3f50b2cf38281af86584c766a4310f"",""0x737e933cd67a89d2c13038c499d7d71518a56e6b95bc97e9056a59b45c072c99"",""0x37890a125406e5e42ba213b40b55685bc6c328fc0106903b123b70d8312c1000"",""0x1721fbf3311a57adcac4eb75a9690451077fc079b0d94e4fa9d5a75bfb95e9c2"",""0xaa8fad824a174e57accf11eb34b23d020d6aa685da1925b1c30a611ffdb95a0e""]","[""0x0d6652a8c9d9575f5254120f3b037a86104172ca1dd77b5b55be2da39daf1385"",""0x8e6ed61f936c34115ed64b52efb53b493d279f72a1ed2c1dde342f98dfc9178d"",""0x505f78474c398814eb0ba0cc3c08f6129e12bf16431876853283a43beac9d141"",""0xdabbd1bf365dd83a0175d5e359d11f8d109116b0745646ef8d2c6a2efcf851df"",""0x737e933cd67a89d2c13038c499d7d71518a56e6b95bc97e9056a59b45c072c99"",""0x1721fbf3311a57adcac4eb75a9690451077fc079b0d94e4fa9d5a75bfb95e9c2"",""0xaa8fad824a174e57accf11eb34b23d020d6aa685da1925b1c30a611ffdb95a0e""]",0,0,1,0,0,0,0.7
bstpstaking515me8bc7185,valid,,5,1,5,me8bc7185,100,10,10,"[""0x5b677b1ca640fe2fa90ccb13036a107a5177af4f0b0bd5ed853ac029e427d019"",""0x3c97283efec66e1a5ec8437966e087338da20f0aad3723d41d52c67328f7efe4"",""0x49e5774ab139905928ff21d948254adc70aa28ff5eea2ac796f32b0549b267a3"",""0x6e53ec51854bc45ec72e747b9db61797e1b20b6c0f523a3f2ead783fd267ed91"",""0xa7831feb3b6ce91bfea938682651e70d662f1266659cbce6eaf0526e45512a68"",""0x167a4d5214f28e5714dbe0ef582ab78f31d676888df89fd1380e7d60c6455530"",""0xfc9bec6e17e3d34235748a04c8a772f602b2283e2946d9f68c2ed62bcdd2cd85"",""0xcfdc62eb5da1c0cc9f61c08540ca22833a6530d40de956ae254be5b1e0b59d74"",""0x8e6ed61f936c34115ed64b52efb53b493d279f72a1ed2c1dde342f98dfc9178d"",""0x8d357dcd4a7c14d4a0f33a6d36f83ab30a8caad65d222d503f46d94d277f7c24""]","[""0x5b677b1ca640fe2fa90ccb13036a107a5177af4f0b0bd5ed853ac029e427d019"",""0x3c97283efec66e1a5ec8437966e087338da20f0aad3723d41d52c67328f7efe4"",""0x49e5774ab139905928ff21d948254adc70aa28ff5eea2ac796f32b0549b267a3"",""0x6e53ec51854bc45ec72e747b9db61797e1b20b6c0f523a3f2ead783fd267ed91"",""0xa7831feb3b6ce91bfea938682651e70d662f1266659cbce6eaf0526e45512a68"",""0x167a4d5214f28e5714dbe0ef582ab78f31d676888df89fd1380e7d60c6455530"",""0x90ecb607bbb48b913aefe5003509412fcdc1a78708f7390fad1c6953be606038"",""0xcfdc62eb5da1c0cc9f61c08540ca22833a6530d40de956ae254be5b1e0b59d74"",""0xfc9bec6e17e3d34235748a04c8a772f602b2283e2946d9f68c2ed62bcdd2cd85"",""0xc242c986f95f7cb745f870b1e292c03f57e59c36e809d37eb00cc8d235b22c5a""]","[""0x5b677b1ca640fe2fa90ccb13036a107a5177af4f0b0bd5ed853ac029e427d019"",""0x3c97283efec66e1a5ec8437966e087338da20f0aad3723d41d52c67328f7efe4"",""0x49e5774ab139905928ff21d948254adc70aa28ff5eea2ac796f32b0549b267a3"",""0x6e53ec51854bc45ec72e747b9db61797e1b20b6c0f523a3f2ead783fd267ed91"",""0xa7831feb3b6ce91bfea938682651e70d662f1266659cbce6eaf0526e45512a68"",""0x167a4d5214f28e5714dbe0ef582ab78f31d676888df89fd1380e7d60c6455530"",""0xfc9bec6e17e3d34235748a04c8a772f602b2283e2946d9f68c2ed62bcdd2cd85"",""0xcfdc62eb5da1c0cc9f61c08540ca22833a6530d40de956ae254be5b1e0b59d74""]",0,0,1,0,0,0,0.8
bstpstaking515mec0952f1,valid,,5,1,5,mec0952f1,100,10,10,"[""0x24fcc735cd0bee2ac1ad9ec75e5a1c81e12a38053fe89632819b115d328df730"",""0x0b2483892aea9e5e68d3f851c55add32889eea48c64a22756bb388ad2aef3fc2"",""0x5ade0679220e0f40f72e7f5aac15c72bdc82876c2fb569f33d4977fe61056c60"",""0x602e1931ffd162122bc05dbe6e64b7758e8c18c285a2d97af8df528e7cc1fddc"",""0x119bb5b05d026a441a51d331d2e813d4a51e2ca676f9919b728dde31c94dc798"",""0x8cb4e935054bf80a0deb1c922537b01afc0faa4e049982c83eaa120b4e969349"",""0xe86f526ced6ab6545557a20270840718f56077d9a5df992fd17e00ee85088a22"",""0x22e66d49ae946f4aed0979ee5e051fc91dc17422a576e7ea6fa3c724755f9864"",""0x7dff03e9151eef7673af7ed88117e897aded4bee06eefc9219e8f5627d78ada3"",""0xea967da94b0cdc13bb36e89246d960e0267a653c8c9a0833cf41cb3b44fa9fca""]","[""0x119bb5b05d026a441a51d331d2e813d4a51e2ca676f9919b728dde31c94dc798"",""0xdd364115eefd88d44ddca902abb962bd1038efc911e81847f0d1911029cb83fc"",""0x281cd26d80e9cd95f098908b641c2534121c033c47795850d88fdab6f04f2af0"",""0xdabbd1bf365dd83a0175d5e359d11f8d109116b0745646ef8d2c6a2efcf851df"",""0xbf11d678dcdece15f7824e21c504ec11500448bd6eb50749dea8bda81bf85a81"",""0xf5162966dbd2c8c3b2195e7ee9c5e46a8dd1715287d079a5b92d312ca24045cd"",""0x27f6a02165b673e7008df197e38e096214cfb8e24d4ed54d9d7086bd62eb23c1"",""0x68fb332560fdf6ea1d74d8c4bfc3ff952f79df911ac17e478862c0aa1c736db3"",""0x262e2e527250bfc9fea90edce78f93b95ce16f345766eb2534ba2fb39906d951"",""0x01829fcc6d779d94ee869f97379c6516562dc7f8b74938742ffefe6b09b93fbc""]","[""0x119bb5b05d026a441a51d331d2e813d4a51e2ca676f9919b728dde31c94dc798""]",0,0,1,0,0,0,0.1
bstpstaking515mfadd38bd,valid,,5,1,5,mfadd38bd,100,10,10,"[""0x6b84de292cb6e3be779d6288c69c6a070bba523a2317a4d294c1616e10f137ed"",""0x29eba7ba49866efd89a8dce8d84688734eb0b4b198d4992b288b36b31540c8dc"",""0x49e5774ab139905928ff21d948254adc70aa28ff5eea2ac796f32b0549b267a3"",""0x9a0ed5a06fb6051d9a659f829e57ea0e382f714cb43d55efaa317c69cfae14ee"",""0xa54b85ebaf38eb5f32e60aa26864d749276b396904eaac8eab33cb17c7bc5e92"",""0xf0709e1c317f62da73e2744732c270aa269aeeeda9aec9f535b4816de23fb93b"",""0x0a7371a2c1e6c70d61108c0a57cc2e5e32dd7446653a538101a8ad02258c75e7"",""0xd9d0a742f62ad462d4a2fff844f4b669d68bb2176bf7ed54a5ba0bac92f04fb8"",""0x74218a134b0b165b1006edac690204834d0dd21de24457913c436e577bc30aa2"",""0x36f1f5f66e7e3ee6e62c64a7deec563fcef8e1bffe5a3280e83228b5db5f862e""]","[""0x71a93113087b01233d6a75b25863b56cc2d4ca947f24a3540208f7d1f5e5efbf"",""0xfd6b6381e462eb69a90451498acc82533df2612f7e00141667dbce964caa982e"",""0x505f78474c398814eb0ba0cc3c08f6129e12bf16431876853283a43beac9d141"",""0x3c4ef3727c5acae7ca4976ecf767571e18ac1b70a4aad2ac4f7b9139bcfc987d"",""0x60642c6a8412d200a3413c5426afef17f3d72d45fadaf5cdde98b783893518ec"",""0x1fd6cd46a30ebaf43fddfe1aa0f8499987a4d3e3a687e3b577d2d1f1bf4d9e77"",""0x429b49322f39406d28f591c75e8222ecd51db05a599ec5d128466346627eb705"",""0xae105f7f87da768b512fdfdb98a0fbf6131d1571893bb99b9a0ab477ff1702c2"",""0x353fcfc68b913bba883a1cbe437235257a5567ace334e692406b2239896cc845"",""0x7c9cdb9fd07a0e95dd225ef751470ce88b43ad6e9e209b3b95404c7a6849e39b""]",[],0,0,1,0,0,0,0