responseKey,responseStatus,responseTags,presetId,sampleId,repetitionId,mutantHash,n,k,j,selectedHashes,killersInCandidates,killers,FE,HR,GR,UR,OR,RR,KR
bstpstaking311m02a43993,valid,,3,1,1,m02a43993,100,10,10,"[""0x191c25b6fd5ca54d4b1680085420b4bc0554dd2676176916fced160d572374fd"",""0x59dd41a31be217e451080c6bed4bc1592897fe4d90fa0d98570d876c6d76e70d"",""0xc55affca1215c084bf128ba0988f72307688e82dad27f78deb20fcd099ee6cfd"",""0xbf8c1230d97d1734b786b3a58bf3b629894750bf1d7c2e0dadf3021d6c4a3906"",""0x370e52ad6604a397814776a59e7be59b067827b04a261ded2c14100b1109386f"",""0x58955c1c0021cb90b08d6b105ea15f1ab52e9d9b999eac1ff86fac6fb9fcc1d9"",""0x6f2888caabbf7a960fdc5d61359cdc84334ccdd981d4287268a974d004b802d0"",""0x6558a669e80e6ba9c26b920603a907695f08d4b5b068849f9bc36f29614dd123"",""0x5a2fb4cd5e9dd5493ef26362c926e748b9d676a9534e4976e2eb58359eb1421d"",""0xbc1991160787319134d096955b66d3a980eaa2619f511cd1681ec497b0e9203a""]","[""0xb1d52412675094b54611913899744bda3aa3c67ce51c9e9d61d8a49d9cc84caf"",""0x92c0efa8758ff02dd06dfd438cd6612b6e3590f9c8b7c0932fd418903855a478"",""0x80288ad5dc62d58560df110a3535af497449f9f6f4f71e34500b9f5045943ea7"",""0x90ecb607bbb48b913aefe5003509412fcdc1a78708f7390fad1c6953be606038"",""0x08c294941588d570c4ae95ce5aaf4a1592f278bd19029a2851efff2d86015692"",""0x3b5d1234f10198acc136a10dfa09fa0a1a59de504bc0d9a7c35446f692b7c07c"",""0xcd09dc92e8736934e461988f29064ea4e49ccc41310e47a797ab8e787536e77d"",""0xb002fb01be58fedcd04d5ceb2895feaf22973ac1205efed3d2db367bc6d7525b"",""0x7c40aac49a736517f5c440f9392f1683424054f2ffa6df7c2970a52c11db06ca"",""0x6940f8c3529787bcfbcbf21fa64207221930bb64f69f1727136674443bba43aa""]",[],0,0,1,0,0,0,0
bstpstaking311m069a3556,valid,,3,1,1,m069a3556,100,10,10,"[""0xc07123b97e3b7fb310541633f72936c40f21f7a507de51256f9c4a68505fe755"",""0xa96998d7482d5388fcfec7817656589c7dde92c5b5de8b537cd15bd1e45bf003"",""0xa975691b986b4bd9a07e89ed53334e6673ad17210c80a7171fc789ad9a6c2241"",""0x48ba115d52a62585dc5bd5adf927ddd89f36a37b833979456398a75ce137082d"",""0x66586797b78ed990c07a5ad805f88e190086597218283fca07a0998ddaab7875"",""0x3bc3450b1ac77b125898b4ba83f10fd309b5346e6d043755308e7298ca049c69"",""0x5e682ac2e4958790d19f20f861f8e16a3c781f2cf08a1e29df87bff840695178"",""0xd5166cc672f96a8e49f42526120aea87115f34d3352f0d3da796678b2b76ddaf"",""0xfca88e4b92586b7b1241cc8fef8bee6ebdb9a9094f71614a4b8b6ac72914fb56"",""0x06c71fc610020b8756895e0b21ca2d61cee6ca8547b34e022866e9e88699d7d8""]","[""0x230550ee2f183f79fbee87b09e6157a7bfd65abfefa14a749660749b7fa0d6b4"",""0xe5da0f8dfb6b491adb9c38f755f10e08bd498ab5979036394be3930984053206"",""0x505f78474c398814eb0ba0cc3c08f6129e12bf16431876853283a43beac9d141"",""0x281cd26d80e9cd95f098908b641c2534121c033c47795850d88fdab6f04f2af0"",""0x12c0e8caa1bce7d499cbbbc665fbb364c09cd2977856fe2bf0027b9c600b9022"",""0x8d357dcd4a7c14d4a0f33a6d36f83ab30a8caad65d222d503f46d94d277f7c24"",""0xcd6d08f520a5a6aebaa079033393b6393e347445be26d2c107e8d7ee03c8f13c"",""0xd7531695dcd358a4f56787acbbd65565a09fc63eff941ad49498daeb1ae38f44"",""0x429b49322f39406d28f591c75e8222ecd51db05a599ec5d128466346627eb705"",""0x86ae1d3cfed9f994a673ca32c9ebb44c1b77c8c3781c16a0f6486fea4611ee5b""]",[],0,0,1,0,0,0,0
bstpstaking311m1a5bd173,valid,,3,1,1,m1a5bd173,100,10,10,"[""0xc6a97d34bb42db0a2411ee2a04a39e1a349ac46d0facc8d8aba2ac45c1b9eee0"",""0x463a6d79a1b14e1245e8a22a93eae203235f05c5835dce53dd44083cfce2ddb1"",""0x2810a2647fc8a040ec0828691316e1d0e1363d42f47f3bf80e2accb7bae8de17"",""0x1450a2ad54db1f6259714cc9ac588cd99a4c4c03f9526698ab2fa1de7df5a66e"",""0x803c04e9d0b2c4e90a99c31dd8519bf915308014ab129a6ef5635c5707119a44"",""0x33da2b3594ef9db6bcb504fb42dbeb618bd4744bad06118ab8bdb7d67bdff688"",""0xb62a93a4af9e98302c8ef25df57b7a8d3e8ce50815f06bbd35bea1297ebdda46"",""0xf1879fa34d28e0c927a41d89d1fe6e24b2f9af0393cd1a6b1f2f1b780b37f7d2"",""0x4ca44da36abcd1aaa9c48e01eeff54ec38f10ff0e87a0f1421bdf9ec95a29e48"",""0xbc1991160787319134d096955b66d3a980eaa2619f511cd1681ec497b0e9203a""]","[""0x16a4b9d56a3ab5e2ef284d0e822e6707757b125228793b37bc9e037802da9d9b"",""0x86ae1d3cfed9f994a673ca32c9ebb44c1b77c8c3781c16a0f6486fea4611ee5b"",""0xa4a5871d752ffcf82f0971f07904f7cdd34150574ae793fcf1bff93d1aa06ff0"",""0xaa8fad824a174e57accf11eb34b23d020d6aa685da1925b1c30a611ffdb95a0e"",""0x80e64594a9d4fad2c6617c96707f6c9a1a78970b22d16066311be57b6d24a7da"",""0x39700501189242fe3b7185fd03a5cace111de24b0c6b66471be82d30bc72ec27"",""0x7634f8326375f99ebfd7a8b203b7442a56b18cf7dc73f6238abd4122e8090b86"",""0x6ea2e4d3921eb79867ba52b40ba2fdf4df2de7e307f65f7742bf9f3bdb48a96c"",""0xe2c89165b1663cbef76d4db4aff33d030d5826b8a643a445b8531c288e7745fd"",""0x60642c6a8412d200a3413c5426afef17f3d72d45fadaf5cdde98b783893518ec""]",[],0,0,1,0,0,0,0
bstpstaking311m30fd2845,valid,,3,1,1,m30fd2845,100,10,10,"[""0x272e149a70bc0896c48886227c553446aad58de29d8305c185e44aece09d51c7"",""0x475c36c4c60e0af2eb4580055777910ab6c788c95f66d33f069723d9ff62ed25"",""0xdb5a04c37cb2abdcd30f50613d889e78dd0baeda292662af61e484d647010c52"",""0x70f6a60ffde5d6f154466a7f3cee3fb93a235a0b59ea6d820ec8265e2456b8f8"",""0x6ddf485c65c0ac3e76a6a703214fda27c77b77b9666aa25908be5eead7922d47"",""0x6a88071a43b422b5b8bc2b51f8d1f7b8fb5ffbb9c0147724d4b5053293f9d2e0"",""0x62b418caf7f4a143bc65e2cd9b398904d22346c866810016d82b852f5e219790"",""0x58385befa6218aa1909beef6dee30a462780a5145084aa81246fa491f8af14b6"",""0xcb26d6e3a16afa1ed451a1d7394a01df6edaa227a6a3e751727838a4e94fad0a"",""0xde49e92354c2e5883e48615f761d64bdc4f8ac69dabfa35cf2d07dbd0dacf890""]","[""0x73d6c0efd0550ca38510ec910998f28c5f57de699ed4f4eab13ed86d90fb6b07"",""0x16a4b9d56a3ab5e2ef284d0e822e6707757b125228793b37bc9e037802da9d9b"",""0xe9bff1484b60de522b5fda8d2a44f33f1ba6a17ca2db76472f469a91f2245a8b"",""0x7c9cdb9fd07a0e95dd225ef751470ce88b43ad6e9e209b3b95404c7a6849e39b"",""0xb3788db79f3ad700a3cc134a27acbcec7a0a587ffbcdf5927faa24e5c362d493"",""0xc2467251882eb44d5415c8fddda0ba28022dedaeeca039a9fa1e56bb4cb2aba3"",""0xea69777677b59561b3782267ef6a65d6e0f38e1fea58f1ece52358972347edb0"",""0x68fb332560fdf6ea1d74d8c4bfc3ff952f79df911ac17e478862c0aa1c736db3"",""0x9920c06a362172692e96bab008e569caa257aaec2c8f130f3564a55f2f52357b"",""0x262e2e527250bfc9fea90edce78f93b95ce16f345766eb2534ba2fb39906d951""]",[],0,0,1,0,0,0,0
bstpstaking311m33799275,valid,,3,1,1,m33799275,100,10,10,"[""0xc543bfc6a2ff3dde7e8fc8e514e146513529a4731153d483ec8459fae3d11f2a"",""0x0ba8519c524732bb6cd8845163c18184f59ffca54480944de9b2113041b462d6"",""0xdf6439719124769b552145b537568919eeb37626e099208848ae0eae723f522e"",""0xbee42fcfabbb09eb9c70e48c9033e4542707d8150d3d6641a8d299759e3c4403"",""0xdca6904f38b65b052eb32e4462db0e3ef0bef2e9950a5b7eb98f0712f35c93cc"",""0x1c64ad766dfa4fa9d74a4d2ce01848b8d5a7da03dd7621fcc2404e4022284ea2"",""0x20bfc0888ce15b003ee1b917220e509304a3df76315d5d1c1e6319d8c4e792b3"",""0xd2058a0a741fb6255e316635f27d0a4aa2ea54565d1c9d0eb2e86df63b773e53"",""0xf0709e1c317f62da73e2744732c270aa269aeeeda9aec9f535b4816de23fb93b"",""0x2564d285791f9ad50063b926df6a1f17407c5b9dcd0ae2c08cc82c7f76e68021""]","[""0xcd09dc92e8736934e461988f29064ea4e49ccc41310e47a797ab8e787536e77d"",""0xfd70d4311b5768c6b6bf7ecd75518b0b26ba2529cb7cf75e450bca9f0d366daa"",""0xa7831feb3b6ce91bfea938682651e70d662f1266659cbce6eaf0526e45512a68"",""0x29eba7ba49866efd89a8dce8d84688734eb0b4b198d4992b288b36b31540c8dc"",""0x2c6db858294994968533795d44c86dc8f050d3652066b8ceadf9d3b73dc7d902"",""0x8945bcc45087a8bfb2e18a5306781be29a69dbac49c73ab68b0d6c56a67bc0f9"",""0x5b677b1ca640fe2fa90ccb13036a107a5177af4f0b0bd5ed853ac029e427d019"",""0x8cc4b8cdcb727613f2378e83b1e459ef38061ac468dcb3d02730b17ef2a02673"",""0x49e5774ab139905928ff21d948254adc70aa28ff5eea2ac796f32b0549b267a3"",""0x106ecf713381cc7ee659b224caebb8c2d8402304fcc03cc12f04d9acb19beb31""]",[],0,0,1,0,0,0,0
bstpstaking311m3b4969fb,valid,,3,1,1,m3b4969fb,100,10,10,"[""0x2e193d5ce0897074fdadcda22e868053a880fb33daa7aae7eff728b819b7e9e8"",""0xeab13d44c08c5ceb171f08015d950355ab72410b965239a1c4f07f1b1d43792c"",""0xe6418c75ae473855ddb6b9dd3eac4e88af48e037bdc1063c35cde8ba136d3954"",""0xaaddad0732e448e7e0b5bf5904f8bd7746f4c560bc12fc07c73941d525498d50"",""0xd257dc770c415592299517bc82b40679bb383ced71452defe7745bf564d0c2a3"",""0x9e087f7bd1b781a46be608096cf227324d8a3e30d57f0a1d050cfb8e4c1d2c90"",""0x58385befa6218aa1909beef6dee30a462780a5145084aa81246fa491f8af14b6"",""0x0ffd9d2614b9f671d46f72c34ea5196599288b5dfa0300fc530a0648ae15637f"",""0x1b649a7aa61f0f4f90c5d38308be295917139e516ee0c572790036b6519d0304"",""0x7ee6122ffe5045a29b7a40187e64f8b90aab3cbe9c16764b73683721371572a2""]","[""0xb002fb01be58fedcd04d5ceb2895feaf22973ac1205efed3d2db367bc6d7525b"",""0x106ecf713381cc7ee659b224caebb8c2d8402304fcc03cc12f04d9acb19beb31"",""0x682175835b69fee8ca4e1000194ccf6067372d31c29aa0c1fb86d118274fe35f"",""0xc242c986f95f7cb745f870b1e292c03f57e59c36e809d37eb00cc8d235b22c5a"",""0x4c896b9c75e38294c3a07ab4ccb18852996db2708540195223e428ddf09d38a0"",""0x6a735d9199bcfde6d540397f0c81a9225ad8520e39847b9a367e7dd94565137d"",""0x4f70045f96345b6154f2e63f3fe4b06b6e40108aedcdd3afc6a66ea75fc3da24"",""0xffb33d2d1648788432430e96a9706f35a4dcfe30d45dd0e99a1eaf7e59ab6aeb"",""0xcfdc62eb5da1c0cc9f61c08540ca22833a6530d40de956ae254be5b1e0b59d74"",""0x5b677b1ca640fe2fa90ccb13036a107a5177af4f0b0bd5ed853ac029e427d019""]",[],0,0,1,0,0,0,0
bstpstaking311m4239fd1c,valid,,3,1,1,m4239fd1c,100,10,10,"[""0xe4a36c881c35b07714a2562049bb6d76677c7e6b9379c9e84767c3e93c94182c"",""0x6a64d10b6ad89e2423683c6d3538752fbcfca6a4b5cc054afe333a9ceba922f9"",""0xd9293176125197a9a57c96e218d75ac08e0c348ad50e0183dc488660b8f11ba2"",""0x8f56779de0ea58c8fe03313265178f50a661a16daf9c775ee98cc32cd2ec74e6"",""0x2eb82b8aa3885f189d5bea22693cd447d1a3ffd7eb9d560d51dfb567332a3c6c"",""0xdc5759af11a560c9b446a67f050dbdf28e9fd6f69dda726769ba0a4816999922"",""0xf3695a9d82d4d11c34005a8a7a6d6883f3c874ce0abe9f224839c51a1946c69b"",""0xdb98ca87ae05516c9a74844be3ee000ee8ea8946e4314da83c74f2494d8a2989"",""0x236881412de6fd02477f6cb5fb1eea2bd2b7e0b8cfbcd03e09fd9002abfbe600"",""0xfea3811dd37ba91d8fc3bafc12508f36c5d00bc9364f0ddbc574e44ccca137fe""]","[""0x483e0faacc32045385006ac1d42d028b103a2e2e02f320e20037d0d36be54907"",""0x89c823bf9976eb820ef3b2041267ad2c6eed1f83e2ab87cdc4bf9577cff5a748"",""0x3c97283efec66e1a5ec8437966e087338da20f0aad3723d41d52c67328f7efe4"",""0x6940f8c3529787bcfbcbf21fa64207221930bb64f69f1727136674443bba43aa"",""0x106ecf713381cc7ee659b224caebb8c2d8402304fcc03cc12f04d9acb19beb31"",""0x90ecb607bbb48b913aefe5003509412fcdc1a78708f7390fad1c6953be606038"",""0xb7eba087f5cc24fe2d08675f1cd5a26ebf3fd48642175807fccde9db3ffb3752"",""0xdf845dfbd70267c5c523805713303d6f4b7b91d97219e28f0508b46315e5e0e2"",""0x8a5fc9c813f0cbb1fbb3c86b71678b733f90197cd9b0fec7ef5b2e74d2827527"",""0xd9067ec22c0a52c0bf051e10e841161ac9d25bfedf069957979cc6f267cb6324""]",[],0,0,1,0,0,0,0
bstpstaking311m61fde19d,valid,,3,1,1,m61fde19d,100,10,10,"[""0x742e8d6b7f4f58aefb491ed7e81f4e917dd07cc98fd42fc88aef43291b0a8204"",""0x301a4c5325fb29a54b2da09b372d61c8ddf8ca7e4f52c0727cc0f5247bdcb444"",""0x1b21e7a1c428621dc0111e5c469259599f82fe1837877d85bea8dcbf95e21a8c"",""0x63f077c22b87f00ffb56c16cfd771e2ecacdd99c36744c22e759b77c8d5875fb"",""0x60f5cd9d1c72569402f084e1132cc01b5eb7a00a7e779062640f95eeb64959e4"",""0x6392d1b3cf85732c8fa2aeca7af22c6ca69775edaa4caa04b75213f389b07712"",""0x077c221a7960c935c4034902e7cc66c0514270859fa6907387399f27a31d04d6"",""0x241145b169eb7335c6c3a55c542c7857ebbbe2cbe47e2bc2a4f72062e1ba800b"",""0x44f14728d1ed43ac81a622079f50a95594e2238611c5ecc35443a0feae67d63a"",""0x8f56779de0ea58c8fe03313265178f50a661a16daf9c775ee98cc32cd2ec74e6""]","[""0x69f76a6458130c9ded5a13a31db3715ca829f4a679d617f3e492b9116677d10c"",""0xdabbd1bf365dd83a0175d5e359d11f8d109116b0745646ef8d2c6a2efcf851df"",""0x281d75ca73c64a8633ed60198d5e953cc41cba8132bf7dfc97a978d37dd83726"",""0x7c9cdb9fd07a0e95dd225ef751470ce88b43ad6e9e209b3b95404c7a6849e39b"",""0xfd6b6381e462eb69a90451498acc82533df2612f7e00141667dbce964caa982e"",""0x8d357dcd4a7c14d4a0f33a6d36f83ab30a8caad65d222d503f46d94d277f7c24"",""0x37890a125406e5e42ba213b40b55685bc6c328fc0106903b123b70d8312c1000"",""0x06442c0ccc9ab367282f06426924517e0a49c25e50a492ad91aecc55b655f458"",""0xe5da0f8dfb6b491adb9c38f755f10e08bd498ab5979036394be3930984053206"",""0xe2c89165b1663cbef76d4db4aff33d030d5826b8a643a445b8531c288e7745fd""]",[],0,0,1,0,0,0,0
bstpstaking311m6489f990,valid,,3,1,1,m6489f990,100,10,10,"[""0x8e0fe0f656e916603b21dfc46871616ecb7b642b28e5d883d2c499a8c5e837e1"",""0x34a4d8937f3354a8c46b9c2b29c4ce9f1ea8d0bcdf66b5633b3e24cfd92ed2d9"",""0x795399050aae731a8fb0651e6f99b4eaee8db493bd96ff86da6f6fa03c04b181"",""0x8dfdc5cf3cb02e7e591f87507f529f23ace45f23d37d2cc53a0be7ae48327735"",""0x55438b3cc8a7b8feb076576689edb0eb929cc5e619c8e3081ca280d3e78956fa"",""0xfd20133ec486c0ab3acaa7eedcd7170e5c17ac4821e7f799014bf5ac5d4a15d6"",""0x548a6d0e11a56a2f3c816358d5a6d33f238307fda325329c3fef19c266a0ad45"",""0xc2ffac38150fc2e08a11fe55ee74c9abd7af09e9ed476faaf590e2cc957e47d9"",""0xc9934edef10f228ceae43f18632ddd98051ed4be2403be15d14f2186731c579d"",""0xafa9938236b1684d4285e0eed9ec046b0a0bb88755b62b6a7bdf2a7963971aba""]","[""0x73d6c0efd0550ca38510ec910998f28c5f57de699ed4f4eab13ed86d90fb6b07"",""0x3c4ef3727c5acae7ca4976ecf767571e18ac1b70a4aad2ac4f7b9139bcfc987d"",""0x8e6ed61f936c34115ed64b52efb53b493d279f72a1ed2c1dde342f98dfc9178d"",""0x01829fcc6d779d94ee869f97379c6516562dc7f8b74938742ffefe6b09b93fbc"",""0x262e2e527250bfc9fea90edce78f93b95ce16f345766eb2534ba2fb39906d951"",""0xaa8fad824a174e57accf11eb34b23d020d6aa685da1925b1c30a611ffdb95a0e"",""0x429b49322f39406d28f591c75e8222ecd51db05a599ec5d128466346627eb705"",""0x08c294941588d570c4ae95ce5aaf4a1592f278bd19029a2851efff2d86015692"",""0x6ea2e4d3921eb79867ba52b40ba2fdf4df2de7e307f65f7742bf9f3bdb48a96c"",""0x281cd26d80e9cd95f098908b641c2534121c033c47795850d88fdab6f04f2af0""]",[],0,0,1,0,0,0,0
bstpstaking311m652a5fba,valid,,3,1,1,m652a5fba,100,10,10,"[""0x8fc1d1e2c016ffb36d59c5dc3fc66f326f0dbf2f44da8dbad7ce668c0c9e69dd"",""0xd86edee3887482aaa87bf056e6c0699a0ead02b8267c06b9514d0a31ad11a63c"",""0x328f7be4ec6d63ed0e1dd41047b5896d99cb54136321dee3b2aa6286995f81e4"",""0xb59955c989aea7aaf088dce99bc3627f33329ba87f9779f65b2ecce3d18e4ca4"",""0xb4f591edb7bdc05c11ddf5a0cdbe2eec6415a7603838b88dc2170dd1fe549d4d"",""0x8098ba5215ca196df26f41445299c22f0a605456bd06648f09fe5523fa0c03a0"",""0x8cb4e935054bf80a0deb1c922537b01afc0faa4e049982c83eaa120b4e969349"",""0xf5ff796b02623d8ffebddd286003d9208b758b7e995af4762e8e60bf84d17b4b"",""0x22d1716ffb9bb274002218e585fed2bb7cc521962066181eee01980bb8ad67dd"",""0x854bbb4f3e5429e2345d3ad6bcf848b5e050a8130ba43790818ce5011cc437e7""]","[""0x5b677b1ca640fe2fa90ccb13036a107a5177af4f0b0bd5ed853ac029e427d019"",""0xd9067ec22c0a52c0bf051e10e841161ac9d25bfedf069957979cc6f267cb6324"",""0x2c6db858294994968533795d44c86dc8f050d3652066b8ceadf9d3b73dc7d902"",""0xb65630e7129a1fecafdca9eb7dbe53130a12b5d3e2e984bbf9c9a5399c6cc30f"",""0x39700501189242fe3b7185fd03a5cace111de24b0c6b66471be82d30bc72ec27"",""0x856f01151a1c15aa053c920c11f2f4a193b3ed4250c6ee2ebf77c3390fe0f275"",""0x98383544e422fe17027cdac418f09337309386a10806b8ee02c8d32713923a8e"",""0x3c97283efec66e1a5ec8437966e087338da20f0aad3723d41d52c67328f7efe4"",""0x4c896b9c75e38294c3a07ab4ccb18852996db2708540195223e428ddf09d38a0"",""0x932383665799c1241f674264478c7dbdc9dbecd0c1d33b2034e91903326669df""]",[],0,0,1,0,0,0,0
bstpstaking311m66488430,valid,,3,1,1,m66488430,100,10,10,"[""0x60642c6a8412d200a3413c5426afef17f3d72d45fadaf5cdde98b783893518ec"",""0x856f01151a1c15aa053c920c11f2f4a193b3ed4250c6ee2ebf77c3390fe0f275"",""0xc83255e7f44f715ea7d2b6da08689900a9b7bb38ef204039561e14dde5e03798"",""0x0c2114c42e0d5896326c514e35990fbd18cd950490e70055e96a95a3b1e551e8"",""0xc264468971f526ca7e33e91f3e7eb4972219b58b783e80405007597ccb8e5022"",""0xb43c6ce35bcbd028636a86d54a3e4d2d9700310d2c1c4e090f21eae55ab13250"",""0xcde6f26c94e012a2700ee35e20b0af25d50c86e860ff89e6d07f9697b89ac5ff"",""0x9455c1fa0c32ea4b6dfcacb1d182dfd2e00dbf14899e6b7fd52c5456d51271f9"",""0xf8c72cffb1ba294950280f45de94d96dd6cf4d41dc84003ee6557588e4cbd9e2"",""0x33da2b3594ef9db6bcb504fb42dbeb618bd4744bad06118ab8bdb7d67bdff688""]","[""0xc3b0696840352e2a25a87160f85c766cba4c6b9424a40ded6b5e2eb28f9215f6"",""0xfc9bec6e17e3d34235748a04c8a772f602b2283e2946d9f68c2ed62bcdd2cd85"",""0x7c40aac49a736517f5c440f9392f1683424054f2ffa6df7c2970a52c11db06ca"",""0xcd09dc92e8736934e461988f29064ea4e49ccc41310e47a797ab8e787536e77d"",""0x92c0efa8758ff02dd06dfd438cd6612b6e3590f9c8b7c0932fd418903855a478"",""0x4f70045f96345b6154f2e63f3fe4b06b6e40108aedcdd3afc6a66ea75fc3da24"",""0xb1d52412675094b54611913899744bda3aa3c67ce51c9e9d61d8a49d9cc84caf"",""0x90ecb607bbb48b913aefe5003509412fcdc1a78708f7390fad1c6953be606038"",""0xffb33d2d1648788432430e96a9706f35a4dcfe30d45dd0e99a1eaf7e59ab6aeb"",""0x6b84de292cb6e3be779d6288c69c6a070bba523a2317a4d294c1616e10f137ed""]",[],0,0,1,0,0,0,0
bstpstaking311m6e7de01e,valid,,3,1,1,m6e7de01e,100,10,10,"[""0xc60c79e5e797d6f2455444ef04d78ddf72d379e5faf1dc1fe6599587e4dac666"",""0xbdfdeabc54c262f88e0fe7f2c43bb9d44af5c15f110a0eb8d7196139816e17e8"",""0xae22b42b16dd2621567cc07e52fd7f8befa027095313680ce0542812619a1fd9"",""0xba0b59354fd829e7f8a55d02ee83289c10626277f4098b15ba083a030fdf845a"",""0x142a296ea400f62094a016b10643f0d922916a4667c378092e78ef1fab5b44cb"",""0xa92e2e1dd95c7eae66d98267c6fc2a9daf8a7a5fd9875b791f8d9b138cc9ccc3"",""0xc6a97d34bb42db0a2411ee2a04a39e1a349ac46d0facc8d8aba2ac45c1b9eee0"",""0x75b256984572017634dd61c43fc27df18ae3ba5d0619b94d91f62a87f6859ec5"",""0x12ce7eec3d3856eb9a079ddee13a5303fcabc8ac80bba3a37d009967d17d25de"",""0xec59f54db26a024d642401f1ef68f3ac2180b41953b56c25807eaae167b0a6df""]","[""0x7c9cdb9fd07a0e95dd225ef751470ce88b43ad6e9e209b3b95404c7a6849e39b"",""0x353fcfc68b913bba883a1cbe437235257a5567ace334e692406b2239896cc845"",""0xaa8fad824a174e57accf11eb34b23d020d6aa685da1925b1c30a611ffdb95a0e"",""0x3c4ef3727c5acae7ca4976ecf767571e18ac1b70a4aad2ac4f7b9139bcfc987d"",""0xcd6d08f520a5a6aebaa079033393b6393e347445be26d2c107e8d7ee03c8f13c"",""0x281cd26d80e9cd95f098908b641c2534121c033c47795850d88fdab6f04f2af0"",""0xdd364115eefd88d44ddca902abb962bd1038efc911e81847f0d1911029cb83fc"",""0xe2c89165b1663cbef76d4db4aff33d030d5826b8a643a445b8531c288e7745fd"",""0x66dc91c1375c97a345396b765a31f83a172cf55a43b176b21f6e7ca8e695b9fd"",""0xd7531695dcd358a4f56787acbbd65565a09fc63eff941ad49498daeb1ae38f44""]",[],0,0,1,0,0,0,0
bstpstaking311m7dfad905,valid,,3,1,1,m7dfad905,100,10,10,"[""0x9044ec8b60a60d3395a2c0af75805fe9de9ef145617fac65e45690b1df34da2e"",""0x112ee88764a7d60e7dccfa2cfe230182fdbb4c23520658a84077679418d73400"",""0xaef34b8afe208c91dbae6c97ee0833aca5a94e75db707be238d62aa32d1b0d5e"",""0x81e2e7b1be485cc429132e1f38981069e2f63442881a0e05a59ef346a29b23e0"",""0x0f32c8a332902ef7a880dad60dc8362bf8c622e3ab76c4422014d250ef0a0aad"",""0xdffc119e93c9575ae368cbe28f20d89752b1670c3028773426ae3389d13c5d34"",""0xfad01488359d94785d233c0a7bb774ae8944c943ff18a3fbfdf10ea7f697350d"",""0x74218a134b0b165b1006edac690204834d0dd21de24457913c436e577bc30aa2"",""0xdf6795024f67646d7007778da79df9112f1348c89c7750db89048817d111b882"",""0x07bc3b868e7f0dbc2ed63b76bc32cea7438c29e919b2cb52930a54f9db338cdd""]","[""0x106ecf713381cc7ee659b224caebb8c2d8402304fcc03cc12f04d9acb19beb31"",""0xfd70d4311b5768c6b6bf7ecd75518b0b26ba2529cb7cf75e450bca9f0d366daa"",""0xe70b739d2c9d746514eb24b9ed0d3b51448a0a5913813a2864aa9be0ec65e691"",""0xa7831feb3b6ce91bfea938682651e70d662f1266659cbce6eaf0526e45512a68"",""0xab461bed3349317736818b1dabb4b0c82cc986f81bc20a4f98abb1cf118525e2"",""0xcd09dc92e8736934e461988f29064ea4e49ccc41310e47a797ab8e787536e77d"",""0x49e5774ab139905928ff21d948254adc70aa28ff5eea2ac796f32b0549b267a3"",""0x6e53ec51854bc45ec72e747b9db61797e1b20b6c0f523a3f2ead783fd267ed91"",""0x9a0ed5a06fb6051d9a659f829e57ea0e382f714cb43d55efaa317c69cfae14ee"",""0x80288ad5dc62d58560df110a3535af497449f9f6f4f71e34500b9f5045943ea7""]",[],0,0,1,0,0,0,0
bstpstaking311m7e72b6a8,valid,,3,1,1,m7e72b6a8,100,10,10,"[""0xe96b96882de88437092598b2e1571a96c1fbfb0f110dc9352f74b9ac645b7c59"",""0x6f3aa452ac3ebe7bbf3dfeeb82157ebf7c8b323920d2d7953d9a52c3b0d0d921"",""0x87d1e2119f0d4f2d219cd2176ae90c8876b6fb363d4af742c2973a0e8ac74f62"",""0xbfb50c3557cd2ca160412e98fcfac9a88ca761c1d721df039f4c58ae10fee834"",""0x5ecc80d1fc4b94b170316bab7db0d6918566d79f3b46b3aa43cbc069a079f8e8"",""0x5c3adac6f5f19b2194ed069469e7bcdf6471e15c1f02f8b32e70f5c3cb2387c0"",""0x1ddf32141096434ec045c9d66e0349871a90db89de4763899348111455125752"",""0x0f534e8adaf899481baefcdecf76cc58bb218754d0d22b64a3a16da9ac517cb3"",""0x55bdf9272673685fbddf8c197de48e0427fa244f52ecffb113164a0915359c7d"",""0x8221d0f6fe62fc8120fd3b22c740a896d947fb1581163983c25cad744bd2f5fd""]","[""0x9a0ed5a06fb6051d9a659f829e57ea0e382f714cb43d55efaa317c69cfae14ee"",""0x98383544e422fe17027cdac418f09337309386a10806b8ee02c8d32713923a8e"",""0x8945bcc45087a8bfb2e18a5306781be29a69dbac49c73ab68b0d6c56a67bc0f9"",""0xd7531695dcd358a4f56787acbbd65565a09fc63eff941ad49498daeb1ae38f44"",""0x99196e62444c2ecc416618bcc5a3424f9cd5641d6867c8e258507c7d89a4a88c"",""0xe40523cb93f50925b957e5e448d59b64adfad0b41a549e68dd171dd988bc17a5"",""0x4c896b9c75e38294c3a07ab4ccb18852996db2708540195223e428ddf09d38a0"",""0x7c40aac49a736517f5c440f9392f1683424054f2ffa6df7c2970a52c11db06ca"",""0x49e5774ab139905928ff21d948254adc70aa28ff5eea2ac796f32b0549b267a3"",""0xffb33d2d1648788432430e96a9706f35a4dcfe30d45dd0e99a1eaf7e59ab6aeb""]",[],0,0,1,0,0,0,0
bstpstaking311m8051415e,valid,,3,1,1,m8051415e,100,10,10,"[""0x4f70045f96345b6154f2e63f3fe4b06b6e40108aedcdd3afc6a66ea75fc3da24"",""0x8cc4b8cdcb727613f2378e83b1e459ef38061ac468dcb3d02730b17ef2a02673"",""0x29eba7ba49866efd89a8dce8d84688734eb0b4b198d4992b288b36b31540c8dc"",""0x92c0efa8758ff02dd06dfd438cd6612b6e3590f9c8b7c0932fd418903855a478"",""0x80288ad5dc62d58560df110a3535af497449f9f6f4f71e34500b9f5045943ea7"",""0xa7831feb3b6ce91bfea938682651e70d662f1266659cbce6eaf0526e45512a68"",""0x483e0faacc32045385006ac1d42d028b103a2e2e02f320e20037d0d36be54907"",""0xd5568fd406d7db628afa415d58bf5bd06959a92398aa702548e8e04793bedd47"",""0xc5f5c2b6fd2664782fd91f4908a13021636ad6506533d431c44d44b8017caffb"",""0xe9f2e59c99f6702fe18858aed20149e2f0d56c61902abc83ce67a4412e971a06""]","[""0x4f70045f96345b6154f2e63f3fe4b06b6e40108aedcdd3afc6a66ea75fc3da24"",""0x8cc4b8cdcb727613f2378e83b1e459ef38061ac468dcb3d02730b17ef2a02673"",""0x29eba7ba49866efd89a8dce8d84688734eb0b4b198d4992b288b36b31540c8dc"",""0x92c0efa8758ff02dd06dfd438cd6612b6e3590f9c8b7c0932fd418903855a478"",""0x80288ad5dc62d58560df110a3535af497449f9f6f4f71e34500b9f5045943ea7"",""0xa7831feb3b6ce91bfea938682651e70d662f1266659cbce6eaf0526e45512a68"",""0x6b84de292cb6e3be779d6288c69c6a070bba523a2317a4d294c1616e10f137ed"",""0x483e0faacc32045385006ac1d42d028b103a2e2e02f320e20037d0d36be54907"",""0xcfdc62eb5da1c0cc9f61c08540ca22833a6530d40de956ae254be5b1e0b59d74"",""0xd5568fd406d7db628afa415d58bf5bd06959a92398aa702548e8e04793bedd47""]","[""0x4f70045f96345b6154f2e63f3fe4b06b6e40108aedcdd3afc6a66ea75fc3da24"",""0x8cc4b8cdcb727613f2378e83b1e459ef38061ac468dcb3d02730b17ef2a02673"",""0x29eba7ba49866efd89a8dce8d84688734eb0b4b198d4992b288b36b31540c8dc"",""0x92c0efa8758ff02dd06dfd438cd6612b6e3590f9c8b7c0932fd418903855a478"",""0x80288ad5dc62d58560df110a3535af497449f9f6f4f71e34500b9f5045943ea7"",""0xa7831feb3b6ce91bfea938682651e70d662f1266659cbce6eaf0526e45512a68"",""0x483e0faacc32045385006ac1d42d028b103a2e2e02f320e20037d0d36be54907"",""0xd5568fd406d7db628afa415d58bf5bd06959a92398aa702548e8e04793bedd47""]",0,0,1,0,0,0,0.8
bstpstaking311m810b37d6,valid,,3,1,1,m810b37d6,100,10,10,"[""0x41793894a0d16ab866093eec09eea8e7dab983a21984133e6365eee212f3a9c7"",""0xdf6795024f67646d7007778da79df9112f1348c89c7750db89048817d111b882"",""0x4d1f4a08e41ec3ab3f41e9b6ce588f83f7098005d794d67b1ae234c07ff52acb"",""0xea781a63f52218d3206c8551dc34e69a86121dd844278505acaefbb285929352"",""0xd4eac3d16c253064095f2c707ed4da3a8291a87c7e233c60ebe1ca928b00e3de"",""0x38be3c374fc4c24225fa371174e3ddb7456f756e0a604bc2f390ea3826ae020a"",""0x90ec308e5f27e658dcb24f5b56022e2ce4a1b440d8aab143a10c27f074dcc83a"",""0xec59f54db26a024d642401f1ef68f3ac2180b41953b56c25807eaae167b0a6df"",""0x3fac06731443d1ad8965067146ffc0bc872f5bf3f434faaf6a46cb8d1958917d"",""0xb834b4418a794f8eb79c740b34689b68d4b943383fc2c5cf2ea422584e8a98cd""]","[""0x14d09a4d420ae8a7492d23eb1beacf31a514ddd9765719262cf2a750248f046e"",""0xedb061d6c685949f3e6f6b2fbc31238ae6ee3c1a2760e056b5c3e5e2304df8af"",""0xd7531695dcd358a4f56787acbbd65565a09fc63eff941ad49498daeb1ae38f44"",""0x6e2ec90f7c36a36b5344a2aac6038ddc9c3860de12975f71142181a7a81c8609"",""0xdd364115eefd88d44ddca902abb962bd1038efc911e81847f0d1911029cb83fc"",""0x68fb332560fdf6ea1d74d8c4bfc3ff952f79df911ac17e478862c0aa1c736db3"",""0x37890a125406e5e42ba213b40b55685bc6c328fc0106903b123b70d8312c1000"",""0x69f76a6458130c9ded5a13a31db3715ca829f4a679d617f3e492b9116677d10c"",""0xd315b8c83a9e2edb719d67cf2cc732391e7c9d9fa55ab87f926ee4c7046a8578"",""0xdabbd1bf365dd83a0175d5e359d11f8d109116b0745646ef8d2c6a2efcf851df""]",[],0,0,1,0,0,0,0
bstpstaking311m9189f677,valid,,3,1,1,m9189f677,100,10,10,"[""0x9cdac732bd194ec563b0f797f75b9244b195730a163ccec1a5cd5f36ff3d5445"",""0x9a9a1f540231314765f22b4ad86a0b2842a2921a590b03274049bac3b2643245"",""0x24f9218adf79c104bedfedf7890d4204b575153662d2926a63eaf682f636b496"",""0x548a6d0e11a56a2f3c816358d5a6d33f238307fda325329c3fef19c266a0ad45"",""0x7dff03e9151eef7673af7ed88117e897aded4bee06eefc9219e8f5627d78ada3"",""0x3db5fadb8b304a184cea2758d436991de39106bcc1625ad9c7f8dcf4d3135631"",""0xaf3a216d8e710a9f3110a955d0417ee71bfea76b036886a6eca8f5b7fa1bf1ae"",""0xc63534e5868b99d0f378a27f68db671d8751dabf51b6c397dddc55169abf6c7c"",""0x501f612f3a02793486c5e69a601f06b1f7bf9eeec98c8d8a53e04ec21fbe35ad"",""0x38dd2d254f28282266a3fc35233ab395f48564e844c2ca78c59f73d4a6a404a4""]","[""0xcd09dc92e8736934e461988f29064ea4e49ccc41310e47a797ab8e787536e77d"",""0x8a5fc9c813f0cbb1fbb3c86b71678b733f90197cd9b0fec7ef5b2e74d2827527"",""0x483e0faacc32045385006ac1d42d028b103a2e2e02f320e20037d0d36be54907"",""0xb6956c09b733a91561395f6f106aa19a23a1df4c453562ff602fdc30b0b773ad"",""0xb7eba087f5cc24fe2d08675f1cd5a26ebf3fd48642175807fccde9db3ffb3752"",""0xab461bed3349317736818b1dabb4b0c82cc986f81bc20a4f98abb1cf118525e2"",""0x682175835b69fee8ca4e1000194ccf6067372d31c29aa0c1fb86d118274fe35f"",""0xfc9bec6e17e3d34235748a04c8a772f602b2283e2946d9f68c2ed62bcdd2cd85"",""0x98383544e422fe17027cdac418f09337309386a10806b8ee02c8d32713923a8e"",""0xe40523cb93f50925b957e5e448d59b64adfad0b41a549e68dd171dd988bc17a5""]",[],0,0,1,0,0,0,0
bstpstaking311m970360f4,valid,,3,1,1,m970360f4,100,10,10,"[""0x04e631257af2cf26e527e146f4e090feae7f8ba273f0574dcd62a46da5b5fb8c"",""0x5bbc9d2413d5740c9cce8b34acbdb04e9c122cff7ece31c0620bfd2b7e0e1b86"",""0xa81cb00815bbbd6922c16bc3bb033577aa2431580aea7e7e13aca944c2233272"",""0x8096cab0100aa02898585587d038ed875c585da73c52072d6a842c5b96bac202"",""0x59dd41a31be217e451080c6bed4bc1592897fe4d90fa0d98570d876c6d76e70d"",""0x3fa2ea8f79b0524a3c5e834a216d005b6653291abad1f4cd5704c375512864c8"",""0xffc71158a1713cadd9222700d20f0c30f7bc8dd2bb13d82c09a45f991a58c201"",""0x241145b169eb7335c6c3a55c542c7857ebbbe2cbe47e2bc2a4f72062e1ba800b"",""0xb4f591edb7bdc05c11ddf5a0cdbe2eec6415a7603838b88dc2170dd1fe549d4d"",""0x0f7111fd4af91016f6e6efa1dbc92c6aeb75dff18e99a22095079448fc73483e""]","[""0x14d09a4d420ae8a7492d23eb1beacf31a514ddd9765719262cf2a750248f046e"",""0xae105f7f87da768b512fdfdb98a0fbf6131d1571893bb99b9a0ab477ff1702c2"",""0x281cd26d80e9cd95f098908b641c2534121c033c47795850d88fdab6f04f2af0"",""0xfd6b6381e462eb69a90451498acc82533df2612f7e00141667dbce964caa982e"",""0x68fb332560fdf6ea1d74d8c4bfc3ff952f79df911ac17e478862c0aa1c736db3"",""0x8e6ed61f936c34115ed64b52efb53b493d279f72a1ed2c1dde342f98dfc9178d"",""0xea69777677b59561b3782267ef6a65d6e0f38e1fea58f1ece52358972347edb0"",""0xe5da0f8dfb6b491adb9c38f755f10e08bd498ab5979036394be3930984053206"",""0x1721fbf3311a57adcac4eb75a9690451077fc079b0d94e4fa9d5a75bfb95e9c2"",""0x37890a125406e5e42ba213b40b55685bc6c328fc0106903b123b70d8312c1000""]",[],0,0,1,0,0,0,0
bstpstaking311m98d7930e,valid,,3,1,1,m98d7930e,100,10,10,"[""0x0ffd9d2614b9f671d46f72c34ea5196599288b5dfa0300fc530a0648ae15637f"",""0x501f612f3a02793486c5e69a601f06b1f7bf9eeec98c8d8a53e04ec21fbe35ad"",""0x1393e94f34761ba344117a1cf1bc70b40119c5cdbab5b1f26f7c7a2c82c28d15"",""0x9ca8626b06776b02e555a4f9fddc2f560f5fb18faa29eb0aea0f867af8064608"",""0xb43c6ce35bcbd028636a86d54a3e4d2d9700310d2c1c4e090f21eae55ab13250"",""0xca2954a71dae114a6edf20d5a0da9ebc717daf3a64133426b61c555f63c19de5"",""0x86c6e7b66f68adadbcf6ec4374bfb36e1cbc31646a79d8f828aa935f57ea3e80"",""0x272e149a70bc0896c48886227c553446aad58de29d8305c185e44aece09d51c7"",""0xd9293176125197a9a57c96e218d75ac08e0c348ad50e0183dc488660b8f11ba2"",""0xb4f591edb7bdc05c11ddf5a0cdbe2eec6415a7603838b88dc2170dd1fe549d4d""]","[""0x98383544e422fe17027cdac418f09337309386a10806b8ee02c8d32713923a8e"",""0x856f01151a1c15aa053c920c11f2f4a193b3ed4250c6ee2ebf77c3390fe0f275"",""0x8945bcc45087a8bfb2e18a5306781be29a69dbac49c73ab68b0d6c56a67bc0f9"",""0x8cc4b8cdcb727613f2378e83b1e459ef38061ac468dcb3d02730b17ef2a02673"",""0x1ebfa3f4b31da950a10ba4155a5675fdf5fb3ac42fe3f076668cfe359788f601"",""0xe70b739d2c9d746514eb24b9ed0d3b51448a0a5913813a2864aa9be0ec65e691"",""0x90ecb607bbb48b913aefe5003509412fcdc1a78708f7390fad1c6953be606038"",""0xab461bed3349317736818b1dabb4b0c82cc986f81bc20a4f98abb1cf118525e2"",""0xb1d52412675094b54611913899744bda3aa3c67ce51c9e9d61d8a49d9cc84caf"",""0x281cd26d80e9cd95f098908b641c2534121c033c47795850d88fdab6f04f2af0""]",[],0,0,1,0,0,0,0
bstpstaking311ma6f1fda3,valid,,3,1,1,ma6f1fda3,100,10,10,"[""0xd257dc770c415592299517bc82b40679bb383ced71452defe7745bf564d0c2a3"",""0x9add7bcde80edf6ee8f3a7cde3b47a7ea9aabddab95768e68fd0c1094aaa971f"",""0x91228fedec91d7b7710c887ce59017eb13339f6fed3313bf575f6b35bc92b7b3"",""0x45e045f6dae82d4b11d7eba533f903748cc6d452ab8dc62562fe47f2d65e6452"",""0x10fb69a224c6ae79eb937c28802cb04b14cc118d73e9ebbc0b8551c4ffe55127"",""0xc9934edef10f228ceae43f18632ddd98051ed4be2403be15d14f2186731c579d"",""0x05d67b42683f7434e5b0368e1155991e1499010aeb76119dcc790081d91e5137"",""0x8b9b49c95857064d78640a9f09aa0597b559aa12aea9c914e21ece60fa907c72"",""0xbee42fcfabbb09eb9c70e48c9033e4542707d8150d3d6641a8d299759e3c4403"",""0xabcbe210ad770d33d9d24f0b8e614292c8df6cc28ad6252c46062f7453833270""]","[""0xcc5a3914b6cc401b98a202e8075b56eb77670a1140412c79b48b965bce6e05f2"",""0x90ecb607bbb48b913aefe5003509412fcdc1a78708f7390fad1c6953be606038"",""0x6940f8c3529787bcfbcbf21fa64207221930bb64f69f1727136674443bba43aa"",""0x4c896b9c75e38294c3a07ab4ccb18852996db2708540195223e428ddf09d38a0"",""0x01829fcc6d779d94ee869f97379c6516562dc7f8b74938742ffefe6b09b93fbc"",""0x106ecf713381cc7ee659b224caebb8c2d8402304fcc03cc12f04d9acb19beb31"",""0x429b49322f39406d28f591c75e8222ecd51db05a599ec5d128466346627eb705"",""0x5b677b1ca640fe2fa90ccb13036a107a5177af4f0b0bd5ed853ac029e427d019"",""0x1ebfa3f4b31da950a10ba4155a5675fdf5fb3ac42fe3f076668cfe359788f601"",""0xdf845dfbd70267c5c523805713303d6f4b7b91d97219e28f0508b46315e5e0e2""]",[],0,0,1,0,0,0,0
bstpstaking311maea74e52,valid,,3,1,1,maea74e52,100,10,10,"[""0x6431631b00c2ba8f2d8847df43032fe70881beb36975effa3d2edbc19c9e21af"",""0xfd32dc7961b7334150c729bdb4be13d9b79a92caeadfeb56fb36c7a1a9614b1f"",""0xd0d6acf0ea9225cf1664eabfa9f1647612c3663584cfe349cf51e95eba459600"",""0x1918adf3227df9b5193c0b7b4da736ec1b7efaf27afa304310633e95182d1017"",""0xb8327b2ce36b4cdb40b7e742c7d741f065cfadfe1be6432087d30bf6725f9b36"",""0xc55affca1215c084bf128ba0988f72307688e82dad27f78deb20fcd099ee6cfd"",""0x041b9edad95636f2a53a4ee4fd1278cf333f002bf19946abb6359f5d994ae47c"",""0x8f56779de0ea58c8fe03313265178f50a661a16daf9c775ee98cc32cd2ec74e6"",""0xbee453f5d96064792d5d274651337d2834fc19206abee5a4f56ea91b25db7d97"",""0x7360edbccc2505bf89cc5c38dc938e5627c76e8e69e5a44bd281e2a5d122a3aa""]","[""0x8d357dcd4a7c14d4a0f33a6d36f83ab30a8caad65d222d503f46d94d277f7c24"",""0x01829fcc6d779d94ee869f97379c6516562dc7f8b74938742ffefe6b09b93fbc"",""0x281cd26d80e9cd95f098908b641c2534121c033c47795850d88fdab6f04f2af0"",""0x262e2e527250bfc9fea90edce78f93b95ce16f345766eb2534ba2fb39906d951"",""0x119bb5b05d026a441a51d331d2e813d4a51e2ca676f9919b728dde31c94dc798"",""0xdabbd1bf365dd83a0175d5e359d11f8d109116b0745646ef8d2c6a2efcf851df"",""0xe2c89165b1663cbef76d4db4aff33d030d5826b8a643a445b8531c288e7745fd"",""0x3c4ef3727c5acae7ca4976ecf767571e18ac1b70a4aad2ac4f7b9139bcfc987d"",""0x55502bafc57a57cf79cf670fefef3504cf632e5de82803db33a8e4d8337b211c"",""0xedb061d6c685949f3e6f6b2fbc31238ae6ee3c1a2760e056b5c3e5e2304df8af""]",[],0,0,1,0,0,0,0
bstpstaking311mb0c003cd,valid,,3,1,1,mb0c003cd,100,10,10,"[""0x52e6981cdc7690708196a2452e58c48a66de6719cffdd094b86212146c778821"",""0xd9226ddc17c12cede4910a5995bdff0cc02c9a890e73d382c94f398249707365"",""0x6e94b37ffe1a8b9ca39974ef80b08282997c8c20c23ab1e14ab2db3f08199592"",""0x8a9173684d87d36411c9b5acc3470ca5ad76f5de019254b71197b883b5814c66"",""0xb404e4956646ad71cd9f224c110336917a24a2d2c50fbfd2b6d1a52d5e614c04"",""0xca2954a71dae114a6edf20d5a0da9ebc717daf3a64133426b61c555f63c19de5"",""0xdc8c6cf538e7a345f69aad6cd3c784a99be8105df36a56b420b66518ab8cb42b"",""0x7cfbe0d74032d6fee6708168111afba8a86b3d0603057612c66e7cc7bcb7496e"",""0x3ff4a6c123b24acc54125092b303246c6f5b0734150a299209e0e0a7518911ea"",""0xf20044530a00f3ce01978e551665588daa5e0c4d8b27ef52664185c922b158c3""]","[""0xcd09dc92e8736934e461988f29064ea4e49ccc41310e47a797ab8e787536e77d"",""0x8a5fc9c813f0cbb1fbb3c86b71678b733f90197cd9b0fec7ef5b2e74d2827527"",""0xc3b0696840352e2a25a87160f85c766cba4c6b9424a40ded6b5e2eb28f9215f6"",""0x2c6db858294994968533795d44c86dc8f050d3652066b8ceadf9d3b73dc7d902"",""0x3c97283efec66e1a5ec8437966e087338da20f0aad3723d41d52c67328f7efe4"",""0xab461bed3349317736818b1dabb4b0c82cc986f81bc20a4f98abb1cf118525e2"",""0xb6956c09b733a91561395f6f106aa19a23a1df4c453562ff602fdc30b0b773ad"",""0xcfdc62eb5da1c0cc9f61c08540ca22833a6530d40de956ae254be5b1e0b59d74"",""0x483e0faacc32045385006ac1d42d028b103a2e2e02f320e20037d0d36be54907"",""0x49e5774ab139905928ff21d948254adc70aa28ff5eea2ac796f32b0549b267a3""]",[],0,0,1,0,0,0,0
bstpstaking311mb38d99c5,valid,,3,1,1,mb38d99c5,100,10,10,"[""0xbb11b6e5a0db547605f0dcc18ec8e0c861054ce15ac7edf459810a5f353ee7e3"",""0xaa3a256bb3dac0d5f6b9eab4f5fcc14a7450c92ca794c193f2999a2b7005af6d"",""0x35d2f8d11a6e38e76da124815e227cccd7ade4d1cb08290de127e8ead973b6f9"",""0x0bcf996240aec5e142778d31bccb2dbc12cb599c497bfaea8d91635730c897c8"",""0x27488e31cd75f9efaf7f7e36eef37bcb227279dd4432f04f99c9e52bd8f79e5b"",""0xaef34b8afe208c91dbae6c97ee0833aca5a94e75db707be238d62aa32d1b0d5e"",""0x24d02a72685910062d72165e5e616bfb5c9521058f71e95bcfebb661fb16434d"",""0x865c976806d7a7899b2badf63532946046fdb07c416585596b4fcb30808334c1"",""0x5a0edccc572b6b6235885e1c180c7ca034eb52368f2c645a5620b3c4a395b883"",""0x9cdac732bd194ec563b0f797f75b9244b195730a163ccec1a5cd5f36ff3d5445""]","[""0x8e6ed61f936c34115ed64b52efb53b493d279f72a1ed2c1dde342f98dfc9178d"",""0xadc1a837b5429a817612fe145787358ffe8831a2e75dee3a3338a31d486fb05f"",""0x000ceb98a30a9f0375fd46d151e4f2f8d830751c2983f14a1c6f0144f80b3198"",""0x8d357dcd4a7c14d4a0f33a6d36f83ab30a8caad65d222d503f46d94d277f7c24"",""0xe5da0f8dfb6b491adb9c38f755f10e08bd498ab5979036394be3930984053206"",""0xdabbd1bf365dd83a0175d5e359d11f8d109116b0745646ef8d2c6a2efcf851df"",""0x06442c0ccc9ab367282f06426924517e0a49c25e50a492ad91aecc55b655f458"",""0xaa8fad824a174e57accf11eb34b23d020d6aa685da1925b1c30a611ffdb95a0e"",""0x12c0e8caa1bce7d499cbbbc665fbb364c09cd2977856fe2bf0027b9c600b9022"",""0xf5162966dbd2c8c3b2195e7ee9c5e46a8dd1715287d079a5b92d312ca24045cd""]",[],0,0,1,0,0,0,0
bstpstaking311mb8cbcc16,valid,,3,1,1,mb8cbcc16,100,10,10,"[""0x1b3b8b12b7bf9b1d8821bfc98cabc8effd4c5f2aea25c8291e662bffe19f088d"",""0x84eaafb321f85ae5858030e14636ff83a58487675af1c0aadeca9e2983a2b66c"",""0xc1f72dd56f9590b9d8bcbd4d9a61b6206009f7a628bb86c28b5b50a85ae0b0de"",""0x4cffc34430b17b49e9b079755533f7c6f4c31c95081f1c8e25908e84334ed0b3"",""0x0f7111fd4af91016f6e6efa1dbc92c6aeb75dff18e99a22095079448fc73483e"",""0x7161ca186e53e39022059dbe35524ebb446059fdbf1aef1d952fc1b5a53353e4"",""0x931d89ef4e05852e1e1e1cc41e2cc0f4d1f62a107dd03105fc4c95888c92c422"",""0x97d9529eb749351db998b0acafbccf96371bfc773a38143ad3bc0f47d3835572"",""0xf45d329fe5be8d073faca87def758abf71895a48ab89630f7b0f48882c7a0476"",""0x86c6e7b66f68adadbcf6ec4374bfb36e1cbc31646a79d8f828aa935f57ea3e80""]","[""0x1cde8373a779839f2b591a11cac079df0f1eb3fb272188f9ceccb1dee8ec102f"",""0xb65630e7129a1fecafdca9eb7dbe53130a12b5d3e2e984bbf9c9a5399c6cc30f"",""0x230550ee2f183f79fbee87b09e6157a7bfd65abfefa14a749660749b7fa0d6b4"",""0x39700501189242fe3b7185fd03a5cace111de24b0c6b66471be82d30bc72ec27"",""0x7634f8326375f99ebfd7a8b203b7442a56b18cf7dc73f6238abd4122e8090b86"",""0xae105f7f87da768b512fdfdb98a0fbf6131d1571893bb99b9a0ab477ff1702c2"",""0xb3788db79f3ad700a3cc134a27acbcec7a0a587ffbcdf5927faa24e5c362d493"",""0x60642c6a8412d200a3413c5426afef17f3d72d45fadaf5cdde98b783893518ec"",""0x856f01151a1c15aa053c920c11f2f4a193b3ed4250c6ee2ebf77c3390fe0f275"",""0x6d5bfd47046b2e223b0c83d8c0d4e2ad42a064232926ed904efe73cb5d8f2133""]",[],0,0,1,0,0,0,0
bstpstaking311mc5ae52b7,valid,,3,1,1,mc5ae52b7,100,10,10,"[""0x2dc60ac98b1f184a836c234aa2097366ddd6ba1cad8a90c4624398fd79e60070"",""0x541ebb059060ff7f73374199ff51e8281c4dc5942c5c541867b4f25621486dc9"",""0xf11bad94616eadc4c930a68cc954c762e0ad7ae4e11f81bbe37778477da71fa5"",""0xf06d08186fc20a8ad1c9302fb2ec4daa81ff87d7dc46799427e1c52d6bb1e6d3"",""0x755f498882ef3868c8327685feb4d14ddc05dfec9746206c5671c827bbcd63f2"",""0x3c4ef3727c5acae7ca4976ecf767571e18ac1b70a4aad2ac4f7b9139bcfc987d"",""0x6e2ec90f7c36a36b5344a2aac6038ddc9c3860de12975f71142181a7a81c8609"",""0x281cd26d80e9cd95f098908b641c2534121c033c47795850d88fdab6f04f2af0"",""0xed4ce8f99e69760136906172411940729a5d9cd25120d1614b3184f5a3f893ad"",""0x272e149a70bc0896c48886227c553446aad58de29d8305c185e44aece09d51c7""]","[""0x3c4ef3727c5acae7ca4976ecf767571e18ac1b70a4aad2ac4f7b9139bcfc987d"",""0x6e2ec90f7c36a36b5344a2aac6038ddc9c3860de12975f71142181a7a81c8609"",""0x12c0e8caa1bce7d499cbbbc665fbb364c09cd2977856fe2bf0027b9c600b9022"",""0xea69777677b59561b3782267ef6a65d6e0f38e1fea58f1ece52358972347edb0"",""0xb65630e7129a1fecafdca9eb7dbe53130a12b5d3e2e984bbf9c9a5399c6cc30f"",""0x39700501189242fe3b7185fd03a5cace111de24b0c6b66471be82d30bc72ec27"",""0x9920c06a362172692e96bab008e569caa257aaec2c8f130f3564a55f2f52357b"",""0x1fd6cd46a30ebaf43fddfe1aa0f8499987a4d3e3a687e3b577d2d1f1bf4d9e77"",""0x1721fbf3311a57adcac4eb75a9690451077fc079b0d94e4fa9d5a75bfb95e9c2"",""0x08c294941588d570c4ae95ce5aaf4a1592f278bd19029a2851efff2d86015692""]","[""0x3c4ef3727c5acae7ca4976ecf767571e18ac1b70a4aad2ac4f7b9139bcfc987d"",""0x6e2ec90f7c36a36b5344a2aac6038ddc9c3860de12975f71142181a7a81c8609""]",0,0,1,0,0,0,0.2
bstpstaking311mce4af4f6,valid,,3,1,1,mce4af4f6,100,10,10,"[""0x16ce498ca01ca0ceb8f3414bf534752c6788bd73b78139628534c4880e7d0c84"",""0x2c901a1e69bd055532c177d57d97657c1ee45446cdc9b2ce5916eda2a5c7011a"",""0x9d71c1950fb2485a93785f76560ffd25d298604f8c24f57aa61b276f1d333d1a"",""0xa9c448c7a7835713d38a44618a6c60c5d105b59bf4053e67c7988ff0e8297f1c"",""0x1b90e8c58b04a10a353804eecc214bf40469c2a11062b2059f131c9b502fd828"",""0x7dff03e9151eef7673af7ed88117e897aded4bee06eefc9219e8f5627d78ada3"",""0x866a207e0e7751fb45198e1e853d3070816125aac2451c73c2c41fc3742cc206"",""0x9a8e16bba5af5ac308ef348566b9c36d37beb2578b968a5d48629e2faf4f4f23"",""0xb498b69cb149bbbc2841525f505d792c9fa0a214ce16e0b3ae793c6826e21fc3"",""0xca7fcee817b7c4045a009e6b7163d0789f2c6d557e052301182e8bb9ad110285""]","[""0x0d6652a8c9d9575f5254120f3b037a86104172ca1dd77b5b55be2da39daf1385"",""0xb759e3960a93ef78e32f4847b58dbc6b1c22efd6d9ccaa3b1a84911e6a288afa"",""0xf5162966dbd2c8c3b2195e7ee9c5e46a8dd1715287d079a5b92d312ca24045cd"",""0x3c4ef3727c5acae7ca4976ecf767571e18ac1b70a4aad2ac4f7b9139bcfc987d"",""0xea69777677b59561b3782267ef6a65d6e0f38e1fea58f1ece52358972347edb0"",""0x73d6c0efd0550ca38510ec910998f28c5f57de699ed4f4eab13ed86d90fb6b07"",""0x856f01151a1c15aa053c920c11f2f4a193b3ed4250c6ee2ebf77c3390fe0f275"",""0xfd6b6381e462eb69a90451498acc82533df2612f7e00141667dbce964caa982e"",""0x60642c6a8412d200a3413c5426afef17f3d72d45fadaf5cdde98b783893518ec"",""0x80ae3a3d46a5bfbf5f0adaf5d83aa1064814c65038e92093a16ea8304bd00bd3""]",[],0,0,1,0,0,0,0
bstpstaking311mdd189b64,valid,,3,1,1,mdd189b64,100,10,10,"[""0x7205e44f2da28418e4b9a06fda81562515ebe20bc0034e8f7af070ae01bbba2f"",""0x727b5b0da5bf5cb142a5c96a8c4a9f915506acbf4ca83ccc5e6f1887460da162"",""0x1bad7b3f97214623f61744998029c7e6710215b707afe04c964f4b4181580fa0"",""0xad52047208babba64a1445390e0525bd6ba0e5cf5863c5d3b71f382666217a67"",""0xe70bb3bb5bd710cd0061bbfe0596f51e2e84065881934ff7eef89c80eea69b33"",""0xc3914a31f1f6b3bca365c920406144a53452950f40fcf32bae640d5d17370820"",""0x691fe9cb6679f6e5e755b07d2653e4f0fb5b0dcaaa0d66e644d3d2da47390457"",""0xb62a93a4af9e98302c8ef25df57b7a8d3e8ce50815f06bbd35bea1297ebdda46"",""0x9a9a1f540231314765f22b4ad86a0b2842a2921a590b03274049bac3b2643245"",""0x370e52ad6604a397814776a59e7be59b067827b04a261ded2c14100b1109386f""]","[""0x0d6652a8c9d9575f5254120f3b037a86104172ca1dd77b5b55be2da39daf1385"",""0x8e6ed61f936c34115ed64b52efb53b493d279f72a1ed2c1dde342f98dfc9178d"",""0x505f78474c398814eb0ba0cc3c08f6129e12bf16431876853283a43beac9d141"",""0xdabbd1bf365dd83a0175d5e359d11f8d109116b0745646ef8d2c6a2efcf851df"",""0xcd6d08f520a5a6aebaa079033393b6393e347445be26d2c107e8d7ee03c8f13c"",""0x70466edbeed113ce8a8435ffd9f8208b8c3f50b2cf38281af86584c766a4310f"",""0x737e933cd67a89d2c13038c499d7d71518a56e6b95bc97e9056a59b45c072c99"",""0x37890a125406e5e42ba213b40b55685bc6c328fc0106903b123b70d8312c1000"",""0x1721fbf3311a57adcac4eb75a9690451077fc079b0d94e4fa9d5a75bfb95e9c2"",""0xaa8fad824a174e57accf11eb34b23d020d6aa685da1925b1c30a611ffdb95a0e""]",[],0,0,1,0,0,0,0
bstpstaking311me8bc7185,valid,,3,1,1,me8bc7185,100,10,10,"[""0x8e6ed61f936c34115ed64b52efb53b493d279f72a1ed2c1dde342f98dfc9178d"",""0x1b90e8c58b04a10a353804eecc214bf40469c2a11062b2059f131c9b502fd828"",""0xacade21a434a57144bd3956aed7da5a71b141312177364d8a089d2aa799931d5"",""0xd0ef1311a7bc7afe36cdc5db820548623dd40930026f91ae9fdfe8f40d3a3a03"",""0xd4eac3d16c253064095f2c707ed4da3a8291a87c7e233c60ebe1ca928b00e3de"",""0x5b677b1ca640fe2fa90ccb13036a107a5177af4f0b0bd5ed853ac029e427d019"",""0x0b2483892aea9e5e68d3f851c55add32889eea48c64a22756bb388ad2aef3fc2"",""0xb65630e7129a1fecafdca9eb7dbe53130a12b5d3e2e984bbf9c9a5399c6cc30f"",""0xc2467251882eb44d5415c8fddda0ba28022dedaeeca039a9fa1e56bb4cb2aba3"",""0x8d357dcd4a7c14d4a0f33a6d36f83ab30a8caad65d222d503f46d94d277f7c24""]","[""0x5b677b1ca640fe2fa90ccb13036a107a5177af4f0b0bd5ed853ac029e427d019"",""0x3c97283efec66e1a5ec8437966e087338da20f0aad3723d41d52c67328f7efe4"",""0x49e5774ab139905928ff21d948254adc70aa28ff5eea2ac796f32b0549b267a3"",""0x6e53ec51854bc45ec72e747b9db61797e1b20b6c0f523a3f2ead783fd267ed91"",""0xa7831feb3b6ce91bfea938682651e70d662f1266659cbce6eaf0526e45512a68"",""0x167a4d5214f28e5714dbe0ef582ab78f31d676888df89fd1380e7d60c6455530"",""0x90ecb607bbb48b913aefe5003509412fcdc1a78708f7390fad1c6953be606038"",""0xcfdc62eb5da1c0cc9f61c08540ca22833a6530d40de956ae254be5b1e0b59d74"",""0xfc9bec6e17e3d34235748a04c8a772f602b2283e2946d9f68c2ed62bcdd2cd85"",""0xc242c986f95f7cb745f870b1e292c03f57e59c36e809d37eb00cc8d235b22c5a""]","[""0x5b677b1ca640fe2fa90ccb13036a107a5177af4f0b0bd5ed853ac029e427d019""]",0,0,1,0,0,0,0.1
bstpstaking311mec0952f1,valid,,3,1,1,mec0952f1,100,10,10,"[""0x24fcc735cd0bee2ac1ad9ec75e5a1c81e12a38053fe89632819b115d328df730"",""0x5ade0679220e0f40f72e7f5aac15c72bdc82876c2fb569f33d4977fe61056c60"",""0xe8400c165ba8cfcfbc1f6f7a5aeac3d8e53e074d18a12ea0f3c93afc1f438f69"",""0x39cfdbb4ed9dfb44a25224a6e49345f213902dedd146f020d142183e421bc768"",""0xc000a9bb0afc1d0a9dc5f83998c23a063b6a17d7259ded4e2027f357a5dd25aa"",""0x6bfda00b24d3ee88a683f64e297d322743b3658432218bdc53d3fc9da3866f5a"",""0x602e1931ffd162122bc05dbe6e64b7758e8c18c285a2d97af8df528e7cc1fddc"",""0x88acf5e901885ffc5400ad9c5c6ed91a820a7801913d48638e4b3d77191ede20"",""0x0509733ba8ebe749d4973e56efcec5aae113b66a6d4fce29032ed1894a3ed383"",""0x1c64ad766dfa4fa9d74a4d2ce01848b8d5a7da03dd7621fcc2404e4022284ea2""]","[""0x119bb5b05d026a441a51d331d2e813d4a51e2ca676f9919b728dde31c94dc798"",""0xdd364115eefd88d44ddca902abb962bd1038efc911e81847f0d1911029cb83fc"",""0x281cd26d80e9cd95f098908b641c2534121c033c47795850d88fdab6f04f2af0"",""0xdabbd1bf365dd83a0175d5e359d11f8d109116b0745646ef8d2c6a2efcf851df"",""0xbf11d678dcdece15f7824e21c504ec11500448bd6eb50749dea8bda81bf85a81"",""0xf5162966dbd2c8c3b2195e7ee9c5e46a8dd1715287d079a5b92d312ca24045cd"",""0x27f6a02165b673e7008df197e38e096214cfb8e24d4ed54d9d7086bd62eb23c1"",""0x68fb332560fdf6ea1d74d8c4bfc3ff952f79df911ac17e478862c0aa1c736db3"",""0x262e2e527250bfc9fea90edce78f93b95ce16f345766eb2534ba2fb39906d951"",""0x01829fcc6d779d94ee869f97379c6516562dc7f8b74938742ffefe6b09b93fbc""]",[],0,0,1,0,0,0,0
bstpstaking311mfadd38bd,valid,,3,1,1,mfadd38bd,100,10,10,"[""0x82a5782f4a55d9b42340a3ac49763d17d9e10bc309fb5fd4b22c692eb81bbd0b"",""0x791cd3e9455149ff95b60dc7816de7c771536ee75d30c96b05f1e4d4f165041a"",""0x4102473d47b1f78e0c5a22bba1976a9217976ee04e780ac136bcebd143f6d9fe"",""0x32b603a2d79e289d51aab9d149b6eb9221cd17f485fe5cab009316d775811339"",""0x0c17b5a976468ccc4ea9cf0f7d46ba89e7ad868fc115e4b85910a7720a1d135c"",""0xd5834953b4350b6515178477115548e4604ba59cbb9a5e345215ce52a5b63d68"",""0x272e149a70bc0896c48886227c553446aad58de29d8305c185e44aece09d51c7"",""0xfa8f24d7923fe397b938ce0ee908b615c6bf12bb17b234f970f598a74b5a5da8"",""0x26f1e1f52cf3cf53407904cdd84193991b53f54f11b9c9e74f6a001988056642"",""0x9c12aef7b9438590788d64d828b26beff837607acd03aa1ee246e55767efe07d""]","[""0x71a93113087b01233d6a75b25863b56cc2d4ca947f24a3540208f7d1f5e5efbf"",""0xfd6b6381e462eb69a90451498acc82533df2612f7e00141667dbce964caa982e"",""0x505f78474c398814eb0ba0cc3c08f6129e12bf16431876853283a43beac9d141"",""0x3c4ef3727c5acae7ca4976ecf767571e18ac1b70a4aad2ac4f7b9139bcfc987d"",""0x60642c6a8412d200a3413c5426afef17f3d72d45fadaf5cdde98b783893518ec"",""0x1fd6cd46a30ebaf43fddfe1aa0f8499987a4d3e3a687e3b577d2d1f1bf4d9e77"",""0x429b49322f39406d28f591c75e8222ecd51db05a599ec5d128466346627eb705"",""0xae105f7f87da768b512fdfdb98a0fbf6131d1571893bb99b9a0ab477ff1702c2"",""0x353fcfc68b913bba883a1cbe437235257a5567ace334e692406b2239896cc845"",""0x7c9cdb9fd07a0e95dd225ef751470ce88b43ad6e9e209b3b95404c7a6849e39b""]",[],0,0,1,0,0,0,0
bstpstaking312m02a43993,valid,,3,1,2,m02a43993,100,10,10,"[""0x191c25b6fd5ca54d4b1680085420b4bc0554dd2676176916fced160d572374fd"",""0x59dd41a31be217e451080c6bed4bc1592897fe4d90fa0d98570d876c6d76e70d"",""0xbf8c1230d97d1734b786b3a58bf3b629894750bf1d7c2e0dadf3021d6c4a3906"",""0x370e52ad6604a397814776a59e7be59b067827b04a261ded2c14100b1109386f"",""0x58955c1c0021cb90b08d6b105ea15f1ab52e9d9b999eac1ff86fac6fb9fcc1d9"",""0xd315b8c83a9e2edb719d67cf2cc732391e7c9d9fa55ab87f926ee4c7046a8578"",""0x5a2fb4cd5e9dd5493ef26362c926e748b9d676a9534e4976e2eb58359eb1421d"",""0x6e94b37ffe1a8b9ca39974ef80b08282997c8c20c23ab1e14ab2db3f08199592"",""0x4a9e8d97f29cbc9d10e940c5cc81e08ecdc68011ac943428e5c328cb616f11a6"",""0x6102d8836bcf84297d87a7251b6d1c39b7353b37e4b40713e718b5b1442e75d8""]","[""0xb1d52412675094b54611913899744bda3aa3c67ce51c9e9d61d8a49d9cc84caf"",""0x92c0efa8758ff02dd06dfd438cd6612b6e3590f9c8b7c0932fd418903855a478"",""0x80288ad5dc62d58560df110a3535af497449f9f6f4f71e34500b9f5045943ea7"",""0x90ecb607bbb48b913aefe5003509412fcdc1a78708f7390fad1c6953be606038"",""0x08c294941588d570c4ae95ce5aaf4a1592f278bd19029a2851efff2d86015692"",""0x3b5d1234f10198acc136a10dfa09fa0a1a59de504bc0d9a7c35446f692b7c07c"",""0xcd09dc92e8736934e461988f29064ea4e49ccc41310e47a797ab8e787536e77d"",""0xb002fb01be58fedcd04d5ceb2895feaf22973ac1205efed3d2db367bc6d7525b"",""0x7c40aac49a736517f5c440f9392f1683424054f2ffa6df7c2970a52c11db06ca"",""0x6940f8c3529787bcfbcbf21fa64207221930bb64f69f1727136674443bba43aa""]",[],0,0,1,0,0,0,0
bstpstaking312m069a3556,valid,,3,1,2,m069a3556,100,10,10,"[""0xc07123b97e3b7fb310541633f72936c40f21f7a507de51256f9c4a68505fe755"",""0xa96998d7482d5388fcfec7817656589c7dde92c5b5de8b537cd15bd1e45bf003"",""0xa975691b986b4bd9a07e89ed53334e6673ad17210c80a7171fc789ad9a6c2241"",""0x48ba115d52a62585dc5bd5adf927ddd89f36a37b833979456398a75ce137082d"",""0x3bc3450b1ac77b125898b4ba83f10fd309b5346e6d043755308e7298ca049c69"",""0x06c71fc610020b8756895e0b21ca2d61cee6ca8547b34e022866e9e88699d7d8"",""0xe22ef03d5976dc26e1371738b4110f432fbf6c75432960d773ffe877f4ca0e5d"",""0xbb60a73992888e0abc77ed4184d857d0e02f1b41aa9289492bcf873f5bf243fe"",""0xb834b4418a794f8eb79c740b34689b68d4b943383fc2c5cf2ea422584e8a98cd"",""0x1b649a7aa61f0f4f90c5d38308be295917139e516ee0c572790036b6519d0304""]","[""0x230550ee2f183f79fbee87b09e6157a7bfd65abfefa14a749660749b7fa0d6b4"",""0xe5da0f8dfb6b491adb9c38f755f10e08bd498ab5979036394be3930984053206"",""0x505f78474c398814eb0ba0cc3c08f6129e12bf16431876853283a43beac9d141"",""0x281cd26d80e9cd95f098908b641c2534121c033c47795850d88fdab6f04f2af0"",""0x12c0e8caa1bce7d499cbbbc665fbb364c09cd2977856fe2bf0027b9c600b9022"",""0x8d357dcd4a7c14d4a0f33a6d36f83ab30a8caad65d222d503f46d94d277f7c24"",""0xcd6d08f520a5a6aebaa079033393b6393e347445be26d2c107e8d7ee03c8f13c"",""0xd7531695dcd358a4f56787acbbd65565a09fc63eff941ad49498daeb1ae38f44"",""0x429b49322f39406d28f591c75e8222ecd51db05a599ec5d128466346627eb705"",""0x86ae1d3cfed9f994a673ca32c9ebb44c1b77c8c3781c16a0f6486fea4611ee5b""]",[],0,0,1,0,0,0,0
bstpstaking312m1a5bd173,valid,,3,1,2,m1a5bd173,100,10,10,"[""0xc6a97d34bb42db0a2411ee2a04a39e1a349ac46d0facc8d8aba2ac45c1b9eee0"",""0x463a6d79a1b14e1245e8a22a93eae203235f05c5835dce53dd44083cfce2ddb1"",""0x2810a2647fc8a040ec0828691316e1d0e1363d42f47f3bf80e2accb7bae8de17"",""0x1450a2ad54db1f6259714cc9ac588cd99a4c4c03f9526698ab2fa1de7df5a66e"",""0x803c04e9d0b2c4e90a99c31dd8519bf915308014ab129a6ef5635c5707119a44"",""0xb62a93a4af9e98302c8ef25df57b7a8d3e8ce50815f06bbd35bea1297ebdda46"",""0xbc1991160787319134d096955b66d3a980eaa2619f511cd1681ec497b0e9203a"",""0x2124486dc85b8c57fc4d5e0a9f55e30add471fe3180fcfe101410d17e1eff055"",""0xf67e2377111997dc02978522df622a53ad27c404a27e595ac91b5cc7292c75e2"",""0x23e31ec66cc480f136eaad4cc1bd1483f3caaf368a54510f5ba2a458fc894766""]","[""0x16a4b9d56a3ab5e2ef284d0e822e6707757b125228793b37bc9e037802da9d9b"",""0x86ae1d3cfed9f994a673ca32c9ebb44c1b77c8c3781c16a0f6486fea4611ee5b"",""0xa4a5871d752ffcf82f0971f07904f7cdd34150574ae793fcf1bff93d1aa06ff0"",""0xaa8fad824a174e57accf11eb34b23d020d6aa685da1925b1c30a611ffdb95a0e"",""0x80e64594a9d4fad2c6617c96707f6c9a1a78970b22d16066311be57b6d24a7da"",""0x39700501189242fe3b7185fd03a5cace111de24b0c6b66471be82d30bc72ec27"",""0x7634f8326375f99ebfd7a8b203b7442a56b18cf7dc73f6238abd4122e8090b86"",""0x6ea2e4d3921eb79867ba52b40ba2fdf4df2de7e307f65f7742bf9f3bdb48a96c"",""0xe2c89165b1663cbef76d4db4aff33d030d5826b8a643a445b8531c288e7745fd"",""0x60642c6a8412d200a3413c5426afef17f3d72d45fadaf5cdde98b783893518ec""]",[],0,0,1,0,0,0,0
bstpstaking312m30fd2845,valid,,3,1,2,m30fd2845,100,10,10,"[""0x272e149a70bc0896c48886227c553446aad58de29d8305c185e44aece09d51c7"",""0xa0c24192e27aae75677d9253ecc4ed6a71d2ff7b0bdbae8dc0df22feba917129"",""0x475c36c4c60e0af2eb4580055777910ab6c788c95f66d33f069723d9ff62ed25"",""0xa85a2a271306208ba83a8f68cbb5db8e6a127a8ffdfac8e128bf82a0243e7664"",""0xdb5a04c37cb2abdcd30f50613d889e78dd0baeda292662af61e484d647010c52"",""0x801f16125e60466870bea2bd21d992cd2162aa6eaa6732cb4ab61cce175e63fd"",""0x70f6a60ffde5d6f154466a7f3cee3fb93a235a0b59ea6d820ec8265e2456b8f8"",""0xfc4c515e3f128a73d036a68681e3892c05af1a49ae8c62b7733a64a2659ca5c5"",""0xc88d3451c275b5a792c8372021eec6f7aa969eacf4da05d45b4fb5da534d0a16"",""0x6ddf485c65c0ac3e76a6a703214fda27c77b77b9666aa25908be5eead7922d47""]","[""0x73d6c0efd0550ca38510ec910998f28c5f57de699ed4f4eab13ed86d90fb6b07"",""0x16a4b9d56a3ab5e2ef284d0e822e6707757b125228793b37bc9e037802da9d9b"",""0xe9bff1484b60de522b5fda8d2a44f33f1ba6a17ca2db76472f469a91f2245a8b"",""0x7c9cdb9fd07a0e95dd225ef751470ce88b43ad6e9e209b3b95404c7a6849e39b"",""0xb3788db79f3ad700a3cc134a27acbcec7a0a587ffbcdf5927faa24e5c362d493"",""0xc2467251882eb44d5415c8fddda0ba28022dedaeeca039a9fa1e56bb4cb2aba3"",""0xea69777677b59561b3782267ef6a65d6e0f38e1fea58f1ece52358972347edb0"",""0x68fb332560fdf6ea1d74d8c4bfc3ff952f79df911ac17e478862c0aa1c736db3"",""0x9920c06a362172692e96bab008e569caa257aaec2c8f130f3564a55f2f52357b"",""0x262e2e527250bfc9fea90edce78f93b95ce16f345766eb2534ba2fb39906d951""]",[],0,0,1,0,0,0,0
bstpstaking312m33799275,valid,,3,1,2,m33799275,100,10,10,"[""0xc543bfc6a2ff3dde7e8fc8e514e146513529a4731153d483ec8459fae3d11f2a"",""0x0ba8519c524732bb6cd8845163c18184f59ffca54480944de9b2113041b462d6"",""0xdf6439719124769b552145b537568919eeb37626e099208848ae0eae723f522e"",""0xbee42fcfabbb09eb9c70e48c9033e4542707d8150d3d6641a8d299759e3c4403"",""0x1c64ad766dfa4fa9d74a4d2ce01848b8d5a7da03dd7621fcc2404e4022284ea2"",""0xa0bdff1b0b24fd89b7e57ab791fb55bbc2350fe5a94fa0e09f14179241c4908a"",""0x20bfc0888ce15b003ee1b917220e509304a3df76315d5d1c1e6319d8c4e792b3"",""0x4cefc890c0072c5c1a1be639627c4a0c7c3102fca6218bda1ce57d0dc9980cb5"",""0xb53cd30dc74e10e87dd84d583b68acfa2ee2561c6efa166a69a940919bf58ab4"",""0x2564d285791f9ad50063b926df6a1f17407c5b9dcd0ae2c08cc82c7f76e68021""]","[""0xcd09dc92e8736934e461988f29064ea4e49ccc41310e47a797ab8e787536e77d"",""0xfd70d4311b5768c6b6bf7ecd75518b0b26ba2529cb7cf75e450bca9f0d366daa"",""0xa7831feb3b6ce91bfea938682651e70d662f1266659cbce6eaf0526e45512a68"",""0x29eba7ba49866efd89a8dce8d84688734eb0b4b198d4992b288b36b31540c8dc"",""0x2c6db858294994968533795d44c86dc8f050d3652066b8ceadf9d3b73dc7d902"",""0x8945bcc45087a8bfb2e18a5306781be29a69dbac49c73ab68b0d6c56a67bc0f9"",""0x5b677b1ca640fe2fa90ccb13036a107a5177af4f0b0bd5ed853ac029e427d019"",""0x8cc4b8cdcb727613f2378e83b1e459ef38061ac468dcb3d02730b17ef2a02673"",""0x49e5774ab139905928ff21d948254adc70aa28ff5eea2ac796f32b0549b267a3"",""0x106ecf713381cc7ee659b224caebb8c2d8402304fcc03cc12f04d9acb19beb31""]",[],0,0,1,0,0,0,0
bstpstaking312m3b4969fb,valid,,3,1,2,m3b4969fb,100,10,10,"[""0x2e193d5ce0897074fdadcda22e868053a880fb33daa7aae7eff728b819b7e9e8"",""0xeab13d44c08c5ceb171f08015d950355ab72410b965239a1c4f07f1b1d43792c"",""0xe6418c75ae473855ddb6b9dd3eac4e88af48e037bdc1063c35cde8ba136d3954"",""0xaaddad0732e448e7e0b5bf5904f8bd7746f4c560bc12fc07c73941d525498d50"",""0xd257dc770c415592299517bc82b40679bb383ced71452defe7745bf564d0c2a3"",""0x58385befa6218aa1909beef6dee30a462780a5145084aa81246fa491f8af14b6"",""0x1b649a7aa61f0f4f90c5d38308be295917139e516ee0c572790036b6519d0304"",""0x7ee6122ffe5045a29b7a40187e64f8b90aab3cbe9c16764b73683721371572a2"",""0xd4353561d9e2966ac1fa100f5de06a89067af6f185f78e057f1bcad82e1ee08c"",""0x4cefc890c0072c5c1a1be639627c4a0c7c3102fca6218bda1ce57d0dc9980cb5""]","[""0xb002fb01be58fedcd04d5ceb2895feaf22973ac1205efed3d2db367bc6d7525b"",""0x106ecf713381cc7ee659b224caebb8c2d8402304fcc03cc12f04d9acb19beb31"",""0x682175835b69fee8ca4e1000194ccf6067372d31c29aa0c1fb86d118274fe35f"",""0xc242c986f95f7cb745f870b1e292c03f57e59c36e809d37eb00cc8d235b22c5a"",""0x4c896b9c75e38294c3a07ab4ccb18852996db2708540195223e428ddf09d38a0"",""0x6a735d9199bcfde6d540397f0c81a9225ad8520e39847b9a367e7dd94565137d"",""0x4f70045f96345b6154f2e63f3fe4b06b6e40108aedcdd3afc6a66ea75fc3da24"",""0xffb33d2d1648788432430e96a9706f35a4dcfe30d45dd0e99a1eaf7e59ab6aeb"",""0xcfdc62eb5da1c0cc9f61c08540ca22833a6530d40de956ae254be5b1e0b59d74"",""0x5b677b1ca640fe2fa90ccb13036a107a5177af4f0b0bd5ed853ac029e427d019""]",[],0,0,1,0,0,0,0
bstpstaking312m4239fd1c,valid,,3,1,2,m4239fd1c,100,10,10,"[""0xe4a36c881c35b07714a2562049bb6d76677c7e6b9379c9e84767c3e93c94182c"",""0x6a64d10b6ad89e2423683c6d3538752fbcfca6a4b5cc054afe333a9ceba922f9"",""0x8f56779de0ea58c8fe03313265178f50a661a16daf9c775ee98cc32cd2ec74e6"",""0x7386d428dae112304d59ada9695d67ebd1d842090dc27ea8423a7e7b562f5ec3"",""0x2eb82b8aa3885f189d5bea22693cd447d1a3ffd7eb9d560d51dfb567332a3c6c"",""0xef0de373da781ad8f71ff9725557201f4a340ca4ec40190f5157ae7855b6ff08"",""0xdc5759af11a560c9b446a67f050dbdf28e9fd6f69dda726769ba0a4816999922"",""0xa92e2e1dd95c7eae66d98267c6fc2a9daf8a7a5fd9875b791f8d9b138cc9ccc3"",""0x236881412de6fd02477f6cb5fb1eea2bd2b7e0b8cfbcd03e09fd9002abfbe600"",""0x24fcc735cd0bee2ac1ad9ec75e5a1c81e12a38053fe89632819b115d328df730""]","[""0x483e0faacc32045385006ac1d42d028b103a2e2e02f320e20037d0d36be54907"",""0x89c823bf9976eb820ef3b2041267ad2c6eed1f83e2ab87cdc4bf9577cff5a748"",""0x3c97283efec66e1a5ec8437966e087338da20f0aad3723d41d52c67328f7efe4"",""0x6940f8c3529787bcfbcbf21fa64207221930bb64f69f1727136674443bba43aa"",""0x106ecf713381cc7ee659b224caebb8c2d8402304fcc03cc12f04d9acb19beb31"",""0x90ecb607bbb48b913aefe5003509412fcdc1a78708f7390fad1c6953be606038"",""0xb7eba087f5cc24fe2d08675f1cd5a26ebf3fd48642175807fccde9db3ffb3752"",""0xdf845dfbd70267c5c523805713303d6f4b7b91d97219e28f0508b46315e5e0e2"",""0x8a5fc9c813f0cbb1fbb3c86b71678b733f90197cd9b0fec7ef5b2e74d2827527"",""0xd9067ec22c0a52c0bf051e10e841161ac9d25bfedf069957979cc6f267cb6324""]",[],0,0,1,0,0,0,0
bstpstaking312m61fde19d,valid,,3,1,2,m61fde19d,100,10,10,"[""0x742e8d6b7f4f58aefb491ed7e81f4e917dd07cc98fd42fc88aef43291b0a8204"",""0x301a4c5325fb29a54b2da09b372d61c8ddf8ca7e4f52c0727cc0f5247bdcb444"",""0x1b21e7a1c428621dc0111e5c469259599f82fe1837877d85bea8dcbf95e21a8c"",""0x63f077c22b87f00ffb56c16cfd771e2ecacdd99c36744c22e759b77c8d5875fb"",""0x60f5cd9d1c72569402f084e1132cc01b5eb7a00a7e779062640f95eeb64959e4"",""0x6392d1b3cf85732c8fa2aeca7af22c6ca69775edaa4caa04b75213f389b07712"",""0x077c221a7960c935c4034902e7cc66c0514270859fa6907387399f27a31d04d6"",""0x1f5fee959fba146078e1405e4c37f2aac0679b5dee853905a94165ba08217196"",""0x241145b169eb7335c6c3a55c542c7857ebbbe2cbe47e2bc2a4f72062e1ba800b"",""0xba1481cd7cbf3a03976044d0a65435f48ce745a1050bca98c52a12a7ff849977""]","[""0x69f76a6458130c9ded5a13a31db3715ca829f4a679d617f3e492b9116677d10c"",""0xdabbd1bf365dd83a0175d5e359d11f8d109116b0745646ef8d2c6a2efcf851df"",""0x281d75ca73c64a8633ed60198d5e953cc41cba8132bf7dfc97a978d37dd83726"",""0x7c9cdb9fd07a0e95dd225ef751470ce88b43ad6e9e209b3b95404c7a6849e39b"",""0xfd6b6381e462eb69a90451498acc82533df2612f7e00141667dbce964caa982e"",""0x8d357dcd4a7c14d4a0f33a6d36f83ab30a8caad65d222d503f46d94d277f7c24"",""0x37890a125406e5e42ba213b40b55685bc6c328fc0106903b123b70d8312c1000"",""0x06442c0ccc9ab367282f06426924517e0a49c25e50a492ad91aecc55b655f458"",""0xe5da0f8dfb6b491adb9c38f755f10e08bd498ab5979036394be3930984053206"",""0xe2c89165b1663cbef76d4db4aff33d030d5826b8a643a445b8531c288e7745fd""]",[],0,0,1,0,0,0,0
bstpstaking312m6489f990,valid,,3,1,2,m6489f990,100,10,10,"[""0x8e0fe0f656e916603b21dfc46871616ecb7b642b28e5d883d2c499a8c5e837e1"",""0x34a4d8937f3354a8c46b9c2b29c4ce9f1ea8d0bcdf66b5633b3e24cfd92ed2d9"",""0x795399050aae731a8fb0651e6f99b4eaee8db493bd96ff86da6f6fa03c04b181"",""0x8dfdc5cf3cb02e7e591f87507f529f23ace45f23d37d2cc53a0be7ae48327735"",""0x55438b3cc8a7b8feb076576689edb0eb929cc5e619c8e3081ca280d3e78956fa"",""0xfd20133ec486c0ab3acaa7eedcd7170e5c17ac4821e7f799014bf5ac5d4a15d6"",""0x548a6d0e11a56a2f3c816358d5a6d33f238307fda325329c3fef19c266a0ad45"",""0xc2ffac38150fc2e08a11fe55ee74c9abd7af09e9ed476faaf590e2cc957e47d9"",""0xc9934edef10f228ceae43f18632ddd98051ed4be2403be15d14f2186731c579d"",""0xafa9938236b1684d4285e0eed9ec046b0a0bb88755b62b6a7bdf2a7963971aba""]","[""0x73d6c0efd0550ca38510ec910998f28c5f57de699ed4f4eab13ed86d90fb6b07"",""0x3c4ef3727c5acae7ca4976ecf767571e18ac1b70a4aad2ac4f7b9139bcfc987d"",""0x8e6ed61f936c34115ed64b52efb53b493d279f72a1ed2c1dde342f98dfc9178d"",""0x01829fcc6d779d94ee869f97379c6516562dc7f8b74938742ffefe6b09b93fbc"",""0x262e2e527250bfc9fea90edce78f93b95ce16f345766eb2534ba2fb39906d951"",""0xaa8fad824a174e57accf11eb34b23d020d6aa685da1925b1c30a611ffdb95a0e"",""0x429b49322f39406d28f591c75e8222ecd51db05a599ec5d128466346627eb705"",""0x08c294941588d570c4ae95ce5aaf4a1592f278bd19029a2851efff2d86015692"",""0x6ea2e4d3921eb79867ba52b40ba2fdf4df2de7e307f65f7742bf9f3bdb48a96c"",""0x281cd26d80e9cd95f098908b641c2534121c033c47795850d88fdab6f04f2af0""]",[],0,0,1,0,0,0,0
bstpstaking312m652a5fba,valid,,3,1,2,m652a5fba,100,10,10,"[""0x8fc1d1e2c016ffb36d59c5dc3fc66f326f0dbf2f44da8dbad7ce668c0c9e69dd"",""0xd86edee3887482aaa87bf056e6c0699a0ead02b8267c06b9514d0a31ad11a63c"",""0x328f7be4ec6d63ed0e1dd41047b5896d99cb54136321dee3b2aa6286995f81e4"",""0xb59955c989aea7aaf088dce99bc3627f33329ba87f9779f65b2ecce3d18e4ca4"",""0xb4f591edb7bdc05c11ddf5a0cdbe2eec6415a7603838b88dc2170dd1fe549d4d"",""0x8098ba5215ca196df26f41445299c22f0a605456bd06648f09fe5523fa0c03a0"",""0x8cb4e935054bf80a0deb1c922537b01afc0faa4e049982c83eaa120b4e969349"",""0x792085538de14b797fa6a5649e36b3a3e3a2dfbaf1a3d3e3d31886950b570bce"",""0x854bbb4f3e5429e2345d3ad6bcf848b5e050a8130ba43790818ce5011cc437e7"",""0x4165683ebd107b8f839c3fb3d2b8831d357761d9583032dc00e6c89f48c0f6ad""]","[""0x5b677b1ca640fe2fa90ccb13036a107a5177af4f0b0bd5ed853ac029e427d019"",""0xd9067ec22c0a52c0bf051e10e841161ac9d25bfedf069957979cc6f267cb6324"",""0x2c6db858294994968533795d44c86dc8f050d3652066b8ceadf9d3b73dc7d902"",""0xb65630e7129a1fecafdca9eb7dbe53130a12b5d3e2e984bbf9c9a5399c6cc30f"",""0x39700501189242fe3b7185fd03a5cace111de24b0c6b66471be82d30bc72ec27"",""0x856f01151a1c15aa053c920c11f2f4a193b3ed4250c6ee2ebf77c3390fe0f275"",""0x98383544e422fe17027cdac418f09337309386a10806b8ee02c8d32713923a8e"",""0x3c97283efec66e1a5ec8437966e087338da20f0aad3723d41d52c67328f7efe4"",""0x4c896b9c75e38294c3a07ab4ccb18852996db2708540195223e428ddf09d38a0"",""0x932383665799c1241f674264478c7dbdc9dbecd0c1d33b2034e91903326669df""]",[],0,0,1,0,0,0,0
bstpstaking312m66488430,valid,,3,1,2,m66488430,100,10,10,"[""0x60642c6a8412d200a3413c5426afef17f3d72d45fadaf5cdde98b783893518ec"",""0x856f01151a1c15aa053c920c11f2f4a193b3ed4250c6ee2ebf77c3390fe0f275"",""0xc83255e7f44f715ea7d2b6da08689900a9b7bb38ef204039561e14dde5e03798"",""0xb43c6ce35bcbd028636a86d54a3e4d2d9700310d2c1c4e090f21eae55ab13250"",""0x33da2b3594ef9db6bcb504fb42dbeb618bd4744bad06118ab8bdb7d67bdff688"",""0xb4f591edb7bdc05c11ddf5a0cdbe2eec6415a7603838b88dc2170dd1fe549d4d"",""0x2e33cc1fa782e6c3a1176bd3ba141c47859b7bf52e7ef2e39255df618295cf2f"",""0x583be8739f7348eae7d436a4b7fd65d377f558993de0c3cda08d0d13b6555568"",""0x3c4ef3727c5acae7ca4976ecf767571e18ac1b70a4aad2ac4f7b9139bcfc987d"",""0x24233393a3056ae47d63e46b858bc0b28b5afba2eb852924bbd0f893465edada""]","[""0xc3b0696840352e2a25a87160f85c766cba4c6b9424a40ded6b5e2eb28f9215f6"",""0xfc9bec6e17e3d34235748a04c8a772f602b2283e2946d9f68c2ed62bcdd2cd85"",""0x7c40aac49a736517f5c440f9392f1683424054f2ffa6df7c2970a52c11db06ca"",""0xcd09dc92e8736934e461988f29064ea4e49ccc41310e47a797ab8e787536e77d"",""0x92c0efa8758ff02dd06dfd438cd6612b6e3590f9c8b7c0932fd418903855a478"",""0x4f70045f96345b6154f2e63f3fe4b06b6e40108aedcdd3afc6a66ea75fc3da24"",""0xb1d52412675094b54611913899744bda3aa3c67ce51c9e9d61d8a49d9cc84caf"",""0x90ecb607bbb48b913aefe5003509412fcdc1a78708f7390fad1c6953be606038"",""0xffb33d2d1648788432430e96a9706f35a4dcfe30d45dd0e99a1eaf7e59ab6aeb"",""0x6b84de292cb6e3be779d6288c69c6a070bba523a2317a4d294c1616e10f137ed""]",[],0,0,1,0,0,0,0
bstpstaking312m6e7de01e,valid,,3,1,2,m6e7de01e,100,10,10,"[""0xc60c79e5e797d6f2455444ef04d78ddf72d379e5faf1dc1fe6599587e4dac666"",""0xbdfdeabc54c262f88e0fe7f2c43bb9d44af5c15f110a0eb8d7196139816e17e8"",""0xae22b42b16dd2621567cc07e52fd7f8befa027095313680ce0542812619a1fd9"",""0x22cfa314319d02b9a26ec8ed26a4f9a4dbe384da2435f21e2ca43f8291166121"",""0xba0b59354fd829e7f8a55d02ee83289c10626277f4098b15ba083a030fdf845a"",""0x142a296ea400f62094a016b10643f0d922916a4667c378092e78ef1fab5b44cb"",""0xa92e2e1dd95c7eae66d98267c6fc2a9daf8a7a5fd9875b791f8d9b138cc9ccc3"",""0xfba61d0944a6a041db25615130d447ae04424e80b60d19b35ac59a364a6bcb11"",""0xc6a97d34bb42db0a2411ee2a04a39e1a349ac46d0facc8d8aba2ac45c1b9eee0"",""0x64ea6d8be7f36c50057c50a1188d463e1fde16d116b56f53959d7c706ff19cf9""]","[""0x7c9cdb9fd07a0e95dd225ef751470ce88b43ad6e9e209b3b95404c7a6849e39b"",""0x353fcfc68b913bba883a1cbe437235257a5567ace334e692406b2239896cc845"",""0xaa8fad824a174e57accf11eb34b23d020d6aa685da1925b1c30a611ffdb95a0e"",""0x3c4ef3727c5acae7ca4976ecf767571e18ac1b70a4aad2ac4f7b9139bcfc987d"",""0xcd6d08f520a5a6aebaa079033393b6393e347445be26d2c107e8d7ee03c8f13c"",""0x281cd26d80e9cd95f098908b641c2534121c033c47795850d88fdab6f04f2af0"",""0xdd364115eefd88d44ddca902abb962bd1038efc911e81847f0d1911029cb83fc"",""0xe2c89165b1663cbef76d4db4aff33d030d5826b8a643a445b8531c288e7745fd"",""0x66dc91c1375c97a345396b765a31f83a172cf55a43b176b21f6e7ca8e695b9fd"",""0xd7531695dcd358a4f56787acbbd65565a09fc63eff941ad49498daeb1ae38f44""]",[],0,0,1,0,0,0,0
bstpstaking312m7dfad905,valid,,3,1,2,m7dfad905,100,10,10,"[""0x9044ec8b60a60d3395a2c0af75805fe9de9ef145617fac65e45690b1df34da2e"",""0xaef34b8afe208c91dbae6c97ee0833aca5a94e75db707be238d62aa32d1b0d5e"",""0x81e2e7b1be485cc429132e1f38981069e2f63442881a0e05a59ef346a29b23e0"",""0xdffc119e93c9575ae368cbe28f20d89752b1670c3028773426ae3389d13c5d34"",""0xfad01488359d94785d233c0a7bb774ae8944c943ff18a3fbfdf10ea7f697350d"",""0x74218a134b0b165b1006edac690204834d0dd21de24457913c436e577bc30aa2"",""0xdf6795024f67646d7007778da79df9112f1348c89c7750db89048817d111b882"",""0x07bc3b868e7f0dbc2ed63b76bc32cea7438c29e919b2cb52930a54f9db338cdd"",""0x1c64ad766dfa4fa9d74a4d2ce01848b8d5a7da03dd7621fcc2404e4022284ea2"",""0x5a75ac9917471a04dcc4a6812a11732fea6c4e59c2f0038f3446c81d2bcfa1b2""]","[""0x106ecf713381cc7ee659b224caebb8c2d8402304fcc03cc12f04d9acb19beb31"",""0xfd70d4311b5768c6b6bf7ecd75518b0b26ba2529cb7cf75e450bca9f0d366daa"",""0xe70b739d2c9d746514eb24b9ed0d3b51448a0a5913813a2864aa9be0ec65e691"",""0xa7831feb3b6ce91bfea938682651e70d662f1266659cbce6eaf0526e45512a68"",""0xab461bed3349317736818b1dabb4b0c82cc986f81bc20a4f98abb1cf118525e2"",""0xcd09dc92e8736934e461988f29064ea4e49ccc41310e47a797ab8e787536e77d"",""0x49e5774ab139905928ff21d948254adc70aa28ff5eea2ac796f32b0549b267a3"",""0x6e53ec51854bc45ec72e747b9db61797e1b20b6c0f523a3f2ead783fd267ed91"",""0x9a0ed5a06fb6051d9a659f829e57ea0e382f714cb43d55efaa317c69cfae14ee"",""0x80288ad5dc62d58560df110a3535af497449f9f6f4f71e34500b9f5045943ea7""]",[],0,0,1,0,0,0,0
bstpstaking312m7e72b6a8,valid,,3,1,2,m7e72b6a8,100,10,10,"[""0xe96b96882de88437092598b2e1571a96c1fbfb0f110dc9352f74b9ac645b7c59"",""0x6f3aa452ac3ebe7bbf3dfeeb82157ebf7c8b323920d2d7953d9a52c3b0d0d921"",""0xf1088549bb9564ff6370714437f63b45c2a4fee57e8932f9ba24374e910a770f"",""0x87d1e2119f0d4f2d219cd2176ae90c8876b6fb363d4af742c2973a0e8ac74f62"",""0x602e1931ffd162122bc05dbe6e64b7758e8c18c285a2d97af8df528e7cc1fddc"",""0xbfb50c3557cd2ca160412e98fcfac9a88ca761c1d721df039f4c58ae10fee834"",""0xe39efa4374c722f02ec99217eaf2b3db0b9d3b0b95d31c488c12d1c547c505a2"",""0x5ecc80d1fc4b94b170316bab7db0d6918566d79f3b46b3aa43cbc069a079f8e8"",""0x5c3adac6f5f19b2194ed069469e7bcdf6471e15c1f02f8b32e70f5c3cb2387c0"",""0x55bdf9272673685fbddf8c197de48e0427fa244f52ecffb113164a0915359c7d""]","[""0x9a0ed5a06fb6051d9a659f829e57ea0e382f714cb43d55efaa317c69cfae14ee"",""0x98383544e422fe17027cdac418f09337309386a10806b8ee02c8d32713923a8e"",""0x8945bcc45087a8bfb2e18a5306781be29a69dbac49c73ab68b0d6c56a67bc0f9"",""0xd7531695dcd358a4f56787acbbd65565a09fc63eff941ad49498daeb1ae38f44"",""0x99196e62444c2ecc416618bcc5a3424f9cd5641d6867c8e258507c7d89a4a88c"",""0xe40523cb93f50925b957e5e448d59b64adfad0b41a549e68dd171dd988bc17a5"",""0x4c896b9c75e38294c3a07ab4ccb18852996db2708540195223e428ddf09d38a0"",""0x7c40aac49a736517f5c440f9392f1683424054f2ffa6df7c2970a52c11db06ca"",""0x49e5774ab139905928ff21d948254adc70aa28ff5eea2ac796f32b0549b267a3"",""0xffb33d2d1648788432430e96a9706f35a4dcfe30d45dd0e99a1eaf7e59ab6aeb""]",[],0,0,1,0,0,0,0
bstpstaking312m8051415e,valid,,3,1,2,m8051415e,100,10,10,"[""0x4f70045f96345b6154f2e63f3fe4b06b6e40108aedcdd3afc6a66ea75fc3da24"",""0x8cc4b8cdcb727613f2378e83b1e459ef38061ac468dcb3d02730b17ef2a02673"",""0x29eba7ba49866efd89a8dce8d84688734eb0b4b198d4992b288b36b31540c8dc"",""0x92c0efa8758ff02dd06dfd438cd6612b6e3590f9c8b7c0932fd418903855a478"",""0x80288ad5dc62d58560df110a3535af497449f9f6f4f71e34500b9f5045943ea7"",""0xa7831feb3b6ce91bfea938682651e70d662f1266659cbce6eaf0526e45512a68"",""0x483e0faacc32045385006ac1d42d028b103a2e2e02f320e20037d0d36be54907"",""0xcfdc62eb5da1c0cc9f61c08540ca22833a6530d40de956ae254be5b1e0b59d74"",""0xd5568fd406d7db628afa415d58bf5bd06959a92398aa702548e8e04793bedd47"",""0xc5f5c2b6fd2664782fd91f4908a13021636ad6506533d431c44d44b8017caffb""]","[""0x4f70045f96345b6154f2e63f3fe4b06b6e40108aedcdd3afc6a66ea75fc3da24"",""0x8cc4b8cdcb727613f2378e83b1e459ef38061ac468dcb3d02730b17ef2a02673"",""0x29eba7ba49866efd89a8dce8d84688734eb0b4b198d4992b288b36b31540c8dc"",""0x92c0efa8758ff02dd06dfd438cd6612b6e3590f9c8b7c0932fd418903855a478"",""0x80288ad5dc62d58560df110a3535af497449f9f6f4f71e34500b9f5045943ea7"",""0xa7831feb3b6ce91bfea938682651e70d662f1266659cbce6eaf0526e45512a68"",""0x6b84de292cb6e3be779d6288c69c6a070bba523a2317a4d294c1616e10f137ed"",""0x483e0faacc32045385006ac1d42d028b103a2e2e02f320e20037d0d36be54907"",""0xcfdc62eb5da1c0cc9f61c08540ca22833a6530d40de956ae254be5b1e0b59d74"",""0xd5568fd406d7db628afa415d58bf5bd06959a92398aa702548e8e04793bedd47""]","[""0x4f70045f96345b6154f2e63f3fe4b06b6e40108aedcdd3afc6a66ea75fc3da24"",""0x8cc4b8cdcb727613f2378e83b1e459ef38061ac468dcb3d02730b17ef2a02673"",""0x29eba7ba49866efd89a8dce8d84688734eb0b4b198d4992b288b36b31540c8dc"",""0x92c0efa8758ff02dd06dfd438cd6612b6e3590f9c8b7c0932fd418903855a478"",""0x80288ad5dc62d58560df110a3535af497449f9f6f4f71e34500b9f5045943ea7"",""0xa7831feb3b6ce91bfea938682651e70d662f1266659cbce6eaf0526e45512a68"",""0x483e0faacc32045385006ac1d42d028b103a2e2e02f320e20037d0d36be54907"",""0xcfdc62eb5da1c0cc9f61c08540ca22833a6530d40de956ae254be5b1e0b59d74"",""0xd5568fd406d7db628afa415d58bf5bd06959a92398aa702548e8e04793bedd47""]",0,0,1,0,0,0,0.9
bstpstaking312m810b37d6,valid,,3,1,2,m810b37d6,100,10,10,"[""0x41793894a0d16ab866093eec09eea8e7dab983a21984133e6365eee212f3a9c7"",""0xdf6795024f67646d7007778da79df9112f1348c89c7750db89048817d111b882"",""0x4d1f4a08e41ec3ab3f41e9b6ce588f83f7098005d794d67b1ae234c07ff52acb"",""0x07d4c0f91c87ec51f1609a5c4104f7d7adba6eac1776b085f89771021a7ddde3"",""0xd4eac3d16c253064095f2c707ed4da3a8291a87c7e233c60ebe1ca928b00e3de"",""0x90ec308e5f27e658dcb24f5b56022e2ce4a1b440d8aab143a10c27f074dcc83a"",""0x3fac06731443d1ad8965067146ffc0bc872f5bf3f434faaf6a46cb8d1958917d"",""0x3af0d17ba67662f89f049b63e90e567d5348c038e05302333bf7f2ce8932546d"",""0xc41da4dfb347e785288702b5450e15eed3d772dc4e0e74e1fe35746b309b1636"",""0xb834b4418a794f8eb79c740b34689b68d4b943383fc2c5cf2ea422584e8a98cd""]","[""0x14d09a4d420ae8a7492d23eb1beacf31a514ddd9765719262cf2a750248f046e"",""0xedb061d6c685949f3e6f6b2fbc31238ae6ee3c1a2760e056b5c3e5e2304df8af"",""0xd7531695dcd358a4f56787acbbd65565a09fc63eff941ad49498daeb1ae38f44"",""0x6e2ec90f7c36a36b5344a2aac6038ddc9c3860de12975f71142181a7a81c8609"",""0xdd364115eefd88d44ddca902abb962bd1038efc911e81847f0d1911029cb83fc"",""0x68fb332560fdf6ea1d74d8c4bfc3ff952f79df911ac17e478862c0aa1c736db3"",""0x37890a125406e5e42ba213b40b55685bc6c328fc0106903b123b70d8312c1000"",""0x69f76a6458130c9ded5a13a31db3715ca829f4a679d617f3e492b9116677d10c"",""0xd315b8c83a9e2edb719d67cf2cc732391e7c9d9fa55ab87f926ee4c7046a8578"",""0xdabbd1bf365dd83a0175d5e359d11f8d109116b0745646ef8d2c6a2efcf851df""]",[],0,0,1,0,0,0,0
bstpstaking312m9189f677,valid,,3,1,2,m9189f677,100,10,10,"[""0x9cdac732bd194ec563b0f797f75b9244b195730a163ccec1a5cd5f36ff3d5445"",""0x9a9a1f540231314765f22b4ad86a0b2842a2921a590b03274049bac3b2643245"",""0x24f9218adf79c104bedfedf7890d4204b575153662d2926a63eaf682f636b496"",""0x548a6d0e11a56a2f3c816358d5a6d33f238307fda325329c3fef19c266a0ad45"",""0x7dff03e9151eef7673af7ed88117e897aded4bee06eefc9219e8f5627d78ada3"",""0xaf3a216d8e710a9f3110a955d0417ee71bfea76b036886a6eca8f5b7fa1bf1ae"",""0xc63534e5868b99d0f378a27f68db671d8751dabf51b6c397dddc55169abf6c7c"",""0x501f612f3a02793486c5e69a601f06b1f7bf9eeec98c8d8a53e04ec21fbe35ad"",""0xab436cc96f42edbc804807073c9a4d45a37fb5f5147d8a0c1bad9122acae8f87"",""0xe389da29b8df52558d91258e0834724376e07f155489fcdf8928677900b4fd98""]","[""0xcd09dc92e8736934e461988f29064ea4e49ccc41310e47a797ab8e787536e77d"",""0x8a5fc9c813f0cbb1fbb3c86b71678b733f90197cd9b0fec7ef5b2e74d2827527"",""0x483e0faacc32045385006ac1d42d028b103a2e2e02f320e20037d0d36be54907"",""0xb6956c09b733a91561395f6f106aa19a23a1df4c453562ff602fdc30b0b773ad"",""0xb7eba087f5cc24fe2d08675f1cd5a26ebf3fd48642175807fccde9db3ffb3752"",""0xab461bed3349317736818b1dabb4b0c82cc986f81bc20a4f98abb1cf118525e2"",""0x682175835b69fee8ca4e1000194ccf6067372d31c29aa0c1fb86d118274fe35f"",""0xfc9bec6e17e3d34235748a04c8a772f602b2283e2946d9f68c2ed62bcdd2cd85"",""0x98383544e422fe17027cdac418f09337309386a10806b8ee02c8d32713923a8e"",""0xe40523cb93f50925b957e5e448d59b64adfad0b41a549e68dd171dd988bc17a5""]",[],0,0,1,0,0,0,0
bstpstaking312m970360f4,invalid,error_format,3,1,2,m970360f4,100,10,0,[],"[""0x14d09a4d420ae8a7492d23eb1beacf31a514ddd9765719262cf2a750248f046e"",""0xae105f7f87da768b512fdfdb98a0fbf6131d1571893bb99b9a0ab477ff1702c2"",""0x281cd26d80e9cd95f098908b641c2534121c033c47795850d88fdab6f04f2af0"",""0xfd6b6381e462eb69a90451498acc82533df2612f7e00141667dbce964caa982e"",""0x68fb332560fdf6ea1d74d8c4bfc3ff952f79df911ac17e478862c0aa1c736db3"",""0x8e6ed61f936c34115ed64b52efb53b493d279f72a1ed2c1dde342f98dfc9178d"",""0xea69777677b59561b3782267ef6a65d6e0f38e1fea58f1ece52358972347edb0"",""0xe5da0f8dfb6b491adb9c38f755f10e08bd498ab5979036394be3930984053206"",""0x1721fbf3311a57adcac4eb75a9690451077fc079b0d94e4fa9d5a75bfb95e9c2"",""0x37890a125406e5e42ba213b40b55685bc6c328fc0106903b123b70d8312c1000""]",[],1,0,0,0,0,0,0
bstpstaking312m98d7930e,valid,,3,1,2,m98d7930e,100,10,10,"[""0x0ffd9d2614b9f671d46f72c34ea5196599288b5dfa0300fc530a0648ae15637f"",""0x501f612f3a02793486c5e69a601f06b1f7bf9eeec98c8d8a53e04ec21fbe35ad"",""0x1393e94f34761ba344117a1cf1bc70b40119c5cdbab5b1f26f7c7a2c82c28d15"",""0x9ca8626b06776b02e555a4f9fddc2f560f5fb18faa29eb0aea0f867af8064608"",""0xb43c6ce35bcbd028636a86d54a3e4d2d9700310d2c1c4e090f21eae55ab13250"",""0xd9293176125197a9a57c96e218d75ac08e0c348ad50e0183dc488660b8f11ba2"",""0xb4f591edb7bdc05c11ddf5a0cdbe2eec6415a7603838b88dc2170dd1fe549d4d"",""0xb834b4418a794f8eb79c740b34689b68d4b943383fc2c5cf2ea422584e8a98cd"",""0xdec36293cd2ca8e96d824da4659a41cfb704fc7db1ab381051e394dcc82a9d09"",""0x923475a1d81fd1918dba148a2405217dbd976ec1e81289c526b085348aae0970""]","[""0x98383544e422fe17027cdac418f09337309386a10806b8ee02c8d32713923a8e"",""0x856f01151a1c15aa053c920c11f2f4a193b3ed4250c6ee2ebf77c3390fe0f275"",""0x8945bcc45087a8bfb2e18a5306781be29a69dbac49c73ab68b0d6c56a67bc0f9"",""0x8cc4b8cdcb727613f2378e83b1e459ef38061ac468dcb3d02730b17ef2a02673"",""0x1ebfa3f4b31da950a10ba4155a5675fdf5fb3ac42fe3f076668cfe359788f601"",""0xe70b739d2c9d746514eb24b9ed0d3b51448a0a5913813a2864aa9be0ec65e691"",""0x90ecb607bbb48b913aefe5003509412fcdc1a78708f7390fad1c6953be606038"",""0xab461bed3349317736818b1dabb4b0c82cc986f81bc20a4f98abb1cf118525e2"",""0xb1d52412675094b54611913899744bda3aa3c67ce51c9e9d61d8a49d9cc84caf"",""0x281cd26d80e9cd95f098908b641c2534121c033c47795850d88fdab6f04f2af0""]",[],0,0,1,0,0,0,0
bstpstaking312ma6f1fda3,valid,,3,1,2,ma6f1fda3,100,10,10,"[""0xd257dc770c415592299517bc82b40679bb383ced71452defe7745bf564d0c2a3"",""0x9add7bcde80edf6ee8f3a7cde3b47a7ea9aabddab95768e68fd0c1094aaa971f"",""0x91228fedec91d7b7710c887ce59017eb13339f6fed3313bf575f6b35bc92b7b3"",""0x45e045f6dae82d4b11d7eba533f903748cc6d452ab8dc62562fe47f2d65e6452"",""0xa9449e5c0c88343551b43804fa44f6fc11c58d402578a7950cfc30ea20bdb398"",""0xc9934edef10f228ceae43f18632ddd98051ed4be2403be15d14f2186731c579d"",""0x05d67b42683f7434e5b0368e1155991e1499010aeb76119dcc790081d91e5137"",""0x4f83fe226b48ba54459ac587f0c72e27280e2f633d5f8ff200fb42ddfc039cec"",""0xbee42fcfabbb09eb9c70e48c9033e4542707d8150d3d6641a8d299759e3c4403"",""0xabcbe210ad770d33d9d24f0b8e614292c8df6cc28ad6252c46062f7453833270""]","[""0xcc5a3914b6cc401b98a202e8075b56eb77670a1140412c79b48b965bce6e05f2"",""0x90ecb607bbb48b913aefe5003509412fcdc1a78708f7390fad1c6953be606038"",""0x6940f8c3529787bcfbcbf21fa64207221930bb64f69f1727136674443bba43aa"",""0x4c896b9c75e38294c3a07ab4ccb18852996db2708540195223e428ddf09d38a0"",""0x01829fcc6d779d94ee869f97379c6516562dc7f8b74938742ffefe6b09b93fbc"",""0x106ecf713381cc7ee659b224caebb8c2d8402304fcc03cc12f04d9acb19beb31"",""0x429b49322f39406d28f591c75e8222ecd51db05a599ec5d128466346627eb705"",""0x5b677b1ca640fe2fa90ccb13036a107a5177af4f0b0bd5ed853ac029e427d019"",""0x1ebfa3f4b31da950a10ba4155a5675fdf5fb3ac42fe3f076668cfe359788f601"",""0xdf845dfbd70267c5c523805713303d6f4b7b91d97219e28f0508b46315e5e0e2""]",[],0,0,1,0,0,0,0
bstpstaking312maea74e52,valid,,3,1,2,maea74e52,100,10,10,"[""0x6431631b00c2ba8f2d8847df43032fe70881beb36975effa3d2edbc19c9e21af"",""0xd0d6acf0ea9225cf1664eabfa9f1647612c3663584cfe349cf51e95eba459600"",""0x1918adf3227df9b5193c0b7b4da736ec1b7efaf27afa304310633e95182d1017"",""0xb8327b2ce36b4cdb40b7e742c7d741f065cfadfe1be6432087d30bf6725f9b36"",""0xc55affca1215c084bf128ba0988f72307688e82dad27f78deb20fcd099ee6cfd"",""0x041b9edad95636f2a53a4ee4fd1278cf333f002bf19946abb6359f5d994ae47c"",""0xbee453f5d96064792d5d274651337d2834fc19206abee5a4f56ea91b25db7d97"",""0x27488e31cd75f9efaf7f7e36eef37bcb227279dd4432f04f99c9e52bd8f79e5b"",""0xe96b96882de88437092598b2e1571a96c1fbfb0f110dc9352f74b9ac645b7c59"",""0x7360edbccc2505bf89cc5c38dc938e5627c76e8e69e5a44bd281e2a5d122a3aa""]","[""0x8d357dcd4a7c14d4a0f33a6d36f83ab30a8caad65d222d503f46d94d277f7c24"",""0x01829fcc6d779d94ee869f97379c6516562dc7f8b74938742ffefe6b09b93fbc"",""0x281cd26d80e9cd95f098908b641c2534121c033c47795850d88fdab6f04f2af0"",""0x262e2e527250bfc9fea90edce78f93b95ce16f345766eb2534ba2fb39906d951"",""0x119bb5b05d026a441a51d331d2e813d4a51e2ca676f9919b728dde31c94dc798"",""0xdabbd1bf365dd83a0175d5e359d11f8d109116b0745646ef8d2c6a2efcf851df"",""0xe2c89165b1663cbef76d4db4aff33d030d5826b8a643a445b8531c288e7745fd"",""0x3c4ef3727c5acae7ca4976ecf767571e18ac1b70a4aad2ac4f7b9139bcfc987d"",""0x55502bafc57a57cf79cf670fefef3504cf632e5de82803db33a8e4d8337b211c"",""0xedb061d6c685949f3e6f6b2fbc31238ae6ee3c1a2760e056b5c3e5e2304df8af""]",[],0,0,1,0,0,0,0
bstpstaking312mb0c003cd,valid,,3,1,2,mb0c003cd,100,10,10,"[""0x52e6981cdc7690708196a2452e58c48a66de6719cffdd094b86212146c778821"",""0xd9226ddc17c12cede4910a5995bdff0cc02c9a890e73d382c94f398249707365"",""0x6e94b37ffe1a8b9ca39974ef80b08282997c8c20c23ab1e14ab2db3f08199592"",""0xbcca131bc9b4d287bd3853b4df1598d4e2510b0c0ef1740555971e23ad7ff7de"",""0x8a9173684d87d36411c9b5acc3470ca5ad76f5de019254b71197b883b5814c66"",""0xb404e4956646ad71cd9f224c110336917a24a2d2c50fbfd2b6d1a52d5e614c04"",""0xca2954a71dae114a6edf20d5a0da9ebc717daf3a64133426b61c555f63c19de5"",""0xdc8c6cf538e7a345f69aad6cd3c784a99be8105df36a56b420b66518ab8cb42b"",""0x7cfbe0d74032d6fee6708168111afba8a86b3d0603057612c66e7cc7bcb7496e"",""0x3ff4a6c123b24acc54125092b303246c6f5b0734150a299209e0e0a7518911ea""]","[""0xcd09dc92e8736934e461988f29064ea4e49ccc41310e47a797ab8e787536e77d"",""0x8a5fc9c813f0cbb1fbb3c86b71678b733f90197cd9b0fec7ef5b2e74d2827527"",""0xc3b0696840352e2a25a87160f85c766cba4c6b9424a40ded6b5e2eb28f9215f6"",""0x2c6db858294994968533795d44c86dc8f050d3652066b8ceadf9d3b73dc7d902"",""0x3c97283efec66e1a5ec8437966e087338da20f0aad3723d41d52c67328f7efe4"",""0xab461bed3349317736818b1dabb4b0c82cc986f81bc20a4f98abb1cf118525e2"",""0xb6956c09b733a91561395f6f106aa19a23a1df4c453562ff602fdc30b0b773ad"",""0xcfdc62eb5da1c0cc9f61c08540ca22833a6530d40de956ae254be5b1e0b59d74"",""0x483e0faacc32045385006ac1d42d028b103a2e2e02f320e20037d0d36be54907"",""0x49e5774ab139905928ff21d948254adc70aa28ff5eea2ac796f32b0549b267a3""]",[],0,0,1,0,0,0,0
bstpstaking312mb38d99c5,valid,,3,1,2,mb38d99c5,100,10,10,"[""0xbb11b6e5a0db547605f0dcc18ec8e0c861054ce15ac7edf459810a5f353ee7e3"",""0x35d2f8d11a6e38e76da124815e227cccd7ade4d1cb08290de127e8ead973b6f9"",""0x27488e31cd75f9efaf7f7e36eef37bcb227279dd4432f04f99c9e52bd8f79e5b"",""0xaef34b8afe208c91dbae6c97ee0833aca5a94e75db707be238d62aa32d1b0d5e"",""0x24d02a72685910062d72165e5e616bfb5c9521058f71e95bcfebb661fb16434d"",""0x5a0edccc572b6b6235885e1c180c7ca034eb52368f2c645a5620b3c4a395b883"",""0xbeebf80a34721e08cf85ad88f9d2c2335df2460f4e338285b526fd20fe142680"",""0xd9128aa644f994fa5ad1953fafd34357cc2d45e383492c0138a127d210167144"",""0xc57ae11d4d080da3e9a3f557442c7a50781016c45ff252108542c82e620be016"",""0x7bcc0d55ff919a4683cc164d9eff378e92bb584895440e1e0bed36fa6fc93321""]","[""0x8e6ed61f936c34115ed64b52efb53b493d279f72a1ed2c1dde342f98dfc9178d"",""0xadc1a837b5429a817612fe145787358ffe8831a2e75dee3a3338a31d486fb05f"",""0x000ceb98a30a9f0375fd46d151e4f2f8d830751c2983f14a1c6f0144f80b3198"",""0x8d357dcd4a7c14d4a0f33a6d36f83ab30a8caad65d222d503f46d94d277f7c24"",""0xe5da0f8dfb6b491adb9c38f755f10e08bd498ab5979036394be3930984053206"",""0xdabbd1bf365dd83a0175d5e359d11f8d109116b0745646ef8d2c6a2efcf851df"",""0x06442c0ccc9ab367282f06426924517e0a49c25e50a492ad91aecc55b655f458"",""0xaa8fad824a174e57accf11eb34b23d020d6aa685da1925b1c30a611ffdb95a0e"",""0x12c0e8caa1bce7d499cbbbc665fbb364c09cd2977856fe2bf0027b9c600b9022"",""0xf5162966dbd2c8c3b2195e7ee9c5e46a8dd1715287d079a5b92d312ca24045cd""]",[],0,0,1,0,0,0,0
bstpstaking312mb8cbcc16,valid,,3,1,2,mb8cbcc16,100,10,10,"[""0x1b3b8b12b7bf9b1d8821bfc98cabc8effd4c5f2aea25c8291e662bffe19f088d"",""0x84eaafb321f85ae5858030e14636ff83a58487675af1c0aadeca9e2983a2b66c"",""0x4cffc34430b17b49e9b079755533f7c6f4c31c95081f1c8e25908e84334ed0b3"",""0x0f7111fd4af91016f6e6efa1dbc92c6aeb75dff18e99a22095079448fc73483e"",""0x91394002fe4fdb5170da58900b3603aeecc1147e14116f71e33cbc0f94f765d4"",""0x7161ca186e53e39022059dbe35524ebb446059fdbf1aef1d952fc1b5a53353e4"",""0x931d89ef4e05852e1e1e1cc41e2cc0f4d1f62a107dd03105fc4c95888c92c422"",""0x1049126318c746deb379915a0bcbc49ec2b26cb8d5bcdbcdd63806d5a1e817c6"",""0x26f1e1f52cf3cf53407904cdd84193991b53f54f11b9c9e74f6a001988056642"",""0x64ea6d8be7f36c50057c50a1188d463e1fde16d116b56f53959d7c706ff19cf9""]","[""0x1cde8373a779839f2b591a11cac079df0f1eb3fb272188f9ceccb1dee8ec102f"",""0xb65630e7129a1fecafdca9eb7dbe53130a12b5d3e2e984bbf9c9a5399c6cc30f"",""0x230550ee2f183f79fbee87b09e6157a7bfd65abfefa14a749660749b7fa0d6b4"",""0x39700501189242fe3b7185fd03a5cace111de24b0c6b66471be82d30bc72ec27"",""0x7634f8326375f99ebfd7a8b203b7442a56b18cf7dc73f6238abd4122e8090b86"",""0xae105f7f87da768b512fdfdb98a0fbf6131d1571893bb99b9a0ab477ff1702c2"",""0xb3788db79f3ad700a3cc134a27acbcec7a0a587ffbcdf5927faa24e5c362d493"",""0x60642c6a8412d200a3413c5426afef17f3d72d45fadaf5cdde98b783893518ec"",""0x856f01151a1c15aa053c920c11f2f4a193b3ed4250c6ee2ebf77c3390fe0f275"",""0x6d5bfd47046b2e223b0c83d8c0d4e2ad42a064232926ed904efe73cb5d8f2133""]",[],0,0,1,0,0,0,0
bstpstaking312mc5ae52b7,valid,,3,1,2,mc5ae52b7,100,10,10,"[""0x2dc60ac98b1f184a836c234aa2097366ddd6ba1cad8a90c4624398fd79e60070"",""0x541ebb059060ff7f73374199ff51e8281c4dc5942c5c541867b4f25621486dc9"",""0x3c4ef3727c5acae7ca4976ecf767571e18ac1b70a4aad2ac4f7b9139bcfc987d"",""0x6e2ec90f7c36a36b5344a2aac6038ddc9c3860de12975f71142181a7a81c8609"",""0x281cd26d80e9cd95f098908b641c2534121c033c47795850d88fdab6f04f2af0"",""0xd5568fd406d7db628afa415d58bf5bd06959a92398aa702548e8e04793bedd47"",""0x119bb5b05d026a441a51d331d2e813d4a51e2ca676f9919b728dde31c94dc798"",""0x8e6ed61f936c34115ed64b52efb53b493d279f72a1ed2c1dde342f98dfc9178d"",""0xea69777677b59561b3782267ef6a65d6e0f38e1fea58f1ece52358972347edb0"",""0xd315b8c83a9e2edb719d67cf2cc732391e7c9d9fa55ab87f926ee4c7046a8578""]","[""0x3c4ef3727c5acae7ca4976ecf767571e18ac1b70a4aad2ac4f7b9139bcfc987d"",""0x6e2ec90f7c36a36b5344a2aac6038ddc9c3860de12975f71142181a7a81c8609"",""0x12c0e8caa1bce7d499cbbbc665fbb364c09cd2977856fe2bf0027b9c600b9022"",""0xea69777677b59561b3782267ef6a65d6e0f38e1fea58f1ece52358972347edb0"",""0xb65630e7129a1fecafdca9eb7dbe53130a12b5d3e2e984bbf9c9a5399c6cc30f"",""0x39700501189242fe3b7185fd03a5cace111de24b0c6b66471be82d30bc72ec27"",""0x9920c06a362172692e96bab008e569caa257aaec2c8f130f3564a55f2f52357b"",""0x1fd6cd46a30ebaf43fddfe1aa0f8499987a4d3e3a687e3b577d2d1f1bf4d9e77"",""0x1721fbf3311a57adcac4eb75a9690451077fc079b0d94e4fa9d5a75bfb95e9c2"",""0x08c294941588d570c4ae95ce5aaf4a1592f278bd19029a2851efff2d86015692""]","[""0x3c4ef3727c5acae7ca4976ecf767571e18ac1b70a4aad2ac4f7b9139bcfc987d"",""0x6e2ec90f7c36a36b5344a2aac6038ddc9c3860de12975f71142181a7a81c8609"",""0xea69777677b59561b3782267ef6a65d6e0f38e1fea58f1ece52358972347edb0""]",0,0,1,0,0,0,0.3
bstpstaking312mce4af4f6,valid,,3,1,2,mce4af4f6,100,10,10,"[""0x16ce498ca01ca0ceb8f3414bf534752c6788bd73b78139628534c4880e7d0c84"",""0x2c901a1e69bd055532c177d57d97657c1ee45446cdc9b2ce5916eda2a5c7011a"",""0x9d71c1950fb2485a93785f76560ffd25d298604f8c24f57aa61b276f1d333d1a"",""0xa9c448c7a7835713d38a44618a6c60c5d105b59bf4053e67c7988ff0e8297f1c"",""0x5290542e3d2cbc736ed1fbb7348402f7e1765f05ce29020f9f6b41f48c8ed0a7"",""0x7dff03e9151eef7673af7ed88117e897aded4bee06eefc9219e8f5627d78ada3"",""0x866a207e0e7751fb45198e1e853d3070816125aac2451c73c2c41fc3742cc206"",""0x272e149a70bc0896c48886227c553446aad58de29d8305c185e44aece09d51c7"",""0x9a8e16bba5af5ac308ef348566b9c36d37beb2578b968a5d48629e2faf4f4f23"",""0x3967093de816a8135bb93981ddf3ff28fcfdac2bd2c93c8c7ff6770ac964e8b8""]","[""0x0d6652a8c9d9575f5254120f3b037a86104172ca1dd77b5b55be2da39daf1385"",""0xb759e3960a93ef78e32f4847b58dbc6b1c22efd6d9ccaa3b1a84911e6a288afa"",""0xf5162966dbd2c8c3b2195e7ee9c5e46a8dd1715287d079a5b92d312ca24045cd"",""0x3c4ef3727c5acae7ca4976ecf767571e18ac1b70a4aad2ac4f7b9139bcfc987d"",""0xea69777677b59561b3782267ef6a65d6e0f38e1fea58f1ece52358972347edb0"",""0x73d6c0efd0550ca38510ec910998f28c5f57de699ed4f4eab13ed86d90fb6b07"",""0x856f01151a1c15aa053c920c11f2f4a193b3ed4250c6ee2ebf77c3390fe0f275"",""0xfd6b6381e462eb69a90451498acc82533df2612f7e00141667dbce964caa982e"",""0x60642c6a8412d200a3413c5426afef17f3d72d45fadaf5cdde98b783893518ec"",""0x80ae3a3d46a5bfbf5f0adaf5d83aa1064814c65038e92093a16ea8304bd00bd3""]",[],0,0,1,0,0,0,0
bstpstaking312mdd189b64,valid,,3,1,2,mdd189b64,100,10,10,"[""0x7205e44f2da28418e4b9a06fda81562515ebe20bc0034e8f7af070ae01bbba2f"",""0x727b5b0da5bf5cb142a5c96a8c4a9f915506acbf4ca83ccc5e6f1887460da162"",""0x1bad7b3f97214623f61744998029c7e6710215b707afe04c964f4b4181580fa0"",""0xad52047208babba64a1445390e0525bd6ba0e5cf5863c5d3b71f382666217a67"",""0xe70bb3bb5bd710cd0061bbfe0596f51e2e84065881934ff7eef89c80eea69b33"",""0xea06434c6df4728288ca74a71c4e9acc327a18eec84a255e155d798470e218f1"",""0xc3914a31f1f6b3bca365c920406144a53452950f40fcf32bae640d5d17370820"",""0x691fe9cb6679f6e5e755b07d2653e4f0fb5b0dcaaa0d66e644d3d2da47390457"",""0x9a9a1f540231314765f22b4ad86a0b2842a2921a590b03274049bac3b2643245"",""0x370e52ad6604a397814776a59e7be59b067827b04a261ded2c14100b1109386f""]","[""0x0d6652a8c9d9575f5254120f3b037a86104172ca1dd77b5b55be2da39daf1385"",""0x8e6ed61f936c34115ed64b52efb53b493d279f72a1ed2c1dde342f98dfc9178d"",""0x505f78474c398814eb0ba0cc3c08f6129e12bf16431876853283a43beac9d141"",""0xdabbd1bf365dd83a0175d5e359d11f8d109116b0745646ef8d2c6a2efcf851df"",""0xcd6d08f520a5a6aebaa079033393b6393e347445be26d2c107e8d7ee03c8f13c"",""0x70466edbeed113ce8a8435ffd9f8208b8c3f50b2cf38281af86584c766a4310f"",""0x737e933cd67a89d2c13038c499d7d71518a56e6b95bc97e9056a59b45c072c99"",""0x37890a125406e5e42ba213b40b55685bc6c328fc0106903b123b70d8312c1000"",""0x1721fbf3311a57adcac4eb75a9690451077fc079b0d94e4fa9d5a75bfb95e9c2"",""0xaa8fad824a174e57accf11eb34b23d020d6aa685da1925b1c30a611ffdb95a0e""]",[],0,0,1,0,0,0,0
bstpstaking312me8bc7185,valid,,3,1,2,me8bc7185,100,10,10,"[""0x8e6ed61f936c34115ed64b52efb53b493d279f72a1ed2c1dde342f98dfc9178d"",""0x1b90e8c58b04a10a353804eecc214bf40469c2a11062b2059f131c9b502fd828"",""0xacade21a434a57144bd3956aed7da5a71b141312177364d8a089d2aa799931d5"",""0xd0ef1311a7bc7afe36cdc5db820548623dd40930026f91ae9fdfe8f40d3a3a03"",""0x6d0452f7df82d5b437dd5e1f079643e3bc50f36a39748c773e90cff5e464639c"",""0xd4eac3d16c253064095f2c707ed4da3a8291a87c7e233c60ebe1ca928b00e3de"",""0x5b677b1ca640fe2fa90ccb13036a107a5177af4f0b0bd5ed853ac029e427d019"",""0x0b2483892aea9e5e68d3f851c55add32889eea48c64a22756bb388ad2aef3fc2"",""0xb498b69cb149bbbc2841525f505d792c9fa0a214ce16e0b3ae793c6826e21fc3"",""0x4cefc890c0072c5c1a1be639627c4a0c7c3102fca6218bda1ce57d0dc9980cb5""]","[""0x5b677b1ca640fe2fa90ccb13036a107a5177af4f0b0bd5ed853ac029e427d019"",""0x3c97283efec66e1a5ec8437966e087338da20f0aad3723d41d52c67328f7efe4"",""0x49e5774ab139905928ff21d948254adc70aa28ff5eea2ac796f32b0549b267a3"",""0x6e53ec51854bc45ec72e747b9db61797e1b20b6c0f523a3f2ead783fd267ed91"",""0xa7831feb3b6ce91bfea938682651e70d662f1266659cbce6eaf0526e45512a68"",""0x167a4d5214f28e5714dbe0ef582ab78f31d676888df89fd1380e7d60c6455530"",""0x90ecb607bbb48b913aefe5003509412fcdc1a78708f7390fad1c6953be606038"",""0xcfdc62eb5da1c0cc9f61c08540ca22833a6530d40de956ae254be5b1e0b59d74"",""0xfc9bec6e17e3d34235748a04c8a772f602b2283e2946d9f68c2ed62bcdd2cd85"",""0xc242c986f95f7cb745f870b1e292c03f57e59c36e809d37eb00cc8d235b22c5a""]","[""0x5b677b1ca640fe2fa90ccb13036a107a5177af4f0b0bd5ed853ac029e427d019""]",0,0,1,0,0,0,0.1
bstpstaking312mec0952f1,valid,,3,1,2,mec0952f1,100,10,10,"[""0x24fcc735cd0bee2ac1ad9ec75e5a1c81e12a38053fe89632819b115d328df730"",""0x5ade0679220e0f40f72e7f5aac15c72bdc82876c2fb569f33d4977fe61056c60"",""0x8cb4e935054bf80a0deb1c922537b01afc0faa4e049982c83eaa120b4e969349"",""0x362749b5b2666d4058ea11e8a23dad81d0e38ac085956936947ba1da2e7db683"",""0x22e66d49ae946f4aed0979ee5e051fc91dc17422a576e7ea6fa3c724755f9864"",""0xde64f08edb1fcef3c42d50330bc9f057dd94b516afdaecfb9b8a6050d43e677a"",""0xde49e92354c2e5883e48615f761d64bdc4f8ac69dabfa35cf2d07dbd0dacf890"",""0x5a0edccc572b6b6235885e1c180c7ca034eb52368f2c645a5620b3c4a395b883"",""0xcb26d6e3a16afa1ed451a1d7394a01df6edaa227a6a3e751727838a4e94fad0a"",""0x042b524c4553e44d018936ec136289766ed4621fec95cba6b5a6161fc4e4de8a""]","[""0x119bb5b05d026a441a51d331d2e813d4a51e2ca676f9919b728dde31c94dc798"",""0xdd364115eefd88d44ddca902abb962bd1038efc911e81847f0d1911029cb83fc"",""0x281cd26d80e9cd95f098908b641c2534121c033c47795850d88fdab6f04f2af0"",""0xdabbd1bf365dd83a0175d5e359d11f8d109116b0745646ef8d2c6a2efcf851df"",""0xbf11d678dcdece15f7824e21c504ec11500448bd6eb50749dea8bda81bf85a81"",""0xf5162966dbd2c8c3b2195e7ee9c5e46a8dd1715287d079a5b92d312ca24045cd"",""0x27f6a02165b673e7008df197e38e096214cfb8e24d4ed54d9d7086bd62eb23c1"",""0x68fb332560fdf6ea1d74d8c4bfc3ff952f79df911ac17e478862c0aa1c736db3"",""0x262e2e527250bfc9fea90edce78f93b95ce16f345766eb2534ba2fb39906d951"",""0x01829fcc6d779d94ee869f97379c6516562dc7f8b74938742ffefe6b09b93fbc""]",[],0,0,1,0,0,0,0
bstpstaking312mfadd38bd,valid,,3,1,2,mfadd38bd,100,10,10,"[""0x82a5782f4a55d9b42340a3ac49763d17d9e10bc309fb5fd4b22c692eb81bbd0b"",""0x2a5e9e6e199af9dda0cf0bd0b7b9e876990d5a3dcbb40d8d68e4ab8af4654982"",""0x791cd3e9455149ff95b60dc7816de7c771536ee75d30c96b05f1e4d4f165041a"",""0x4102473d47b1f78e0c5a22bba1976a9217976ee04e780ac136bcebd143f6d9fe"",""0x45e045f6dae82d4b11d7eba533f903748cc6d452ab8dc62562fe47f2d65e6452"",""0x32b603a2d79e289d51aab9d149b6eb9221cd17f485fe5cab009316d775811339"",""0x0c17b5a976468ccc4ea9cf0f7d46ba89e7ad868fc115e4b85910a7720a1d135c"",""0xd5834953b4350b6515178477115548e4604ba59cbb9a5e345215ce52a5b63d68"",""0x3fac06731443d1ad8965067146ffc0bc872f5bf3f434faaf6a46cb8d1958917d"",""0x272e149a70bc0896c48886227c553446aad58de29d8305c185e44aece09d51c7""]","[""0x71a93113087b01233d6a75b25863b56cc2d4ca947f24a3540208f7d1f5e5efbf"",""0xfd6b6381e462eb69a90451498acc82533df2612f7e00141667dbce964caa982e"",""0x505f78474c398814eb0ba0cc3c08f6129e12bf16431876853283a43beac9d141"",""0x3c4ef3727c5acae7ca4976ecf767571e18ac1b70a4aad2ac4f7b9139bcfc987d"",""0x60642c6a8412d200a3413c5426afef17f3d72d45fadaf5cdde98b783893518ec"",""0x1fd6cd46a30ebaf43fddfe1aa0f8499987a4d3e3a687e3b577d2d1f1bf4d9e77"",""0x429b49322f39406d28f591c75e8222ecd51db05a599ec5d128466346627eb705"",""0xae105f7f87da768b512fdfdb98a0fbf6131d1571893bb99b9a0ab477ff1702c2"",""0x353fcfc68b913bba883a1cbe437235257a5567ace334e692406b2239896cc845"",""0x7c9cdb9fd07a0e95dd225ef751470ce88b43ad6e9e209b3b95404c7a6849e39b""]",[],0,0,1,0,0,0,0
bstpstaking313m02a43993,valid,,3,1,3,m02a43993,100,10,10,"[""0x191c25b6fd5ca54d4b1680085420b4bc0554dd2676176916fced160d572374fd"",""0x59dd41a31be217e451080c6bed4bc1592897fe4d90fa0d98570d876c6d76e70d"",""0xc55affca1215c084bf128ba0988f72307688e82dad27f78deb20fcd099ee6cfd"",""0xbf8c1230d97d1734b786b3a58bf3b629894750bf1d7c2e0dadf3021d6c4a3906"",""0x370e52ad6604a397814776a59e7be59b067827b04a261ded2c14100b1109386f"",""0x58955c1c0021cb90b08d6b105ea15f1ab52e9d9b999eac1ff86fac6fb9fcc1d9"",""0x6f2888caabbf7a960fdc5d61359cdc84334ccdd981d4287268a974d004b802d0"",""0xc3914a31f1f6b3bca365c920406144a53452950f40fcf32bae640d5d17370820"",""0x4a9e8d97f29cbc9d10e940c5cc81e08ecdc68011ac943428e5c328cb616f11a6"",""0x7ee6122ffe5045a29b7a40187e64f8b90aab3cbe9c16764b73683721371572a2""]","[""0xb1d52412675094b54611913899744bda3aa3c67ce51c9e9d61d8a49d9cc84caf"",""0x92c0efa8758ff02dd06dfd438cd6612b6e3590f9c8b7c0932fd418903855a478"",""0x80288ad5dc62d58560df110a3535af497449f9f6f4f71e34500b9f5045943ea7"",""0x90ecb607bbb48b913aefe5003509412fcdc1a78708f7390fad1c6953be606038"",""0x08c294941588d570c4ae95ce5aaf4a1592f278bd19029a2851efff2d86015692"",""0x3b5d1234f10198acc136a10dfa09fa0a1a59de504bc0d9a7c35446f692b7c07c"",""0xcd09dc92e8736934e461988f29064ea4e49ccc41310e47a797ab8e787536e77d"",""0xb002fb01be58fedcd04d5ceb2895feaf22973ac1205efed3d2db367bc6d7525b"",""0x7c40aac49a736517f5c440f9392f1683424054f2ffa6df7c2970a52c11db06ca"",""0x6940f8c3529787bcfbcbf21fa64207221930bb64f69f1727136674443bba43aa""]",[],0,0,1,0,0,0,0
bstpstaking313m069a3556,valid,,3,1,3,m069a3556,100,10,10,"[""0xc07123b97e3b7fb310541633f72936c40f21f7a507de51256f9c4a68505fe755"",""0xa96998d7482d5388fcfec7817656589c7dde92c5b5de8b537cd15bd1e45bf003"",""0x4acba4a5ab48bdfacfcc47ef590afc21b1b89482935b5ef5073139a71872cd91"",""0xa975691b986b4bd9a07e89ed53334e6673ad17210c80a7171fc789ad9a6c2241"",""0x65199402c08121b8a9beac448a27ac530694473accad3bd89a72ce84db77157e"",""0x48ba115d52a62585dc5bd5adf927ddd89f36a37b833979456398a75ce137082d"",""0x6a88071a43b422b5b8bc2b51f8d1f7b8fb5ffbb9c0147724d4b5053293f9d2e0"",""0x66586797b78ed990c07a5ad805f88e190086597218283fca07a0998ddaab7875"",""0x07d4c0f91c87ec51f1609a5c4104f7d7adba6eac1776b085f89771021a7ddde3"",""0x5e682ac2e4958790d19f20f861f8e16a3c781f2cf08a1e29df87bff840695178""]","[""0x230550ee2f183f79fbee87b09e6157a7bfd65abfefa14a749660749b7fa0d6b4"",""0xe5da0f8dfb6b491adb9c38f755f10e08bd498ab5979036394be3930984053206"",""0x505f78474c398814eb0ba0cc3c08f6129e12bf16431876853283a43beac9d141"",""0x281cd26d80e9cd95f098908b641c2534121c033c47795850d88fdab6f04f2af0"",""0x12c0e8caa1bce7d499cbbbc665fbb364c09cd2977856fe2bf0027b9c600b9022"",""0x8d357dcd4a7c14d4a0f33a6d36f83ab30a8caad65d222d503f46d94d277f7c24"",""0xcd6d08f520a5a6aebaa079033393b6393e347445be26d2c107e8d7ee03c8f13c"",""0xd7531695dcd358a4f56787acbbd65565a09fc63eff941ad49498daeb1ae38f44"",""0x429b49322f39406d28f591c75e8222ecd51db05a599ec5d128466346627eb705"",""0x86ae1d3cfed9f994a673ca32c9ebb44c1b77c8c3781c16a0f6486fea4611ee5b""]",[],0,0,1,0,0,0,0
bstpstaking313m1a5bd173,valid,,3,1,3,m1a5bd173,100,10,10,"[""0xc6a97d34bb42db0a2411ee2a04a39e1a349ac46d0facc8d8aba2ac45c1b9eee0"",""0x463a6d79a1b14e1245e8a22a93eae203235f05c5835dce53dd44083cfce2ddb1"",""0x2810a2647fc8a040ec0828691316e1d0e1363d42f47f3bf80e2accb7bae8de17"",""0x1450a2ad54db1f6259714cc9ac588cd99a4c4c03f9526698ab2fa1de7df5a66e"",""0x803c04e9d0b2c4e90a99c31dd8519bf915308014ab129a6ef5635c5707119a44"",""0xb62a93a4af9e98302c8ef25df57b7a8d3e8ce50815f06bbd35bea1297ebdda46"",""0x2124486dc85b8c57fc4d5e0a9f55e30add471fe3180fcfe101410d17e1eff055"",""0xf67e2377111997dc02978522df622a53ad27c404a27e595ac91b5cc7292c75e2"",""0xf92ce584256aa0bbf13a4f8190f9061c3c4844316b58827d311326cf95afcc82"",""0x35303148e0b473d7a4dcf3b5bccf681975a99a0437c32cd94632b81321d3e6ad""]","[""0x16a4b9d56a3ab5e2ef284d0e822e6707757b125228793b37bc9e037802da9d9b"",""0x86ae1d3cfed9f994a673ca32c9ebb44c1b77c8c3781c16a0f6486fea4611ee5b"",""0xa4a5871d752ffcf82f0971f07904f7cdd34150574ae793fcf1bff93d1aa06ff0"",""0xaa8fad824a174e57accf11eb34b23d020d6aa685da1925b1c30a611ffdb95a0e"",""0x80e64594a9d4fad2c6617c96707f6c9a1a78970b22d16066311be57b6d24a7da"",""0x39700501189242fe3b7185fd03a5cace111de24b0c6b66471be82d30bc72ec27"",""0x7634f8326375f99ebfd7a8b203b7442a56b18cf7dc73f6238abd4122e8090b86"",""0x6ea2e4d3921eb79867ba52b40ba2fdf4df2de7e307f65f7742bf9f3bdb48a96c"",""0xe2c89165b1663cbef76d4db4aff33d030d5826b8a643a445b8531c288e7745fd"",""0x60642c6a8412d200a3413c5426afef17f3d72d45fadaf5cdde98b783893518ec""]",[],0,0,1,0,0,0,0
bstpstaking313m30fd2845,valid,,3,1,3,m30fd2845,100,10,10,"[""0x272e149a70bc0896c48886227c553446aad58de29d8305c185e44aece09d51c7"",""0x475c36c4c60e0af2eb4580055777910ab6c788c95f66d33f069723d9ff62ed25"",""0xdb5a04c37cb2abdcd30f50613d889e78dd0baeda292662af61e484d647010c52"",""0x70f6a60ffde5d6f154466a7f3cee3fb93a235a0b59ea6d820ec8265e2456b8f8"",""0xc88d3451c275b5a792c8372021eec6f7aa969eacf4da05d45b4fb5da534d0a16"",""0x6ddf485c65c0ac3e76a6a703214fda27c77b77b9666aa25908be5eead7922d47"",""0x3bdf59910dc80d945c909ab4265dbbbe8e7cc3938d6d3df55a7e4a8219757a6d"",""0x6a88071a43b422b5b8bc2b51f8d1f7b8fb5ffbb9c0147724d4b5053293f9d2e0"",""0x62b418caf7f4a143bc65e2cd9b398904d22346c866810016d82b852f5e219790"",""0x58385befa6218aa1909beef6dee30a462780a5145084aa81246fa491f8af14b6""]","[""0x73d6c0efd0550ca38510ec910998f28c5f57de699ed4f4eab13ed86d90fb6b07"",""0x16a4b9d56a3ab5e2ef284d0e822e6707757b125228793b37bc9e037802da9d9b"",""0xe9bff1484b60de522b5fda8d2a44f33f1ba6a17ca2db76472f469a91f2245a8b"",""0x7c9cdb9fd07a0e95dd225ef751470ce88b43ad6e9e209b3b95404c7a6849e39b"",""0xb3788db79f3ad700a3cc134a27acbcec7a0a587ffbcdf5927faa24e5c362d493"",""0xc2467251882eb44d5415c8fddda0ba28022dedaeeca039a9fa1e56bb4cb2aba3"",""0xea69777677b59561b3782267ef6a65d6e0f38e1fea58f1ece52358972347edb0"",""0x68fb332560fdf6ea1d74d8c4bfc3ff952f79df911ac17e478862c0aa1c736db3"",""0x9920c06a362172692e96bab008e569caa257aaec2c8f130f3564a55f2f52357b"",""0x262e2e527250bfc9fea90edce78f93b95ce16f345766eb2534ba2fb39906d951""]",[],0,0,1,0,0,0,0
bstpstaking313m33799275,valid,,3,1,3,m33799275,100,10,10,"[""0xc543bfc6a2ff3dde7e8fc8e514e146513529a4731153d483ec8459fae3d11f2a"",""0x0ba8519c524732bb6cd8845163c18184f59ffca54480944de9b2113041b462d6"",""0xdf6439719124769b552145b537568919eeb37626e099208848ae0eae723f522e"",""0xbee42fcfabbb09eb9c70e48c9033e4542707d8150d3d6641a8d299759e3c4403"",""0xb498b69cb149bbbc2841525f505d792c9fa0a214ce16e0b3ae793c6826e21fc3"",""0x01106fc3fa0acfdc839b447c5d95e7f73a1a723240da229828c305366f8c99f7"",""0x0785e075ccc1d7b7a6e193c7555e693c7146bd83df14b8965841332524521265"",""0x1c64ad766dfa4fa9d74a4d2ce01848b8d5a7da03dd7621fcc2404e4022284ea2"",""0x9f8fa5a512c7f80fe88a5b18be39e3c0bc20cae691dcd791febe5792500dc0b5"",""0xe72c5c22fbe894054099969b50aad0b7739ccb377982e785f0afbaecdab38412""]","[""0xcd09dc92e8736934e461988f29064ea4e49ccc41310e47a797ab8e787536e77d"",""0xfd70d4311b5768c6b6bf7ecd75518b0b26ba2529cb7cf75e450bca9f0d366daa"",""0xa7831feb3b6ce91bfea938682651e70d662f1266659cbce6eaf0526e45512a68"",""0x29eba7ba49866efd89a8dce8d84688734eb0b4b198d4992b288b36b31540c8dc"",""0x2c6db858294994968533795d44c86dc8f050d3652066b8ceadf9d3b73dc7d902"",""0x8945bcc45087a8bfb2e18a5306781be29a69dbac49c73ab68b0d6c56a67bc0f9"",""0x5b677b1ca640fe2fa90ccb13036a107a5177af4f0b0bd5ed853ac029e427d019"",""0x8cc4b8cdcb727613f2378e83b1e459ef38061ac468dcb3d02730b17ef2a02673"",""0x49e5774ab139905928ff21d948254adc70aa28ff5eea2ac796f32b0549b267a3"",""0x106ecf713381cc7ee659b224caebb8c2d8402304fcc03cc12f04d9acb19beb31""]",[],0,0,1,0,0,0,0
bstpstaking313m3b4969fb,valid,,3,1,3,m3b4969fb,100,10,10,"[""0x2e193d5ce0897074fdadcda22e868053a880fb33daa7aae7eff728b819b7e9e8"",""0xe6418c75ae473855ddb6b9dd3eac4e88af48e037bdc1063c35cde8ba136d3954"",""0xd257dc770c415592299517bc82b40679bb383ced71452defe7745bf564d0c2a3"",""0x9e087f7bd1b781a46be608096cf227324d8a3e30d57f0a1d050cfb8e4c1d2c90"",""0xc3914a31f1f6b3bca365c920406144a53452950f40fcf32bae640d5d17370820"",""0x58385befa6218aa1909beef6dee30a462780a5145084aa81246fa491f8af14b6"",""0x1b649a7aa61f0f4f90c5d38308be295917139e516ee0c572790036b6519d0304"",""0x7a913a3ee9a3da44acaae712276a593c843c3e10aba5feef39839618479930ff"",""0xd9226ddc17c12cede4910a5995bdff0cc02c9a890e73d382c94f398249707365"",""0x7ee6122ffe5045a29b7a40187e64f8b90aab3cbe9c16764b73683721371572a2""]","[""0xb002fb01be58fedcd04d5ceb2895feaf22973ac1205efed3d2db367bc6d7525b"",""0x106ecf713381cc7ee659b224caebb8c2d8402304fcc03cc12f04d9acb19beb31"",""0x682175835b69fee8ca4e1000194ccf6067372d31c29aa0c1fb86d118274fe35f"",""0xc242c986f95f7cb745f870b1e292c03f57e59c36e809d37eb00cc8d235b22c5a"",""0x4c896b9c75e38294c3a07ab4ccb18852996db2708540195223e428ddf09d38a0"",""0x6a735d9199bcfde6d540397f0c81a9225ad8520e39847b9a367e7dd94565137d"",""0x4f70045f96345b6154f2e63f3fe4b06b6e40108aedcdd3afc6a66ea75fc3da24"",""0xffb33d2d1648788432430e96a9706f35a4dcfe30d45dd0e99a1eaf7e59ab6aeb"",""0xcfdc62eb5da1c0cc9f61c08540ca22833a6530d40de956ae254be5b1e0b59d74"",""0x5b677b1ca640fe2fa90ccb13036a107a5177af4f0b0bd5ed853ac029e427d019""]",[],0,0,1,0,0,0,0
bstpstaking313m4239fd1c,valid,,3,1,3,m4239fd1c,100,10,10,"[""0xe4a36c881c35b07714a2562049bb6d76677c7e6b9379c9e84767c3e93c94182c"",""0x6a64d10b6ad89e2423683c6d3538752fbcfca6a4b5cc054afe333a9ceba922f9"",""0xd9293176125197a9a57c96e218d75ac08e0c348ad50e0183dc488660b8f11ba2"",""0x8f56779de0ea58c8fe03313265178f50a661a16daf9c775ee98cc32cd2ec74e6"",""0x7386d428dae112304d59ada9695d67ebd1d842090dc27ea8423a7e7b562f5ec3"",""0x2eb82b8aa3885f189d5bea22693cd447d1a3ffd7eb9d560d51dfb567332a3c6c"",""0x83d7a7e2c585c802df2fe2c2dc5a55c73a30692d570c283fadbc12988af77ffd"",""0x483e0faacc32045385006ac1d42d028b103a2e2e02f320e20037d0d36be54907"",""0xdc5759af11a560c9b446a67f050dbdf28e9fd6f69dda726769ba0a4816999922"",""0xdb98ca87ae05516c9a74844be3ee000ee8ea8946e4314da83c74f2494d8a2989""]","[""0x483e0faacc32045385006ac1d42d028b103a2e2e02f320e20037d0d36be54907"",""0x89c823bf9976eb820ef3b2041267ad2c6eed1f83e2ab87cdc4bf9577cff5a748"",""0x3c97283efec66e1a5ec8437966e087338da20f0aad3723d41d52c67328f7efe4"",""0x6940f8c3529787bcfbcbf21fa64207221930bb64f69f1727136674443bba43aa"",""0x106ecf713381cc7ee659b224caebb8c2d8402304fcc03cc12f04d9acb19beb31"",""0x90ecb607bbb48b913aefe5003509412fcdc1a78708f7390fad1c6953be606038"",""0xb7eba087f5cc24fe2d08675f1cd5a26ebf3fd48642175807fccde9db3ffb3752"",""0xdf845dfbd70267c5c523805713303d6f4b7b91d97219e28f0508b46315e5e0e2"",""0x8a5fc9c813f0cbb1fbb3c86b71678b733f90197cd9b0fec7ef5b2e74d2827527"",""0xd9067ec22c0a52c0bf051e10e841161ac9d25bfedf069957979cc6f267cb6324""]","[""0x483e0faacc32045385006ac1d42d028b103a2e2e02f320e20037d0d36be54907""]",0,0,1,0,0,0,0.1
bstpstaking313m61fde19d,valid,,3,1,3,m61fde19d,100,10,10,"[""0x742e8d6b7f4f58aefb491ed7e81f4e917dd07cc98fd42fc88aef43291b0a8204"",""0x1b21e7a1c428621dc0111e5c469259599f82fe1837877d85bea8dcbf95e21a8c"",""0x63f077c22b87f00ffb56c16cfd771e2ecacdd99c36744c22e759b77c8d5875fb"",""0x60f5cd9d1c72569402f084e1132cc01b5eb7a00a7e779062640f95eeb64959e4"",""0x6392d1b3cf85732c8fa2aeca7af22c6ca69775edaa4caa04b75213f389b07712"",""0x1f5fee959fba146078e1405e4c37f2aac0679b5dee853905a94165ba08217196"",""0x241145b169eb7335c6c3a55c542c7857ebbbe2cbe47e2bc2a4f72062e1ba800b"",""0x525d94654d32ea3eddcc6ae10b309d0fdb2993fa656b76fbdb2d5f817e2f8db4"",""0xba1481cd7cbf3a03976044d0a65435f48ce745a1050bca98c52a12a7ff849977"",""0xc296b0b9c4f13a4b41432e59c695e6c6e3a55cff91fd007519aa947d82018635""]","[""0x69f76a6458130c9ded5a13a31db3715ca829f4a679d617f3e492b9116677d10c"",""0xdabbd1bf365dd83a0175d5e359d11f8d109116b0745646ef8d2c6a2efcf851df"",""0x281d75ca73c64a8633ed60198d5e953cc41cba8132bf7dfc97a978d37dd83726"",""0x7c9cdb9fd07a0e95dd225ef751470ce88b43ad6e9e209b3b95404c7a6849e39b"",""0xfd6b6381e462eb69a90451498acc82533df2612f7e00141667dbce964caa982e"",""0x8d357dcd4a7c14d4a0f33a6d36f83ab30a8caad65d222d503f46d94d277f7c24"",""0x37890a125406e5e42ba213b40b55685bc6c328fc0106903b123b70d8312c1000"",""0x06442c0ccc9ab367282f06426924517e0a49c25e50a492ad91aecc55b655f458"",""0xe5da0f8dfb6b491adb9c38f755f10e08bd498ab5979036394be3930984053206"",""0xe2c89165b1663cbef76d4db4aff33d030d5826b8a643a445b8531c288e7745fd""]",[],0,0,1,0,0,0,0
bstpstaking313m6489f990,valid,,3,1,3,m6489f990,100,10,10,"[""0x8e0fe0f656e916603b21dfc46871616ecb7b642b28e5d883d2c499a8c5e837e1"",""0x34a4d8937f3354a8c46b9c2b29c4ce9f1ea8d0bcdf66b5633b3e24cfd92ed2d9"",""0x795399050aae731a8fb0651e6f99b4eaee8db493bd96ff86da6f6fa03c04b181"",""0x8dfdc5cf3cb02e7e591f87507f529f23ace45f23d37d2cc53a0be7ae48327735"",""0x55438b3cc8a7b8feb076576689edb0eb929cc5e619c8e3081ca280d3e78956fa"",""0xfd20133ec486c0ab3acaa7eedcd7170e5c17ac4821e7f799014bf5ac5d4a15d6"",""0x548a6d0e11a56a2f3c816358d5a6d33f238307fda325329c3fef19c266a0ad45"",""0xc2ffac38150fc2e08a11fe55ee74c9abd7af09e9ed476faaf590e2cc957e47d9"",""0xc9934edef10f228ceae43f18632ddd98051ed4be2403be15d14f2186731c579d"",""0xafa9938236b1684d4285e0eed9ec046b0a0bb88755b62b6a7bdf2a7963971aba""]","[""0x73d6c0efd0550ca38510ec910998f28c5f57de699ed4f4eab13ed86d90fb6b07"",""0x3c4ef3727c5acae7ca4976ecf767571e18ac1b70a4aad2ac4f7b9139bcfc987d"",""0x8e6ed61f936c34115ed64b52efb53b493d279f72a1ed2c1dde342f98dfc9178d"",""0x01829fcc6d779d94ee869f97379c6516562dc7f8b74938742ffefe6b09b93fbc"",""0x262e2e527250bfc9fea90edce78f93b95ce16f345766eb2534ba2fb39906d951"",""0xaa8fad824a174e57accf11eb34b23d020d6aa685da1925b1c30a611ffdb95a0e"",""0x429b49322f39406d28f591c75e8222ecd51db05a599ec5d128466346627eb705"",""0x08c294941588d570c4ae95ce5aaf4a1592f278bd19029a2851efff2d86015692"",""0x6ea2e4d3921eb79867ba52b40ba2fdf4df2de7e307f65f7742bf9f3bdb48a96c"",""0x281cd26d80e9cd95f098908b641c2534121c033c47795850d88fdab6f04f2af0""]",[],0,0,1,0,0,0,0
bstpstaking313m652a5fba,valid,,3,1,3,m652a5fba,100,10,10,"[""0x8fc1d1e2c016ffb36d59c5dc3fc66f326f0dbf2f44da8dbad7ce668c0c9e69dd"",""0xd86edee3887482aaa87bf056e6c0699a0ead02b8267c06b9514d0a31ad11a63c"",""0x328f7be4ec6d63ed0e1dd41047b5896d99cb54136321dee3b2aa6286995f81e4"",""0x7833ebabcf4630a67de7ee8db1f8f2e17f3410ec9525a2980a539f7d273f2618"",""0xb59955c989aea7aaf088dce99bc3627f33329ba87f9779f65b2ecce3d18e4ca4"",""0xb4f591edb7bdc05c11ddf5a0cdbe2eec6415a7603838b88dc2170dd1fe549d4d"",""0x8cb4e935054bf80a0deb1c922537b01afc0faa4e049982c83eaa120b4e969349"",""0x792085538de14b797fa6a5649e36b3a3e3a2dfbaf1a3d3e3d31886950b570bce"",""0x3bfe81918bd41e5c5bff12dd7e8749454fa260dcf57ef8f344aa19121144215c"",""0x854bbb4f3e5429e2345d3ad6bcf848b5e050a8130ba43790818ce5011cc437e7""]","[""0x5b677b1ca640fe2fa90ccb13036a107a5177af4f0b0bd5ed853ac029e427d019"",""0xd9067ec22c0a52c0bf051e10e841161ac9d25bfedf069957979cc6f267cb6324"",""0x2c6db858294994968533795d44c86dc8f050d3652066b8ceadf9d3b73dc7d902"",""0xb65630e7129a1fecafdca9eb7dbe53130a12b5d3e2e984bbf9c9a5399c6cc30f"",""0x39700501189242fe3b7185fd03a5cace111de24b0c6b66471be82d30bc72ec27"",""0x856f01151a1c15aa053c920c11f2f4a193b3ed4250c6ee2ebf77c3390fe0f275"",""0x98383544e422fe17027cdac418f09337309386a10806b8ee02c8d32713923a8e"",""0x3c97283efec66e1a5ec8437966e087338da20f0aad3723d41d52c67328f7efe4"",""0x4c896b9c75e38294c3a07ab4ccb18852996db2708540195223e428ddf09d38a0"",""0x932383665799c1241f674264478c7dbdc9dbecd0c1d33b2034e91903326669df""]",[],0,0,1,0,0,0,0
bstpstaking313m66488430,valid,,3,1,3,m66488430,100,10,10,"[""0x60642c6a8412d200a3413c5426afef17f3d72d45fadaf5cdde98b783893518ec"",""0x856f01151a1c15aa053c920c11f2f4a193b3ed4250c6ee2ebf77c3390fe0f275"",""0xc83255e7f44f715ea7d2b6da08689900a9b7bb38ef204039561e14dde5e03798"",""0x27f6a02165b673e7008df197e38e096214cfb8e24d4ed54d9d7086bd62eb23c1"",""0x3c4ef3727c5acae7ca4976ecf767571e18ac1b70a4aad2ac4f7b9139bcfc987d"",""0x0c2114c42e0d5896326c514e35990fbd18cd950490e70055e96a95a3b1e551e8"",""0xb43c6ce35bcbd028636a86d54a3e4d2d9700310d2c1c4e090f21eae55ab13250"",""0xb4f591edb7bdc05c11ddf5a0cdbe2eec6415a7603838b88dc2170dd1fe549d4d"",""0x7a913a3ee9a3da44acaae712276a593c843c3e10aba5feef39839618479930ff"",""0xbeebf80a34721e08cf85ad88f9d2c2335df2460f4e338285b526fd20fe142680""]","[""0xc3b0696840352e2a25a87160f85c766cba4c6b9424a40ded6b5e2eb28f9215f6"",""0xfc9bec6e17e3d34235748a04c8a772f602b2283e2946d9f68c2ed62bcdd2cd85"",""0x7c40aac49a736517f5c440f9392f1683424054f2ffa6df7c2970a52c11db06ca"",""0xcd09dc92e8736934e461988f29064ea4e49ccc41310e47a797ab8e787536e77d"",""0x92c0efa8758ff02dd06dfd438cd6612b6e3590f9c8b7c0932fd418903855a478"",""0x4f70045f96345b6154f2e63f3fe4b06b6e40108aedcdd3afc6a66ea75fc3da24"",""0xb1d52412675094b54611913899744bda3aa3c67ce51c9e9d61d8a49d9cc84caf"",""0x90ecb607bbb48b913aefe5003509412fcdc1a78708f7390fad1c6953be606038"",""0xffb33d2d1648788432430e96a9706f35a4dcfe30d45dd0e99a1eaf7e59ab6aeb"",""0x6b84de292cb6e3be779d6288c69c6a070bba523a2317a4d294c1616e10f137ed""]",[],0,0,1,0,0,0,0
bstpstaking313m6e7de01e,valid,,3,1,3,m6e7de01e,100,10,10,"[""0xc60c79e5e797d6f2455444ef04d78ddf72d379e5faf1dc1fe6599587e4dac666"",""0xbdfdeabc54c262f88e0fe7f2c43bb9d44af5c15f110a0eb8d7196139816e17e8"",""0xae22b42b16dd2621567cc07e52fd7f8befa027095313680ce0542812619a1fd9"",""0x22cfa314319d02b9a26ec8ed26a4f9a4dbe384da2435f21e2ca43f8291166121"",""0xaaa491769dbaf6c6d71c0f7a294abfc3728fa8365fc050ee0d4c4785d460f3e4"",""0xba0b59354fd829e7f8a55d02ee83289c10626277f4098b15ba083a030fdf845a"",""0x142a296ea400f62094a016b10643f0d922916a4667c378092e78ef1fab5b44cb"",""0xfba61d0944a6a041db25615130d447ae04424e80b60d19b35ac59a364a6bcb11"",""0xc6a97d34bb42db0a2411ee2a04a39e1a349ac46d0facc8d8aba2ac45c1b9eee0"",""0x64ea6d8be7f36c50057c50a1188d463e1fde16d116b56f53959d7c706ff19cf9""]","[""0x7c9cdb9fd07a0e95dd225ef751470ce88b43ad6e9e209b3b95404c7a6849e39b"",""0x353fcfc68b913bba883a1cbe437235257a5567ace334e692406b2239896cc845"",""0xaa8fad824a174e57accf11eb34b23d020d6aa685da1925b1c30a611ffdb95a0e"",""0x3c4ef3727c5acae7ca4976ecf767571e18ac1b70a4aad2ac4f7b9139bcfc987d"",""0xcd6d08f520a5a6aebaa079033393b6393e347445be26d2c107e8d7ee03c8f13c"",""0x281cd26d80e9cd95f098908b641c2534121c033c47795850d88fdab6f04f2af0"",""0xdd364115eefd88d44ddca902abb962bd1038efc911e81847f0d1911029cb83fc"",""0xe2c89165b1663cbef76d4db4aff33d030d5826b8a643a445b8531c288e7745fd"",""0x66dc91c1375c97a345396b765a31f83a172cf55a43b176b21f6e7ca8e695b9fd"",""0xd7531695dcd358a4f56787acbbd65565a09fc63eff941ad49498daeb1ae38f44""]",[],0,0,1,0,0,0,0
bstpstaking313m7dfad905,valid,,3,1,3,m7dfad905,100,10,10,"[""0x9044ec8b60a60d3395a2c0af75805fe9de9ef145617fac65e45690b1df34da2e"",""0x112ee88764a7d60e7dccfa2cfe230182fdbb4c23520658a84077679418d73400"",""0xaef34b8afe208c91dbae6c97ee0833aca5a94e75db707be238d62aa32d1b0d5e"",""0x81e2e7b1be485cc429132e1f38981069e2f63442881a0e05a59ef346a29b23e0"",""0x0f32c8a332902ef7a880dad60dc8362bf8c622e3ab76c4422014d250ef0a0aad"",""0xdffc119e93c9575ae368cbe28f20d89752b1670c3028773426ae3389d13c5d34"",""0xfad01488359d94785d233c0a7bb774ae8944c943ff18a3fbfdf10ea7f697350d"",""0x74218a134b0b165b1006edac690204834d0dd21de24457913c436e577bc30aa2"",""0x1c64ad766dfa4fa9d74a4d2ce01848b8d5a7da03dd7621fcc2404e4022284ea2"",""0x3294637b2c8ac9797ec403e14bdf361b78ca25ad93fafd147852c4f92d3a258a""]","[""0x106ecf713381cc7ee659b224caebb8c2d8402304fcc03cc12f04d9acb19beb31"",""0xfd70d4311b5768c6b6bf7ecd75518b0b26ba2529cb7cf75e450bca9f0d366daa"",""0xe70b739d2c9d746514eb24b9ed0d3b51448a0a5913813a2864aa9be0ec65e691"",""0xa7831feb3b6ce91bfea938682651e70d662f1266659cbce6eaf0526e45512a68"",""0xab461bed3349317736818b1dabb4b0c82cc986f81bc20a4f98abb1cf118525e2"",""0xcd09dc92e8736934e461988f29064ea4e49ccc41310e47a797ab8e787536e77d"",""0x49e5774ab139905928ff21d948254adc70aa28ff5eea2ac796f32b0549b267a3"",""0x6e53ec51854bc45ec72e747b9db61797e1b20b6c0f523a3f2ead783fd267ed91"",""0x9a0ed5a06fb6051d9a659f829e57ea0e382f714cb43d55efaa317c69cfae14ee"",""0x80288ad5dc62d58560df110a3535af497449f9f6f4f71e34500b9f5045943ea7""]",[],0,0,1,0,0,0,0
bstpstaking313m7e72b6a8,valid,,3,1,3,m7e72b6a8,100,10,10,"[""0xe96b96882de88437092598b2e1571a96c1fbfb0f110dc9352f74b9ac645b7c59"",""0x6f3aa452ac3ebe7bbf3dfeeb82157ebf7c8b323920d2d7953d9a52c3b0d0d921"",""0xf1088549bb9564ff6370714437f63b45c2a4fee57e8932f9ba24374e910a770f"",""0x87d1e2119f0d4f2d219cd2176ae90c8876b6fb363d4af742c2973a0e8ac74f62"",""0x602e1931ffd162122bc05dbe6e64b7758e8c18c285a2d97af8df528e7cc1fddc"",""0xbfb50c3557cd2ca160412e98fcfac9a88ca761c1d721df039f4c58ae10fee834"",""0xe39efa4374c722f02ec99217eaf2b3db0b9d3b0b95d31c488c12d1c547c505a2"",""0x5c3adac6f5f19b2194ed069469e7bcdf6471e15c1f02f8b32e70f5c3cb2387c0"",""0x55bdf9272673685fbddf8c197de48e0427fa244f52ecffb113164a0915359c7d"",""0x8221d0f6fe62fc8120fd3b22c740a896d947fb1581163983c25cad744bd2f5fd""]","[""0x9a0ed5a06fb6051d9a659f829e57ea0e382f714cb43d55efaa317c69cfae14ee"",""0x98383544e422fe17027cdac418f09337309386a10806b8ee02c8d32713923a8e"",""0x8945bcc45087a8bfb2e18a5306781be29a69dbac49c73ab68b0d6c56a67bc0f9"",""0xd7531695dcd358a4f56787acbbd65565a09fc63eff941ad49498daeb1ae38f44"",""0x99196e62444c2ecc416618bcc5a3424f9cd5641d6867c8e258507c7d89a4a88c"",""0xe40523cb93f50925b957e5e448d59b64adfad0b41a549e68dd171dd988bc17a5"",""0x4c896b9c75e38294c3a07ab4ccb18852996db2708540195223e428ddf09d38a0"",""0x7c40aac49a736517f5c440f9392f1683424054f2ffa6df7c2970a52c11db06ca"",""0x49e5774ab139905928ff21d948254adc70aa28ff5eea2ac796f32b0549b267a3"",""0xffb33d2d1648788432430e96a9706f35a4dcfe30d45dd0e99a1eaf7e59ab6aeb""]",[],0,0,1,0,0,0,0
bstpstaking313m8051415e,valid,,3,1,3,m8051415e,100,10,10,"[""0x4f70045f96345b6154f2e63f3fe4b06b6e40108aedcdd3afc6a66ea75fc3da24"",""0x8cc4b8cdcb727613f2378e83b1e459ef38061ac468dcb3d02730b17ef2a02673"",""0x29eba7ba49866efd89a8dce8d84688734eb0b4b198d4992b288b36b31540c8dc"",""0x92c0efa8758ff02dd06dfd438cd6612b6e3590f9c8b7c0932fd418903855a478"",""0x80288ad5dc62d58560df110a3535af497449f9f6f4f71e34500b9f5045943ea7"",""0xa7831feb3b6ce91bfea938682651e70d662f1266659cbce6eaf0526e45512a68"",""0x483e0faacc32045385006ac1d42d028b103a2e2e02f320e20037d0d36be54907"",""0xd5568fd406d7db628afa415d58bf5bd06959a92398aa702548e8e04793bedd47"",""0xe9f2e59c99f6702fe18858aed20149e2f0d56c61902abc83ce67a4412e971a06"",""0x0b12fdef1d931fbb371042d52edc6ed5d81ffd2eae2868cbf4eb2a775207137b""]","[""0x4f70045f96345b6154f2e63f3fe4b06b6e40108aedcdd3afc6a66ea75fc3da24"",""0x8cc4b8cdcb727613f2378e83b1e459ef38061ac468dcb3d02730b17ef2a02673"",""0x29eba7ba49866efd89a8dce8d84688734eb0b4b198d4992b288b36b31540c8dc"",""0x92c0efa8758ff02dd06dfd438cd6612b6e3590f9c8b7c0932fd418903855a478"",""0x80288ad5dc62d58560df110a3535af497449f9f6f4f71e34500b9f5045943ea7"",""0xa7831feb3b6ce91bfea938682651e70d662f1266659cbce6eaf0526e45512a68"",""0x6b84de292cb6e3be779d6288c69c6a070bba523a2317a4d294c1616e10f137ed"",""0x483e0faacc32045385006ac1d42d028b103a2e2e02f320e20037d0d36be54907"",""0xcfdc62eb5da1c0cc9f61c08540ca22833a6530d40de956ae254be5b1e0b59d74"",""0xd5568fd406d7db628afa415d58bf5bd06959a92398aa702548e8e04793bedd47""]","[""0x4f70045f96345b6154f2e63f3fe4b06b6e40108aedcdd3afc6a66ea75fc3da24"",""0x8cc4b8cdcb727613f2378e83b1e459ef38061ac468dcb3d02730b17ef2a02673"",""0x29eba7ba49866efd89a8dce8d84688734eb0b4b198d4992b288b36b31540c8dc"",""0x92c0efa8758ff02dd06dfd438cd6612b6e3590f9c8b7c0932fd418903855a478"",""0x80288ad5dc62d58560df110a3535af497449f9f6f4f71e34500b9f5045943ea7"",""0xa7831feb3b6ce91bfea938682651e70d662f1266659cbce6eaf0526e45512a68"",""0x483e0faacc32045385006ac1d42d028b103a2e2e02f320e20037d0d36be54907"",""0xd5568fd406d7db628afa415d58bf5bd06959a92398aa702548e8e04793bedd47""]",0,0,1,0,0,0,0.8
bstpstaking313m810b37d6,valid,,3,1,3,m810b37d6,100,10,10,"[""0x41793894a0d16ab866093eec09eea8e7dab983a21984133e6365eee212f3a9c7"",""0xdf6795024f67646d7007778da79df9112f1348c89c7750db89048817d111b882"",""0x4d1f4a08e41ec3ab3f41e9b6ce588f83f7098005d794d67b1ae234c07ff52acb"",""0x372a46a49dcd8958b4a44fc4f857681c276a1a917b81607a08525a0ac000817a"",""0x8ec70fededf871f85ae77b8384f0a6ed447432d46d6411f65c77385d24fcd5ce"",""0x9d112cf5484137bb70a5f37664c033b18d6e3b4d1087671c14a6ec32134aca27"",""0xd4eac3d16c253064095f2c707ed4da3a8291a87c7e233c60ebe1ca928b00e3de"",""0x90ec308e5f27e658dcb24f5b56022e2ce4a1b440d8aab143a10c27f074dcc83a"",""0xaaebddcda2b0459962e2846b59611d988640a90f7d4d767e2c446468b637dddc"",""0xb834b4418a794f8eb79c740b34689b68d4b943383fc2c5cf2ea422584e8a98cd""]","[""0x14d09a4d420ae8a7492d23eb1beacf31a514ddd9765719262cf2a750248f046e"",""0xedb061d6c685949f3e6f6b2fbc31238ae6ee3c1a2760e056b5c3e5e2304df8af"",""0xd7531695dcd358a4f56787acbbd65565a09fc63eff941ad49498daeb1ae38f44"",""0x6e2ec90f7c36a36b5344a2aac6038ddc9c3860de12975f71142181a7a81c8609"",""0xdd364115eefd88d44ddca902abb962bd1038efc911e81847f0d1911029cb83fc"",""0x68fb332560fdf6ea1d74d8c4bfc3ff952f79df911ac17e478862c0aa1c736db3"",""0x37890a125406e5e42ba213b40b55685bc6c328fc0106903b123b70d8312c1000"",""0x69f76a6458130c9ded5a13a31db3715ca829f4a679d617f3e492b9116677d10c"",""0xd315b8c83a9e2edb719d67cf2cc732391e7c9d9fa55ab87f926ee4c7046a8578"",""0xdabbd1bf365dd83a0175d5e359d11f8d109116b0745646ef8d2c6a2efcf851df""]",[],0,0,1,0,0,0,0
bstpstaking313m9189f677,valid,,3,1,3,m9189f677,100,10,10,"[""0x9cdac732bd194ec563b0f797f75b9244b195730a163ccec1a5cd5f36ff3d5445"",""0x9a9a1f540231314765f22b4ad86a0b2842a2921a590b03274049bac3b2643245"",""0x24f9218adf79c104bedfedf7890d4204b575153662d2926a63eaf682f636b496"",""0x548a6d0e11a56a2f3c816358d5a6d33f238307fda325329c3fef19c266a0ad45"",""0x7dff03e9151eef7673af7ed88117e897aded4bee06eefc9219e8f5627d78ada3"",""0x3db5fadb8b304a184cea2758d436991de39106bcc1625ad9c7f8dcf4d3135631"",""0xaf3a216d8e710a9f3110a955d0417ee71bfea76b036886a6eca8f5b7fa1bf1ae"",""0xc63534e5868b99d0f378a27f68db671d8751dabf51b6c397dddc55169abf6c7c"",""0x501f612f3a02793486c5e69a601f06b1f7bf9eeec98c8d8a53e04ec21fbe35ad"",""0x38dd2d254f28282266a3fc35233ab395f48564e844c2ca78c59f73d4a6a404a4""]","[""0xcd09dc92e8736934e461988f29064ea4e49ccc41310e47a797ab8e787536e77d"",""0x8a5fc9c813f0cbb1fbb3c86b71678b733f90197cd9b0fec7ef5b2e74d2827527"",""0x483e0faacc32045385006ac1d42d028b103a2e2e02f320e20037d0d36be54907"",""0xb6956c09b733a91561395f6f106aa19a23a1df4c453562ff602fdc30b0b773ad"",""0xb7eba087f5cc24fe2d08675f1cd5a26ebf3fd48642175807fccde9db3ffb3752"",""0xab461bed3349317736818b1dabb4b0c82cc986f81bc20a4f98abb1cf118525e2"",""0x682175835b69fee8ca4e1000194ccf6067372d31c29aa0c1fb86d118274fe35f"",""0xfc9bec6e17e3d34235748a04c8a772f602b2283e2946d9f68c2ed62bcdd2cd85"",""0x98383544e422fe17027cdac418f09337309386a10806b8ee02c8d32713923a8e"",""0xe40523cb93f50925b957e5e448d59b64adfad0b41a549e68dd171dd988bc17a5""]",[],0,0,1,0,0,0,0
bstpstaking313m970360f4,valid,,3,1,3,m970360f4,100,10,10,"[""0x04e631257af2cf26e527e146f4e090feae7f8ba273f0574dcd62a46da5b5fb8c"",""0x5bbc9d2413d5740c9cce8b34acbdb04e9c122cff7ece31c0620bfd2b7e0e1b86"",""0xa81cb00815bbbd6922c16bc3bb033577aa2431580aea7e7e13aca944c2233272"",""0x8096cab0100aa02898585587d038ed875c585da73c52072d6a842c5b96bac202"",""0x59dd41a31be217e451080c6bed4bc1592897fe4d90fa0d98570d876c6d76e70d"",""0x3fa2ea8f79b0524a3c5e834a216d005b6653291abad1f4cd5704c375512864c8"",""0x51407f8e7f822a4bf1700a7c9d0ea0558c61c6b4785b5b544ef40a992b997549"",""0xffc71158a1713cadd9222700d20f0c30f7bc8dd2bb13d82c09a45f991a58c201"",""0x241145b169eb7335c6c3a55c542c7857ebbbe2cbe47e2bc2a4f72062e1ba800b"",""0xb4f591edb7bdc05c11ddf5a0cdbe2eec6415a7603838b88dc2170dd1fe549d4d""]","[""0x14d09a4d420ae8a7492d23eb1beacf31a514ddd9765719262cf2a750248f046e"",""0xae105f7f87da768b512fdfdb98a0fbf6131d1571893bb99b9a0ab477ff1702c2"",""0x281cd26d80e9cd95f098908b641c2534121c033c47795850d88fdab6f04f2af0"",""0xfd6b6381e462eb69a90451498acc82533df2612f7e00141667dbce964caa982e"",""0x68fb332560fdf6ea1d74d8c4bfc3ff952f79df911ac17e478862c0aa1c736db3"",""0x8e6ed61f936c34115ed64b52efb53b493d279f72a1ed2c1dde342f98dfc9178d"",""0xea69777677b59561b3782267ef6a65d6e0f38e1fea58f1ece52358972347edb0"",""0xe5da0f8dfb6b491adb9c38f755f10e08bd498ab5979036394be3930984053206"",""0x1721fbf3311a57adcac4eb75a9690451077fc079b0d94e4fa9d5a75bfb95e9c2"",""0x37890a125406e5e42ba213b40b55685bc6c328fc0106903b123b70d8312c1000""]",[],0,0,1,0,0,0,0
bstpstaking313m98d7930e,valid,,3,1,3,m98d7930e,100,10,10,"[""0x0ffd9d2614b9f671d46f72c34ea5196599288b5dfa0300fc530a0648ae15637f"",""0x501f612f3a02793486c5e69a601f06b1f7bf9eeec98c8d8a53e04ec21fbe35ad"",""0x1393e94f34761ba344117a1cf1bc70b40119c5cdbab5b1f26f7c7a2c82c28d15"",""0x9ca8626b06776b02e555a4f9fddc2f560f5fb18faa29eb0aea0f867af8064608"",""0xd9293176125197a9a57c96e218d75ac08e0c348ad50e0183dc488660b8f11ba2"",""0xb4f591edb7bdc05c11ddf5a0cdbe2eec6415a7603838b88dc2170dd1fe549d4d"",""0x5290542e3d2cbc736ed1fbb7348402f7e1765f05ce29020f9f6b41f48c8ed0a7"",""0x61a47bc592d0d0bc491d189aa12f87fd5fb6d7cefe64215bbc37f9bce2d8fb08"",""0xb834b4418a794f8eb79c740b34689b68d4b943383fc2c5cf2ea422584e8a98cd"",""0x1d99a1a82fac438932f930de1b28271c06a2e9e8da74a4469e308f4eab4f922a""]","[""0x98383544e422fe17027cdac418f09337309386a10806b8ee02c8d32713923a8e"",""0x856f01151a1c15aa053c920c11f2f4a193b3ed4250c6ee2ebf77c3390fe0f275"",""0x8945bcc45087a8bfb2e18a5306781be29a69dbac49c73ab68b0d6c56a67bc0f9"",""0x8cc4b8cdcb727613f2378e83b1e459ef38061ac468dcb3d02730b17ef2a02673"",""0x1ebfa3f4b31da950a10ba4155a5675fdf5fb3ac42fe3f076668cfe359788f601"",""0xe70b739d2c9d746514eb24b9ed0d3b51448a0a5913813a2864aa9be0ec65e691"",""0x90ecb607bbb48b913aefe5003509412fcdc1a78708f7390fad1c6953be606038"",""0xab461bed3349317736818b1dabb4b0c82cc986f81bc20a4f98abb1cf118525e2"",""0xb1d52412675094b54611913899744bda3aa3c67ce51c9e9d61d8a49d9cc84caf"",""0x281cd26d80e9cd95f098908b641c2534121c033c47795850d88fdab6f04f2af0""]",[],0,0,1,0,0,0,0
bstpstaking313ma6f1fda3,valid,,3,1,3,ma6f1fda3,100,10,10,"[""0xd257dc770c415592299517bc82b40679bb383ced71452defe7745bf564d0c2a3"",""0x91228fedec91d7b7710c887ce59017eb13339f6fed3313bf575f6b35bc92b7b3"",""0x10fb69a224c6ae79eb937c28802cb04b14cc118d73e9ebbc0b8551c4ffe55127"",""0xa9449e5c0c88343551b43804fa44f6fc11c58d402578a7950cfc30ea20bdb398"",""0x05d67b42683f7434e5b0368e1155991e1499010aeb76119dcc790081d91e5137"",""0x8b9b49c95857064d78640a9f09aa0597b559aa12aea9c914e21ece60fa907c72"",""0xbee42fcfabbb09eb9c70e48c9033e4542707d8150d3d6641a8d299759e3c4403"",""0xabcbe210ad770d33d9d24f0b8e614292c8df6cc28ad6252c46062f7453833270"",""0x1357d363c564bcf75c6bef61d95f1690aa4674edacbd50ff766621dd57d0b5b3"",""0x36b2233f8930f66cd0995ce5444b0b41fb79bcff830bb0f37f9c9718d697b868""]","[""0xcc5a3914b6cc401b98a202e8075b56eb77670a1140412c79b48b965bce6e05f2"",""0x90ecb607bbb48b913aefe5003509412fcdc1a78708f7390fad1c6953be606038"",""0x6940f8c3529787bcfbcbf21fa64207221930bb64f69f1727136674443bba43aa"",""0x4c896b9c75e38294c3a07ab4ccb18852996db2708540195223e428ddf09d38a0"",""0x01829fcc6d779d94ee869f97379c6516562dc7f8b74938742ffefe6b09b93fbc"",""0x106ecf713381cc7ee659b224caebb8c2d8402304fcc03cc12f04d9acb19beb31"",""0x429b49322f39406d28f591c75e8222ecd51db05a599ec5d128466346627eb705"",""0x5b677b1ca640fe2fa90ccb13036a107a5177af4f0b0bd5ed853ac029e427d019"",""0x1ebfa3f4b31da950a10ba4155a5675fdf5fb3ac42fe3f076668cfe359788f601"",""0xdf845dfbd70267c5c523805713303d6f4b7b91d97219e28f0508b46315e5e0e2""]",[],0,0,1,0,0,0,0
bstpstaking313maea74e52,valid,,3,1,3,maea74e52,100,10,10,"[""0x6431631b00c2ba8f2d8847df43032fe70881beb36975effa3d2edbc19c9e21af"",""0xfd32dc7961b7334150c729bdb4be13d9b79a92caeadfeb56fb36c7a1a9614b1f"",""0xd0d6acf0ea9225cf1664eabfa9f1647612c3663584cfe349cf51e95eba459600"",""0x7416606c9ce067f5dc0b9735cba4bac05f4139205ff9898b79bea216ddf99707"",""0x1918adf3227df9b5193c0b7b4da736ec1b7efaf27afa304310633e95182d1017"",""0xb8327b2ce36b4cdb40b7e742c7d741f065cfadfe1be6432087d30bf6725f9b36"",""0xc55affca1215c084bf128ba0988f72307688e82dad27f78deb20fcd099ee6cfd"",""0x041b9edad95636f2a53a4ee4fd1278cf333f002bf19946abb6359f5d994ae47c"",""0xbee453f5d96064792d5d274651337d2834fc19206abee5a4f56ea91b25db7d97"",""0x7360edbccc2505bf89cc5c38dc938e5627c76e8e69e5a44bd281e2a5d122a3aa""]","[""0x8d357dcd4a7c14d4a0f33a6d36f83ab30a8caad65d222d503f46d94d277f7c24"",""0x01829fcc6d779d94ee869f97379c6516562dc7f8b74938742ffefe6b09b93fbc"",""0x281cd26d80e9cd95f098908b641c2534121c033c47795850d88fdab6f04f2af0"",""0x262e2e527250bfc9fea90edce78f93b95ce16f345766eb2534ba2fb39906d951"",""0x119bb5b05d026a441a51d331d2e813d4a51e2ca676f9919b728dde31c94dc798"",""0xdabbd1bf365dd83a0175d5e359d11f8d109116b0745646ef8d2c6a2efcf851df"",""0xe2c89165b1663cbef76d4db4aff33d030d5826b8a643a445b8531c288e7745fd"",""0x3c4ef3727c5acae7ca4976ecf767571e18ac1b70a4aad2ac4f7b9139bcfc987d"",""0x55502bafc57a57cf79cf670fefef3504cf632e5de82803db33a8e4d8337b211c"",""0xedb061d6c685949f3e6f6b2fbc31238ae6ee3c1a2760e056b5c3e5e2304df8af""]",[],0,0,1,0,0,0,0
bstpstaking313mb0c003cd,valid,,3,1,3,mb0c003cd,100,10,10,"[""0x52e6981cdc7690708196a2452e58c48a66de6719cffdd094b86212146c778821"",""0xd9226ddc17c12cede4910a5995bdff0cc02c9a890e73d382c94f398249707365"",""0x6e94b37ffe1a8b9ca39974ef80b08282997c8c20c23ab1e14ab2db3f08199592"",""0xbcca131bc9b4d287bd3853b4df1598d4e2510b0c0ef1740555971e23ad7ff7de"",""0x8a9173684d87d36411c9b5acc3470ca5ad76f5de019254b71197b883b5814c66"",""0xb404e4956646ad71cd9f224c110336917a24a2d2c50fbfd2b6d1a52d5e614c04"",""0xca2954a71dae114a6edf20d5a0da9ebc717daf3a64133426b61c555f63c19de5"",""0xdc8c6cf538e7a345f69aad6cd3c784a99be8105df36a56b420b66518ab8cb42b"",""0x7cfbe0d74032d6fee6708168111afba8a86b3d0603057612c66e7cc7bcb7496e"",""0x3ff4a6c123b24acc54125092b303246c6f5b0734150a299209e0e0a7518911ea""]","[""0xcd09dc92e8736934e461988f29064ea4e49ccc41310e47a797ab8e787536e77d"",""0x8a5fc9c813f0cbb1fbb3c86b71678b733f90197cd9b0fec7ef5b2e74d2827527"",""0xc3b0696840352e2a25a87160f85c766cba4c6b9424a40ded6b5e2eb28f9215f6"",""0x2c6db858294994968533795d44c86dc8f050d3652066b8ceadf9d3b73dc7d902"",""0x3c97283efec66e1a5ec8437966e087338da20f0aad3723d41d52c67328f7efe4"",""0xab461bed3349317736818b1dabb4b0c82cc986f81bc20a4f98abb1cf118525e2"",""0xb6956c09b733a91561395f6f106aa19a23a1df4c453562ff602fdc30b0b773ad"",""0xcfdc62eb5da1c0cc9f61c08540ca22833a6530d40de956ae254be5b1e0b59d74"",""0x483e0faacc32045385006ac1d42d028b103a2e2e02f320e20037d0d36be54907"",""0x49e5774ab139905928ff21d948254adc70aa28ff5eea2ac796f32b0549b267a3""]",[],0,0,1,0,0,0,0
bstpstaking313mb38d99c5,valid,,3,1,3,mb38d99c5,100,10,10,"[""0xbb11b6e5a0db547605f0dcc18ec8e0c861054ce15ac7edf459810a5f353ee7e3"",""0xaa3a256bb3dac0d5f6b9eab4f5fcc14a7450c92ca794c193f2999a2b7005af6d"",""0x35d2f8d11a6e38e76da124815e227cccd7ade4d1cb08290de127e8ead973b6f9"",""0x0bcf996240aec5e142778d31bccb2dbc12cb599c497bfaea8d91635730c897c8"",""0x27488e31cd75f9efaf7f7e36eef37bcb227279dd4432f04f99c9e52bd8f79e5b"",""0xaef34b8afe208c91dbae6c97ee0833aca5a94e75db707be238d62aa32d1b0d5e"",""0x24d02a72685910062d72165e5e616bfb5c9521058f71e95bcfebb661fb16434d"",""0x865c976806d7a7899b2badf63532946046fdb07c416585596b4fcb30808334c1"",""0x5a0edccc572b6b6235885e1c180c7ca034eb52368f2c645a5620b3c4a395b883"",""0x9cdac732bd194ec563b0f797f75b9244b195730a163ccec1a5cd5f36ff3d5445""]","[""0x8e6ed61f936c34115ed64b52efb53b493d279f72a1ed2c1dde342f98dfc9178d"",""0xadc1a837b5429a817612fe145787358ffe8831a2e75dee3a3338a31d486fb05f"",""0x000ceb98a30a9f0375fd46d151e4f2f8d830751c2983f14a1c6f0144f80b3198"",""0x8d357dcd4a7c14d4a0f33a6d36f83ab30a8caad65d222d503f46d94d277f7c24"",""0xe5da0f8dfb6b491adb9c38f755f10e08bd498ab5979036394be3930984053206"",""0xdabbd1bf365dd83a0175d5e359d11f8d109116b0745646ef8d2c6a2efcf851df"",""0x06442c0ccc9ab367282f06426924517e0a49c25e50a492ad91aecc55b655f458"",""0xaa8fad824a174e57accf11eb34b23d020d6aa685da1925b1c30a611ffdb95a0e"",""0x12c0e8caa1bce7d499cbbbc665fbb364c09cd2977856fe2bf0027b9c600b9022"",""0xf5162966dbd2c8c3b2195e7ee9c5e46a8dd1715287d079a5b92d312ca24045cd""]",[],0,0,1,0,0,0,0
bstpstaking313mb8cbcc16,valid,,3,1,3,mb8cbcc16,100,10,10,"[""0x1b3b8b12b7bf9b1d8821bfc98cabc8effd4c5f2aea25c8291e662bffe19f088d"",""0x84eaafb321f85ae5858030e14636ff83a58487675af1c0aadeca9e2983a2b66c"",""0x4cffc34430b17b49e9b079755533f7c6f4c31c95081f1c8e25908e84334ed0b3"",""0x0f7111fd4af91016f6e6efa1dbc92c6aeb75dff18e99a22095079448fc73483e"",""0x32c0a7d1c56fdb6bd3669ca9af395a45047210b76df88715130c116ffe5449d4"",""0x7161ca186e53e39022059dbe35524ebb446059fdbf1aef1d952fc1b5a53353e4"",""0x931d89ef4e05852e1e1e1cc41e2cc0f4d1f62a107dd03105fc4c95888c92c422"",""0xc000a9bb0afc1d0a9dc5f83998c23a063b6a17d7259ded4e2027f357a5dd25aa"",""0xa975691b986b4bd9a07e89ed53334e6673ad17210c80a7171fc789ad9a6c2241"",""0xf8c72cffb1ba294950280f45de94d96dd6cf4d41dc84003ee6557588e4cbd9e2""]","[""0x1cde8373a779839f2b591a11cac079df0f1eb3fb272188f9ceccb1dee8ec102f"",""0xb65630e7129a1fecafdca9eb7dbe53130a12b5d3e2e984bbf9c9a5399c6cc30f"",""0x230550ee2f183f79fbee87b09e6157a7bfd65abfefa14a749660749b7fa0d6b4"",""0x39700501189242fe3b7185fd03a5cace111de24b0c6b66471be82d30bc72ec27"",""0x7634f8326375f99ebfd7a8b203b7442a56b18cf7dc73f6238abd4122e8090b86"",""0xae105f7f87da768b512fdfdb98a0fbf6131d1571893bb99b9a0ab477ff1702c2"",""0xb3788db79f3ad700a3cc134a27acbcec7a0a587ffbcdf5927faa24e5c362d493"",""0x60642c6a8412d200a3413c5426afef17f3d72d45fadaf5cdde98b783893518ec"",""0x856f01151a1c15aa053c920c11f2f4a193b3ed4250c6ee2ebf77c3390fe0f275"",""0x6d5bfd47046b2e223b0c83d8c0d4e2ad42a064232926ed904efe73cb5d8f2133""]",[],0,0,1,0,0,0,0
bstpstaking313mc5ae52b7,valid,,3,1,3,mc5ae52b7,100,10,10,"[""0x2dc60ac98b1f184a836c234aa2097366ddd6ba1cad8a90c4624398fd79e60070"",""0x541ebb059060ff7f73374199ff51e8281c4dc5942c5c541867b4f25621486dc9"",""0xf06d08186fc20a8ad1c9302fb2ec4daa81ff87d7dc46799427e1c52d6bb1e6d3"",""0xd86edee3887482aaa87bf056e6c0699a0ead02b8267c06b9514d0a31ad11a63c"",""0x755f498882ef3868c8327685feb4d14ddc05dfec9746206c5671c827bbcd63f2"",""0x3c4ef3727c5acae7ca4976ecf767571e18ac1b70a4aad2ac4f7b9139bcfc987d"",""0x6e2ec90f7c36a36b5344a2aac6038ddc9c3860de12975f71142181a7a81c8609"",""0x281cd26d80e9cd95f098908b641c2534121c033c47795850d88fdab6f04f2af0"",""0xed4ce8f99e69760136906172411940729a5d9cd25120d1614b3184f5a3f893ad"",""0x272e149a70bc0896c48886227c553446aad58de29d8305c185e44aece09d51c7""]","[""0x3c4ef3727c5acae7ca4976ecf767571e18ac1b70a4aad2ac4f7b9139bcfc987d"",""0x6e2ec90f7c36a36b5344a2aac6038ddc9c3860de12975f71142181a7a81c8609"",""0x12c0e8caa1bce7d499cbbbc665fbb364c09cd2977856fe2bf0027b9c600b9022"",""0xea69777677b59561b3782267ef6a65d6e0f38e1fea58f1ece52358972347edb0"",""0xb65630e7129a1fecafdca9eb7dbe53130a12b5d3e2e984bbf9c9a5399c6cc30f"",""0x39700501189242fe3b7185fd03a5cace111de24b0c6b66471be82d30bc72ec27"",""0x9920c06a362172692e96bab008e569caa257aaec2c8f130f3564a55f2f52357b"",""0x1fd6cd46a30ebaf43fddfe1aa0f8499987a4d3e3a687e3b577d2d1f1bf4d9e77"",""0x1721fbf3311a57adcac4eb75a9690451077fc079b0d94e4fa9d5a75bfb95e9c2"",""0x08c294941588d570c4ae95ce5aaf4a1592f278bd19029a2851efff2d86015692""]","[""0x3c4ef3727c5acae7ca4976ecf767571e18ac1b70a4aad2ac4f7b9139bcfc987d"",""0x6e2ec90f7c36a36b5344a2aac6038ddc9c3860de12975f71142181a7a81c8609""]",0,0,1,0,0,0,0.2
bstpstaking313mce4af4f6,valid,,3,1,3,mce4af4f6,100,10,10,"[""0x16ce498ca01ca0ceb8f3414bf534752c6788bd73b78139628534c4880e7d0c84"",""0x2c901a1e69bd055532c177d57d97657c1ee45446cdc9b2ce5916eda2a5c7011a"",""0x9d71c1950fb2485a93785f76560ffd25d298604f8c24f57aa61b276f1d333d1a"",""0xa9c448c7a7835713d38a44618a6c60c5d105b59bf4053e67c7988ff0e8297f1c"",""0x1b90e8c58b04a10a353804eecc214bf40469c2a11062b2059f131c9b502fd828"",""0x7dff03e9151eef7673af7ed88117e897aded4bee06eefc9219e8f5627d78ada3"",""0x866a207e0e7751fb45198e1e853d3070816125aac2451c73c2c41fc3742cc206"",""0x3967093de816a8135bb93981ddf3ff28fcfdac2bd2c93c8c7ff6770ac964e8b8"",""0xcc0cc37ad94ed115a4dd0b53ed147dfa7850c8b0255b0cadf4e11fa6d0ca6e9d"",""0x8b27858bad1aa92e85ffb194d764635f4163bd068248aea78b7774fe7900f261""]","[""0x0d6652a8c9d9575f5254120f3b037a86104172ca1dd77b5b55be2da39daf1385"",""0xb759e3960a93ef78e32f4847b58dbc6b1c22efd6d9ccaa3b1a84911e6a288afa"",""0xf5162966dbd2c8c3b2195e7ee9c5e46a8dd1715287d079a5b92d312ca24045cd"",""0x3c4ef3727c5acae7ca4976ecf767571e18ac1b70a4aad2ac4f7b9139bcfc987d"",""0xea69777677b59561b3782267ef6a65d6e0f38e1fea58f1ece52358972347edb0"",""0x73d6c0efd0550ca38510ec910998f28c5f57de699ed4f4eab13ed86d90fb6b07"",""0x856f01151a1c15aa053c920c11f2f4a193b3ed4250c6ee2ebf77c3390fe0f275"",""0xfd6b6381e462eb69a90451498acc82533df2612f7e00141667dbce964caa982e"",""0x60642c6a8412d200a3413c5426afef17f3d72d45fadaf5cdde98b783893518ec"",""0x80ae3a3d46a5bfbf5f0adaf5d83aa1064814c65038e92093a16ea8304bd00bd3""]",[],0,0,1,0,0,0,0
bstpstaking313mdd189b64,valid,,3,1,3,mdd189b64,100,10,10,"[""0x7205e44f2da28418e4b9a06fda81562515ebe20bc0034e8f7af070ae01bbba2f"",""0x727b5b0da5bf5cb142a5c96a8c4a9f915506acbf4ca83ccc5e6f1887460da162"",""0x1bad7b3f97214623f61744998029c7e6710215b707afe04c964f4b4181580fa0"",""0xad52047208babba64a1445390e0525bd6ba0e5cf5863c5d3b71f382666217a67"",""0xe70bb3bb5bd710cd0061bbfe0596f51e2e84065881934ff7eef89c80eea69b33"",""0xc3914a31f1f6b3bca365c920406144a53452950f40fcf32bae640d5d17370820"",""0x691fe9cb6679f6e5e755b07d2653e4f0fb5b0dcaaa0d66e644d3d2da47390457"",""0x9044ec8b60a60d3395a2c0af75805fe9de9ef145617fac65e45690b1df34da2e"",""0xef0de373da781ad8f71ff9725557201f4a340ca4ec40190f5157ae7855b6ff08"",""0xaa3a256bb3dac0d5f6b9eab4f5fcc14a7450c92ca794c193f2999a2b7005af6d""]","[""0x0d6652a8c9d9575f5254120f3b037a86104172ca1dd77b5b55be2da39daf1385"",""0x8e6ed61f936c34115ed64b52efb53b493d279f72a1ed2c1dde342f98dfc9178d"",""0x505f78474c398814eb0ba0cc3c08f6129e12bf16431876853283a43beac9d141"",""0xdabbd1bf365dd83a0175d5e359d11f8d109116b0745646ef8d2c6a2efcf851df"",""0xcd6d08f520a5a6aebaa079033393b6393e347445be26d2c107e8d7ee03c8f13c"",""0x70466edbeed113ce8a8435ffd9f8208b8c3f50b2cf38281af86584c766a4310f"",""0x737e933cd67a89d2c13038c499d7d71518a56e6b95bc97e9056a59b45c072c99"",""0x37890a125406e5e42ba213b40b55685bc6c328fc0106903b123b70d8312c1000"",""0x1721fbf3311a57adcac4eb75a9690451077fc079b0d94e4fa9d5a75bfb95e9c2"",""0xaa8fad824a174e57accf11eb34b23d020d6aa685da1925b1c30a611ffdb95a0e""]",[],0,0,1,0,0,0,0
bstpstaking313me8bc7185,valid,,3,1,3,me8bc7185,100,10,10,"[""0x8e6ed61f936c34115ed64b52efb53b493d279f72a1ed2c1dde342f98dfc9178d"",""0x1b90e8c58b04a10a353804eecc214bf40469c2a11062b2059f131c9b502fd828"",""0xd0ef1311a7bc7afe36cdc5db820548623dd40930026f91ae9fdfe8f40d3a3a03"",""0xd4eac3d16c253064095f2c707ed4da3a8291a87c7e233c60ebe1ca928b00e3de"",""0x5b677b1ca640fe2fa90ccb13036a107a5177af4f0b0bd5ed853ac029e427d019"",""0x0b2483892aea9e5e68d3f851c55add32889eea48c64a22756bb388ad2aef3fc2"",""0xb498b69cb149bbbc2841525f505d792c9fa0a214ce16e0b3ae793c6826e21fc3"",""0x4cefc890c0072c5c1a1be639627c4a0c7c3102fca6218bda1ce57d0dc9980cb5"",""0xc07123b97e3b7fb310541633f72936c40f21f7a507de51256f9c4a68505fe755"",""0xc2467251882eb44d5415c8fddda0ba28022dedaeeca039a9fa1e56bb4cb2aba3""]","[""0x5b677b1ca640fe2fa90ccb13036a107a5177af4f0b0bd5ed853ac029e427d019"",""0x3c97283efec66e1a5ec8437966e087338da20f0aad3723d41d52c67328f7efe4"",""0x49e5774ab139905928ff21d948254adc70aa28ff5eea2ac796f32b0549b267a3"",""0x6e53ec51854bc45ec72e747b9db61797e1b20b6c0f523a3f2ead783fd267ed91"",""0xa7831feb3b6ce91bfea938682651e70d662f1266659cbce6eaf0526e45512a68"",""0x167a4d5214f28e5714dbe0ef582ab78f31d676888df89fd1380e7d60c6455530"",""0x90ecb607bbb48b913aefe5003509412fcdc1a78708f7390fad1c6953be606038"",""0xcfdc62eb5da1c0cc9f61c08540ca22833a6530d40de956ae254be5b1e0b59d74"",""0xfc9bec6e17e3d34235748a04c8a772f602b2283e2946d9f68c2ed62bcdd2cd85"",""0xc242c986f95f7cb745f870b1e292c03f57e59c36e809d37eb00cc8d235b22c5a""]","[""0x5b677b1ca640fe2fa90ccb13036a107a5177af4f0b0bd5ed853ac029e427d019""]",0,0,1,0,0,0,0.1
bstpstaking313mec0952f1,valid,,3,1,3,mec0952f1,100,10,10,"[""0x24fcc735cd0bee2ac1ad9ec75e5a1c81e12a38053fe89632819b115d328df730"",""0x5ade0679220e0f40f72e7f5aac15c72bdc82876c2fb569f33d4977fe61056c60"",""0xe8400c165ba8cfcfbc1f6f7a5aeac3d8e53e074d18a12ea0f3c93afc1f438f69"",""0x39cfdbb4ed9dfb44a25224a6e49345f213902dedd146f020d142183e421bc768"",""0xc000a9bb0afc1d0a9dc5f83998c23a063b6a17d7259ded4e2027f357a5dd25aa"",""0x6bfda00b24d3ee88a683f64e297d322743b3658432218bdc53d3fc9da3866f5a"",""0x602e1931ffd162122bc05dbe6e64b7758e8c18c285a2d97af8df528e7cc1fddc"",""0x88acf5e901885ffc5400ad9c5c6ed91a820a7801913d48638e4b3d77191ede20"",""0x070f1bb2fab165d63f2cdaf11ed790c6bb0abae79e62a3de7f56f7cabadd95d0"",""0x29ef521de175a6782a24f8bdf3a79f84a730b6a0d6b088f7bbbdb14f76bbd6b5""]","[""0x119bb5b05d026a441a51d331d2e813d4a51e2ca676f9919b728dde31c94dc798"",""0xdd364115eefd88d44ddca902abb962bd1038efc911e81847f0d1911029cb83fc"",""0x281cd26d80e9cd95f098908b641c2534121c033c47795850d88fdab6f04f2af0"",""0xdabbd1bf365dd83a0175d5e359d11f8d109116b0745646ef8d2c6a2efcf851df"",""0xbf11d678dcdece15f7824e21c504ec11500448bd6eb50749dea8bda81bf85a81"",""0xf5162966dbd2c8c3b2195e7ee9c5e46a8dd1715287d079a5b92d312ca24045cd"",""0x27f6a02165b673e7008df197e38e096214cfb8e24d4ed54d9d7086bd62eb23c1"",""0x68fb332560fdf6ea1d74d8c4bfc3ff952f79df911ac17e478862c0aa1c736db3"",""0x262e2e527250bfc9fea90edce78f93b95ce16f345766eb2534ba2fb39906d951"",""0x01829fcc6d779d94ee869f97379c6516562dc7f8b74938742ffefe6b09b93fbc""]",[],0,0,1,0,0,0,0
bstpstaking313mfadd38bd,valid,,3,1,3,mfadd38bd,100,10,10,"[""0x82a5782f4a55d9b42340a3ac49763d17d9e10bc309fb5fd4b22c692eb81bbd0b"",""0x2a5e9e6e199af9dda0cf0bd0b7b9e876990d5a3dcbb40d8d68e4ab8af4654982"",""0x791cd3e9455149ff95b60dc7816de7c771536ee75d30c96b05f1e4d4f165041a"",""0x4102473d47b1f78e0c5a22bba1976a9217976ee04e780ac136bcebd143f6d9fe"",""0x45e045f6dae82d4b11d7eba533f903748cc6d452ab8dc62562fe47f2d65e6452"",""0x0c17b5a976468ccc4ea9cf0f7d46ba89e7ad868fc115e4b85910a7720a1d135c"",""0xd5834953b4350b6515178477115548e4604ba59cbb9a5e345215ce52a5b63d68"",""0x272e149a70bc0896c48886227c553446aad58de29d8305c185e44aece09d51c7"",""0x1329131f4a5422258eaf845f15f716759457667e7983130e2b8f074c4ef2b0ac"",""0x9c12aef7b9438590788d64d828b26beff837607acd03aa1ee246e55767efe07d""]","[""0x71a93113087b01233d6a75b25863b56cc2d4ca947f24a3540208f7d1f5e5efbf"",""0xfd6b6381e462eb69a90451498acc82533df2612f7e00141667dbce964caa982e"",""0x505f78474c398814eb0ba0cc3c08f6129e12bf16431876853283a43beac9d141"",""0x3c4ef3727c5acae7ca4976ecf767571e18ac1b70a4aad2ac4f7b9139bcfc987d"",""0x60642c6a8412d200a3413c5426afef17f3d72d45fadaf5cdde98b783893518ec"",""0x1fd6cd46a30ebaf43fddfe1aa0f8499987a4d3e3a687e3b577d2d1f1bf4d9e77"",""0x429b49322f39406d28f591c75e8222ecd51db05a599ec5d128466346627eb705"",""0xae105f7f87da768b512fdfdb98a0fbf6131d1571893bb99b9a0ab477ff1702c2"",""0x353fcfc68b913bba883a1cbe437235257a5567ace334e692406b2239896cc845"",""0x7c9cdb9fd07a0e95dd225ef751470ce88b43ad6e9e209b3b95404c7a6849e39b""]",[],0,0,1,0,0,0,0
bstpstaking314m02a43993,valid,,3,1,4,m02a43993,100,10,10,"[""0x191c25b6fd5ca54d4b1680085420b4bc0554dd2676176916fced160d572374fd"",""0xc55affca1215c084bf128ba0988f72307688e82dad27f78deb20fcd099ee6cfd"",""0x370e52ad6604a397814776a59e7be59b067827b04a261ded2c14100b1109386f"",""0x58955c1c0021cb90b08d6b105ea15f1ab52e9d9b999eac1ff86fac6fb9fcc1d9"",""0x6f2888caabbf7a960fdc5d61359cdc84334ccdd981d4287268a974d004b802d0"",""0x6558a669e80e6ba9c26b920603a907695f08d4b5b068849f9bc36f29614dd123"",""0x5a2fb4cd5e9dd5493ef26362c926e748b9d676a9534e4976e2eb58359eb1421d"",""0xbc1991160787319134d096955b66d3a980eaa2619f511cd1681ec497b0e9203a"",""0xd86edee3887482aaa87bf056e6c0699a0ead02b8267c06b9514d0a31ad11a63c"",""0x304c0af9a9479def7f25e0802cbcad37ed80f18b68dceb0ce1a8620532689aec""]","[""0xb1d52412675094b54611913899744bda3aa3c67ce51c9e9d61d8a49d9cc84caf"",""0x92c0efa8758ff02dd06dfd438cd6612b6e3590f9c8b7c0932fd418903855a478"",""0x80288ad5dc62d58560df110a3535af497449f9f6f4f71e34500b9f5045943ea7"",""0x90ecb607bbb48b913aefe5003509412fcdc1a78708f7390fad1c6953be606038"",""0x08c294941588d570c4ae95ce5aaf4a1592f278bd19029a2851efff2d86015692"",""0x3b5d1234f10198acc136a10dfa09fa0a1a59de504bc0d9a7c35446f692b7c07c"",""0xcd09dc92e8736934e461988f29064ea4e49ccc41310e47a797ab8e787536e77d"",""0xb002fb01be58fedcd04d5ceb2895feaf22973ac1205efed3d2db367bc6d7525b"",""0x7c40aac49a736517f5c440f9392f1683424054f2ffa6df7c2970a52c11db06ca"",""0x6940f8c3529787bcfbcbf21fa64207221930bb64f69f1727136674443bba43aa""]",[],0,0,1,0,0,0,0
bstpstaking314m069a3556,valid,,3,1,4,m069a3556,100,10,10,"[""0xc07123b97e3b7fb310541633f72936c40f21f7a507de51256f9c4a68505fe755"",""0xa96998d7482d5388fcfec7817656589c7dde92c5b5de8b537cd15bd1e45bf003"",""0x4acba4a5ab48bdfacfcc47ef590afc21b1b89482935b5ef5073139a71872cd91"",""0xa975691b986b4bd9a07e89ed53334e6673ad17210c80a7171fc789ad9a6c2241"",""0x48ba115d52a62585dc5bd5adf927ddd89f36a37b833979456398a75ce137082d"",""0x5e682ac2e4958790d19f20f861f8e16a3c781f2cf08a1e29df87bff840695178"",""0x06c71fc610020b8756895e0b21ca2d61cee6ca8547b34e022866e9e88699d7d8"",""0xe22ef03d5976dc26e1371738b4110f432fbf6c75432960d773ffe877f4ca0e5d"",""0xbb60a73992888e0abc77ed4184d857d0e02f1b41aa9289492bcf873f5bf243fe"",""0x1b649a7aa61f0f4f90c5d38308be295917139e516ee0c572790036b6519d0304""]","[""0x230550ee2f183f79fbee87b09e6157a7bfd65abfefa14a749660749b7fa0d6b4"",""0xe5da0f8dfb6b491adb9c38f755f10e08bd498ab5979036394be3930984053206"",""0x505f78474c398814eb0ba0cc3c08f6129e12bf16431876853283a43beac9d141"",""0x281cd26d80e9cd95f098908b641c2534121c033c47795850d88fdab6f04f2af0"",""0x12c0e8caa1bce7d499cbbbc665fbb364c09cd2977856fe2bf0027b9c600b9022"",""0x8d357dcd4a7c14d4a0f33a6d36f83ab30a8caad65d222d503f46d94d277f7c24"",""0xcd6d08f520a5a6aebaa079033393b6393e347445be26d2c107e8d7ee03c8f13c"",""0xd7531695dcd358a4f56787acbbd65565a09fc63eff941ad49498daeb1ae38f44"",""0x429b49322f39406d28f591c75e8222ecd51db05a599ec5d128466346627eb705"",""0x86ae1d3cfed9f994a673ca32c9ebb44c1b77c8c3781c16a0f6486fea4611ee5b""]",[],0,0,1,0,0,0,0
bstpstaking314m1a5bd173,valid,,3,1,4,m1a5bd173,100,10,10,"[""0xc6a97d34bb42db0a2411ee2a04a39e1a349ac46d0facc8d8aba2ac45c1b9eee0"",""0x2810a2647fc8a040ec0828691316e1d0e1363d42f47f3bf80e2accb7bae8de17"",""0x1450a2ad54db1f6259714cc9ac588cd99a4c4c03f9526698ab2fa1de7df5a66e"",""0x33da2b3594ef9db6bcb504fb42dbeb618bd4744bad06118ab8bdb7d67bdff688"",""0xb62a93a4af9e98302c8ef25df57b7a8d3e8ce50815f06bbd35bea1297ebdda46"",""0xbc1991160787319134d096955b66d3a980eaa2619f511cd1681ec497b0e9203a"",""0x2124486dc85b8c57fc4d5e0a9f55e30add471fe3180fcfe101410d17e1eff055"",""0xf67e2377111997dc02978522df622a53ad27c404a27e595ac91b5cc7292c75e2"",""0xbf6489a08a8745746e35f77a052c289ef563ae490967385f26a3f35520ef5dbd"",""0xf92ce584256aa0bbf13a4f8190f9061c3c4844316b58827d311326cf95afcc82""]","[""0x16a4b9d56a3ab5e2ef284d0e822e6707757b125228793b37bc9e037802da9d9b"",""0x86ae1d3cfed9f994a673ca32c9ebb44c1b77c8c3781c16a0f6486fea4611ee5b"",""0xa4a5871d752ffcf82f0971f07904f7cdd34150574ae793fcf1bff93d1aa06ff0"",""0xaa8fad824a174e57accf11eb34b23d020d6aa685da1925b1c30a611ffdb95a0e"",""0x80e64594a9d4fad2c6617c96707f6c9a1a78970b22d16066311be57b6d24a7da"",""0x39700501189242fe3b7185fd03a5cace111de24b0c6b66471be82d30bc72ec27"",""0x7634f8326375f99ebfd7a8b203b7442a56b18cf7dc73f6238abd4122e8090b86"",""0x6ea2e4d3921eb79867ba52b40ba2fdf4df2de7e307f65f7742bf9f3bdb48a96c"",""0xe2c89165b1663cbef76d4db4aff33d030d5826b8a643a445b8531c288e7745fd"",""0x60642c6a8412d200a3413c5426afef17f3d72d45fadaf5cdde98b783893518ec""]",[],0,0,1,0,0,0,0
bstpstaking314m30fd2845,valid,,3,1,4,m30fd2845,100,10,10,"[""0x272e149a70bc0896c48886227c553446aad58de29d8305c185e44aece09d51c7"",""0xa0c24192e27aae75677d9253ecc4ed6a71d2ff7b0bdbae8dc0df22feba917129"",""0x475c36c4c60e0af2eb4580055777910ab6c788c95f66d33f069723d9ff62ed25"",""0xdb5a04c37cb2abdcd30f50613d889e78dd0baeda292662af61e484d647010c52"",""0x801f16125e60466870bea2bd21d992cd2162aa6eaa6732cb4ab61cce175e63fd"",""0x70f6a60ffde5d6f154466a7f3cee3fb93a235a0b59ea6d820ec8265e2456b8f8"",""0xc88d3451c275b5a792c8372021eec6f7aa969eacf4da05d45b4fb5da534d0a16"",""0x6ddf485c65c0ac3e76a6a703214fda27c77b77b9666aa25908be5eead7922d47"",""0x27488e31cd75f9efaf7f7e36eef37bcb227279dd4432f04f99c9e52bd8f79e5b"",""0x323045169136f339e36c57f2b93c33e14359139bfb47f1394e0c41e18be3935d""]","[""0x73d6c0efd0550ca38510ec910998f28c5f57de699ed4f4eab13ed86d90fb6b07"",""0x16a4b9d56a3ab5e2ef284d0e822e6707757b125228793b37bc9e037802da9d9b"",""0xe9bff1484b60de522b5fda8d2a44f33f1ba6a17ca2db76472f469a91f2245a8b"",""0x7c9cdb9fd07a0e95dd225ef751470ce88b43ad6e9e209b3b95404c7a6849e39b"",""0xb3788db79f3ad700a3cc134a27acbcec7a0a587ffbcdf5927faa24e5c362d493"",""0xc2467251882eb44d5415c8fddda0ba28022dedaeeca039a9fa1e56bb4cb2aba3"",""0xea69777677b59561b3782267ef6a65d6e0f38e1fea58f1ece52358972347edb0"",""0x68fb332560fdf6ea1d74d8c4bfc3ff952f79df911ac17e478862c0aa1c736db3"",""0x9920c06a362172692e96bab008e569caa257aaec2c8f130f3564a55f2f52357b"",""0x262e2e527250bfc9fea90edce78f93b95ce16f345766eb2534ba2fb39906d951""]",[],0,0,1,0,0,0,0
bstpstaking314m33799275,valid,,3,1,4,m33799275,100,10,10,"[""0xc543bfc6a2ff3dde7e8fc8e514e146513529a4731153d483ec8459fae3d11f2a"",""0x0ba8519c524732bb6cd8845163c18184f59ffca54480944de9b2113041b462d6"",""0xdf6439719124769b552145b537568919eeb37626e099208848ae0eae723f522e"",""0xbee42fcfabbb09eb9c70e48c9033e4542707d8150d3d6641a8d299759e3c4403"",""0xdca6904f38b65b052eb32e4462db0e3ef0bef2e9950a5b7eb98f0712f35c93cc"",""0x1c64ad766dfa4fa9d74a4d2ce01848b8d5a7da03dd7621fcc2404e4022284ea2"",""0x20bfc0888ce15b003ee1b917220e509304a3df76315d5d1c1e6319d8c4e792b3"",""0xd2058a0a741fb6255e316635f27d0a4aa2ea54565d1c9d0eb2e86df63b773e53"",""0x4cefc890c0072c5c1a1be639627c4a0c7c3102fca6218bda1ce57d0dc9980cb5"",""0x2564d285791f9ad50063b926df6a1f17407c5b9dcd0ae2c08cc82c7f76e68021""]","[""0xcd09dc92e8736934e461988f29064ea4e49ccc41310e47a797ab8e787536e77d"",""0xfd70d4311b5768c6b6bf7ecd75518b0b26ba2529cb7cf75e450bca9f0d366daa"",""0xa7831feb3b6ce91bfea938682651e70d662f1266659cbce6eaf0526e45512a68"",""0x29eba7ba49866efd89a8dce8d84688734eb0b4b198d4992b288b36b31540c8dc"",""0x2c6db858294994968533795d44c86dc8f050d3652066b8ceadf9d3b73dc7d902"",""0x8945bcc45087a8bfb2e18a5306781be29a69dbac49c73ab68b0d6c56a67bc0f9"",""0x5b677b1ca640fe2fa90ccb13036a107a5177af4f0b0bd5ed853ac029e427d019"",""0x8cc4b8cdcb727613f2378e83b1e459ef38061ac468dcb3d02730b17ef2a02673"",""0x49e5774ab139905928ff21d948254adc70aa28ff5eea2ac796f32b0549b267a3"",""0x106ecf713381cc7ee659b224caebb8c2d8402304fcc03cc12f04d9acb19beb31""]",[],0,0,1,0,0,0,0
bstpstaking314m3b4969fb,valid,,3,1,4,m3b4969fb,100,10,10,"[""0x2e193d5ce0897074fdadcda22e868053a880fb33daa7aae7eff728b819b7e9e8"",""0xeab13d44c08c5ceb171f08015d950355ab72410b965239a1c4f07f1b1d43792c"",""0xe6418c75ae473855ddb6b9dd3eac4e88af48e037bdc1063c35cde8ba136d3954"",""0xaaddad0732e448e7e0b5bf5904f8bd7746f4c560bc12fc07c73941d525498d50"",""0xd257dc770c415592299517bc82b40679bb383ced71452defe7745bf564d0c2a3"",""0x9e087f7bd1b781a46be608096cf227324d8a3e30d57f0a1d050cfb8e4c1d2c90"",""0xc3914a31f1f6b3bca365c920406144a53452950f40fcf32bae640d5d17370820"",""0xc9b625c54b597ed0d0b972a3c8e34865d9dffc7fd7674037d2525812387a47d5"",""0x4b50c7d5dffd38fb0bb0308771f12a0faf4168689ef7070f56544dc89f413b86"",""0x742e8d6b7f4f58aefb491ed7e81f4e917dd07cc98fd42fc88aef43291b0a8204""]","[""0xb002fb01be58fedcd04d5ceb2895feaf22973ac1205efed3d2db367bc6d7525b"",""0x106ecf713381cc7ee659b224caebb8c2d8402304fcc03cc12f04d9acb19beb31"",""0x682175835b69fee8ca4e1000194ccf6067372d31c29aa0c1fb86d118274fe35f"",""0xc242c986f95f7cb745f870b1e292c03f57e59c36e809d37eb00cc8d235b22c5a"",""0x4c896b9c75e38294c3a07ab4ccb18852996db2708540195223e428ddf09d38a0"",""0x6a735d9199bcfde6d540397f0c81a9225ad8520e39847b9a367e7dd94565137d"",""0x4f70045f96345b6154f2e63f3fe4b06b6e40108aedcdd3afc6a66ea75fc3da24"",""0xffb33d2d1648788432430e96a9706f35a4dcfe30d45dd0e99a1eaf7e59ab6aeb"",""0xcfdc62eb5da1c0cc9f61c08540ca22833a6530d40de956ae254be5b1e0b59d74"",""0x5b677b1ca640fe2fa90ccb13036a107a5177af4f0b0bd5ed853ac029e427d019""]",[],0,0,1,0,0,0,0
bstpstaking314m4239fd1c,valid,,3,1,4,m4239fd1c,100,10,10,"[""0xe4a36c881c35b07714a2562049bb6d76677c7e6b9379c9e84767c3e93c94182c"",""0x6a64d10b6ad89e2423683c6d3538752fbcfca6a4b5cc054afe333a9ceba922f9"",""0x8f56779de0ea58c8fe03313265178f50a661a16daf9c775ee98cc32cd2ec74e6"",""0x448ea1f2f23bf877bc5913b7a88717e2afd99ecc32910aadca7b39a7788ee85d"",""0x83d7a7e2c585c802df2fe2c2dc5a55c73a30692d570c283fadbc12988af77ffd"",""0x7b2245bccd1d86b949d59f024eb03158775be13bc50cdc95ae2ce7664a9f5918"",""0xef0de373da781ad8f71ff9725557201f4a340ca4ec40190f5157ae7855b6ff08"",""0xb71c15e86a650d36fa09ef7f922e1f32eae4640b77b306f75285ace7e60f8818"",""0xdb98ca87ae05516c9a74844be3ee000ee8ea8946e4314da83c74f2494d8a2989"",""0x236881412de6fd02477f6cb5fb1eea2bd2b7e0b8cfbcd03e09fd9002abfbe600""]","[""0x483e0faacc32045385006ac1d42d028b103a2e2e02f320e20037d0d36be54907"",""0x89c823bf9976eb820ef3b2041267ad2c6eed1f83e2ab87cdc4bf9577cff5a748"",""0x3c97283efec66e1a5ec8437966e087338da20f0aad3723d41d52c67328f7efe4"",""0x6940f8c3529787bcfbcbf21fa64207221930bb64f69f1727136674443bba43aa"",""0x106ecf713381cc7ee659b224caebb8c2d8402304fcc03cc12f04d9acb19beb31"",""0x90ecb607bbb48b913aefe5003509412fcdc1a78708f7390fad1c6953be606038"",""0xb7eba087f5cc24fe2d08675f1cd5a26ebf3fd48642175807fccde9db3ffb3752"",""0xdf845dfbd70267c5c523805713303d6f4b7b91d97219e28f0508b46315e5e0e2"",""0x8a5fc9c813f0cbb1fbb3c86b71678b733f90197cd9b0fec7ef5b2e74d2827527"",""0xd9067ec22c0a52c0bf051e10e841161ac9d25bfedf069957979cc6f267cb6324""]",[],0,0,1,0,0,0,0
bstpstaking314m61fde19d,valid,,3,1,4,m61fde19d,100,10,10,"[""0x742e8d6b7f4f58aefb491ed7e81f4e917dd07cc98fd42fc88aef43291b0a8204"",""0x301a4c5325fb29a54b2da09b372d61c8ddf8ca7e4f52c0727cc0f5247bdcb444"",""0x1b21e7a1c428621dc0111e5c469259599f82fe1837877d85bea8dcbf95e21a8c"",""0x63f077c22b87f00ffb56c16cfd771e2ecacdd99c36744c22e759b77c8d5875fb"",""0x854bbb4f3e5429e2345d3ad6bcf848b5e050a8130ba43790818ce5011cc437e7"",""0x6392d1b3cf85732c8fa2aeca7af22c6ca69775edaa4caa04b75213f389b07712"",""0x077c221a7960c935c4034902e7cc66c0514270859fa6907387399f27a31d04d6"",""0x1f5fee959fba146078e1405e4c37f2aac0679b5dee853905a94165ba08217196"",""0x241145b169eb7335c6c3a55c542c7857ebbbe2cbe47e2bc2a4f72062e1ba800b"",""0x23e31ec66cc480f136eaad4cc1bd1483f3caaf368a54510f5ba2a458fc894766""]","[""0x69f76a6458130c9ded5a13a31db3715ca829f4a679d617f3e492b9116677d10c"",""0xdabbd1bf365dd83a0175d5e359d11f8d109116b0745646ef8d2c6a2efcf851df"",""0x281d75ca73c64a8633ed60198d5e953cc41cba8132bf7dfc97a978d37dd83726"",""0x7c9cdb9fd07a0e95dd225ef751470ce88b43ad6e9e209b3b95404c7a6849e39b"",""0xfd6b6381e462eb69a90451498acc82533df2612f7e00141667dbce964caa982e"",""0x8d357dcd4a7c14d4a0f33a6d36f83ab30a8caad65d222d503f46d94d277f7c24"",""0x37890a125406e5e42ba213b40b55685bc6c328fc0106903b123b70d8312c1000"",""0x06442c0ccc9ab367282f06426924517e0a49c25e50a492ad91aecc55b655f458"",""0xe5da0f8dfb6b491adb9c38f755f10e08bd498ab5979036394be3930984053206"",""0xe2c89165b1663cbef76d4db4aff33d030d5826b8a643a445b8531c288e7745fd""]",[],0,0,1,0,0,0,0
bstpstaking314m6489f990,valid,,3,1,4,m6489f990,100,10,10,"[""0x8e0fe0f656e916603b21dfc46871616ecb7b642b28e5d883d2c499a8c5e837e1"",""0x34a4d8937f3354a8c46b9c2b29c4ce9f1ea8d0bcdf66b5633b3e24cfd92ed2d9"",""0x795399050aae731a8fb0651e6f99b4eaee8db493bd96ff86da6f6fa03c04b181"",""0x8dfdc5cf3cb02e7e591f87507f529f23ace45f23d37d2cc53a0be7ae48327735"",""0x55438b3cc8a7b8feb076576689edb0eb929cc5e619c8e3081ca280d3e78956fa"",""0xfd20133ec486c0ab3acaa7eedcd7170e5c17ac4821e7f799014bf5ac5d4a15d6"",""0x548a6d0e11a56a2f3c816358d5a6d33f238307fda325329c3fef19c266a0ad45"",""0xc2ffac38150fc2e08a11fe55ee74c9abd7af09e9ed476faaf590e2cc957e47d9"",""0xc9934edef10f228ceae43f18632ddd98051ed4be2403be15d14f2186731c579d"",""0xafa9938236b1684d4285e0eed9ec046b0a0bb88755b62b6a7bdf2a7963971aba""]","[""0x73d6c0efd0550ca38510ec910998f28c5f57de699ed4f4eab13ed86d90fb6b07"",""0x3c4ef3727c5acae7ca4976ecf767571e18ac1b70a4aad2ac4f7b9139bcfc987d"",""0x8e6ed61f936c34115ed64b52efb53b493d279f72a1ed2c1dde342f98dfc9178d"",""0x01829fcc6d779d94ee869f97379c6516562dc7f8b74938742ffefe6b09b93fbc"",""0x262e2e527250bfc9fea90edce78f93b95ce16f345766eb2534ba2fb39906d951"",""0xaa8fad824a174e57accf11eb34b23d020d6aa685da1925b1c30a611ffdb95a0e"",""0x429b49322f39406d28f591c75e8222ecd51db05a599ec5d128466346627eb705"",""0x08c294941588d570c4ae95ce5aaf4a1592f278bd19029a2851efff2d86015692"",""0x6ea2e4d3921eb79867ba52b40ba2fdf4df2de7e307f65f7742bf9f3bdb48a96c"",""0x281cd26d80e9cd95f098908b641c2534121c033c47795850d88fdab6f04f2af0""]",[],0,0,1,0,0,0,0
bstpstaking314m652a5fba,valid,,3,1,4,m652a5fba,100,10,10,"[""0x8fc1d1e2c016ffb36d59c5dc3fc66f326f0dbf2f44da8dbad7ce668c0c9e69dd"",""0x6a88071a43b422b5b8bc2b51f8d1f7b8fb5ffbb9c0147724d4b5053293f9d2e0"",""0xd86edee3887482aaa87bf056e6c0699a0ead02b8267c06b9514d0a31ad11a63c"",""0x328f7be4ec6d63ed0e1dd41047b5896d99cb54136321dee3b2aa6286995f81e4"",""0x7833ebabcf4630a67de7ee8db1f8f2e17f3410ec9525a2980a539f7d273f2618"",""0xb59955c989aea7aaf088dce99bc3627f33329ba87f9779f65b2ecce3d18e4ca4"",""0x8098ba5215ca196df26f41445299c22f0a605456bd06648f09fe5523fa0c03a0"",""0x8cb4e935054bf80a0deb1c922537b01afc0faa4e049982c83eaa120b4e969349"",""0x792085538de14b797fa6a5649e36b3a3e3a2dfbaf1a3d3e3d31886950b570bce"",""0x0b12fdef1d931fbb371042d52edc6ed5d81ffd2eae2868cbf4eb2a775207137b""]","[""0x5b677b1ca640fe2fa90ccb13036a107a5177af4f0b0bd5ed853ac029e427d019"",""0xd9067ec22c0a52c0bf051e10e841161ac9d25bfedf069957979cc6f267cb6324"",""0x2c6db858294994968533795d44c86dc8f050d3652066b8ceadf9d3b73dc7d902"",""0xb65630e7129a1fecafdca9eb7dbe53130a12b5d3e2e984bbf9c9a5399c6cc30f"",""0x39700501189242fe3b7185fd03a5cace111de24b0c6b66471be82d30bc72ec27"",""0x856f01151a1c15aa053c920c11f2f4a193b3ed4250c6ee2ebf77c3390fe0f275"",""0x98383544e422fe17027cdac418f09337309386a10806b8ee02c8d32713923a8e"",""0x3c97283efec66e1a5ec8437966e087338da20f0aad3723d41d52c67328f7efe4"",""0x4c896b9c75e38294c3a07ab4ccb18852996db2708540195223e428ddf09d38a0"",""0x932383665799c1241f674264478c7dbdc9dbecd0c1d33b2034e91903326669df""]",[],0,0,1,0,0,0,0
bstpstaking314m66488430,valid,,3,1,4,m66488430,100,10,10,"[""0x60642c6a8412d200a3413c5426afef17f3d72d45fadaf5cdde98b783893518ec"",""0x856f01151a1c15aa053c920c11f2f4a193b3ed4250c6ee2ebf77c3390fe0f275"",""0xc83255e7f44f715ea7d2b6da08689900a9b7bb38ef204039561e14dde5e03798"",""0x3c4ef3727c5acae7ca4976ecf767571e18ac1b70a4aad2ac4f7b9139bcfc987d"",""0x0c2114c42e0d5896326c514e35990fbd18cd950490e70055e96a95a3b1e551e8"",""0xc264468971f526ca7e33e91f3e7eb4972219b58b783e80405007597ccb8e5022"",""0xb43c6ce35bcbd028636a86d54a3e4d2d9700310d2c1c4e090f21eae55ab13250"",""0xcde6f26c94e012a2700ee35e20b0af25d50c86e860ff89e6d07f9697b89ac5ff"",""0x68713fe64f851723382263323b1610a2954417166c03a150605368eeb92010aa"",""0x9455c1fa0c32ea4b6dfcacb1d182dfd2e00dbf14899e6b7fd52c5456d51271f9""]","[""0xc3b0696840352e2a25a87160f85c766cba4c6b9424a40ded6b5e2eb28f9215f6"",""0xfc9bec6e17e3d34235748a04c8a772f602b2283e2946d9f68c2ed62bcdd2cd85"",""0x7c40aac49a736517f5c440f9392f1683424054f2ffa6df7c2970a52c11db06ca"",""0xcd09dc92e8736934e461988f29064ea4e49ccc41310e47a797ab8e787536e77d"",""0x92c0efa8758ff02dd06dfd438cd6612b6e3590f9c8b7c0932fd418903855a478"",""0x4f70045f96345b6154f2e63f3fe4b06b6e40108aedcdd3afc6a66ea75fc3da24"",""0xb1d52412675094b54611913899744bda3aa3c67ce51c9e9d61d8a49d9cc84caf"",""0x90ecb607bbb48b913aefe5003509412fcdc1a78708f7390fad1c6953be606038"",""0xffb33d2d1648788432430e96a9706f35a4dcfe30d45dd0e99a1eaf7e59ab6aeb"",""0x6b84de292cb6e3be779d6288c69c6a070bba523a2317a4d294c1616e10f137ed""]",[],0,0,1,0,0,0,0
bstpstaking314m6e7de01e,valid,,3,1,4,m6e7de01e,100,10,10,"[""0xc60c79e5e797d6f2455444ef04d78ddf72d379e5faf1dc1fe6599587e4dac666"",""0xbdfdeabc54c262f88e0fe7f2c43bb9d44af5c15f110a0eb8d7196139816e17e8"",""0xae22b42b16dd2621567cc07e52fd7f8befa027095313680ce0542812619a1fd9"",""0xba0b59354fd829e7f8a55d02ee83289c10626277f4098b15ba083a030fdf845a"",""0x142a296ea400f62094a016b10643f0d922916a4667c378092e78ef1fab5b44cb"",""0xfba61d0944a6a041db25615130d447ae04424e80b60d19b35ac59a364a6bcb11"",""0xc6a97d34bb42db0a2411ee2a04a39e1a349ac46d0facc8d8aba2ac45c1b9eee0"",""0x75b256984572017634dd61c43fc27df18ae3ba5d0619b94d91f62a87f6859ec5"",""0x12ce7eec3d3856eb9a079ddee13a5303fcabc8ac80bba3a37d009967d17d25de"",""0x64ea6d8be7f36c50057c50a1188d463e1fde16d116b56f53959d7c706ff19cf9""]","[""0x7c9cdb9fd07a0e95dd225ef751470ce88b43ad6e9e209b3b95404c7a6849e39b"",""0x353fcfc68b913bba883a1cbe437235257a5567ace334e692406b2239896cc845"",""0xaa8fad824a174e57accf11eb34b23d020d6aa685da1925b1c30a611ffdb95a0e"",""0x3c4ef3727c5acae7ca4976ecf767571e18ac1b70a4aad2ac4f7b9139bcfc987d"",""0xcd6d08f520a5a6aebaa079033393b6393e347445be26d2c107e8d7ee03c8f13c"",""0x281cd26d80e9cd95f098908b641c2534121c033c47795850d88fdab6f04f2af0"",""0xdd364115eefd88d44ddca902abb962bd1038efc911e81847f0d1911029cb83fc"",""0xe2c89165b1663cbef76d4db4aff33d030d5826b8a643a445b8531c288e7745fd"",""0x66dc91c1375c97a345396b765a31f83a172cf55a43b176b21f6e7ca8e695b9fd"",""0xd7531695dcd358a4f56787acbbd65565a09fc63eff941ad49498daeb1ae38f44""]",[],0,0,1,0,0,0,0
bstpstaking314m7dfad905,valid,,3,1,4,m7dfad905,100,10,10,"[""0x9044ec8b60a60d3395a2c0af75805fe9de9ef145617fac65e45690b1df34da2e"",""0xaef34b8afe208c91dbae6c97ee0833aca5a94e75db707be238d62aa32d1b0d5e"",""0x81e2e7b1be485cc429132e1f38981069e2f63442881a0e05a59ef346a29b23e0"",""0xdffc119e93c9575ae368cbe28f20d89752b1670c3028773426ae3389d13c5d34"",""0xfad01488359d94785d233c0a7bb774ae8944c943ff18a3fbfdf10ea7f697350d"",""0x74218a134b0b165b1006edac690204834d0dd21de24457913c436e577bc30aa2"",""0x07bc3b868e7f0dbc2ed63b76bc32cea7438c29e919b2cb52930a54f9db338cdd"",""0x1c64ad766dfa4fa9d74a4d2ce01848b8d5a7da03dd7621fcc2404e4022284ea2"",""0xce7aa0c88fa041cd643ce0a6394aea661411d1a5f6cd6f8df2577ac454cde850"",""0x3294637b2c8ac9797ec403e14bdf361b78ca25ad93fafd147852c4f92d3a258a""]","[""0x106ecf713381cc7ee659b224caebb8c2d8402304fcc03cc12f04d9acb19beb31"",""0xfd70d4311b5768c6b6bf7ecd75518b0b26ba2529cb7cf75e450bca9f0d366daa"",""0xe70b739d2c9d746514eb24b9ed0d3b51448a0a5913813a2864aa9be0ec65e691"",""0xa7831feb3b6ce91bfea938682651e70d662f1266659cbce6eaf0526e45512a68"",""0xab461bed3349317736818b1dabb4b0c82cc986f81bc20a4f98abb1cf118525e2"",""0xcd09dc92e8736934e461988f29064ea4e49ccc41310e47a797ab8e787536e77d"",""0x49e5774ab139905928ff21d948254adc70aa28ff5eea2ac796f32b0549b267a3"",""0x6e53ec51854bc45ec72e747b9db61797e1b20b6c0f523a3f2ead783fd267ed91"",""0x9a0ed5a06fb6051d9a659f829e57ea0e382f714cb43d55efaa317c69cfae14ee"",""0x80288ad5dc62d58560df110a3535af497449f9f6f4f71e34500b9f5045943ea7""]",[],0,0,1,0,0,0,0
bstpstaking314m7e72b6a8,valid,,3,1,4,m7e72b6a8,100,10,10,"[""0xe96b96882de88437092598b2e1571a96c1fbfb0f110dc9352f74b9ac645b7c59"",""0x6f3aa452ac3ebe7bbf3dfeeb82157ebf7c8b323920d2d7953d9a52c3b0d0d921"",""0x87d1e2119f0d4f2d219cd2176ae90c8876b6fb363d4af742c2973a0e8ac74f62"",""0xc8db2125fadc7feba8c17eeedfad52d2ea84404d3a6025828d87db0b6d9039fe"",""0x0b2483892aea9e5e68d3f851c55add32889eea48c64a22756bb388ad2aef3fc2"",""0xabcbe210ad770d33d9d24f0b8e614292c8df6cc28ad6252c46062f7453833270"",""0x68713fe64f851723382263323b1610a2954417166c03a150605368eeb92010aa"",""0x0f534e8adaf899481baefcdecf76cc58bb218754d0d22b64a3a16da9ac517cb3"",""0x55bdf9272673685fbddf8c197de48e0427fa244f52ecffb113164a0915359c7d"",""0x8221d0f6fe62fc8120fd3b22c740a896d947fb1581163983c25cad744bd2f5fd""]","[""0x9a0ed5a06fb6051d9a659f829e57ea0e382f714cb43d55efaa317c69cfae14ee"",""0x98383544e422fe17027cdac418f09337309386a10806b8ee02c8d32713923a8e"",""0x8945bcc45087a8bfb2e18a5306781be29a69dbac49c73ab68b0d6c56a67bc0f9"",""0xd7531695dcd358a4f56787acbbd65565a09fc63eff941ad49498daeb1ae38f44"",""0x99196e62444c2ecc416618bcc5a3424f9cd5641d6867c8e258507c7d89a4a88c"",""0xe40523cb93f50925b957e5e448d59b64adfad0b41a549e68dd171dd988bc17a5"",""0x4c896b9c75e38294c3a07ab4ccb18852996db2708540195223e428ddf09d38a0"",""0x7c40aac49a736517f5c440f9392f1683424054f2ffa6df7c2970a52c11db06ca"",""0x49e5774ab139905928ff21d948254adc70aa28ff5eea2ac796f32b0549b267a3"",""0xffb33d2d1648788432430e96a9706f35a4dcfe30d45dd0e99a1eaf7e59ab6aeb""]",[],0,0,1,0,0,0,0
bstpstaking314m8051415e,valid,,3,1,4,m8051415e,100,10,10,"[""0x4f70045f96345b6154f2e63f3fe4b06b6e40108aedcdd3afc6a66ea75fc3da24"",""0x8cc4b8cdcb727613f2378e83b1e459ef38061ac468dcb3d02730b17ef2a02673"",""0x29eba7ba49866efd89a8dce8d84688734eb0b4b198d4992b288b36b31540c8dc"",""0x92c0efa8758ff02dd06dfd438cd6612b6e3590f9c8b7c0932fd418903855a478"",""0x80288ad5dc62d58560df110a3535af497449f9f6f4f71e34500b9f5045943ea7"",""0xa7831feb3b6ce91bfea938682651e70d662f1266659cbce6eaf0526e45512a68"",""0x483e0faacc32045385006ac1d42d028b103a2e2e02f320e20037d0d36be54907"",""0xcfdc62eb5da1c0cc9f61c08540ca22833a6530d40de956ae254be5b1e0b59d74"",""0xd5568fd406d7db628afa415d58bf5bd06959a92398aa702548e8e04793bedd47"",""0xc5f5c2b6fd2664782fd91f4908a13021636ad6506533d431c44d44b8017caffb""]","[""0x4f70045f96345b6154f2e63f3fe4b06b6e40108aedcdd3afc6a66ea75fc3da24"",""0x8cc4b8cdcb727613f2378e83b1e459ef38061ac468dcb3d02730b17ef2a02673"",""0x29eba7ba49866efd89a8dce8d84688734eb0b4b198d4992b288b36b31540c8dc"",""0x92c0efa8758ff02dd06dfd438cd6612b6e3590f9c8b7c0932fd418903855a478"",""0x80288ad5dc62d58560df110a3535af497449f9f6f4f71e34500b9f5045943ea7"",""0xa7831feb3b6ce91bfea938682651e70d662f1266659cbce6eaf0526e45512a68"",""0x6b84de292cb6e3be779d6288c69c6a070bba523a2317a4d294c1616e10f137ed"",""0x483e0faacc32045385006ac1d42d028b103a2e2e02f320e20037d0d36be54907"",""0xcfdc62eb5da1c0cc9f61c08540ca22833a6530d40de956ae254be5b1e0b59d74"",""0xd5568fd406d7db628afa415d58bf5bd06959a92398aa702548e8e04793bedd47""]","[""0x4f70045f96345b6154f2e63f3fe4b06b6e40108aedcdd3afc6a66ea75fc3da24"",""0x8cc4b8cdcb727613f2378e83b1e459ef38061ac468dcb3d02730b17ef2a02673"",""0x29eba7ba49866efd89a8dce8d84688734eb0b4b198d4992b288b36b31540c8dc"",""0x92c0efa8758ff02dd06dfd438cd6612b6e3590f9c8b7c0932fd418903855a478"",""0x80288ad5dc62d58560df110a3535af497449f9f6f4f71e34500b9f5045943ea7"",""0xa7831feb3b6ce91bfea938682651e70d662f1266659cbce6eaf0526e45512a68"",""0x483e0faacc32045385006ac1d42d028b103a2e2e02f320e20037d0d36be54907"",""0xcfdc62eb5da1c0cc9f61c08540ca22833a6530d40de956ae254be5b1e0b59d74"",""0xd5568fd406d7db628afa415d58bf5bd06959a92398aa702548e8e04793bedd47""]",0,0,1,0,0,0,0.9
bstpstaking314m810b37d6,valid,,3,1,4,m810b37d6,100,10,10,"[""0x41793894a0d16ab866093eec09eea8e7dab983a21984133e6365eee212f3a9c7"",""0xdf6795024f67646d7007778da79df9112f1348c89c7750db89048817d111b882"",""0x4d1f4a08e41ec3ab3f41e9b6ce588f83f7098005d794d67b1ae234c07ff52acb"",""0xc6a97d34bb42db0a2411ee2a04a39e1a349ac46d0facc8d8aba2ac45c1b9eee0"",""0x372a46a49dcd8958b4a44fc4f857681c276a1a917b81607a08525a0ac000817a"",""0x9d112cf5484137bb70a5f37664c033b18d6e3b4d1087671c14a6ec32134aca27"",""0xd4eac3d16c253064095f2c707ed4da3a8291a87c7e233c60ebe1ca928b00e3de"",""0x90ec308e5f27e658dcb24f5b56022e2ce4a1b440d8aab143a10c27f074dcc83a"",""0x3fac06731443d1ad8965067146ffc0bc872f5bf3f434faaf6a46cb8d1958917d"",""0xb834b4418a794f8eb79c740b34689b68d4b943383fc2c5cf2ea422584e8a98cd""]","[""0x14d09a4d420ae8a7492d23eb1beacf31a514ddd9765719262cf2a750248f046e"",""0xedb061d6c685949f3e6f6b2fbc31238ae6ee3c1a2760e056b5c3e5e2304df8af"",""0xd7531695dcd358a4f56787acbbd65565a09fc63eff941ad49498daeb1ae38f44"",""0x6e2ec90f7c36a36b5344a2aac6038ddc9c3860de12975f71142181a7a81c8609"",""0xdd364115eefd88d44ddca902abb962bd1038efc911e81847f0d1911029cb83fc"",""0x68fb332560fdf6ea1d74d8c4bfc3ff952f79df911ac17e478862c0aa1c736db3"",""0x37890a125406e5e42ba213b40b55685bc6c328fc0106903b123b70d8312c1000"",""0x69f76a6458130c9ded5a13a31db3715ca829f4a679d617f3e492b9116677d10c"",""0xd315b8c83a9e2edb719d67cf2cc732391e7c9d9fa55ab87f926ee4c7046a8578"",""0xdabbd1bf365dd83a0175d5e359d11f8d109116b0745646ef8d2c6a2efcf851df""]",[],0,0,1,0,0,0,0
bstpstaking314m9189f677,valid,,3,1,4,m9189f677,100,10,10,"[""0x9cdac732bd194ec563b0f797f75b9244b195730a163ccec1a5cd5f36ff3d5445"",""0x9a9a1f540231314765f22b4ad86a0b2842a2921a590b03274049bac3b2643245"",""0x24f9218adf79c104bedfedf7890d4204b575153662d2926a63eaf682f636b496"",""0x548a6d0e11a56a2f3c816358d5a6d33f238307fda325329c3fef19c266a0ad45"",""0x7dff03e9151eef7673af7ed88117e897aded4bee06eefc9219e8f5627d78ada3"",""0x3db5fadb8b304a184cea2758d436991de39106bcc1625ad9c7f8dcf4d3135631"",""0xaf3a216d8e710a9f3110a955d0417ee71bfea76b036886a6eca8f5b7fa1bf1ae"",""0xc63534e5868b99d0f378a27f68db671d8751dabf51b6c397dddc55169abf6c7c"",""0x501f612f3a02793486c5e69a601f06b1f7bf9eeec98c8d8a53e04ec21fbe35ad"",""0xef0de373da781ad8f71ff9725557201f4a340ca4ec40190f5157ae7855b6ff08""]","[""0xcd09dc92e8736934e461988f29064ea4e49ccc41310e47a797ab8e787536e77d"",""0x8a5fc9c813f0cbb1fbb3c86b71678b733f90197cd9b0fec7ef5b2e74d2827527"",""0x483e0faacc32045385006ac1d42d028b103a2e2e02f320e20037d0d36be54907"",""0xb6956c09b733a91561395f6f106aa19a23a1df4c453562ff602fdc30b0b773ad"",""0xb7eba087f5cc24fe2d08675f1cd5a26ebf3fd48642175807fccde9db3ffb3752"",""0xab461bed3349317736818b1dabb4b0c82cc986f81bc20a4f98abb1cf118525e2"",""0x682175835b69fee8ca4e1000194ccf6067372d31c29aa0c1fb86d118274fe35f"",""0xfc9bec6e17e3d34235748a04c8a772f602b2283e2946d9f68c2ed62bcdd2cd85"",""0x98383544e422fe17027cdac418f09337309386a10806b8ee02c8d32713923a8e"",""0xe40523cb93f50925b957e5e448d59b64adfad0b41a549e68dd171dd988bc17a5""]",[],0,0,1,0,0,0,0
bstpstaking314m970360f4,valid,,3,1,4,m970360f4,100,10,10,"[""0x04e631257af2cf26e527e146f4e090feae7f8ba273f0574dcd62a46da5b5fb8c"",""0x5bbc9d2413d5740c9cce8b34acbdb04e9c122cff7ece31c0620bfd2b7e0e1b86"",""0xa81cb00815bbbd6922c16bc3bb033577aa2431580aea7e7e13aca944c2233272"",""0x8096cab0100aa02898585587d038ed875c585da73c52072d6a842c5b96bac202"",""0x59dd41a31be217e451080c6bed4bc1592897fe4d90fa0d98570d876c6d76e70d"",""0x3fa2ea8f79b0524a3c5e834a216d005b6653291abad1f4cd5704c375512864c8"",""0xffc71158a1713cadd9222700d20f0c30f7bc8dd2bb13d82c09a45f991a58c201"",""0x241145b169eb7335c6c3a55c542c7857ebbbe2cbe47e2bc2a4f72062e1ba800b"",""0xb4f591edb7bdc05c11ddf5a0cdbe2eec6415a7603838b88dc2170dd1fe549d4d"",""0xacade21a434a57144bd3956aed7da5a71b141312177364d8a089d2aa799931d5""]","[""0x14d09a4d420ae8a7492d23eb1beacf31a514ddd9765719262cf2a750248f046e"",""0xae105f7f87da768b512fdfdb98a0fbf6131d1571893bb99b9a0ab477ff1702c2"",""0x281cd26d80e9cd95f098908b641c2534121c033c47795850d88fdab6f04f2af0"",""0xfd6b6381e462eb69a90451498acc82533df2612f7e00141667dbce964caa982e"",""0x68fb332560fdf6ea1d74d8c4bfc3ff952f79df911ac17e478862c0aa1c736db3"",""0x8e6ed61f936c34115ed64b52efb53b493d279f72a1ed2c1dde342f98dfc9178d"",""0xea69777677b59561b3782267ef6a65d6e0f38e1fea58f1ece52358972347edb0"",""0xe5da0f8dfb6b491adb9c38f755f10e08bd498ab5979036394be3930984053206"",""0x1721fbf3311a57adcac4eb75a9690451077fc079b0d94e4fa9d5a75bfb95e9c2"",""0x37890a125406e5e42ba213b40b55685bc6c328fc0106903b123b70d8312c1000""]",[],0,0,1,0,0,0,0
bstpstaking314m98d7930e,valid,,3,1,4,m98d7930e,100,10,10,"[""0x0ffd9d2614b9f671d46f72c34ea5196599288b5dfa0300fc530a0648ae15637f"",""0x501f612f3a02793486c5e69a601f06b1f7bf9eeec98c8d8a53e04ec21fbe35ad"",""0x1393e94f34761ba344117a1cf1bc70b40119c5cdbab5b1f26f7c7a2c82c28d15"",""0x9ca8626b06776b02e555a4f9fddc2f560f5fb18faa29eb0aea0f867af8064608"",""0xb43c6ce35bcbd028636a86d54a3e4d2d9700310d2c1c4e090f21eae55ab13250"",""0x5290542e3d2cbc736ed1fbb7348402f7e1765f05ce29020f9f6b41f48c8ed0a7"",""0xb834b4418a794f8eb79c740b34689b68d4b943383fc2c5cf2ea422584e8a98cd"",""0xdec36293cd2ca8e96d824da4659a41cfb704fc7db1ab381051e394dcc82a9d09"",""0xb61727d2cffb3403e148631b7f7c3353c69e3ed8f71a00a328601a5e416a0a19"",""0x923475a1d81fd1918dba148a2405217dbd976ec1e81289c526b085348aae0970""]","[""0x98383544e422fe17027cdac418f09337309386a10806b8ee02c8d32713923a8e"",""0x856f01151a1c15aa053c920c11f2f4a193b3ed4250c6ee2ebf77c3390fe0f275"",""0x8945bcc45087a8bfb2e18a5306781be29a69dbac49c73ab68b0d6c56a67bc0f9"",""0x8cc4b8cdcb727613f2378e83b1e459ef38061ac468dcb3d02730b17ef2a02673"",""0x1ebfa3f4b31da950a10ba4155a5675fdf5fb3ac42fe3f076668cfe359788f601"",""0xe70b739d2c9d746514eb24b9ed0d3b51448a0a5913813a2864aa9be0ec65e691"",""0x90ecb607bbb48b913aefe5003509412fcdc1a78708f7390fad1c6953be606038"",""0xab461bed3349317736818b1dabb4b0c82cc986f81bc20a4f98abb1cf118525e2"",""0xb1d52412675094b54611913899744bda3aa3c67ce51c9e9d61d8a49d9cc84caf"",""0x281cd26d80e9cd95f098908b641c2534121c033c47795850d88fdab6f04f2af0""]",[],0,0,1,0,0,0,0
bstpstaking314ma6f1fda3,valid,,3,1,4,ma6f1fda3,100,10,10,"[""0xd257dc770c415592299517bc82b40679bb383ced71452defe7745bf564d0c2a3"",""0x801f16125e60466870bea2bd21d992cd2162aa6eaa6732cb4ab61cce175e63fd"",""0x9add7bcde80edf6ee8f3a7cde3b47a7ea9aabddab95768e68fd0c1094aaa971f"",""0x91228fedec91d7b7710c887ce59017eb13339f6fed3313bf575f6b35bc92b7b3"",""0x50b9118cc83c234ba49560d3e0b4c303e8cc6b57bb30395457a697b41a809819"",""0x45e045f6dae82d4b11d7eba533f903748cc6d452ab8dc62562fe47f2d65e6452"",""0x10fb69a224c6ae79eb937c28802cb04b14cc118d73e9ebbc0b8551c4ffe55127"",""0xa9449e5c0c88343551b43804fa44f6fc11c58d402578a7950cfc30ea20bdb398"",""0x05d67b42683f7434e5b0368e1155991e1499010aeb76119dcc790081d91e5137"",""0x255dd0f4591b2f9e4e37c786e1ba9f10ccb70ccef5754c153fad8d365f7c1a80""]","[""0xcc5a3914b6cc401b98a202e8075b56eb77670a1140412c79b48b965bce6e05f2"",""0x90ecb607bbb48b913aefe5003509412fcdc1a78708f7390fad1c6953be606038"",""0x6940f8c3529787bcfbcbf21fa64207221930bb64f69f1727136674443bba43aa"",""0x4c896b9c75e38294c3a07ab4ccb18852996db2708540195223e428ddf09d38a0"",""0x01829fcc6d779d94ee869f97379c6516562dc7f8b74938742ffefe6b09b93fbc"",""0x106ecf713381cc7ee659b224caebb8c2d8402304fcc03cc12f04d9acb19beb31"",""0x429b49322f39406d28f591c75e8222ecd51db05a599ec5d128466346627eb705"",""0x5b677b1ca640fe2fa90ccb13036a107a5177af4f0b0bd5ed853ac029e427d019"",""0x1ebfa3f4b31da950a10ba4155a5675fdf5fb3ac42fe3f076668cfe359788f601"",""0xdf845dfbd70267c5c523805713303d6f4b7b91d97219e28f0508b46315e5e0e2""]",[],0,0,1,0,0,0,0
bstpstaking314maea74e52,valid,,3,1,4,maea74e52,100,10,10,"[""0x6431631b00c2ba8f2d8847df43032fe70881beb36975effa3d2edbc19c9e21af"",""0x8d357dcd4a7c14d4a0f33a6d36f83ab30a8caad65d222d503f46d94d277f7c24"",""0xd0d6acf0ea9225cf1664eabfa9f1647612c3663584cfe349cf51e95eba459600"",""0x6b84de292cb6e3be779d6288c69c6a070bba523a2317a4d294c1616e10f137ed"",""0x01829fcc6d779d94ee869f97379c6516562dc7f8b74938742ffefe6b09b93fbc"",""0x8f56779de0ea58c8fe03313265178f50a661a16daf9c775ee98cc32cd2ec74e6"",""0x3fbdc4093c7d8f5589abef15302ecb1367723da4f478f81010217aee54478980"",""0xd5796c1a0c8e4a535271e0e4260b5e03de52660076ed01252d981276db76e6ee"",""0xbee453f5d96064792d5d274651337d2834fc19206abee5a4f56ea91b25db7d97"",""0x7360edbccc2505bf89cc5c38dc938e5627c76e8e69e5a44bd281e2a5d122a3aa""]","[""0x8d357dcd4a7c14d4a0f33a6d36f83ab30a8caad65d222d503f46d94d277f7c24"",""0x01829fcc6d779d94ee869f97379c6516562dc7f8b74938742ffefe6b09b93fbc"",""0x281cd26d80e9cd95f098908b641c2534121c033c47795850d88fdab6f04f2af0"",""0x262e2e527250bfc9fea90edce78f93b95ce16f345766eb2534ba2fb39906d951"",""0x119bb5b05d026a441a51d331d2e813d4a51e2ca676f9919b728dde31c94dc798"",""0xdabbd1bf365dd83a0175d5e359d11f8d109116b0745646ef8d2c6a2efcf851df"",""0xe2c89165b1663cbef76d4db4aff33d030d5826b8a643a445b8531c288e7745fd"",""0x3c4ef3727c5acae7ca4976ecf767571e18ac1b70a4aad2ac4f7b9139bcfc987d"",""0x55502bafc57a57cf79cf670fefef3504cf632e5de82803db33a8e4d8337b211c"",""0xedb061d6c685949f3e6f6b2fbc31238ae6ee3c1a2760e056b5c3e5e2304df8af""]","[""0x8d357dcd4a7c14d4a0f33a6d36f83ab30a8caad65d222d503f46d94d277f7c24"",""0x01829fcc6d779d94ee869f97379c6516562dc7f8b74938742ffefe6b09b93fbc""]",0,0,1,0,0,0,0.2
bstpstaking314mb0c003cd,valid,,3,1,4,mb0c003cd,100,10,10,"[""0x52e6981cdc7690708196a2452e58c48a66de6719cffdd094b86212146c778821"",""0xd9226ddc17c12cede4910a5995bdff0cc02c9a890e73d382c94f398249707365"",""0x6e94b37ffe1a8b9ca39974ef80b08282997c8c20c23ab1e14ab2db3f08199592"",""0xbcca131bc9b4d287bd3853b4df1598d4e2510b0c0ef1740555971e23ad7ff7de"",""0x8a9173684d87d36411c9b5acc3470ca5ad76f5de019254b71197b883b5814c66"",""0xb404e4956646ad71cd9f224c110336917a24a2d2c50fbfd2b6d1a52d5e614c04"",""0xca2954a71dae114a6edf20d5a0da9ebc717daf3a64133426b61c555f63c19de5"",""0xdc8c6cf538e7a345f69aad6cd3c784a99be8105df36a56b420b66518ab8cb42b"",""0x7cfbe0d74032d6fee6708168111afba8a86b3d0603057612c66e7cc7bcb7496e"",""0x3ff4a6c123b24acc54125092b303246c6f5b0734150a299209e0e0a7518911ea""]","[""0xcd09dc92e8736934e461988f29064ea4e49ccc41310e47a797ab8e787536e77d"",""0x8a5fc9c813f0cbb1fbb3c86b71678b733f90197cd9b0fec7ef5b2e74d2827527"",""0xc3b0696840352e2a25a87160f85c766cba4c6b9424a40ded6b5e2eb28f9215f6"",""0x2c6db858294994968533795d44c86dc8f050d3652066b8ceadf9d3b73dc7d902"",""0x3c97283efec66e1a5ec8437966e087338da20f0aad3723d41d52c67328f7efe4"",""0xab461bed3349317736818b1dabb4b0c82cc986f81bc20a4f98abb1cf118525e2"",""0xb6956c09b733a91561395f6f106aa19a23a1df4c453562ff602fdc30b0b773ad"",""0xcfdc62eb5da1c0cc9f61c08540ca22833a6530d40de956ae254be5b1e0b59d74"",""0x483e0faacc32045385006ac1d42d028b103a2e2e02f320e20037d0d36be54907"",""0x49e5774ab139905928ff21d948254adc70aa28ff5eea2ac796f32b0549b267a3""]",[],0,0,1,0,0,0,0
bstpstaking314mb38d99c5,valid,,3,1,4,mb38d99c5,100,10,10,"[""0xbb11b6e5a0db547605f0dcc18ec8e0c861054ce15ac7edf459810a5f353ee7e3"",""0xaa3a256bb3dac0d5f6b9eab4f5fcc14a7450c92ca794c193f2999a2b7005af6d"",""0x35d2f8d11a6e38e76da124815e227cccd7ade4d1cb08290de127e8ead973b6f9"",""0x27488e31cd75f9efaf7f7e36eef37bcb227279dd4432f04f99c9e52bd8f79e5b"",""0x24d02a72685910062d72165e5e616bfb5c9521058f71e95bcfebb661fb16434d"",""0x865c976806d7a7899b2badf63532946046fdb07c416585596b4fcb30808334c1"",""0x5a0edccc572b6b6235885e1c180c7ca034eb52368f2c645a5620b3c4a395b883"",""0x9cdac732bd194ec563b0f797f75b9244b195730a163ccec1a5cd5f36ff3d5445"",""0xbeebf80a34721e08cf85ad88f9d2c2335df2460f4e338285b526fd20fe142680"",""0xd9128aa644f994fa5ad1953fafd34357cc2d45e383492c0138a127d210167144""]","[""0x8e6ed61f936c34115ed64b52efb53b493d279f72a1ed2c1dde342f98dfc9178d"",""0xadc1a837b5429a817612fe145787358ffe8831a2e75dee3a3338a31d486fb05f"",""0x000ceb98a30a9f0375fd46d151e4f2f8d830751c2983f14a1c6f0144f80b3198"",""0x8d357dcd4a7c14d4a0f33a6d36f83ab30a8caad65d222d503f46d94d277f7c24"",""0xe5da0f8dfb6b491adb9c38f755f10e08bd498ab5979036394be3930984053206"",""0xdabbd1bf365dd83a0175d5e359d11f8d109116b0745646ef8d2c6a2efcf851df"",""0x06442c0ccc9ab367282f06426924517e0a49c25e50a492ad91aecc55b655f458"",""0xaa8fad824a174e57accf11eb34b23d020d6aa685da1925b1c30a611ffdb95a0e"",""0x12c0e8caa1bce7d499cbbbc665fbb364c09cd2977856fe2bf0027b9c600b9022"",""0xf5162966dbd2c8c3b2195e7ee9c5e46a8dd1715287d079a5b92d312ca24045cd""]",[],0,0,1,0,0,0,0
bstpstaking314mb8cbcc16,valid,,3,1,4,mb8cbcc16,100,10,10,"[""0x1b3b8b12b7bf9b1d8821bfc98cabc8effd4c5f2aea25c8291e662bffe19f088d"",""0x84eaafb321f85ae5858030e14636ff83a58487675af1c0aadeca9e2983a2b66c"",""0x4cffc34430b17b49e9b079755533f7c6f4c31c95081f1c8e25908e84334ed0b3"",""0xc1f72dd56f9590b9d8bcbd4d9a61b6206009f7a628bb86c28b5b50a85ae0b0de"",""0x0f7111fd4af91016f6e6efa1dbc92c6aeb75dff18e99a22095079448fc73483e"",""0x7161ca186e53e39022059dbe35524ebb446059fdbf1aef1d952fc1b5a53353e4"",""0x931d89ef4e05852e1e1e1cc41e2cc0f4d1f62a107dd03105fc4c95888c92c422"",""0x26f1e1f52cf3cf53407904cdd84193991b53f54f11b9c9e74f6a001988056642"",""0xa975691b986b4bd9a07e89ed53334e6673ad17210c80a7171fc789ad9a6c2241"",""0x742e8d6b7f4f58aefb491ed7e81f4e917dd07cc98fd42fc88aef43291b0a8204""]","[""0x1cde8373a779839f2b591a11cac079df0f1eb3fb272188f9ceccb1dee8ec102f"",""0xb65630e7129a1fecafdca9eb7dbe53130a12b5d3e2e984bbf9c9a5399c6cc30f"",""0x230550ee2f183f79fbee87b09e6157a7bfd65abfefa14a749660749b7fa0d6b4"",""0x39700501189242fe3b7185fd03a5cace111de24b0c6b66471be82d30bc72ec27"",""0x7634f8326375f99ebfd7a8b203b7442a56b18cf7dc73f6238abd4122e8090b86"",""0xae105f7f87da768b512fdfdb98a0fbf6131d1571893bb99b9a0ab477ff1702c2"",""0xb3788db79f3ad700a3cc134a27acbcec7a0a587ffbcdf5927faa24e5c362d493"",""0x60642c6a8412d200a3413c5426afef17f3d72d45fadaf5cdde98b783893518ec"",""0x856f01151a1c15aa053c920c11f2f4a193b3ed4250c6ee2ebf77c3390fe0f275"",""0x6d5bfd47046b2e223b0c83d8c0d4e2ad42a064232926ed904efe73cb5d8f2133""]",[],0,0,1,0,0,0,0
bstpstaking314mc5ae52b7,valid,,3,1,4,mc5ae52b7,100,10,10,"[""0x2dc60ac98b1f184a836c234aa2097366ddd6ba1cad8a90c4624398fd79e60070"",""0x541ebb059060ff7f73374199ff51e8281c4dc5942c5c541867b4f25621486dc9"",""0xf11bad94616eadc4c930a68cc954c762e0ad7ae4e11f81bbe37778477da71fa5"",""0xf06d08186fc20a8ad1c9302fb2ec4daa81ff87d7dc46799427e1c52d6bb1e6d3"",""0xd86edee3887482aaa87bf056e6c0699a0ead02b8267c06b9514d0a31ad11a63c"",""0x755f498882ef3868c8327685feb4d14ddc05dfec9746206c5671c827bbcd63f2"",""0x3c4ef3727c5acae7ca4976ecf767571e18ac1b70a4aad2ac4f7b9139bcfc987d"",""0x6e2ec90f7c36a36b5344a2aac6038ddc9c3860de12975f71142181a7a81c8609"",""0x56be1af2d7e1b1d344e1e940a0deacc5838848749bafc6f70b94397164f2132e"",""0x281cd26d80e9cd95f098908b641c2534121c033c47795850d88fdab6f04f2af0""]","[""0x3c4ef3727c5acae7ca4976ecf767571e18ac1b70a4aad2ac4f7b9139bcfc987d"",""0x6e2ec90f7c36a36b5344a2aac6038ddc9c3860de12975f71142181a7a81c8609"",""0x12c0e8caa1bce7d499cbbbc665fbb364c09cd2977856fe2bf0027b9c600b9022"",""0xea69777677b59561b3782267ef6a65d6e0f38e1fea58f1ece52358972347edb0"",""0xb65630e7129a1fecafdca9eb7dbe53130a12b5d3e2e984bbf9c9a5399c6cc30f"",""0x39700501189242fe3b7185fd03a5cace111de24b0c6b66471be82d30bc72ec27"",""0x9920c06a362172692e96bab008e569caa257aaec2c8f130f3564a55f2f52357b"",""0x1fd6cd46a30ebaf43fddfe1aa0f8499987a4d3e3a687e3b577d2d1f1bf4d9e77"",""0x1721fbf3311a57adcac4eb75a9690451077fc079b0d94e4fa9d5a75bfb95e9c2"",""0x08c294941588d570c4ae95ce5aaf4a1592f278bd19029a2851efff2d86015692""]","[""0x3c4ef3727c5acae7ca4976ecf767571e18ac1b70a4aad2ac4f7b9139bcfc987d"",""0x6e2ec90f7c36a36b5344a2aac6038ddc9c3860de12975f71142181a7a81c8609""]",0,0,1,0,0,0,0.2
bstpstaking314mce4af4f6,valid,,3,1,4,mce4af4f6,100,10,10,"[""0x16ce498ca01ca0ceb8f3414bf534752c6788bd73b78139628534c4880e7d0c84"",""0x9d71c1950fb2485a93785f76560ffd25d298604f8c24f57aa61b276f1d333d1a"",""0xa9c448c7a7835713d38a44618a6c60c5d105b59bf4053e67c7988ff0e8297f1c"",""0x7dff03e9151eef7673af7ed88117e897aded4bee06eefc9219e8f5627d78ada3"",""0x866a207e0e7751fb45198e1e853d3070816125aac2451c73c2c41fc3742cc206"",""0x3967093de816a8135bb93981ddf3ff28fcfdac2bd2c93c8c7ff6770ac964e8b8"",""0xb498b69cb149bbbc2841525f505d792c9fa0a214ce16e0b3ae793c6826e21fc3"",""0xcc0cc37ad94ed115a4dd0b53ed147dfa7850c8b0255b0cadf4e11fa6d0ca6e9d"",""0x82331f6eb66a134ffbc7ed964c06b788c7fcf7e31d6e813c7e525d1dba0afd6b"",""0x60a2b4bdc793c3465ef7f2622ea6e11990d37e6c972ff8e6b1c9077ab62f7df6""]","[""0x0d6652a8c9d9575f5254120f3b037a86104172ca1dd77b5b55be2da39daf1385"",""0xb759e3960a93ef78e32f4847b58dbc6b1c22efd6d9ccaa3b1a84911e6a288afa"",""0xf5162966dbd2c8c3b2195e7ee9c5e46a8dd1715287d079a5b92d312ca24045cd"",""0x3c4ef3727c5acae7ca4976ecf767571e18ac1b70a4aad2ac4f7b9139bcfc987d"",""0xea69777677b59561b3782267ef6a65d6e0f38e1fea58f1ece52358972347edb0"",""0x73d6c0efd0550ca38510ec910998f28c5f57de699ed4f4eab13ed86d90fb6b07"",""0x856f01151a1c15aa053c920c11f2f4a193b3ed4250c6ee2ebf77c3390fe0f275"",""0xfd6b6381e462eb69a90451498acc82533df2612f7e00141667dbce964caa982e"",""0x60642c6a8412d200a3413c5426afef17f3d72d45fadaf5cdde98b783893518ec"",""0x80ae3a3d46a5bfbf5f0adaf5d83aa1064814c65038e92093a16ea8304bd00bd3""]",[],0,0,1,0,0,0,0
bstpstaking314mdd189b64,valid,,3,1,4,mdd189b64,100,10,10,"[""0x7205e44f2da28418e4b9a06fda81562515ebe20bc0034e8f7af070ae01bbba2f"",""0x727b5b0da5bf5cb142a5c96a8c4a9f915506acbf4ca83ccc5e6f1887460da162"",""0x1bad7b3f97214623f61744998029c7e6710215b707afe04c964f4b4181580fa0"",""0xad52047208babba64a1445390e0525bd6ba0e5cf5863c5d3b71f382666217a67"",""0xe70bb3bb5bd710cd0061bbfe0596f51e2e84065881934ff7eef89c80eea69b33"",""0x691fe9cb6679f6e5e755b07d2653e4f0fb5b0dcaaa0d66e644d3d2da47390457"",""0x2d9176060064504b00a03e33732b261ad9e18b05120d2345f6e7abbc3d8bfd82"",""0x9a9a1f540231314765f22b4ad86a0b2842a2921a590b03274049bac3b2643245"",""0x370e52ad6604a397814776a59e7be59b067827b04a261ded2c14100b1109386f"",""0x1c64ad766dfa4fa9d74a4d2ce01848b8d5a7da03dd7621fcc2404e4022284ea2""]","[""0x0d6652a8c9d9575f5254120f3b037a86104172ca1dd77b5b55be2da39daf1385"",""0x8e6ed61f936c34115ed64b52efb53b493d279f72a1ed2c1dde342f98dfc9178d"",""0x505f78474c398814eb0ba0cc3c08f6129e12bf16431876853283a43beac9d141"",""0xdabbd1bf365dd83a0175d5e359d11f8d109116b0745646ef8d2c6a2efcf851df"",""0xcd6d08f520a5a6aebaa079033393b6393e347445be26d2c107e8d7ee03c8f13c"",""0x70466edbeed113ce8a8435ffd9f8208b8c3f50b2cf38281af86584c766a4310f"",""0x737e933cd67a89d2c13038c499d7d71518a56e6b95bc97e9056a59b45c072c99"",""0x37890a125406e5e42ba213b40b55685bc6c328fc0106903b123b70d8312c1000"",""0x1721fbf3311a57adcac4eb75a9690451077fc079b0d94e4fa9d5a75bfb95e9c2"",""0xaa8fad824a174e57accf11eb34b23d020d6aa685da1925b1c30a611ffdb95a0e""]",[],0,0,1,0,0,0,0
bstpstaking314me8bc7185,valid,,3,1,4,me8bc7185,100,10,10,"[""0x8e6ed61f936c34115ed64b52efb53b493d279f72a1ed2c1dde342f98dfc9178d"",""0x1b90e8c58b04a10a353804eecc214bf40469c2a11062b2059f131c9b502fd828"",""0xacade21a434a57144bd3956aed7da5a71b141312177364d8a089d2aa799931d5"",""0xd0ef1311a7bc7afe36cdc5db820548623dd40930026f91ae9fdfe8f40d3a3a03"",""0x5b677b1ca640fe2fa90ccb13036a107a5177af4f0b0bd5ed853ac029e427d019"",""0x0b2483892aea9e5e68d3f851c55add32889eea48c64a22756bb388ad2aef3fc2"",""0xb498b69cb149bbbc2841525f505d792c9fa0a214ce16e0b3ae793c6826e21fc3"",""0x4cefc890c0072c5c1a1be639627c4a0c7c3102fca6218bda1ce57d0dc9980cb5"",""0xb65630e7129a1fecafdca9eb7dbe53130a12b5d3e2e984bbf9c9a5399c6cc30f"",""0x8d357dcd4a7c14d4a0f33a6d36f83ab30a8caad65d222d503f46d94d277f7c24""]","[""0x5b677b1ca640fe2fa90ccb13036a107a5177af4f0b0bd5ed853ac029e427d019"",""0x3c97283efec66e1a5ec8437966e087338da20f0aad3723d41d52c67328f7efe4"",""0x49e5774ab139905928ff21d948254adc70aa28ff5eea2ac796f32b0549b267a3"",""0x6e53ec51854bc45ec72e747b9db61797e1b20b6c0f523a3f2ead783fd267ed91"",""0xa7831feb3b6ce91bfea938682651e70d662f1266659cbce6eaf0526e45512a68"",""0x167a4d5214f28e5714dbe0ef582ab78f31d676888df89fd1380e7d60c6455530"",""0x90ecb607bbb48b913aefe5003509412fcdc1a78708f7390fad1c6953be606038"",""0xcfdc62eb5da1c0cc9f61c08540ca22833a6530d40de956ae254be5b1e0b59d74"",""0xfc9bec6e17e3d34235748a04c8a772f602b2283e2946d9f68c2ed62bcdd2cd85"",""0xc242c986f95f7cb745f870b1e292c03f57e59c36e809d37eb00cc8d235b22c5a""]","[""0x5b677b1ca640fe2fa90ccb13036a107a5177af4f0b0bd5ed853ac029e427d019""]",0,0,1,0,0,0,0.1
bstpstaking314mec0952f1,valid,,3,1,4,mec0952f1,100,10,10,"[""0x24fcc735cd0bee2ac1ad9ec75e5a1c81e12a38053fe89632819b115d328df730"",""0x5ade0679220e0f40f72e7f5aac15c72bdc82876c2fb569f33d4977fe61056c60"",""0xe8400c165ba8cfcfbc1f6f7a5aeac3d8e53e074d18a12ea0f3c93afc1f438f69"",""0x39cfdbb4ed9dfb44a25224a6e49345f213902dedd146f020d142183e421bc768"",""0xc000a9bb0afc1d0a9dc5f83998c23a063b6a17d7259ded4e2027f357a5dd25aa"",""0x6bfda00b24d3ee88a683f64e297d322743b3658432218bdc53d3fc9da3866f5a"",""0x602e1931ffd162122bc05dbe6e64b7758e8c18c285a2d97af8df528e7cc1fddc"",""0x0ffd9d2614b9f671d46f72c34ea5196599288b5dfa0300fc530a0648ae15637f"",""0x0509733ba8ebe749d4973e56efcec5aae113b66a6d4fce29032ed1894a3ed383"",""0x362749b5b2666d4058ea11e8a23dad81d0e38ac085956936947ba1da2e7db683""]","[""0x119bb5b05d026a441a51d331d2e813d4a51e2ca676f9919b728dde31c94dc798"",""0xdd364115eefd88d44ddca902abb962bd1038efc911e81847f0d1911029cb83fc"",""0x281cd26d80e9cd95f098908b641c2534121c033c47795850d88fdab6f04f2af0"",""0xdabbd1bf365dd83a0175d5e359d11f8d109116b0745646ef8d2c6a2efcf851df"",""0xbf11d678dcdece15f7824e21c504ec11500448bd6eb50749dea8bda81bf85a81"",""0xf5162966dbd2c8c3b2195e7ee9c5e46a8dd1715287d079a5b92d312ca24045cd"",""0x27f6a02165b673e7008df197e38e096214cfb8e24d4ed54d9d7086bd62eb23c1"",""0x68fb332560fdf6ea1d74d8c4bfc3ff952f79df911ac17e478862c0aa1c736db3"",""0x262e2e527250bfc9fea90edce78f93b95ce16f345766eb2534ba2fb39906d951"",""0x01829fcc6d779d94ee869f97379c6516562dc7f8b74938742ffefe6b09b93fbc""]",[],0,0,1,0,0,0,0
bstpstaking314mfadd38bd,valid,,3,1,4,mfadd38bd,100,10,10,"[""0x82a5782f4a55d9b42340a3ac49763d17d9e10bc309fb5fd4b22c692eb81bbd0b"",""0x2a5e9e6e199af9dda0cf0bd0b7b9e876990d5a3dcbb40d8d68e4ab8af4654982"",""0x791cd3e9455149ff95b60dc7816de7c771536ee75d30c96b05f1e4d4f165041a"",""0x4102473d47b1f78e0c5a22bba1976a9217976ee04e780ac136bcebd143f6d9fe"",""0x45e045f6dae82d4b11d7eba533f903748cc6d452ab8dc62562fe47f2d65e6452"",""0x0c17b5a976468ccc4ea9cf0f7d46ba89e7ad868fc115e4b85910a7720a1d135c"",""0x272e149a70bc0896c48886227c553446aad58de29d8305c185e44aece09d51c7"",""0x325e34115214c805fbe96f6af71dd3c26e43baea1a368f3b53589939e9eef537"",""0x26f1e1f52cf3cf53407904cdd84193991b53f54f11b9c9e74f6a001988056642"",""0x9c12aef7b9438590788d64d828b26beff837607acd03aa1ee246e55767efe07d""]","[""0x71a93113087b01233d6a75b25863b56cc2d4ca947f24a3540208f7d1f5e5efbf"",""0xfd6b6381e462eb69a90451498acc82533df2612f7e00141667dbce964caa982e"",""0x505f78474c398814eb0ba0cc3c08f6129e12bf16431876853283a43beac9d141"",""0x3c4ef3727c5acae7ca4976ecf767571e18ac1b70a4aad2ac4f7b9139bcfc987d"",""0x60642c6a8412d200a3413c5426afef17f3d72d45fadaf5cdde98b783893518ec"",""0x1fd6cd46a30ebaf43fddfe1aa0f8499987a4d3e3a687e3b577d2d1f1bf4d9e77"",""0x429b49322f39406d28f591c75e8222ecd51db05a599ec5d128466346627eb705"",""0xae105f7f87da768b512fdfdb98a0fbf6131d1571893bb99b9a0ab477ff1702c2"",""0x353fcfc68b913bba883a1cbe437235257a5567ace334e692406b2239896cc845"",""0x7c9cdb9fd07a0e95dd225ef751470ce88b43ad6e9e209b3b95404c7a6849e39b""]",[],0,0,1,0,0,0,0
bstpstaking315m02a43993,valid,,3,1,5,m02a43993,100,10,10,"[""0x59dd41a31be217e451080c6bed4bc1592897fe4d90fa0d98570d876c6d76e70d"",""0xbf8c1230d97d1734b786b3a58bf3b629894750bf1d7c2e0dadf3021d6c4a3906"",""0x370e52ad6604a397814776a59e7be59b067827b04a261ded2c14100b1109386f"",""0x58955c1c0021cb90b08d6b105ea15f1ab52e9d9b999eac1ff86fac6fb9fcc1d9"",""0xefefe7e35fa71827391ea36ef514c5475c2912f8741c29f10ca343054dbe0a93"",""0x6f2888caabbf7a960fdc5d61359cdc84334ccdd981d4287268a974d004b802d0"",""0x5a2fb4cd5e9dd5493ef26362c926e748b9d676a9534e4976e2eb58359eb1421d"",""0xbc1991160787319134d096955b66d3a980eaa2619f511cd1681ec497b0e9203a"",""0xd86edee3887482aaa87bf056e6c0699a0ead02b8267c06b9514d0a31ad11a63c"",""0x4a9e8d97f29cbc9d10e940c5cc81e08ecdc68011ac943428e5c328cb616f11a6""]","[""0xb1d52412675094b54611913899744bda3aa3c67ce51c9e9d61d8a49d9cc84caf"",""0x92c0efa8758ff02dd06dfd438cd6612b6e3590f9c8b7c0932fd418903855a478"",""0x80288ad5dc62d58560df110a3535af497449f9f6f4f71e34500b9f5045943ea7"",""0x90ecb607bbb48b913aefe5003509412fcdc1a78708f7390fad1c6953be606038"",""0x08c294941588d570c4ae95ce5aaf4a1592f278bd19029a2851efff2d86015692"",""0x3b5d1234f10198acc136a10dfa09fa0a1a59de504bc0d9a7c35446f692b7c07c"",""0xcd09dc92e8736934e461988f29064ea4e49ccc41310e47a797ab8e787536e77d"",""0xb002fb01be58fedcd04d5ceb2895feaf22973ac1205efed3d2db367bc6d7525b"",""0x7c40aac49a736517f5c440f9392f1683424054f2ffa6df7c2970a52c11db06ca"",""0x6940f8c3529787bcfbcbf21fa64207221930bb64f69f1727136674443bba43aa""]",[],0,0,1,0,0,0,0
bstpstaking315m069a3556,valid,,3,1,5,m069a3556,100,10,10,"[""0xc07123b97e3b7fb310541633f72936c40f21f7a507de51256f9c4a68505fe755"",""0xa96998d7482d5388fcfec7817656589c7dde92c5b5de8b537cd15bd1e45bf003"",""0x4acba4a5ab48bdfacfcc47ef590afc21b1b89482935b5ef5073139a71872cd91"",""0xa975691b986b4bd9a07e89ed53334e6673ad17210c80a7171fc789ad9a6c2241"",""0x65199402c08121b8a9beac448a27ac530694473accad3bd89a72ce84db77157e"",""0x48ba115d52a62585dc5bd5adf927ddd89f36a37b833979456398a75ce137082d"",""0x6a88071a43b422b5b8bc2b51f8d1f7b8fb5ffbb9c0147724d4b5053293f9d2e0"",""0x06c71fc610020b8756895e0b21ca2d61cee6ca8547b34e022866e9e88699d7d8"",""0x9b6f31732a319e0f481d759b9e644222a6c0ae6b2584aa71f880d1583a84d275"",""0x1b649a7aa61f0f4f90c5d38308be295917139e516ee0c572790036b6519d0304""]","[""0x230550ee2f183f79fbee87b09e6157a7bfd65abfefa14a749660749b7fa0d6b4"",""0xe5da0f8dfb6b491adb9c38f755f10e08bd498ab5979036394be3930984053206"",""0x505f78474c398814eb0ba0cc3c08f6129e12bf16431876853283a43beac9d141"",""0x281cd26d80e9cd95f098908b641c2534121c033c47795850d88fdab6f04f2af0"",""0x12c0e8caa1bce7d499cbbbc665fbb364c09cd2977856fe2bf0027b9c600b9022"",""0x8d357dcd4a7c14d4a0f33a6d36f83ab30a8caad65d222d503f46d94d277f7c24"",""0xcd6d08f520a5a6aebaa079033393b6393e347445be26d2c107e8d7ee03c8f13c"",""0xd7531695dcd358a4f56787acbbd65565a09fc63eff941ad49498daeb1ae38f44"",""0x429b49322f39406d28f591c75e8222ecd51db05a599ec5d128466346627eb705"",""0x86ae1d3cfed9f994a673ca32c9ebb44c1b77c8c3781c16a0f6486fea4611ee5b""]",[],0,0,1,0,0,0,0
bstpstaking315m1a5bd173,valid,,3,1,5,m1a5bd173,100,10,10,"[""0xc6a97d34bb42db0a2411ee2a04a39e1a349ac46d0facc8d8aba2ac45c1b9eee0"",""0x463a6d79a1b14e1245e8a22a93eae203235f05c5835dce53dd44083cfce2ddb1"",""0x2810a2647fc8a040ec0828691316e1d0e1363d42f47f3bf80e2accb7bae8de17"",""0x1450a2ad54db1f6259714cc9ac588cd99a4c4c03f9526698ab2fa1de7df5a66e"",""0x803c04e9d0b2c4e90a99c31dd8519bf915308014ab129a6ef5635c5707119a44"",""0x33da2b3594ef9db6bcb504fb42dbeb618bd4744bad06118ab8bdb7d67bdff688"",""0xb62a93a4af9e98302c8ef25df57b7a8d3e8ce50815f06bbd35bea1297ebdda46"",""0xf1879fa34d28e0c927a41d89d1fe6e24b2f9af0393cd1a6b1f2f1b780b37f7d2"",""0x4ca44da36abcd1aaa9c48e01eeff54ec38f10ff0e87a0f1421bdf9ec95a29e48"",""0xbc1991160787319134d096955b66d3a980eaa2619f511cd1681ec497b0e9203a""]","[""0x16a4b9d56a3ab5e2ef284d0e822e6707757b125228793b37bc9e037802da9d9b"",""0x86ae1d3cfed9f994a673ca32c9ebb44c1b77c8c3781c16a0f6486fea4611ee5b"",""0xa4a5871d752ffcf82f0971f07904f7cdd34150574ae793fcf1bff93d1aa06ff0"",""0xaa8fad824a174e57accf11eb34b23d020d6aa685da1925b1c30a611ffdb95a0e"",""0x80e64594a9d4fad2c6617c96707f6c9a1a78970b22d16066311be57b6d24a7da"",""0x39700501189242fe3b7185fd03a5cace111de24b0c6b66471be82d30bc72ec27"",""0x7634f8326375f99ebfd7a8b203b7442a56b18cf7dc73f6238abd4122e8090b86"",""0x6ea2e4d3921eb79867ba52b40ba2fdf4df2de7e307f65f7742bf9f3bdb48a96c"",""0xe2c89165b1663cbef76d4db4aff33d030d5826b8a643a445b8531c288e7745fd"",""0x60642c6a8412d200a3413c5426afef17f3d72d45fadaf5cdde98b783893518ec""]",[],0,0,1,0,0,0,0
bstpstaking315m30fd2845,valid,,3,1,5,m30fd2845,100,10,10,"[""0x272e149a70bc0896c48886227c553446aad58de29d8305c185e44aece09d51c7"",""0xa0c24192e27aae75677d9253ecc4ed6a71d2ff7b0bdbae8dc0df22feba917129"",""0x475c36c4c60e0af2eb4580055777910ab6c788c95f66d33f069723d9ff62ed25"",""0xdb5a04c37cb2abdcd30f50613d889e78dd0baeda292662af61e484d647010c52"",""0x801f16125e60466870bea2bd21d992cd2162aa6eaa6732cb4ab61cce175e63fd"",""0x70f6a60ffde5d6f154466a7f3cee3fb93a235a0b59ea6d820ec8265e2456b8f8"",""0xc88d3451c275b5a792c8372021eec6f7aa969eacf4da05d45b4fb5da534d0a16"",""0x6ddf485c65c0ac3e76a6a703214fda27c77b77b9666aa25908be5eead7922d47"",""0x27488e31cd75f9efaf7f7e36eef37bcb227279dd4432f04f99c9e52bd8f79e5b"",""0x323045169136f339e36c57f2b93c33e14359139bfb47f1394e0c41e18be3935d""]","[""0x73d6c0efd0550ca38510ec910998f28c5f57de699ed4f4eab13ed86d90fb6b07"",""0x16a4b9d56a3ab5e2ef284d0e822e6707757b125228793b37bc9e037802da9d9b"",""0xe9bff1484b60de522b5fda8d2a44f33f1ba6a17ca2db76472f469a91f2245a8b"",""0x7c9cdb9fd07a0e95dd225ef751470ce88b43ad6e9e209b3b95404c7a6849e39b"",""0xb3788db79f3ad700a3cc134a27acbcec7a0a587ffbcdf5927faa24e5c362d493"",""0xc2467251882eb44d5415c8fddda0ba28022dedaeeca039a9fa1e56bb4cb2aba3"",""0xea69777677b59561b3782267ef6a65d6e0f38e1fea58f1ece52358972347edb0"",""0x68fb332560fdf6ea1d74d8c4bfc3ff952f79df911ac17e478862c0aa1c736db3"",""0x9920c06a362172692e96bab008e569caa257aaec2c8f130f3564a55f2f52357b"",""0x262e2e527250bfc9fea90edce78f93b95ce16f345766eb2534ba2fb39906d951""]",[],0,0,1,0,0,0,0
bstpstaking315m33799275,valid,,3,1,5,m33799275,100,10,10,"[""0xc543bfc6a2ff3dde7e8fc8e514e146513529a4731153d483ec8459fae3d11f2a"",""0x0ba8519c524732bb6cd8845163c18184f59ffca54480944de9b2113041b462d6"",""0xdf6439719124769b552145b537568919eeb37626e099208848ae0eae723f522e"",""0xbee42fcfabbb09eb9c70e48c9033e4542707d8150d3d6641a8d299759e3c4403"",""0x01106fc3fa0acfdc839b447c5d95e7f73a1a723240da229828c305366f8c99f7"",""0x1c64ad766dfa4fa9d74a4d2ce01848b8d5a7da03dd7621fcc2404e4022284ea2"",""0x9f8fa5a512c7f80fe88a5b18be39e3c0bc20cae691dcd791febe5792500dc0b5"",""0x20bfc0888ce15b003ee1b917220e509304a3df76315d5d1c1e6319d8c4e792b3"",""0xe72c5c22fbe894054099969b50aad0b7739ccb377982e785f0afbaecdab38412"",""0x7161ca186e53e39022059dbe35524ebb446059fdbf1aef1d952fc1b5a53353e4""]","[""0xcd09dc92e8736934e461988f29064ea4e49ccc41310e47a797ab8e787536e77d"",""0xfd70d4311b5768c6b6bf7ecd75518b0b26ba2529cb7cf75e450bca9f0d366daa"",""0xa7831feb3b6ce91bfea938682651e70d662f1266659cbce6eaf0526e45512a68"",""0x29eba7ba49866efd89a8dce8d84688734eb0b4b198d4992b288b36b31540c8dc"",""0x2c6db858294994968533795d44c86dc8f050d3652066b8ceadf9d3b73dc7d902"",""0x8945bcc45087a8bfb2e18a5306781be29a69dbac49c73ab68b0d6c56a67bc0f9"",""0x5b677b1ca640fe2fa90ccb13036a107a5177af4f0b0bd5ed853ac029e427d019"",""0x8cc4b8cdcb727613f2378e83b1e459ef38061ac468dcb3d02730b17ef2a02673"",""0x49e5774ab139905928ff21d948254adc70aa28ff5eea2ac796f32b0549b267a3"",""0x106ecf713381cc7ee659b224caebb8c2d8402304fcc03cc12f04d9acb19beb31""]",[],0,0,1,0,0,0,0
bstpstaking315m3b4969fb,valid,,3,1,5,m3b4969fb,100,10,10,"[""0x2e193d5ce0897074fdadcda22e868053a880fb33daa7aae7eff728b819b7e9e8"",""0xeab13d44c08c5ceb171f08015d950355ab72410b965239a1c4f07f1b1d43792c"",""0xe6418c75ae473855ddb6b9dd3eac4e88af48e037bdc1063c35cde8ba136d3954"",""0xaaddad0732e448e7e0b5bf5904f8bd7746f4c560bc12fc07c73941d525498d50"",""0xd257dc770c415592299517bc82b40679bb383ced71452defe7745bf564d0c2a3"",""0x9e087f7bd1b781a46be608096cf227324d8a3e30d57f0a1d050cfb8e4c1d2c90"",""0xc3914a31f1f6b3bca365c920406144a53452950f40fcf32bae640d5d17370820"",""0x58385befa6218aa1909beef6dee30a462780a5145084aa81246fa491f8af14b6"",""0x1b649a7aa61f0f4f90c5d38308be295917139e516ee0c572790036b6519d0304"",""0x7ee6122ffe5045a29b7a40187e64f8b90aab3cbe9c16764b73683721371572a2""]","[""0xb002fb01be58fedcd04d5ceb2895feaf22973ac1205efed3d2db367bc6d7525b"",""0x106ecf713381cc7ee659b224caebb8c2d8402304fcc03cc12f04d9acb19beb31"",""0x682175835b69fee8ca4e1000194ccf6067372d31c29aa0c1fb86d118274fe35f"",""0xc242c986f95f7cb745f870b1e292c03f57e59c36e809d37eb00cc8d235b22c5a"",""0x4c896b9c75e38294c3a07ab4ccb18852996db2708540195223e428ddf09d38a0"",""0x6a735d9199bcfde6d540397f0c81a9225ad8520e39847b9a367e7dd94565137d"",""0x4f70045f96345b6154f2e63f3fe4b06b6e40108aedcdd3afc6a66ea75fc3da24"",""0xffb33d2d1648788432430e96a9706f35a4dcfe30d45dd0e99a1eaf7e59ab6aeb"",""0xcfdc62eb5da1c0cc9f61c08540ca22833a6530d40de956ae254be5b1e0b59d74"",""0x5b677b1ca640fe2fa90ccb13036a107a5177af4f0b0bd5ed853ac029e427d019""]",[],0,0,1,0,0,0,0
bstpstaking315m4239fd1c,valid,,3,1,5,m4239fd1c,100,10,10,"[""0xe4a36c881c35b07714a2562049bb6d76677c7e6b9379c9e84767c3e93c94182c"",""0x6a64d10b6ad89e2423683c6d3538752fbcfca6a4b5cc054afe333a9ceba922f9"",""0xd9293176125197a9a57c96e218d75ac08e0c348ad50e0183dc488660b8f11ba2"",""0x8f56779de0ea58c8fe03313265178f50a661a16daf9c775ee98cc32cd2ec74e6"",""0x2eb82b8aa3885f189d5bea22693cd447d1a3ffd7eb9d560d51dfb567332a3c6c"",""0x83d7a7e2c585c802df2fe2c2dc5a55c73a30692d570c283fadbc12988af77ffd"",""0x7b2245bccd1d86b949d59f024eb03158775be13bc50cdc95ae2ce7664a9f5918"",""0xef0de373da781ad8f71ff9725557201f4a340ca4ec40190f5157ae7855b6ff08"",""0xb71c15e86a650d36fa09ef7f922e1f32eae4640b77b306f75285ace7e60f8818"",""0x483e0faacc32045385006ac1d42d028b103a2e2e02f320e20037d0d36be54907""]","[""0x483e0faacc32045385006ac1d42d028b103a2e2e02f320e20037d0d36be54907"",""0x89c823bf9976eb820ef3b2041267ad2c6eed1f83e2ab87cdc4bf9577cff5a748"",""0x3c97283efec66e1a5ec8437966e087338da20f0aad3723d41d52c67328f7efe4"",""0x6940f8c3529787bcfbcbf21fa64207221930bb64f69f1727136674443bba43aa"",""0x106ecf713381cc7ee659b224caebb8c2d8402304fcc03cc12f04d9acb19beb31"",""0x90ecb607bbb48b913aefe5003509412fcdc1a78708f7390fad1c6953be606038"",""0xb7eba087f5cc24fe2d08675f1cd5a26ebf3fd48642175807fccde9db3ffb3752"",""0xdf845dfbd70267c5c523805713303d6f4b7b91d97219e28f0508b46315e5e0e2"",""0x8a5fc9c813f0cbb1fbb3c86b71678b733f90197cd9b0fec7ef5b2e74d2827527"",""0xd9067ec22c0a52c0bf051e10e841161ac9d25bfedf069957979cc6f267cb6324""]","[""0x483e0faacc32045385006ac1d42d028b103a2e2e02f320e20037d0d36be54907""]",0,0,1,0,0,0,0.1
bstpstaking315m61fde19d,valid,,3,1,5,m61fde19d,100,10,10,"[""0x742e8d6b7f4f58aefb491ed7e81f4e917dd07cc98fd42fc88aef43291b0a8204"",""0x1b21e7a1c428621dc0111e5c469259599f82fe1837877d85bea8dcbf95e21a8c"",""0x63f077c22b87f00ffb56c16cfd771e2ecacdd99c36744c22e759b77c8d5875fb"",""0x60f5cd9d1c72569402f084e1132cc01b5eb7a00a7e779062640f95eeb64959e4"",""0x6392d1b3cf85732c8fa2aeca7af22c6ca69775edaa4caa04b75213f389b07712"",""0x077c221a7960c935c4034902e7cc66c0514270859fa6907387399f27a31d04d6"",""0x01f82f670f5cb375af33ca0ff59d578ca96e9187b8bf64c1e8efed145047ff0b"",""0x1f5fee959fba146078e1405e4c37f2aac0679b5dee853905a94165ba08217196"",""0x241145b169eb7335c6c3a55c542c7857ebbbe2cbe47e2bc2a4f72062e1ba800b"",""0xba1481cd7cbf3a03976044d0a65435f48ce745a1050bca98c52a12a7ff849977""]","[""0x69f76a6458130c9ded5a13a31db3715ca829f4a679d617f3e492b9116677d10c"",""0xdabbd1bf365dd83a0175d5e359d11f8d109116b0745646ef8d2c6a2efcf851df"",""0x281d75ca73c64a8633ed60198d5e953cc41cba8132bf7dfc97a978d37dd83726"",""0x7c9cdb9fd07a0e95dd225ef751470ce88b43ad6e9e209b3b95404c7a6849e39b"",""0xfd6b6381e462eb69a90451498acc82533df2612f7e00141667dbce964caa982e"",""0x8d357dcd4a7c14d4a0f33a6d36f83ab30a8caad65d222d503f46d94d277f7c24"",""0x37890a125406e5e42ba213b40b55685bc6c328fc0106903b123b70d8312c1000"",""0x06442c0ccc9ab367282f06426924517e0a49c25e50a492ad91aecc55b655f458"",""0xe5da0f8dfb6b491adb9c38f755f10e08bd498ab5979036394be3930984053206"",""0xe2c89165b1663cbef76d4db4aff33d030d5826b8a643a445b8531c288e7745fd""]",[],0,0,1,0,0,0,0
bstpstaking315m6489f990,valid,,3,1,5,m6489f990,100,10,10,"[""0x8e0fe0f656e916603b21dfc46871616ecb7b642b28e5d883d2c499a8c5e837e1"",""0x34a4d8937f3354a8c46b9c2b29c4ce9f1ea8d0bcdf66b5633b3e24cfd92ed2d9"",""0x795399050aae731a8fb0651e6f99b4eaee8db493bd96ff86da6f6fa03c04b181"",""0x8dfdc5cf3cb02e7e591f87507f529f23ace45f23d37d2cc53a0be7ae48327735"",""0x55438b3cc8a7b8feb076576689edb0eb929cc5e619c8e3081ca280d3e78956fa"",""0xfd20133ec486c0ab3acaa7eedcd7170e5c17ac4821e7f799014bf5ac5d4a15d6"",""0x548a6d0e11a56a2f3c816358d5a6d33f238307fda325329c3fef19c266a0ad45"",""0xc2ffac38150fc2e08a11fe55ee74c9abd7af09e9ed476faaf590e2cc957e47d9"",""0xc9934edef10f228ceae43f18632ddd98051ed4be2403be15d14f2186731c579d"",""0xafa9938236b1684d4285e0eed9ec046b0a0bb88755b62b6a7bdf2a7963971aba""]","[""0x73d6c0efd0550ca38510ec910998f28c5f57de699ed4f4eab13ed86d90fb6b07"",""0x3c4ef3727c5acae7ca4976ecf767571e18ac1b70a4aad2ac4f7b9139bcfc987d"",""0x8e6ed61f936c34115ed64b52efb53b493d279f72a1ed2c1dde342f98dfc9178d"",""0x01829fcc6d779d94ee869f97379c6516562dc7f8b74938742ffefe6b09b93fbc"",""0x262e2e527250bfc9fea90edce78f93b95ce16f345766eb2534ba2fb39906d951"",""0xaa8fad824a174e57accf11eb34b23d020d6aa685da1925b1c30a611ffdb95a0e"",""0x429b49322f39406d28f591c75e8222ecd51db05a599ec5d128466346627eb705"",""0x08c294941588d570c4ae95ce5aaf4a1592f278bd19029a2851efff2d86015692"",""0x6ea2e4d3921eb79867ba52b40ba2fdf4df2de7e307f65f7742bf9f3bdb48a96c"",""0x281cd26d80e9cd95f098908b641c2534121c033c47795850d88fdab6f04f2af0""]",[],0,0,1,0,0,0,0
bstpstaking315m652a5fba,valid,,3,1,5,m652a5fba,100,10,10,"[""0x8fc1d1e2c016ffb36d59c5dc3fc66f326f0dbf2f44da8dbad7ce668c0c9e69dd"",""0x6a88071a43b422b5b8bc2b51f8d1f7b8fb5ffbb9c0147724d4b5053293f9d2e0"",""0xd86edee3887482aaa87bf056e6c0699a0ead02b8267c06b9514d0a31ad11a63c"",""0x328f7be4ec6d63ed0e1dd41047b5896d99cb54136321dee3b2aa6286995f81e4"",""0x7833ebabcf4630a67de7ee8db1f8f2e17f3410ec9525a2980a539f7d273f2618"",""0xb4f591edb7bdc05c11ddf5a0cdbe2eec6415a7603838b88dc2170dd1fe549d4d"",""0x8098ba5215ca196df26f41445299c22f0a605456bd06648f09fe5523fa0c03a0"",""0x8cb4e935054bf80a0deb1c922537b01afc0faa4e049982c83eaa120b4e969349"",""0x854bbb4f3e5429e2345d3ad6bcf848b5e050a8130ba43790818ce5011cc437e7"",""0x4165683ebd107b8f839c3fb3d2b8831d357761d9583032dc00e6c89f48c0f6ad""]","[""0x5b677b1ca640fe2fa90ccb13036a107a5177af4f0b0bd5ed853ac029e427d019"",""0xd9067ec22c0a52c0bf051e10e841161ac9d25bfedf069957979cc6f267cb6324"",""0x2c6db858294994968533795d44c86dc8f050d3652066b8ceadf9d3b73dc7d902"",""0xb65630e7129a1fecafdca9eb7dbe53130a12b5d3e2e984bbf9c9a5399c6cc30f"",""0x39700501189242fe3b7185fd03a5cace111de24b0c6b66471be82d30bc72ec27"",""0x856f01151a1c15aa053c920c11f2f4a193b3ed4250c6ee2ebf77c3390fe0f275"",""0x98383544e422fe17027cdac418f09337309386a10806b8ee02c8d32713923a8e"",""0x3c97283efec66e1a5ec8437966e087338da20f0aad3723d41d52c67328f7efe4"",""0x4c896b9c75e38294c3a07ab4ccb18852996db2708540195223e428ddf09d38a0"",""0x932383665799c1241f674264478c7dbdc9dbecd0c1d33b2034e91903326669df""]",[],0,0,1,0,0,0,0
bstpstaking315m66488430,valid,,3,1,5,m66488430,100,10,10,"[""0x60642c6a8412d200a3413c5426afef17f3d72d45fadaf5cdde98b783893518ec"",""0x856f01151a1c15aa053c920c11f2f4a193b3ed4250c6ee2ebf77c3390fe0f275"",""0xc83255e7f44f715ea7d2b6da08689900a9b7bb38ef204039561e14dde5e03798"",""0x27f6a02165b673e7008df197e38e096214cfb8e24d4ed54d9d7086bd62eb23c1"",""0x3c4ef3727c5acae7ca4976ecf767571e18ac1b70a4aad2ac4f7b9139bcfc987d"",""0xb43c6ce35bcbd028636a86d54a3e4d2d9700310d2c1c4e090f21eae55ab13250"",""0xb4f591edb7bdc05c11ddf5a0cdbe2eec6415a7603838b88dc2170dd1fe549d4d"",""0x7a913a3ee9a3da44acaae712276a593c843c3e10aba5feef39839618479930ff"",""0x583be8739f7348eae7d436a4b7fd65d377f558993de0c3cda08d0d13b6555568"",""0xbeebf80a34721e08cf85ad88f9d2c2335df2460f4e338285b526fd20fe142680""]","[""0xc3b0696840352e2a25a87160f85c766cba4c6b9424a40ded6b5e2eb28f9215f6"",""0xfc9bec6e17e3d34235748a04c8a772f602b2283e2946d9f68c2ed62bcdd2cd85"",""0x7c40aac49a736517f5c440f9392f1683424054f2ffa6df7c2970a52c11db06ca"",""0xcd09dc92e8736934e461988f29064ea4e49ccc41310e47a797ab8e787536e77d"",""0x92c0efa8758ff02dd06dfd438cd6612b6e3590f9c8b7c0932fd418903855a478"",""0x4f70045f96345b6154f2e63f3fe4b06b6e40108aedcdd3afc6a66ea75fc3da24"",""0xb1d52412675094b54611913899744bda3aa3c67ce51c9e9d61d8a49d9cc84caf"",""0x90ecb607bbb48b913aefe5003509412fcdc1a78708f7390fad1c6953be606038"",""0xffb33d2d1648788432430e96a9706f35a4dcfe30d45dd0e99a1eaf7e59ab6aeb"",""0x6b84de292cb6e3be779d6288c69c6a070bba523a2317a4d294c1616e10f137ed""]",[],0,0,1,0,0,0,0
bstpstaking315m6e7de01e,valid,,3,1,5,m6e7de01e,100,10,10,"[""0xc60c79e5e797d6f2455444ef04d78ddf72d379e5faf1dc1fe6599587e4dac666"",""0xbdfdeabc54c262f88e0fe7f2c43bb9d44af5c15f110a0eb8d7196139816e17e8"",""0xae22b42b16dd2621567cc07e52fd7f8befa027095313680ce0542812619a1fd9"",""0xba0b59354fd829e7f8a55d02ee83289c10626277f4098b15ba083a030fdf845a"",""0x142a296ea400f62094a016b10643f0d922916a4667c378092e78ef1fab5b44cb"",""0xfba61d0944a6a041db25615130d447ae04424e80b60d19b35ac59a364a6bcb11"",""0xc6a97d34bb42db0a2411ee2a04a39e1a349ac46d0facc8d8aba2ac45c1b9eee0"",""0x75b256984572017634dd61c43fc27df18ae3ba5d0619b94d91f62a87f6859ec5"",""0x12ce7eec3d3856eb9a079ddee13a5303fcabc8ac80bba3a37d009967d17d25de"",""0x64ea6d8be7f36c50057c50a1188d463e1fde16d116b56f53959d7c706ff19cf9""]","[""0x7c9cdb9fd07a0e95dd225ef751470ce88b43ad6e9e209b3b95404c7a6849e39b"",""0x353fcfc68b913bba883a1cbe437235257a5567ace334e692406b2239896cc845"",""0xaa8fad824a174e57accf11eb34b23d020d6aa685da1925b1c30a611ffdb95a0e"",""0x3c4ef3727c5acae7ca4976ecf767571e18ac1b70a4aad2ac4f7b9139bcfc987d"",""0xcd6d08f520a5a6aebaa079033393b6393e347445be26d2c107e8d7ee03c8f13c"",""0x281cd26d80e9cd95f098908b641c2534121c033c47795850d88fdab6f04f2af0"",""0xdd364115eefd88d44ddca902abb962bd1038efc911e81847f0d1911029cb83fc"",""0xe2c89165b1663cbef76d4db4aff33d030d5826b8a643a445b8531c288e7745fd"",""0x66dc91c1375c97a345396b765a31f83a172cf55a43b176b21f6e7ca8e695b9fd"",""0xd7531695dcd358a4f56787acbbd65565a09fc63eff941ad49498daeb1ae38f44""]",[],0,0,1,0,0,0,0
bstpstaking315m7dfad905,valid,,3,1,5,m7dfad905,100,10,10,"[""0x9044ec8b60a60d3395a2c0af75805fe9de9ef145617fac65e45690b1df34da2e"",""0x112ee88764a7d60e7dccfa2cfe230182fdbb4c23520658a84077679418d73400"",""0xaef34b8afe208c91dbae6c97ee0833aca5a94e75db707be238d62aa32d1b0d5e"",""0x81e2e7b1be485cc429132e1f38981069e2f63442881a0e05a59ef346a29b23e0"",""0xdffc119e93c9575ae368cbe28f20d89752b1670c3028773426ae3389d13c5d34"",""0xfad01488359d94785d233c0a7bb774ae8944c943ff18a3fbfdf10ea7f697350d"",""0x74218a134b0b165b1006edac690204834d0dd21de24457913c436e577bc30aa2"",""0x07bc3b868e7f0dbc2ed63b76bc32cea7438c29e919b2cb52930a54f9db338cdd"",""0x1c64ad766dfa4fa9d74a4d2ce01848b8d5a7da03dd7621fcc2404e4022284ea2"",""0x5a75ac9917471a04dcc4a6812a11732fea6c4e59c2f0038f3446c81d2bcfa1b2""]","[""0x106ecf713381cc7ee659b224caebb8c2d8402304fcc03cc12f04d9acb19beb31"",""0xfd70d4311b5768c6b6bf7ecd75518b0b26ba2529cb7cf75e450bca9f0d366daa"",""0xe70b739d2c9d746514eb24b9ed0d3b51448a0a5913813a2864aa9be0ec65e691"",""0xa7831feb3b6ce91bfea938682651e70d662f1266659cbce6eaf0526e45512a68"",""0xab461bed3349317736818b1dabb4b0c82cc986f81bc20a4f98abb1cf118525e2"",""0xcd09dc92e8736934e461988f29064ea4e49ccc41310e47a797ab8e787536e77d"",""0x49e5774ab139905928ff21d948254adc70aa28ff5eea2ac796f32b0549b267a3"",""0x6e53ec51854bc45ec72e747b9db61797e1b20b6c0f523a3f2ead783fd267ed91"",""0x9a0ed5a06fb6051d9a659f829e57ea0e382f714cb43d55efaa317c69cfae14ee"",""0x80288ad5dc62d58560df110a3535af497449f9f6f4f71e34500b9f5045943ea7""]",[],0,0,1,0,0,0,0
bstpstaking315m7e72b6a8,valid,,3,1,5,m7e72b6a8,100,10,10,"[""0xe96b96882de88437092598b2e1571a96c1fbfb0f110dc9352f74b9ac645b7c59"",""0x6f3aa452ac3ebe7bbf3dfeeb82157ebf7c8b323920d2d7953d9a52c3b0d0d921"",""0xf1088549bb9564ff6370714437f63b45c2a4fee57e8932f9ba24374e910a770f"",""0x87d1e2119f0d4f2d219cd2176ae90c8876b6fb363d4af742c2973a0e8ac74f62"",""0x602e1931ffd162122bc05dbe6e64b7758e8c18c285a2d97af8df528e7cc1fddc"",""0xbfb50c3557cd2ca160412e98fcfac9a88ca761c1d721df039f4c58ae10fee834"",""0xc8db2125fadc7feba8c17eeedfad52d2ea84404d3a6025828d87db0b6d9039fe"",""0x5c3adac6f5f19b2194ed069469e7bcdf6471e15c1f02f8b32e70f5c3cb2387c0"",""0xabcbe210ad770d33d9d24f0b8e614292c8df6cc28ad6252c46062f7453833270"",""0x55bdf9272673685fbddf8c197de48e0427fa244f52ecffb113164a0915359c7d""]","[""0x9a0ed5a06fb6051d9a659f829e57ea0e382f714cb43d55efaa317c69cfae14ee"",""0x98383544e422fe17027cdac418f09337309386a10806b8ee02c8d32713923a8e"",""0x8945bcc45087a8bfb2e18a5306781be29a69dbac49c73ab68b0d6c56a67bc0f9"",""0xd7531695dcd358a4f56787acbbd65565a09fc63eff941ad49498daeb1ae38f44"",""0x99196e62444c2ecc416618bcc5a3424f9cd5641d6867c8e258507c7d89a4a88c"",""0xe40523cb93f50925b957e5e448d59b64adfad0b41a549e68dd171dd988bc17a5"",""0x4c896b9c75e38294c3a07ab4ccb18852996db2708540195223e428ddf09d38a0"",""0x7c40aac49a736517f5c440f9392f1683424054f2ffa6df7c2970a52c11db06ca"",""0x49e5774ab139905928ff21d948254adc70aa28ff5eea2ac796f32b0549b267a3"",""0xffb33d2d1648788432430e96a9706f35a4dcfe30d45dd0e99a1eaf7e59ab6aeb""]",[],0,0,1,0,0,0,0
bstpstaking315m8051415e,valid,,3,1,5,m8051415e,100,10,10,"[""0x4f70045f96345b6154f2e63f3fe4b06b6e40108aedcdd3afc6a66ea75fc3da24"",""0x8cc4b8cdcb727613f2378e83b1e459ef38061ac468dcb3d02730b17ef2a02673"",""0x29eba7ba49866efd89a8dce8d84688734eb0b4b198d4992b288b36b31540c8dc"",""0x92c0efa8758ff02dd06dfd438cd6612b6e3590f9c8b7c0932fd418903855a478"",""0x80288ad5dc62d58560df110a3535af497449f9f6f4f71e34500b9f5045943ea7"",""0xa7831feb3b6ce91bfea938682651e70d662f1266659cbce6eaf0526e45512a68"",""0x483e0faacc32045385006ac1d42d028b103a2e2e02f320e20037d0d36be54907"",""0xd5568fd406d7db628afa415d58bf5bd06959a92398aa702548e8e04793bedd47"",""0xc5f5c2b6fd2664782fd91f4908a13021636ad6506533d431c44d44b8017caffb"",""0xe9f2e59c99f6702fe18858aed20149e2f0d56c61902abc83ce67a4412e971a06""]","[""0x4f70045f96345b6154f2e63f3fe4b06b6e40108aedcdd3afc6a66ea75fc3da24"",""0x8cc4b8cdcb727613f2378e83b1e459ef38061ac468dcb3d02730b17ef2a02673"",""0x29eba7ba49866efd89a8dce8d84688734eb0b4b198d4992b288b36b31540c8dc"",""0x92c0efa8758ff02dd06dfd438cd6612b6e3590f9c8b7c0932fd418903855a478"",""0x80288ad5dc62d58560df110a3535af497449f9f6f4f71e34500b9f5045943ea7"",""0xa7831feb3b6ce91bfea938682651e70d662f1266659cbce6eaf0526e45512a68"",""0x6b84de292cb6e3be779d6288c69c6a070bba523a2317a4d294c1616e10f137ed"",""0x483e0faacc32045385006ac1d42d028b103a2e2e02f320e20037d0d36be54907"",""0xcfdc62eb5da1c0cc9f61c08540ca22833a6530d40de956ae254be5b1e0b59d74"",""0xd5568fd406d7db628afa415d58bf5bd06959a92398aa702548e8e04793bedd47""]","[""0x4f70045f96345b6154f2e63f3fe4b06b6e40108aedcdd3afc6a66ea75fc3da24"",""0x8cc4b8cdcb727613f2378e83b1e459ef38061ac468dcb3d02730b17ef2a02673"",""0x29eba7ba49866efd89a8dce8d84688734eb0b4b198d4992b288b36b31540c8dc"",""0x92c0efa8758ff02dd06dfd438cd6612b6e3590f9c8b7c0932fd418903855a478"",""0x80288ad5dc62d58560df110a3535af497449f9f6f4f71e34500b9f5045943ea7"",""0xa7831feb3b6ce91bfea938682651e70d662f1266659cbce6eaf0526e45512a68"",""0x483e0faacc32045385006ac1d42d028b103a2e2e02f320e20037d0d36be54907"",""0xd5568fd406d7db628afa415d58bf5bd06959a92398aa702548e8e04793bedd47""]",0,0,1,0,0,0,0.8
bstpstaking315m810b37d6,valid,,3,1,5,m810b37d6,100,10,10,"[""0x41793894a0d16ab866093eec09eea8e7dab983a21984133e6365eee212f3a9c7"",""0xdf6795024f67646d7007778da79df9112f1348c89c7750db89048817d111b882"",""0x4d1f4a08e41ec3ab3f41e9b6ce588f83f7098005d794d67b1ae234c07ff52acb"",""0xd4eac3d16c253064095f2c707ed4da3a8291a87c7e233c60ebe1ca928b00e3de"",""0x90ec308e5f27e658dcb24f5b56022e2ce4a1b440d8aab143a10c27f074dcc83a"",""0xec59f54db26a024d642401f1ef68f3ac2180b41953b56c25807eaae167b0a6df"",""0xc9b2f19276ceac31156bb7e3ef907fa8c3d78b4982623c49806cfd87f9ba67b8"",""0xcd12bf17f386865a3f9a5d9a668dca6756eaa22f8f9e5da21f20b5cd6b87f4e4"",""0xb834b4418a794f8eb79c740b34689b68d4b943383fc2c5cf2ea422584e8a98cd"",""0x62092d9e50b6b794a62abbb9717c991fffe7287001156cdd7a04aeb52db58401""]","[""0x14d09a4d420ae8a7492d23eb1beacf31a514ddd9765719262cf2a750248f046e"",""0xedb061d6c685949f3e6f6b2fbc31238ae6ee3c1a2760e056b5c3e5e2304df8af"",""0xd7531695dcd358a4f56787acbbd65565a09fc63eff941ad49498daeb1ae38f44"",""0x6e2ec90f7c36a36b5344a2aac6038ddc9c3860de12975f71142181a7a81c8609"",""0xdd364115eefd88d44ddca902abb962bd1038efc911e81847f0d1911029cb83fc"",""0x68fb332560fdf6ea1d74d8c4bfc3ff952f79df911ac17e478862c0aa1c736db3"",""0x37890a125406e5e42ba213b40b55685bc6c328fc0106903b123b70d8312c1000"",""0x69f76a6458130c9ded5a13a31db3715ca829f4a679d617f3e492b9116677d10c"",""0xd315b8c83a9e2edb719d67cf2cc732391e7c9d9fa55ab87f926ee4c7046a8578"",""0xdabbd1bf365dd83a0175d5e359d11f8d109116b0745646ef8d2c6a2efcf851df""]",[],0,0,1,0,0,0,0
bstpstaking315m9189f677,valid,,3,1,5,m9189f677,100,10,10,"[""0x9cdac732bd194ec563b0f797f75b9244b195730a163ccec1a5cd5f36ff3d5445"",""0x9a9a1f540231314765f22b4ad86a0b2842a2921a590b03274049bac3b2643245"",""0x24f9218adf79c104bedfedf7890d4204b575153662d2926a63eaf682f636b496"",""0x548a6d0e11a56a2f3c816358d5a6d33f238307fda325329c3fef19c266a0ad45"",""0x7dff03e9151eef7673af7ed88117e897aded4bee06eefc9219e8f5627d78ada3"",""0x3db5fadb8b304a184cea2758d436991de39106bcc1625ad9c7f8dcf4d3135631"",""0xaf3a216d8e710a9f3110a955d0417ee71bfea76b036886a6eca8f5b7fa1bf1ae"",""0x501f612f3a02793486c5e69a601f06b1f7bf9eeec98c8d8a53e04ec21fbe35ad"",""0x38dd2d254f28282266a3fc35233ab395f48564e844c2ca78c59f73d4a6a404a4"",""0xe389da29b8df52558d91258e0834724376e07f155489fcdf8928677900b4fd98""]","[""0xcd09dc92e8736934e461988f29064ea4e49ccc41310e47a797ab8e787536e77d"",""0x8a5fc9c813f0cbb1fbb3c86b71678b733f90197cd9b0fec7ef5b2e74d2827527"",""0x483e0faacc32045385006ac1d42d028b103a2e2e02f320e20037d0d36be54907"",""0xb6956c09b733a91561395f6f106aa19a23a1df4c453562ff602fdc30b0b773ad"",""0xb7eba087f5cc24fe2d08675f1cd5a26ebf3fd48642175807fccde9db3ffb3752"",""0xab461bed3349317736818b1dabb4b0c82cc986f81bc20a4f98abb1cf118525e2"",""0x682175835b69fee8ca4e1000194ccf6067372d31c29aa0c1fb86d118274fe35f"",""0xfc9bec6e17e3d34235748a04c8a772f602b2283e2946d9f68c2ed62bcdd2cd85"",""0x98383544e422fe17027cdac418f09337309386a10806b8ee02c8d32713923a8e"",""0xe40523cb93f50925b957e5e448d59b64adfad0b41a549e68dd171dd988bc17a5""]",[],0,0,1,0,0,0,0
bstpstaking315m970360f4,valid,,3,1,5,m970360f4,100,10,10,"[""0x04e631257af2cf26e527e146f4e090feae7f8ba273f0574dcd62a46da5b5fb8c"",""0x5bbc9d2413d5740c9cce8b34acbdb04e9c122cff7ece31c0620bfd2b7e0e1b86"",""0xa81cb00815bbbd6922c16bc3bb033577aa2431580aea7e7e13aca944c2233272"",""0x8096cab0100aa02898585587d038ed875c585da73c52072d6a842c5b96bac202"",""0x59dd41a31be217e451080c6bed4bc1592897fe4d90fa0d98570d876c6d76e70d"",""0x3fa2ea8f79b0524a3c5e834a216d005b6653291abad1f4cd5704c375512864c8"",""0xffc71158a1713cadd9222700d20f0c30f7bc8dd2bb13d82c09a45f991a58c201"",""0x241145b169eb7335c6c3a55c542c7857ebbbe2cbe47e2bc2a4f72062e1ba800b"",""0xb4f591edb7bdc05c11ddf5a0cdbe2eec6415a7603838b88dc2170dd1fe549d4d"",""0xacade21a434a57144bd3956aed7da5a71b141312177364d8a089d2aa799931d5""]","[""0x14d09a4d420ae8a7492d23eb1beacf31a514ddd9765719262cf2a750248f046e"",""0xae105f7f87da768b512fdfdb98a0fbf6131d1571893bb99b9a0ab477ff1702c2"",""0x281cd26d80e9cd95f098908b641c2534121c033c47795850d88fdab6f04f2af0"",""0xfd6b6381e462eb69a90451498acc82533df2612f7e00141667dbce964caa982e"",""0x68fb332560fdf6ea1d74d8c4bfc3ff952f79df911ac17e478862c0aa1c736db3"",""0x8e6ed61f936c34115ed64b52efb53b493d279f72a1ed2c1dde342f98dfc9178d"",""0xea69777677b59561b3782267ef6a65d6e0f38e1fea58f1ece52358972347edb0"",""0xe5da0f8dfb6b491adb9c38f755f10e08bd498ab5979036394be3930984053206"",""0x1721fbf3311a57adcac4eb75a9690451077fc079b0d94e4fa9d5a75bfb95e9c2"",""0x37890a125406e5e42ba213b40b55685bc6c328fc0106903b123b70d8312c1000""]",[],0,0,1,0,0,0,0
bstpstaking315m98d7930e,valid,,3,1,5,m98d7930e,100,10,10,"[""0x0ffd9d2614b9f671d46f72c34ea5196599288b5dfa0300fc530a0648ae15637f"",""0x501f612f3a02793486c5e69a601f06b1f7bf9eeec98c8d8a53e04ec21fbe35ad"",""0x1393e94f34761ba344117a1cf1bc70b40119c5cdbab5b1f26f7c7a2c82c28d15"",""0x9ca8626b06776b02e555a4f9fddc2f560f5fb18faa29eb0aea0f867af8064608"",""0xb43c6ce35bcbd028636a86d54a3e4d2d9700310d2c1c4e090f21eae55ab13250"",""0x86c6e7b66f68adadbcf6ec4374bfb36e1cbc31646a79d8f828aa935f57ea3e80"",""0xd9293176125197a9a57c96e218d75ac08e0c348ad50e0183dc488660b8f11ba2"",""0xb4f591edb7bdc05c11ddf5a0cdbe2eec6415a7603838b88dc2170dd1fe549d4d"",""0x24fcc735cd0bee2ac1ad9ec75e5a1c81e12a38053fe89632819b115d328df730"",""0x923475a1d81fd1918dba148a2405217dbd976ec1e81289c526b085348aae0970""]","[""0x98383544e422fe17027cdac418f09337309386a10806b8ee02c8d32713923a8e"",""0x856f01151a1c15aa053c920c11f2f4a193b3ed4250c6ee2ebf77c3390fe0f275"",""0x8945bcc45087a8bfb2e18a5306781be29a69dbac49c73ab68b0d6c56a67bc0f9"",""0x8cc4b8cdcb727613f2378e83b1e459ef38061ac468dcb3d02730b17ef2a02673"",""0x1ebfa3f4b31da950a10ba4155a5675fdf5fb3ac42fe3f076668cfe359788f601"",""0xe70b739d2c9d746514eb24b9ed0d3b51448a0a5913813a2864aa9be0ec65e691"",""0x90ecb607bbb48b913aefe5003509412fcdc1a78708f7390fad1c6953be606038"",""0xab461bed3349317736818b1dabb4b0c82cc986f81bc20a4f98abb1cf118525e2"",""0xb1d52412675094b54611913899744bda3aa3c67ce51c9e9d61d8a49d9cc84caf"",""0x281cd26d80e9cd95f098908b641c2534121c033c47795850d88fdab6f04f2af0""]",[],0,0,1,0,0,0,0
bstpstaking315ma6f1fda3,valid,,3,1,5,ma6f1fda3,100,10,10,"[""0xd257dc770c415592299517bc82b40679bb383ced71452defe7745bf564d0c2a3"",""0x801f16125e60466870bea2bd21d992cd2162aa6eaa6732cb4ab61cce175e63fd"",""0x9add7bcde80edf6ee8f3a7cde3b47a7ea9aabddab95768e68fd0c1094aaa971f"",""0x91228fedec91d7b7710c887ce59017eb13339f6fed3313bf575f6b35bc92b7b3"",""0x45e045f6dae82d4b11d7eba533f903748cc6d452ab8dc62562fe47f2d65e6452"",""0x10fb69a224c6ae79eb937c28802cb04b14cc118d73e9ebbc0b8551c4ffe55127"",""0xa9449e5c0c88343551b43804fa44f6fc11c58d402578a7950cfc30ea20bdb398"",""0xc9934edef10f228ceae43f18632ddd98051ed4be2403be15d14f2186731c579d"",""0x8b9b49c95857064d78640a9f09aa0597b559aa12aea9c914e21ece60fa907c72"",""0xabcbe210ad770d33d9d24f0b8e614292c8df6cc28ad6252c46062f7453833270""]","[""0xcc5a3914b6cc401b98a202e8075b56eb77670a1140412c79b48b965bce6e05f2"",""0x90ecb607bbb48b913aefe5003509412fcdc1a78708f7390fad1c6953be606038"",""0x6940f8c3529787bcfbcbf21fa64207221930bb64f69f1727136674443bba43aa"",""0x4c896b9c75e38294c3a07ab4ccb18852996db2708540195223e428ddf09d38a0"",""0x01829fcc6d779d94ee869f97379c6516562dc7f8b74938742ffefe6b09b93fbc"",""0x106ecf713381cc7ee659b224caebb8c2d8402304fcc03cc12f04d9acb19beb31"",""0x429b49322f39406d28f591c75e8222ecd51db05a599ec5d128466346627eb705"",""0x5b677b1ca640fe2fa90ccb13036a107a5177af4f0b0bd5ed853ac029e427d019"",""0x1ebfa3f4b31da950a10ba4155a5675fdf5fb3ac42fe3f076668cfe359788f601"",""0xdf845dfbd70267c5c523805713303d6f4b7b91d97219e28f0508b46315e5e0e2""]",[],0,0,1,0,0,0,0
bstpstaking315maea74e52,valid,,3,1,5,maea74e52,100,10,10,"[""0x6431631b00c2ba8f2d8847df43032fe70881beb36975effa3d2edbc19c9e21af"",""0xfd32dc7961b7334150c729bdb4be13d9b79a92caeadfeb56fb36c7a1a9614b1f"",""0xd0d6acf0ea9225cf1664eabfa9f1647612c3663584cfe349cf51e95eba459600"",""0x7416606c9ce067f5dc0b9735cba4bac05f4139205ff9898b79bea216ddf99707"",""0x1918adf3227df9b5193c0b7b4da736ec1b7efaf27afa304310633e95182d1017"",""0xb8327b2ce36b4cdb40b7e742c7d741f065cfadfe1be6432087d30bf6725f9b36"",""0xc55affca1215c084bf128ba0988f72307688e82dad27f78deb20fcd099ee6cfd"",""0x041b9edad95636f2a53a4ee4fd1278cf333f002bf19946abb6359f5d994ae47c"",""0x540717136470dc01afdfcbbdd377b3822ac7596c990ed0b9c42a6f4d46148fc7"",""0xbee453f5d96064792d5d274651337d2834fc19206abee5a4f56ea91b25db7d97""]","[""0x8d357dcd4a7c14d4a0f33a6d36f83ab30a8caad65d222d503f46d94d277f7c24"",""0x01829fcc6d779d94ee869f97379c6516562dc7f8b74938742ffefe6b09b93fbc"",""0x281cd26d80e9cd95f098908b641c2534121c033c47795850d88fdab6f04f2af0"",""0x262e2e527250bfc9fea90edce78f93b95ce16f345766eb2534ba2fb39906d951"",""0x119bb5b05d026a441a51d331d2e813d4a51e2ca676f9919b728dde31c94dc798"",""0xdabbd1bf365dd83a0175d5e359d11f8d109116b0745646ef8d2c6a2efcf851df"",""0xe2c89165b1663cbef76d4db4aff33d030d5826b8a643a445b8531c288e7745fd"",""0x3c4ef3727c5acae7ca4976ecf767571e18ac1b70a4aad2ac4f7b9139bcfc987d"",""0x55502bafc57a57cf79cf670fefef3504cf632e5de82803db33a8e4d8337b211c"",""0xedb061d6c685949f3e6f6b2fbc31238ae6ee3c1a2760e056b5c3e5e2304df8af""]",[],0,0,1,0,0,0,0
bstpstaking315mb0c003cd,valid,,3,1,5,mb0c003cd,100,10,10,"[""0x52e6981cdc7690708196a2452e58c48a66de6719cffdd094b86212146c778821"",""0xd9226ddc17c12cede4910a5995bdff0cc02c9a890e73d382c94f398249707365"",""0x6e94b37ffe1a8b9ca39974ef80b08282997c8c20c23ab1e14ab2db3f08199592"",""0xbcca131bc9b4d287bd3853b4df1598d4e2510b0c0ef1740555971e23ad7ff7de"",""0x8a9173684d87d36411c9b5acc3470ca5ad76f5de019254b71197b883b5814c66"",""0xb404e4956646ad71cd9f224c110336917a24a2d2c50fbfd2b6d1a52d5e614c04"",""0xca2954a71dae114a6edf20d5a0da9ebc717daf3a64133426b61c555f63c19de5"",""0xdc8c6cf538e7a345f69aad6cd3c784a99be8105df36a56b420b66518ab8cb42b"",""0x2a8cbe40255226321161cc59e4cb592f6e1cee8d164fa0d3a3c1320b5c200211"",""0xc2ffac38150fc2e08a11fe55ee74c9abd7af09e9ed476faaf590e2cc957e47d9""]","[""0xcd09dc92e8736934e461988f29064ea4e49ccc41310e47a797ab8e787536e77d"",""0x8a5fc9c813f0cbb1fbb3c86b71678b733f90197cd9b0fec7ef5b2e74d2827527"",""0xc3b0696840352e2a25a87160f85c766cba4c6b9424a40ded6b5e2eb28f9215f6"",""0x2c6db858294994968533795d44c86dc8f050d3652066b8ceadf9d3b73dc7d902"",""0x3c97283efec66e1a5ec8437966e087338da20f0aad3723d41d52c67328f7efe4"",""0xab461bed3349317736818b1dabb4b0c82cc986f81bc20a4f98abb1cf118525e2"",""0xb6956c09b733a91561395f6f106aa19a23a1df4c453562ff602fdc30b0b773ad"",""0xcfdc62eb5da1c0cc9f61c08540ca22833a6530d40de956ae254be5b1e0b59d74"",""0x483e0faacc32045385006ac1d42d028b103a2e2e02f320e20037d0d36be54907"",""0x49e5774ab139905928ff21d948254adc70aa28ff5eea2ac796f32b0549b267a3""]",[],0,0,1,0,0,0,0
bstpstaking315mb38d99c5,valid,,3,1,5,mb38d99c5,100,10,10,"[""0xbb11b6e5a0db547605f0dcc18ec8e0c861054ce15ac7edf459810a5f353ee7e3"",""0x35d2f8d11a6e38e76da124815e227cccd7ade4d1cb08290de127e8ead973b6f9"",""0x27488e31cd75f9efaf7f7e36eef37bcb227279dd4432f04f99c9e52bd8f79e5b"",""0xaef34b8afe208c91dbae6c97ee0833aca5a94e75db707be238d62aa32d1b0d5e"",""0x865c976806d7a7899b2badf63532946046fdb07c416585596b4fcb30808334c1"",""0x5a0edccc572b6b6235885e1c180c7ca034eb52368f2c645a5620b3c4a395b883"",""0x9cdac732bd194ec563b0f797f75b9244b195730a163ccec1a5cd5f36ff3d5445"",""0xbeebf80a34721e08cf85ad88f9d2c2335df2460f4e338285b526fd20fe142680"",""0x44f14728d1ed43ac81a622079f50a95594e2238611c5ecc35443a0feae67d63a"",""0x9a4be9de33fb960c10f7670f7563ab12076e72dbd501857ee00f4ca0ba73fd8d""]","[""0x8e6ed61f936c34115ed64b52efb53b493d279f72a1ed2c1dde342f98dfc9178d"",""0xadc1a837b5429a817612fe145787358ffe8831a2e75dee3a3338a31d486fb05f"",""0x000ceb98a30a9f0375fd46d151e4f2f8d830751c2983f14a1c6f0144f80b3198"",""0x8d357dcd4a7c14d4a0f33a6d36f83ab30a8caad65d222d503f46d94d277f7c24"",""0xe5da0f8dfb6b491adb9c38f755f10e08bd498ab5979036394be3930984053206"",""0xdabbd1bf365dd83a0175d5e359d11f8d109116b0745646ef8d2c6a2efcf851df"",""0x06442c0ccc9ab367282f06426924517e0a49c25e50a492ad91aecc55b655f458"",""0xaa8fad824a174e57accf11eb34b23d020d6aa685da1925b1c30a611ffdb95a0e"",""0x12c0e8caa1bce7d499cbbbc665fbb364c09cd2977856fe2bf0027b9c600b9022"",""0xf5162966dbd2c8c3b2195e7ee9c5e46a8dd1715287d079a5b92d312ca24045cd""]",[],0,0,1,0,0,0,0
bstpstaking315mb8cbcc16,valid,,3,1,5,mb8cbcc16,100,10,10,"[""0x1b3b8b12b7bf9b1d8821bfc98cabc8effd4c5f2aea25c8291e662bffe19f088d"",""0x84eaafb321f85ae5858030e14636ff83a58487675af1c0aadeca9e2983a2b66c"",""0x4cffc34430b17b49e9b079755533f7c6f4c31c95081f1c8e25908e84334ed0b3"",""0xc1f72dd56f9590b9d8bcbd4d9a61b6206009f7a628bb86c28b5b50a85ae0b0de"",""0x0f7111fd4af91016f6e6efa1dbc92c6aeb75dff18e99a22095079448fc73483e"",""0x44f14728d1ed43ac81a622079f50a95594e2238611c5ecc35443a0feae67d63a"",""0xeb6b200cf3c7e640170f8ac65406c3cfbd44bc2b39ef24f1efcede0cb21d2edb"",""0x7161ca186e53e39022059dbe35524ebb446059fdbf1aef1d952fc1b5a53353e4"",""0x8e531f2c705ff1e4001e9531793fa0696dbdf89a51837197b92e8f7bdc25c31c"",""0x931d89ef4e05852e1e1e1cc41e2cc0f4d1f62a107dd03105fc4c95888c92c422""]","[""0x1cde8373a779839f2b591a11cac079df0f1eb3fb272188f9ceccb1dee8ec102f"",""0xb65630e7129a1fecafdca9eb7dbe53130a12b5d3e2e984bbf9c9a5399c6cc30f"",""0x230550ee2f183f79fbee87b09e6157a7bfd65abfefa14a749660749b7fa0d6b4"",""0x39700501189242fe3b7185fd03a5cace111de24b0c6b66471be82d30bc72ec27"",""0x7634f8326375f99ebfd7a8b203b7442a56b18cf7dc73f6238abd4122e8090b86"",""0xae105f7f87da768b512fdfdb98a0fbf6131d1571893bb99b9a0ab477ff1702c2"",""0xb3788db79f3ad700a3cc134a27acbcec7a0a587ffbcdf5927faa24e5c362d493"",""0x60642c6a8412d200a3413c5426afef17f3d72d45fadaf5cdde98b783893518ec"",""0x856f01151a1c15aa053c920c11f2f4a193b3ed4250c6ee2ebf77c3390fe0f275"",""0x6d5bfd47046b2e223b0c83d8c0d4e2ad42a064232926ed904efe73cb5d8f2133""]",[],0,0,1,0,0,0,0
bstpstaking315mc5ae52b7,valid,,3,1,5,mc5ae52b7,100,10,10,"[""0x2dc60ac98b1f184a836c234aa2097366ddd6ba1cad8a90c4624398fd79e60070"",""0x541ebb059060ff7f73374199ff51e8281c4dc5942c5c541867b4f25621486dc9"",""0xf06d08186fc20a8ad1c9302fb2ec4daa81ff87d7dc46799427e1c52d6bb1e6d3"",""0xd86edee3887482aaa87bf056e6c0699a0ead02b8267c06b9514d0a31ad11a63c"",""0x755f498882ef3868c8327685feb4d14ddc05dfec9746206c5671c827bbcd63f2"",""0x281cd26d80e9cd95f098908b641c2534121c033c47795850d88fdab6f04f2af0"",""0xed4ce8f99e69760136906172411940729a5d9cd25120d1614b3184f5a3f893ad"",""0x8e6ed61f936c34115ed64b52efb53b493d279f72a1ed2c1dde342f98dfc9178d"",""0x9e0da734ac698839867f24f01f39a1c1a691bb407aced6c825edb67584cdc37d"",""0xf24fbb601ec361af04627941650f3d681d624eeabd32fbfdc2567073bc3160cc""]","[""0x3c4ef3727c5acae7ca4976ecf767571e18ac1b70a4aad2ac4f7b9139bcfc987d"",""0x6e2ec90f7c36a36b5344a2aac6038ddc9c3860de12975f71142181a7a81c8609"",""0x12c0e8caa1bce7d499cbbbc665fbb364c09cd2977856fe2bf0027b9c600b9022"",""0xea69777677b59561b3782267ef6a65d6e0f38e1fea58f1ece52358972347edb0"",""0xb65630e7129a1fecafdca9eb7dbe53130a12b5d3e2e984bbf9c9a5399c6cc30f"",""0x39700501189242fe3b7185fd03a5cace111de24b0c6b66471be82d30bc72ec27"",""0x9920c06a362172692e96bab008e569caa257aaec2c8f130f3564a55f2f52357b"",""0x1fd6cd46a30ebaf43fddfe1aa0f8499987a4d3e3a687e3b577d2d1f1bf4d9e77"",""0x1721fbf3311a57adcac4eb75a9690451077fc079b0d94e4fa9d5a75bfb95e9c2"",""0x08c294941588d570c4ae95ce5aaf4a1592f278bd19029a2851efff2d86015692""]",[],0,0,1,0,0,0,0
bstpstaking315mce4af4f6,valid,,3,1,5,mce4af4f6,100,10,10,"[""0x16ce498ca01ca0ceb8f3414bf534752c6788bd73b78139628534c4880e7d0c84"",""0x2c901a1e69bd055532c177d57d97657c1ee45446cdc9b2ce5916eda2a5c7011a"",""0x9d71c1950fb2485a93785f76560ffd25d298604f8c24f57aa61b276f1d333d1a"",""0xa9c448c7a7835713d38a44618a6c60c5d105b59bf4053e67c7988ff0e8297f1c"",""0x5290542e3d2cbc736ed1fbb7348402f7e1765f05ce29020f9f6b41f48c8ed0a7"",""0x1b90e8c58b04a10a353804eecc214bf40469c2a11062b2059f131c9b502fd828"",""0x7dff03e9151eef7673af7ed88117e897aded4bee06eefc9219e8f5627d78ada3"",""0x866a207e0e7751fb45198e1e853d3070816125aac2451c73c2c41fc3742cc206"",""0x272e149a70bc0896c48886227c553446aad58de29d8305c185e44aece09d51c7"",""0x9a8e16bba5af5ac308ef348566b9c36d37beb2578b968a5d48629e2faf4f4f23""]","[""0x0d6652a8c9d9575f5254120f3b037a86104172ca1dd77b5b55be2da39daf1385"",""0xb759e3960a93ef78e32f4847b58dbc6b1c22efd6d9ccaa3b1a84911e6a288afa"",""0xf5162966dbd2c8c3b2195e7ee9c5e46a8dd1715287d079a5b92d312ca24045cd"",""0x3c4ef3727c5acae7ca4976ecf767571e18ac1b70a4aad2ac4f7b9139bcfc987d"",""0xea69777677b59561b3782267ef6a65d6e0f38e1fea58f1ece52358972347edb0"",""0x73d6c0efd0550ca38510ec910998f28c5f57de699ed4f4eab13ed86d90fb6b07"",""0x856f01151a1c15aa053c920c11f2f4a193b3ed4250c6ee2ebf77c3390fe0f275"",""0xfd6b6381e462eb69a90451498acc82533df2612f7e00141667dbce964caa982e"",""0x60642c6a8412d200a3413c5426afef17f3d72d45fadaf5cdde98b783893518ec"",""0x80ae3a3d46a5bfbf5f0adaf5d83aa1064814c65038e92093a16ea8304bd00bd3""]",[],0,0,1,0,0,0,0
bstpstaking315mdd189b64,valid,,3,1,5,mdd189b64,100,10,10,"[""0x7205e44f2da28418e4b9a06fda81562515ebe20bc0034e8f7af070ae01bbba2f"",""0x727b5b0da5bf5cb142a5c96a8c4a9f915506acbf4ca83ccc5e6f1887460da162"",""0x1bad7b3f97214623f61744998029c7e6710215b707afe04c964f4b4181580fa0"",""0xad52047208babba64a1445390e0525bd6ba0e5cf5863c5d3b71f382666217a67"",""0x691fe9cb6679f6e5e755b07d2653e4f0fb5b0dcaaa0d66e644d3d2da47390457"",""0x9044ec8b60a60d3395a2c0af75805fe9de9ef145617fac65e45690b1df34da2e"",""0x5d24ef9fdd6b7687a232395fb182bf20f150ee43f1daf68ddf83a6d87e10f182"",""0x9a9a1f540231314765f22b4ad86a0b2842a2921a590b03274049bac3b2643245"",""0x370e52ad6604a397814776a59e7be59b067827b04a261ded2c14100b1109386f"",""0x29ef521de175a6782a24f8bdf3a79f84a730b6a0d6b088f7bbbdb14f76bbd6b5""]","[""0x0d6652a8c9d9575f5254120f3b037a86104172ca1dd77b5b55be2da39daf1385"",""0x8e6ed61f936c34115ed64b52efb53b493d279f72a1ed2c1dde342f98dfc9178d"",""0x505f78474c398814eb0ba0cc3c08f6129e12bf16431876853283a43beac9d141"",""0xdabbd1bf365dd83a0175d5e359d11f8d109116b0745646ef8d2c6a2efcf851df"",""0xcd6d08f520a5a6aebaa079033393b6393e347445be26d2c107e8d7ee03c8f13c"",""0x70466edbeed113ce8a8435ffd9f8208b8c3f50b2cf38281af86584c766a4310f"",""0x737e933cd67a89d2c13038c499d7d71518a56e6b95bc97e9056a59b45c072c99"",""0x37890a125406e5e42ba213b40b55685bc6c328fc0106903b123b70d8312c1000"",""0x1721fbf3311a57adcac4eb75a9690451077fc079b0d94e4fa9d5a75bfb95e9c2"",""0xaa8fad824a174e57accf11eb34b23d020d6aa685da1925b1c30a611ffdb95a0e""]",[],0,0,1,0,0,0,0
bstpstaking315me8bc7185,valid,,3,1,5,me8bc7185,100,10,10,"[""0x8e6ed61f936c34115ed64b52efb53b493d279f72a1ed2c1dde342f98dfc9178d"",""0x1b90e8c58b04a10a353804eecc214bf40469c2a11062b2059f131c9b502fd828"",""0xd0ef1311a7bc7afe36cdc5db820548623dd40930026f91ae9fdfe8f40d3a3a03"",""0x6d0452f7df82d5b437dd5e1f079643e3bc50f36a39748c773e90cff5e464639c"",""0xd4eac3d16c253064095f2c707ed4da3a8291a87c7e233c60ebe1ca928b00e3de"",""0x5b677b1ca640fe2fa90ccb13036a107a5177af4f0b0bd5ed853ac029e427d019"",""0x0b2483892aea9e5e68d3f851c55add32889eea48c64a22756bb388ad2aef3fc2"",""0xb498b69cb149bbbc2841525f505d792c9fa0a214ce16e0b3ae793c6826e21fc3"",""0x8d357dcd4a7c14d4a0f33a6d36f83ab30a8caad65d222d503f46d94d277f7c24"",""0x230550ee2f183f79fbee87b09e6157a7bfd65abfefa14a749660749b7fa0d6b4""]","[""0x5b677b1ca640fe2fa90ccb13036a107a5177af4f0b0bd5ed853ac029e427d019"",""0x3c97283efec66e1a5ec8437966e087338da20f0aad3723d41d52c67328f7efe4"",""0x49e5774ab139905928ff21d948254adc70aa28ff5eea2ac796f32b0549b267a3"",""0x6e53ec51854bc45ec72e747b9db61797e1b20b6c0f523a3f2ead783fd267ed91"",""0xa7831feb3b6ce91bfea938682651e70d662f1266659cbce6eaf0526e45512a68"",""0x167a4d5214f28e5714dbe0ef582ab78f31d676888df89fd1380e7d60c6455530"",""0x90ecb607bbb48b913aefe5003509412fcdc1a78708f7390fad1c6953be606038"",""0xcfdc62eb5da1c0cc9f61c08540ca22833a6530d40de956ae254be5b1e0b59d74"",""0xfc9bec6e17e3d34235748a04c8a772f602b2283e2946d9f68c2ed62bcdd2cd85"",""0xc242c986f95f7cb745f870b1e292c03f57e59c36e809d37eb00cc8d235b22c5a""]","[""0x5b677b1ca640fe2fa90ccb13036a107a5177af4f0b0bd5ed853ac029e427d019""]",0,0,1,0,0,0,0.1
bstpstaking315mec0952f1,valid,,3,1,5,mec0952f1,100,10,10,"[""0x24fcc735cd0bee2ac1ad9ec75e5a1c81e12a38053fe89632819b115d328df730"",""0x5ade0679220e0f40f72e7f5aac15c72bdc82876c2fb569f33d4977fe61056c60"",""0x0509733ba8ebe749d4973e56efcec5aae113b66a6d4fce29032ed1894a3ed383"",""0x362749b5b2666d4058ea11e8a23dad81d0e38ac085956936947ba1da2e7db683"",""0x22e66d49ae946f4aed0979ee5e051fc91dc17422a576e7ea6fa3c724755f9864"",""0x7dff03e9151eef7673af7ed88117e897aded4bee06eefc9219e8f5627d78ada3"",""0xcb26d6e3a16afa1ed451a1d7394a01df6edaa227a6a3e751727838a4e94fad0a"",""0xa2965330bf5fbd6c27eaad0b81b779fdc39cf3508bf732174dca6007ce7c8c71"",""0x1b649a7aa61f0f4f90c5d38308be295917139e516ee0c572790036b6519d0304"",""0xcdf34f2b9f837c39f32598ff16c22c3f48005335274a8fbf879a3c5d8b517479""]","[""0x119bb5b05d026a441a51d331d2e813d4a51e2ca676f9919b728dde31c94dc798"",""0xdd364115eefd88d44ddca902abb962bd1038efc911e81847f0d1911029cb83fc"",""0x281cd26d80e9cd95f098908b641c2534121c033c47795850d88fdab6f04f2af0"",""0xdabbd1bf365dd83a0175d5e359d11f8d109116b0745646ef8d2c6a2efcf851df"",""0xbf11d678dcdece15f7824e21c504ec11500448bd6eb50749dea8bda81bf85a81"",""0xf5162966dbd2c8c3b2195e7ee9c5e46a8dd1715287d079a5b92d312ca24045cd"",""0x27f6a02165b673e7008df197e38e096214cfb8e24d4ed54d9d7086bd62eb23c1"",""0x68fb332560fdf6ea1d74d8c4bfc3ff952f79df911ac17e478862c0aa1c736db3"",""0x262e2e527250bfc9fea90edce78f93b95ce16f345766eb2534ba2fb39906d951"",""0x01829fcc6d779d94ee869f97379c6516562dc7f8b74938742ffefe6b09b93fbc""]",[],0,0,1,0,0,0,0
bstpstaking315mfadd38bd,valid,,3,1,5,mfadd38bd,100,10,10,"[""0x82a5782f4a55d9b42340a3ac49763d17d9e10bc309fb5fd4b22c692eb81bbd0b"",""0x2a5e9e6e199af9dda0cf0bd0b7b9e876990d5a3dcbb40d8d68e4ab8af4654982"",""0x791cd3e9455149ff95b60dc7816de7c771536ee75d30c96b05f1e4d4f165041a"",""0x4102473d47b1f78e0c5a22bba1976a9217976ee04e780ac136bcebd143f6d9fe"",""0x65acbe1add3c39a86addad157454b8947c2cc03a33d337dc0527903377a90c12"",""0x0c17b5a976468ccc4ea9cf0f7d46ba89e7ad868fc115e4b85910a7720a1d135c"",""0x272e149a70bc0896c48886227c553446aad58de29d8305c185e44aece09d51c7"",""0xfa8f24d7923fe397b938ce0ee908b615c6bf12bb17b234f970f598a74b5a5da8"",""0x26f1e1f52cf3cf53407904cdd84193991b53f54f11b9c9e74f6a001988056642"",""0x9c12aef7b9438590788d64d828b26beff837607acd03aa1ee246e55767efe07d""]","[""0x71a93113087b01233d6a75b25863b56cc2d4ca947f24a3540208f7d1f5e5efbf"",""0xfd6b6381e462eb69a90451498acc82533df2612f7e00141667dbce964caa982e"",""0x505f78474c398814eb0ba0cc3c08f6129e12bf16431876853283a43beac9d141"",""0x3c4ef3727c5acae7ca4976ecf767571e18ac1b70a4aad2ac4f7b9139bcfc987d"",""0x60642c6a8412d200a3413c5426afef17f3d72d45fadaf5cdde98b783893518ec"",""0x1fd6cd46a30ebaf43fddfe1aa0f8499987a4d3e3a687e3b577d2d1f1bf4d9e77"",""0x429b49322f39406d28f591c75e8222ecd51db05a599ec5d128466346627eb705"",""0xae105f7f87da768b512fdfdb98a0fbf6131d1571893bb99b9a0ab477ff1702c2"",""0x353fcfc68b913bba883a1cbe437235257a5567ace334e692406b2239896cc845"",""0x7c9cdb9fd07a0e95dd225ef751470ce88b43ad6e9e209b3b95404c7a6849e39b""]",[],0,0,1,0,0,0,0