responseKey,responseStatus,responseTags,presetId,sampleId,repetitionId,mutantHash,n,k,j,selectedHashes,killersInCandidates,killers,FE,HR,GR,UR,OR,RR,KR
bstpstaking511m02a43993,valid,,5,1,1,m02a43993,100,10,10,"[""0xb1d52412675094b54611913899744bda3aa3c67ce51c9e9d61d8a49d9cc84caf"",""0x92c0efa8758ff02dd06dfd438cd6612b6e3590f9c8b7c0932fd418903855a478"",""0x80288ad5dc62d58560df110a3535af497449f9f6f4f71e34500b9f5045943ea7"",""0x90ecb607bbb48b913aefe5003509412fcdc1a78708f7390fad1c6953be606038"",""0x3b5d1234f10198acc136a10dfa09fa0a1a59de504bc0d9a7c35446f692b7c07c"",""0xcd09dc92e8736934e461988f29064ea4e49ccc41310e47a797ab8e787536e77d"",""0xb002fb01be58fedcd04d5ceb2895feaf22973ac1205efed3d2db367bc6d7525b"",""0x7c40aac49a736517f5c440f9392f1683424054f2ffa6df7c2970a52c11db06ca"",""0x6940f8c3529787bcfbcbf21fa64207221930bb64f69f1727136674443bba43aa"",""0x757e599b0f8da111bb0f55a5e5fc95e0206c86ef46c24b4256f1801dacd1bac6""]","[""0xb1d52412675094b54611913899744bda3aa3c67ce51c9e9d61d8a49d9cc84caf"",""0x92c0efa8758ff02dd06dfd438cd6612b6e3590f9c8b7c0932fd418903855a478"",""0x80288ad5dc62d58560df110a3535af497449f9f6f4f71e34500b9f5045943ea7"",""0x90ecb607bbb48b913aefe5003509412fcdc1a78708f7390fad1c6953be606038"",""0x08c294941588d570c4ae95ce5aaf4a1592f278bd19029a2851efff2d86015692"",""0x3b5d1234f10198acc136a10dfa09fa0a1a59de504bc0d9a7c35446f692b7c07c"",""0xcd09dc92e8736934e461988f29064ea4e49ccc41310e47a797ab8e787536e77d"",""0xb002fb01be58fedcd04d5ceb2895feaf22973ac1205efed3d2db367bc6d7525b"",""0x7c40aac49a736517f5c440f9392f1683424054f2ffa6df7c2970a52c11db06ca"",""0x6940f8c3529787bcfbcbf21fa64207221930bb64f69f1727136674443bba43aa""]","[""0xb1d52412675094b54611913899744bda3aa3c67ce51c9e9d61d8a49d9cc84caf"",""0x92c0efa8758ff02dd06dfd438cd6612b6e3590f9c8b7c0932fd418903855a478"",""0x80288ad5dc62d58560df110a3535af497449f9f6f4f71e34500b9f5045943ea7"",""0x90ecb607bbb48b913aefe5003509412fcdc1a78708f7390fad1c6953be606038"",""0x3b5d1234f10198acc136a10dfa09fa0a1a59de504bc0d9a7c35446f692b7c07c"",""0xcd09dc92e8736934e461988f29064ea4e49ccc41310e47a797ab8e787536e77d"",""0xb002fb01be58fedcd04d5ceb2895feaf22973ac1205efed3d2db367bc6d7525b"",""0x7c40aac49a736517f5c440f9392f1683424054f2ffa6df7c2970a52c11db06ca"",""0x6940f8c3529787bcfbcbf21fa64207221930bb64f69f1727136674443bba43aa""]",0,0,1,0,0,0,0.9
bstpstaking511m069a3556,valid,,5,1,1,m069a3556,100,10,10,"[""0xc07123b97e3b7fb310541633f72936c40f21f7a507de51256f9c4a68505fe755"",""0x230550ee2f183f79fbee87b09e6157a7bfd65abfefa14a749660749b7fa0d6b4"",""0x48ba115d52a62585dc5bd5adf927ddd89f36a37b833979456398a75ce137082d"",""0x66586797b78ed990c07a5ad805f88e190086597218283fca07a0998ddaab7875"",""0x07d4c0f91c87ec51f1609a5c4104f7d7adba6eac1776b085f89771021a7ddde3"",""0x505f78474c398814eb0ba0cc3c08f6129e12bf16431876853283a43beac9d141"",""0xe70b739d2c9d746514eb24b9ed0d3b51448a0a5913813a2864aa9be0ec65e691"",""0xf4c422da3c214b6694dd8937e3bd0f11e555e480b13c9abfe908f7d2066c5257"",""0x8d357dcd4a7c14d4a0f33a6d36f83ab30a8caad65d222d503f46d94d277f7c24"",""0xfd70d4311b5768c6b6bf7ecd75518b0b26ba2529cb7cf75e450bca9f0d366daa""]","[""0x230550ee2f183f79fbee87b09e6157a7bfd65abfefa14a749660749b7fa0d6b4"",""0xe5da0f8dfb6b491adb9c38f755f10e08bd498ab5979036394be3930984053206"",""0x505f78474c398814eb0ba0cc3c08f6129e12bf16431876853283a43beac9d141"",""0x281cd26d80e9cd95f098908b641c2534121c033c47795850d88fdab6f04f2af0"",""0x12c0e8caa1bce7d499cbbbc665fbb364c09cd2977856fe2bf0027b9c600b9022"",""0x8d357dcd4a7c14d4a0f33a6d36f83ab30a8caad65d222d503f46d94d277f7c24"",""0xcd6d08f520a5a6aebaa079033393b6393e347445be26d2c107e8d7ee03c8f13c"",""0xd7531695dcd358a4f56787acbbd65565a09fc63eff941ad49498daeb1ae38f44"",""0x429b49322f39406d28f591c75e8222ecd51db05a599ec5d128466346627eb705"",""0x86ae1d3cfed9f994a673ca32c9ebb44c1b77c8c3781c16a0f6486fea4611ee5b""]","[""0x230550ee2f183f79fbee87b09e6157a7bfd65abfefa14a749660749b7fa0d6b4"",""0x505f78474c398814eb0ba0cc3c08f6129e12bf16431876853283a43beac9d141"",""0x8d357dcd4a7c14d4a0f33a6d36f83ab30a8caad65d222d503f46d94d277f7c24""]",0,0,1,0,0,0,0.3
bstpstaking511m1a5bd173,valid,,5,1,1,m1a5bd173,100,10,10,"[""0xc6a97d34bb42db0a2411ee2a04a39e1a349ac46d0facc8d8aba2ac45c1b9eee0"",""0x1450a2ad54db1f6259714cc9ac588cd99a4c4c03f9526698ab2fa1de7df5a66e"",""0xb62a93a4af9e98302c8ef25df57b7a8d3e8ce50815f06bbd35bea1297ebdda46"",""0x16a4b9d56a3ab5e2ef284d0e822e6707757b125228793b37bc9e037802da9d9b"",""0x24f9218adf79c104bedfedf7890d4204b575153662d2926a63eaf682f636b496"",""0x0a363f73ac86187864f54390fdd7c779dfc66601f6a87f2d44a62f2ebe20bba6"",""0x6a735d9199bcfde6d540397f0c81a9225ad8520e39847b9a367e7dd94565137d"",""0x86ae1d3cfed9f994a673ca32c9ebb44c1b77c8c3781c16a0f6486fea4611ee5b"",""0x9a0ed5a06fb6051d9a659f829e57ea0e382f714cb43d55efaa317c69cfae14ee"",""0x7c40aac49a736517f5c440f9392f1683424054f2ffa6df7c2970a52c11db06ca""]","[""0x16a4b9d56a3ab5e2ef284d0e822e6707757b125228793b37bc9e037802da9d9b"",""0x86ae1d3cfed9f994a673ca32c9ebb44c1b77c8c3781c16a0f6486fea4611ee5b"",""0xa4a5871d752ffcf82f0971f07904f7cdd34150574ae793fcf1bff93d1aa06ff0"",""0xaa8fad824a174e57accf11eb34b23d020d6aa685da1925b1c30a611ffdb95a0e"",""0x80e64594a9d4fad2c6617c96707f6c9a1a78970b22d16066311be57b6d24a7da"",""0x39700501189242fe3b7185fd03a5cace111de24b0c6b66471be82d30bc72ec27"",""0x7634f8326375f99ebfd7a8b203b7442a56b18cf7dc73f6238abd4122e8090b86"",""0x6ea2e4d3921eb79867ba52b40ba2fdf4df2de7e307f65f7742bf9f3bdb48a96c"",""0xe2c89165b1663cbef76d4db4aff33d030d5826b8a643a445b8531c288e7745fd"",""0x60642c6a8412d200a3413c5426afef17f3d72d45fadaf5cdde98b783893518ec""]","[""0x16a4b9d56a3ab5e2ef284d0e822e6707757b125228793b37bc9e037802da9d9b"",""0x86ae1d3cfed9f994a673ca32c9ebb44c1b77c8c3781c16a0f6486fea4611ee5b""]",0,0,1,0,0,0,0.2
bstpstaking511m30fd2845,valid,,5,1,1,m30fd2845,100,10,10,"[""0x73d6c0efd0550ca38510ec910998f28c5f57de699ed4f4eab13ed86d90fb6b07"",""0x16a4b9d56a3ab5e2ef284d0e822e6707757b125228793b37bc9e037802da9d9b"",""0xe9bff1484b60de522b5fda8d2a44f33f1ba6a17ca2db76472f469a91f2245a8b"",""0x7c9cdb9fd07a0e95dd225ef751470ce88b43ad6e9e209b3b95404c7a6849e39b"",""0xb3788db79f3ad700a3cc134a27acbcec7a0a587ffbcdf5927faa24e5c362d493"",""0xc2467251882eb44d5415c8fddda0ba28022dedaeeca039a9fa1e56bb4cb2aba3"",""0xea69777677b59561b3782267ef6a65d6e0f38e1fea58f1ece52358972347edb0"",""0x68fb332560fdf6ea1d74d8c4bfc3ff952f79df911ac17e478862c0aa1c736db3"",""0x9920c06a362172692e96bab008e569caa257aaec2c8f130f3564a55f2f52357b"",""0x262e2e527250bfc9fea90edce78f93b95ce16f345766eb2534ba2fb39906d951""]","[""0x73d6c0efd0550ca38510ec910998f28c5f57de699ed4f4eab13ed86d90fb6b07"",""0x16a4b9d56a3ab5e2ef284d0e822e6707757b125228793b37bc9e037802da9d9b"",""0xe9bff1484b60de522b5fda8d2a44f33f1ba6a17ca2db76472f469a91f2245a8b"",""0x7c9cdb9fd07a0e95dd225ef751470ce88b43ad6e9e209b3b95404c7a6849e39b"",""0xb3788db79f3ad700a3cc134a27acbcec7a0a587ffbcdf5927faa24e5c362d493"",""0xc2467251882eb44d5415c8fddda0ba28022dedaeeca039a9fa1e56bb4cb2aba3"",""0xea69777677b59561b3782267ef6a65d6e0f38e1fea58f1ece52358972347edb0"",""0x68fb332560fdf6ea1d74d8c4bfc3ff952f79df911ac17e478862c0aa1c736db3"",""0x9920c06a362172692e96bab008e569caa257aaec2c8f130f3564a55f2f52357b"",""0x262e2e527250bfc9fea90edce78f93b95ce16f345766eb2534ba2fb39906d951""]","[""0x73d6c0efd0550ca38510ec910998f28c5f57de699ed4f4eab13ed86d90fb6b07"",""0x16a4b9d56a3ab5e2ef284d0e822e6707757b125228793b37bc9e037802da9d9b"",""0xe9bff1484b60de522b5fda8d2a44f33f1ba6a17ca2db76472f469a91f2245a8b"",""0x7c9cdb9fd07a0e95dd225ef751470ce88b43ad6e9e209b3b95404c7a6849e39b"",""0xb3788db79f3ad700a3cc134a27acbcec7a0a587ffbcdf5927faa24e5c362d493"",""0xc2467251882eb44d5415c8fddda0ba28022dedaeeca039a9fa1e56bb4cb2aba3"",""0xea69777677b59561b3782267ef6a65d6e0f38e1fea58f1ece52358972347edb0"",""0x68fb332560fdf6ea1d74d8c4bfc3ff952f79df911ac17e478862c0aa1c736db3"",""0x9920c06a362172692e96bab008e569caa257aaec2c8f130f3564a55f2f52357b"",""0x262e2e527250bfc9fea90edce78f93b95ce16f345766eb2534ba2fb39906d951""]",0,0,1,0,0,0,1
bstpstaking511m33799275,valid,,5,1,1,m33799275,100,10,10,"[""0xcd09dc92e8736934e461988f29064ea4e49ccc41310e47a797ab8e787536e77d"",""0xfd70d4311b5768c6b6bf7ecd75518b0b26ba2529cb7cf75e450bca9f0d366daa"",""0xa7831feb3b6ce91bfea938682651e70d662f1266659cbce6eaf0526e45512a68"",""0x29eba7ba49866efd89a8dce8d84688734eb0b4b198d4992b288b36b31540c8dc"",""0x2c6db858294994968533795d44c86dc8f050d3652066b8ceadf9d3b73dc7d902"",""0x8945bcc45087a8bfb2e18a5306781be29a69dbac49c73ab68b0d6c56a67bc0f9"",""0x5b677b1ca640fe2fa90ccb13036a107a5177af4f0b0bd5ed853ac029e427d019"",""0x8cc4b8cdcb727613f2378e83b1e459ef38061ac468dcb3d02730b17ef2a02673"",""0x49e5774ab139905928ff21d948254adc70aa28ff5eea2ac796f32b0549b267a3"",""0x106ecf713381cc7ee659b224caebb8c2d8402304fcc03cc12f04d9acb19beb31""]","[""0xcd09dc92e8736934e461988f29064ea4e49ccc41310e47a797ab8e787536e77d"",""0xfd70d4311b5768c6b6bf7ecd75518b0b26ba2529cb7cf75e450bca9f0d366daa"",""0xa7831feb3b6ce91bfea938682651e70d662f1266659cbce6eaf0526e45512a68"",""0x29eba7ba49866efd89a8dce8d84688734eb0b4b198d4992b288b36b31540c8dc"",""0x2c6db858294994968533795d44c86dc8f050d3652066b8ceadf9d3b73dc7d902"",""0x8945bcc45087a8bfb2e18a5306781be29a69dbac49c73ab68b0d6c56a67bc0f9"",""0x5b677b1ca640fe2fa90ccb13036a107a5177af4f0b0bd5ed853ac029e427d019"",""0x8cc4b8cdcb727613f2378e83b1e459ef38061ac468dcb3d02730b17ef2a02673"",""0x49e5774ab139905928ff21d948254adc70aa28ff5eea2ac796f32b0549b267a3"",""0x106ecf713381cc7ee659b224caebb8c2d8402304fcc03cc12f04d9acb19beb31""]","[""0xcd09dc92e8736934e461988f29064ea4e49ccc41310e47a797ab8e787536e77d"",""0xfd70d4311b5768c6b6bf7ecd75518b0b26ba2529cb7cf75e450bca9f0d366daa"",""0xa7831feb3b6ce91bfea938682651e70d662f1266659cbce6eaf0526e45512a68"",""0x29eba7ba49866efd89a8dce8d84688734eb0b4b198d4992b288b36b31540c8dc"",""0x2c6db858294994968533795d44c86dc8f050d3652066b8ceadf9d3b73dc7d902"",""0x8945bcc45087a8bfb2e18a5306781be29a69dbac49c73ab68b0d6c56a67bc0f9"",""0x5b677b1ca640fe2fa90ccb13036a107a5177af4f0b0bd5ed853ac029e427d019"",""0x8cc4b8cdcb727613f2378e83b1e459ef38061ac468dcb3d02730b17ef2a02673"",""0x49e5774ab139905928ff21d948254adc70aa28ff5eea2ac796f32b0549b267a3"",""0x106ecf713381cc7ee659b224caebb8c2d8402304fcc03cc12f04d9acb19beb31""]",0,0,1,0,0,0,1
bstpstaking511m3b4969fb,valid,,5,1,1,m3b4969fb,100,10,10,"[""0xb002fb01be58fedcd04d5ceb2895feaf22973ac1205efed3d2db367bc6d7525b"",""0x106ecf713381cc7ee659b224caebb8c2d8402304fcc03cc12f04d9acb19beb31"",""0x682175835b69fee8ca4e1000194ccf6067372d31c29aa0c1fb86d118274fe35f"",""0xc242c986f95f7cb745f870b1e292c03f57e59c36e809d37eb00cc8d235b22c5a"",""0x4c896b9c75e38294c3a07ab4ccb18852996db2708540195223e428ddf09d38a0"",""0x6a735d9199bcfde6d540397f0c81a9225ad8520e39847b9a367e7dd94565137d"",""0x4f70045f96345b6154f2e63f3fe4b06b6e40108aedcdd3afc6a66ea75fc3da24"",""0xffb33d2d1648788432430e96a9706f35a4dcfe30d45dd0e99a1eaf7e59ab6aeb"",""0xcfdc62eb5da1c0cc9f61c08540ca22833a6530d40de956ae254be5b1e0b59d74"",""0x5b677b1ca640fe2fa90ccb13036a107a5177af4f0b0bd5ed853ac029e427d019""]","[""0xb002fb01be58fedcd04d5ceb2895feaf22973ac1205efed3d2db367bc6d7525b"",""0x106ecf713381cc7ee659b224caebb8c2d8402304fcc03cc12f04d9acb19beb31"",""0x682175835b69fee8ca4e1000194ccf6067372d31c29aa0c1fb86d118274fe35f"",""0xc242c986f95f7cb745f870b1e292c03f57e59c36e809d37eb00cc8d235b22c5a"",""0x4c896b9c75e38294c3a07ab4ccb18852996db2708540195223e428ddf09d38a0"",""0x6a735d9199bcfde6d540397f0c81a9225ad8520e39847b9a367e7dd94565137d"",""0x4f70045f96345b6154f2e63f3fe4b06b6e40108aedcdd3afc6a66ea75fc3da24"",""0xffb33d2d1648788432430e96a9706f35a4dcfe30d45dd0e99a1eaf7e59ab6aeb"",""0xcfdc62eb5da1c0cc9f61c08540ca22833a6530d40de956ae254be5b1e0b59d74"",""0x5b677b1ca640fe2fa90ccb13036a107a5177af4f0b0bd5ed853ac029e427d019""]","[""0xb002fb01be58fedcd04d5ceb2895feaf22973ac1205efed3d2db367bc6d7525b"",""0x106ecf713381cc7ee659b224caebb8c2d8402304fcc03cc12f04d9acb19beb31"",""0x682175835b69fee8ca4e1000194ccf6067372d31c29aa0c1fb86d118274fe35f"",""0xc242c986f95f7cb745f870b1e292c03f57e59c36e809d37eb00cc8d235b22c5a"",""0x4c896b9c75e38294c3a07ab4ccb18852996db2708540195223e428ddf09d38a0"",""0x6a735d9199bcfde6d540397f0c81a9225ad8520e39847b9a367e7dd94565137d"",""0x4f70045f96345b6154f2e63f3fe4b06b6e40108aedcdd3afc6a66ea75fc3da24"",""0xffb33d2d1648788432430e96a9706f35a4dcfe30d45dd0e99a1eaf7e59ab6aeb"",""0xcfdc62eb5da1c0cc9f61c08540ca22833a6530d40de956ae254be5b1e0b59d74"",""0x5b677b1ca640fe2fa90ccb13036a107a5177af4f0b0bd5ed853ac029e427d019""]",0,0,1,0,0,0,1
bstpstaking511m4239fd1c,valid,,5,1,1,m4239fd1c,100,10,10,"[""0x483e0faacc32045385006ac1d42d028b103a2e2e02f320e20037d0d36be54907"",""0x89c823bf9976eb820ef3b2041267ad2c6eed1f83e2ab87cdc4bf9577cff5a748"",""0x3c97283efec66e1a5ec8437966e087338da20f0aad3723d41d52c67328f7efe4"",""0x6940f8c3529787bcfbcbf21fa64207221930bb64f69f1727136674443bba43aa"",""0x106ecf713381cc7ee659b224caebb8c2d8402304fcc03cc12f04d9acb19beb31"",""0x90ecb607bbb48b913aefe5003509412fcdc1a78708f7390fad1c6953be606038"",""0xb7eba087f5cc24fe2d08675f1cd5a26ebf3fd48642175807fccde9db3ffb3752"",""0xdf845dfbd70267c5c523805713303d6f4b7b91d97219e28f0508b46315e5e0e2"",""0x8a5fc9c813f0cbb1fbb3c86b71678b733f90197cd9b0fec7ef5b2e74d2827527"",""0xd9067ec22c0a52c0bf051e10e841161ac9d25bfedf069957979cc6f267cb6324""]","[""0x483e0faacc32045385006ac1d42d028b103a2e2e02f320e20037d0d36be54907"",""0x89c823bf9976eb820ef3b2041267ad2c6eed1f83e2ab87cdc4bf9577cff5a748"",""0x3c97283efec66e1a5ec8437966e087338da20f0aad3723d41d52c67328f7efe4"",""0x6940f8c3529787bcfbcbf21fa64207221930bb64f69f1727136674443bba43aa"",""0x106ecf713381cc7ee659b224caebb8c2d8402304fcc03cc12f04d9acb19beb31"",""0x90ecb607bbb48b913aefe5003509412fcdc1a78708f7390fad1c6953be606038"",""0xb7eba087f5cc24fe2d08675f1cd5a26ebf3fd48642175807fccde9db3ffb3752"",""0xdf845dfbd70267c5c523805713303d6f4b7b91d97219e28f0508b46315e5e0e2"",""0x8a5fc9c813f0cbb1fbb3c86b71678b733f90197cd9b0fec7ef5b2e74d2827527"",""0xd9067ec22c0a52c0bf051e10e841161ac9d25bfedf069957979cc6f267cb6324""]","[""0x483e0faacc32045385006ac1d42d028b103a2e2e02f320e20037d0d36be54907"",""0x89c823bf9976eb820ef3b2041267ad2c6eed1f83e2ab87cdc4bf9577cff5a748"",""0x3c97283efec66e1a5ec8437966e087338da20f0aad3723d41d52c67328f7efe4"",""0x6940f8c3529787bcfbcbf21fa64207221930bb64f69f1727136674443bba43aa"",""0x106ecf713381cc7ee659b224caebb8c2d8402304fcc03cc12f04d9acb19beb31"",""0x90ecb607bbb48b913aefe5003509412fcdc1a78708f7390fad1c6953be606038"",""0xb7eba087f5cc24fe2d08675f1cd5a26ebf3fd48642175807fccde9db3ffb3752"",""0xdf845dfbd70267c5c523805713303d6f4b7b91d97219e28f0508b46315e5e0e2"",""0x8a5fc9c813f0cbb1fbb3c86b71678b733f90197cd9b0fec7ef5b2e74d2827527"",""0xd9067ec22c0a52c0bf051e10e841161ac9d25bfedf069957979cc6f267cb6324""]",0,0,1,0,0,0,1
bstpstaking511m61fde19d,valid,,5,1,1,m61fde19d,100,10,10,"[""0x8a5fc9c813f0cbb1fbb3c86b71678b733f90197cd9b0fec7ef5b2e74d2827527"",""0xa7831feb3b6ce91bfea938682651e70d662f1266659cbce6eaf0526e45512a68"",""0x000ceb98a30a9f0375fd46d151e4f2f8d830751c2983f14a1c6f0144f80b3198"",""0x69f76a6458130c9ded5a13a31db3715ca829f4a679d617f3e492b9116677d10c"",""0xdabbd1bf365dd83a0175d5e359d11f8d109116b0745646ef8d2c6a2efcf851df"",""0x281d75ca73c64a8633ed60198d5e953cc41cba8132bf7dfc97a978d37dd83726"",""0x7c9cdb9fd07a0e95dd225ef751470ce88b43ad6e9e209b3b95404c7a6849e39b"",""0x505f78474c398814eb0ba0cc3c08f6129e12bf16431876853283a43beac9d141"",""0xc83255e7f44f715ea7d2b6da08689900a9b7bb38ef204039561e14dde5e03798"",""0x12c0e8caa1bce7d499cbbbc665fbb364c09cd2977856fe2bf0027b9c600b9022""]","[""0x69f76a6458130c9ded5a13a31db3715ca829f4a679d617f3e492b9116677d10c"",""0xdabbd1bf365dd83a0175d5e359d11f8d109116b0745646ef8d2c6a2efcf851df"",""0x281d75ca73c64a8633ed60198d5e953cc41cba8132bf7dfc97a978d37dd83726"",""0x7c9cdb9fd07a0e95dd225ef751470ce88b43ad6e9e209b3b95404c7a6849e39b"",""0xfd6b6381e462eb69a90451498acc82533df2612f7e00141667dbce964caa982e"",""0x8d357dcd4a7c14d4a0f33a6d36f83ab30a8caad65d222d503f46d94d277f7c24"",""0x37890a125406e5e42ba213b40b55685bc6c328fc0106903b123b70d8312c1000"",""0x06442c0ccc9ab367282f06426924517e0a49c25e50a492ad91aecc55b655f458"",""0xe5da0f8dfb6b491adb9c38f755f10e08bd498ab5979036394be3930984053206"",""0xe2c89165b1663cbef76d4db4aff33d030d5826b8a643a445b8531c288e7745fd""]","[""0x69f76a6458130c9ded5a13a31db3715ca829f4a679d617f3e492b9116677d10c"",""0xdabbd1bf365dd83a0175d5e359d11f8d109116b0745646ef8d2c6a2efcf851df"",""0x281d75ca73c64a8633ed60198d5e953cc41cba8132bf7dfc97a978d37dd83726"",""0x7c9cdb9fd07a0e95dd225ef751470ce88b43ad6e9e209b3b95404c7a6849e39b""]",0,0,1,0,0,0,0.4
bstpstaking511m6489f990,valid,,5,1,1,m6489f990,100,10,10,"[""0x14d09a4d420ae8a7492d23eb1beacf31a514ddd9765719262cf2a750248f046e"",""0x49e5774ab139905928ff21d948254adc70aa28ff5eea2ac796f32b0549b267a3"",""0x73d6c0efd0550ca38510ec910998f28c5f57de699ed4f4eab13ed86d90fb6b07"",""0xd9067ec22c0a52c0bf051e10e841161ac9d25bfedf069957979cc6f267cb6324"",""0x3c4ef3727c5acae7ca4976ecf767571e18ac1b70a4aad2ac4f7b9139bcfc987d"",""0x682175835b69fee8ca4e1000194ccf6067372d31c29aa0c1fb86d118274fe35f"",""0x8e6ed61f936c34115ed64b52efb53b493d279f72a1ed2c1dde342f98dfc9178d"",""0x2fca7fbeba6225e1f4fb9373e6a417663b15a5f54b5f93454a0a66edec6027ce"",""0x14d534ee18d54539f93cf0cbd15d0b48e1c75157bcce2837a841a3886247a9aa"",""0xf144a9a781baa320d29258df583098d9b5a6147eb359adbd64e0d81e6c1504ca""]","[""0x73d6c0efd0550ca38510ec910998f28c5f57de699ed4f4eab13ed86d90fb6b07"",""0x3c4ef3727c5acae7ca4976ecf767571e18ac1b70a4aad2ac4f7b9139bcfc987d"",""0x8e6ed61f936c34115ed64b52efb53b493d279f72a1ed2c1dde342f98dfc9178d"",""0x01829fcc6d779d94ee869f97379c6516562dc7f8b74938742ffefe6b09b93fbc"",""0x262e2e527250bfc9fea90edce78f93b95ce16f345766eb2534ba2fb39906d951"",""0xaa8fad824a174e57accf11eb34b23d020d6aa685da1925b1c30a611ffdb95a0e"",""0x429b49322f39406d28f591c75e8222ecd51db05a599ec5d128466346627eb705"",""0x08c294941588d570c4ae95ce5aaf4a1592f278bd19029a2851efff2d86015692"",""0x6ea2e4d3921eb79867ba52b40ba2fdf4df2de7e307f65f7742bf9f3bdb48a96c"",""0x281cd26d80e9cd95f098908b641c2534121c033c47795850d88fdab6f04f2af0""]","[""0x73d6c0efd0550ca38510ec910998f28c5f57de699ed4f4eab13ed86d90fb6b07"",""0x3c4ef3727c5acae7ca4976ecf767571e18ac1b70a4aad2ac4f7b9139bcfc987d"",""0x8e6ed61f936c34115ed64b52efb53b493d279f72a1ed2c1dde342f98dfc9178d""]",0,0,1,0,0,0,0.3
bstpstaking511m652a5fba,valid,,5,1,1,m652a5fba,100,10,10,"[""0x5b677b1ca640fe2fa90ccb13036a107a5177af4f0b0bd5ed853ac029e427d019"",""0xd9067ec22c0a52c0bf051e10e841161ac9d25bfedf069957979cc6f267cb6324"",""0x2c6db858294994968533795d44c86dc8f050d3652066b8ceadf9d3b73dc7d902"",""0x98383544e422fe17027cdac418f09337309386a10806b8ee02c8d32713923a8e"",""0x3c97283efec66e1a5ec8437966e087338da20f0aad3723d41d52c67328f7efe4"",""0x4c896b9c75e38294c3a07ab4ccb18852996db2708540195223e428ddf09d38a0"",""0x932383665799c1241f674264478c7dbdc9dbecd0c1d33b2034e91903326669df"",""0x854bbb4f3e5429e2345d3ad6bcf848b5e050a8130ba43790818ce5011cc437e7"",""0xf5ff796b02623d8ffebddd286003d9208b758b7e995af4762e8e60bf84d17b4b"",""0xf5053bcd23e7b92c4c0e75972b5da4c838329d840b8ddbecbafdbe07a89ea4d3""]","[""0x5b677b1ca640fe2fa90ccb13036a107a5177af4f0b0bd5ed853ac029e427d019"",""0xd9067ec22c0a52c0bf051e10e841161ac9d25bfedf069957979cc6f267cb6324"",""0x2c6db858294994968533795d44c86dc8f050d3652066b8ceadf9d3b73dc7d902"",""0xb65630e7129a1fecafdca9eb7dbe53130a12b5d3e2e984bbf9c9a5399c6cc30f"",""0x39700501189242fe3b7185fd03a5cace111de24b0c6b66471be82d30bc72ec27"",""0x856f01151a1c15aa053c920c11f2f4a193b3ed4250c6ee2ebf77c3390fe0f275"",""0x98383544e422fe17027cdac418f09337309386a10806b8ee02c8d32713923a8e"",""0x3c97283efec66e1a5ec8437966e087338da20f0aad3723d41d52c67328f7efe4"",""0x4c896b9c75e38294c3a07ab4ccb18852996db2708540195223e428ddf09d38a0"",""0x932383665799c1241f674264478c7dbdc9dbecd0c1d33b2034e91903326669df""]","[""0x5b677b1ca640fe2fa90ccb13036a107a5177af4f0b0bd5ed853ac029e427d019"",""0xd9067ec22c0a52c0bf051e10e841161ac9d25bfedf069957979cc6f267cb6324"",""0x2c6db858294994968533795d44c86dc8f050d3652066b8ceadf9d3b73dc7d902"",""0x98383544e422fe17027cdac418f09337309386a10806b8ee02c8d32713923a8e"",""0x3c97283efec66e1a5ec8437966e087338da20f0aad3723d41d52c67328f7efe4"",""0x4c896b9c75e38294c3a07ab4ccb18852996db2708540195223e428ddf09d38a0"",""0x932383665799c1241f674264478c7dbdc9dbecd0c1d33b2034e91903326669df""]",0,0,1,0,0,0,0.7
bstpstaking511m66488430,valid,,5,1,1,m66488430,100,10,10,"[""0xc3b0696840352e2a25a87160f85c766cba4c6b9424a40ded6b5e2eb28f9215f6"",""0xfc9bec6e17e3d34235748a04c8a772f602b2283e2946d9f68c2ed62bcdd2cd85"",""0x7c40aac49a736517f5c440f9392f1683424054f2ffa6df7c2970a52c11db06ca"",""0xcd09dc92e8736934e461988f29064ea4e49ccc41310e47a797ab8e787536e77d"",""0x92c0efa8758ff02dd06dfd438cd6612b6e3590f9c8b7c0932fd418903855a478"",""0x4f70045f96345b6154f2e63f3fe4b06b6e40108aedcdd3afc6a66ea75fc3da24"",""0xb1d52412675094b54611913899744bda3aa3c67ce51c9e9d61d8a49d9cc84caf"",""0x90ecb607bbb48b913aefe5003509412fcdc1a78708f7390fad1c6953be606038"",""0xffb33d2d1648788432430e96a9706f35a4dcfe30d45dd0e99a1eaf7e59ab6aeb"",""0x6b84de292cb6e3be779d6288c69c6a070bba523a2317a4d294c1616e10f137ed""]","[""0xc3b0696840352e2a25a87160f85c766cba4c6b9424a40ded6b5e2eb28f9215f6"",""0xfc9bec6e17e3d34235748a04c8a772f602b2283e2946d9f68c2ed62bcdd2cd85"",""0x7c40aac49a736517f5c440f9392f1683424054f2ffa6df7c2970a52c11db06ca"",""0xcd09dc92e8736934e461988f29064ea4e49ccc41310e47a797ab8e787536e77d"",""0x92c0efa8758ff02dd06dfd438cd6612b6e3590f9c8b7c0932fd418903855a478"",""0x4f70045f96345b6154f2e63f3fe4b06b6e40108aedcdd3afc6a66ea75fc3da24"",""0xb1d52412675094b54611913899744bda3aa3c67ce51c9e9d61d8a49d9cc84caf"",""0x90ecb607bbb48b913aefe5003509412fcdc1a78708f7390fad1c6953be606038"",""0xffb33d2d1648788432430e96a9706f35a4dcfe30d45dd0e99a1eaf7e59ab6aeb"",""0x6b84de292cb6e3be779d6288c69c6a070bba523a2317a4d294c1616e10f137ed""]","[""0xc3b0696840352e2a25a87160f85c766cba4c6b9424a40ded6b5e2eb28f9215f6"",""0xfc9bec6e17e3d34235748a04c8a772f602b2283e2946d9f68c2ed62bcdd2cd85"",""0x7c40aac49a736517f5c440f9392f1683424054f2ffa6df7c2970a52c11db06ca"",""0xcd09dc92e8736934e461988f29064ea4e49ccc41310e47a797ab8e787536e77d"",""0x92c0efa8758ff02dd06dfd438cd6612b6e3590f9c8b7c0932fd418903855a478"",""0x4f70045f96345b6154f2e63f3fe4b06b6e40108aedcdd3afc6a66ea75fc3da24"",""0xb1d52412675094b54611913899744bda3aa3c67ce51c9e9d61d8a49d9cc84caf"",""0x90ecb607bbb48b913aefe5003509412fcdc1a78708f7390fad1c6953be606038"",""0xffb33d2d1648788432430e96a9706f35a4dcfe30d45dd0e99a1eaf7e59ab6aeb"",""0x6b84de292cb6e3be779d6288c69c6a070bba523a2317a4d294c1616e10f137ed""]",0,0,1,0,0,0,1
bstpstaking511m6e7de01e,valid,,5,1,1,m6e7de01e,100,10,10,"[""0x7c9cdb9fd07a0e95dd225ef751470ce88b43ad6e9e209b3b95404c7a6849e39b"",""0x353fcfc68b913bba883a1cbe437235257a5567ace334e692406b2239896cc845"",""0xaa8fad824a174e57accf11eb34b23d020d6aa685da1925b1c30a611ffdb95a0e"",""0x3c4ef3727c5acae7ca4976ecf767571e18ac1b70a4aad2ac4f7b9139bcfc987d"",""0xcd6d08f520a5a6aebaa079033393b6393e347445be26d2c107e8d7ee03c8f13c"",""0x281cd26d80e9cd95f098908b641c2534121c033c47795850d88fdab6f04f2af0"",""0xdd364115eefd88d44ddca902abb962bd1038efc911e81847f0d1911029cb83fc"",""0xe2c89165b1663cbef76d4db4aff33d030d5826b8a643a445b8531c288e7745fd"",""0x66dc91c1375c97a345396b765a31f83a172cf55a43b176b21f6e7ca8e695b9fd"",""0xd7531695dcd358a4f56787acbbd65565a09fc63eff941ad49498daeb1ae38f44""]","[""0x7c9cdb9fd07a0e95dd225ef751470ce88b43ad6e9e209b3b95404c7a6849e39b"",""0x353fcfc68b913bba883a1cbe437235257a5567ace334e692406b2239896cc845"",""0xaa8fad824a174e57accf11eb34b23d020d6aa685da1925b1c30a611ffdb95a0e"",""0x3c4ef3727c5acae7ca4976ecf767571e18ac1b70a4aad2ac4f7b9139bcfc987d"",""0xcd6d08f520a5a6aebaa079033393b6393e347445be26d2c107e8d7ee03c8f13c"",""0x281cd26d80e9cd95f098908b641c2534121c033c47795850d88fdab6f04f2af0"",""0xdd364115eefd88d44ddca902abb962bd1038efc911e81847f0d1911029cb83fc"",""0xe2c89165b1663cbef76d4db4aff33d030d5826b8a643a445b8531c288e7745fd"",""0x66dc91c1375c97a345396b765a31f83a172cf55a43b176b21f6e7ca8e695b9fd"",""0xd7531695dcd358a4f56787acbbd65565a09fc63eff941ad49498daeb1ae38f44""]","[""0x7c9cdb9fd07a0e95dd225ef751470ce88b43ad6e9e209b3b95404c7a6849e39b"",""0x353fcfc68b913bba883a1cbe437235257a5567ace334e692406b2239896cc845"",""0xaa8fad824a174e57accf11eb34b23d020d6aa685da1925b1c30a611ffdb95a0e"",""0x3c4ef3727c5acae7ca4976ecf767571e18ac1b70a4aad2ac4f7b9139bcfc987d"",""0xcd6d08f520a5a6aebaa079033393b6393e347445be26d2c107e8d7ee03c8f13c"",""0x281cd26d80e9cd95f098908b641c2534121c033c47795850d88fdab6f04f2af0"",""0xdd364115eefd88d44ddca902abb962bd1038efc911e81847f0d1911029cb83fc"",""0xe2c89165b1663cbef76d4db4aff33d030d5826b8a643a445b8531c288e7745fd"",""0x66dc91c1375c97a345396b765a31f83a172cf55a43b176b21f6e7ca8e695b9fd"",""0xd7531695dcd358a4f56787acbbd65565a09fc63eff941ad49498daeb1ae38f44""]",0,0,1,0,0,0,1
bstpstaking511m7dfad905,valid,,5,1,1,m7dfad905,100,10,10,"[""0x106ecf713381cc7ee659b224caebb8c2d8402304fcc03cc12f04d9acb19beb31"",""0xfd70d4311b5768c6b6bf7ecd75518b0b26ba2529cb7cf75e450bca9f0d366daa"",""0xe70b739d2c9d746514eb24b9ed0d3b51448a0a5913813a2864aa9be0ec65e691"",""0xa7831feb3b6ce91bfea938682651e70d662f1266659cbce6eaf0526e45512a68"",""0xab461bed3349317736818b1dabb4b0c82cc986f81bc20a4f98abb1cf118525e2"",""0xcd09dc92e8736934e461988f29064ea4e49ccc41310e47a797ab8e787536e77d"",""0x49e5774ab139905928ff21d948254adc70aa28ff5eea2ac796f32b0549b267a3"",""0x6e53ec51854bc45ec72e747b9db61797e1b20b6c0f523a3f2ead783fd267ed91"",""0x9a0ed5a06fb6051d9a659f829e57ea0e382f714cb43d55efaa317c69cfae14ee"",""0x80288ad5dc62d58560df110a3535af497449f9f6f4f71e34500b9f5045943ea7""]","[""0x106ecf713381cc7ee659b224caebb8c2d8402304fcc03cc12f04d9acb19beb31"",""0xfd70d4311b5768c6b6bf7ecd75518b0b26ba2529cb7cf75e450bca9f0d366daa"",""0xe70b739d2c9d746514eb24b9ed0d3b51448a0a5913813a2864aa9be0ec65e691"",""0xa7831feb3b6ce91bfea938682651e70d662f1266659cbce6eaf0526e45512a68"",""0xab461bed3349317736818b1dabb4b0c82cc986f81bc20a4f98abb1cf118525e2"",""0xcd09dc92e8736934e461988f29064ea4e49ccc41310e47a797ab8e787536e77d"",""0x49e5774ab139905928ff21d948254adc70aa28ff5eea2ac796f32b0549b267a3"",""0x6e53ec51854bc45ec72e747b9db61797e1b20b6c0f523a3f2ead783fd267ed91"",""0x9a0ed5a06fb6051d9a659f829e57ea0e382f714cb43d55efaa317c69cfae14ee"",""0x80288ad5dc62d58560df110a3535af497449f9f6f4f71e34500b9f5045943ea7""]","[""0x106ecf713381cc7ee659b224caebb8c2d8402304fcc03cc12f04d9acb19beb31"",""0xfd70d4311b5768c6b6bf7ecd75518b0b26ba2529cb7cf75e450bca9f0d366daa"",""0xe70b739d2c9d746514eb24b9ed0d3b51448a0a5913813a2864aa9be0ec65e691"",""0xa7831feb3b6ce91bfea938682651e70d662f1266659cbce6eaf0526e45512a68"",""0xab461bed3349317736818b1dabb4b0c82cc986f81bc20a4f98abb1cf118525e2"",""0xcd09dc92e8736934e461988f29064ea4e49ccc41310e47a797ab8e787536e77d"",""0x49e5774ab139905928ff21d948254adc70aa28ff5eea2ac796f32b0549b267a3"",""0x6e53ec51854bc45ec72e747b9db61797e1b20b6c0f523a3f2ead783fd267ed91"",""0x9a0ed5a06fb6051d9a659f829e57ea0e382f714cb43d55efaa317c69cfae14ee"",""0x80288ad5dc62d58560df110a3535af497449f9f6f4f71e34500b9f5045943ea7""]",0,0,1,0,0,0,1
bstpstaking511m7e72b6a8,invalid,error_duplicates,5,1,1,m7e72b6a8,100,10,10,"[""0x9a0ed5a06fb6051d9a659f829e57ea0e382f714cb43d55efaa317c69cfae14ee"",""0x98383544e422fe17027cdac418f09337309386a10806b8ee02c8d32713923a8e"",""0x8945bcc45087a8bfb2e18a5306781be29a69dbac49c73ab68b0d6c56a67bc0f9"",""0x99196e62444c2ecc416618bcc5a3424f9cd5641d6867c8e258507c7d89a4a88c"",""0xe40523cb93f50925b957e5e448d59b64adfad0b41a549e68dd171dd988bc17a5"",""0x4c896b9c75e38294c3a07ab4ccb18852996db2708540195223e428ddf09d38a0"",""0x7c40aac49a736517f5c440f9392f1683424054f2ffa6df7c2970a52c11db06ca"",""0x49e5774ab139905928ff21d948254adc70aa28ff5eea2ac796f32b0549b267a3"",""0xffb33d2d1648788432430e96a9706f35a4dcfe30d45dd0e99a1eaf7e59ab6aeb"",""0x8945bcc45087a8bfb2e18a5306781be29a69dbac49c73ab68b0d6c56a67bc0f9""]","[""0x9a0ed5a06fb6051d9a659f829e57ea0e382f714cb43d55efaa317c69cfae14ee"",""0x98383544e422fe17027cdac418f09337309386a10806b8ee02c8d32713923a8e"",""0x8945bcc45087a8bfb2e18a5306781be29a69dbac49c73ab68b0d6c56a67bc0f9"",""0xd7531695dcd358a4f56787acbbd65565a09fc63eff941ad49498daeb1ae38f44"",""0x99196e62444c2ecc416618bcc5a3424f9cd5641d6867c8e258507c7d89a4a88c"",""0xe40523cb93f50925b957e5e448d59b64adfad0b41a549e68dd171dd988bc17a5"",""0x4c896b9c75e38294c3a07ab4ccb18852996db2708540195223e428ddf09d38a0"",""0x7c40aac49a736517f5c440f9392f1683424054f2ffa6df7c2970a52c11db06ca"",""0x49e5774ab139905928ff21d948254adc70aa28ff5eea2ac796f32b0549b267a3"",""0xffb33d2d1648788432430e96a9706f35a4dcfe30d45dd0e99a1eaf7e59ab6aeb""]","[""0x9a0ed5a06fb6051d9a659f829e57ea0e382f714cb43d55efaa317c69cfae14ee"",""0x98383544e422fe17027cdac418f09337309386a10806b8ee02c8d32713923a8e"",""0x8945bcc45087a8bfb2e18a5306781be29a69dbac49c73ab68b0d6c56a67bc0f9"",""0x99196e62444c2ecc416618bcc5a3424f9cd5641d6867c8e258507c7d89a4a88c"",""0xe40523cb93f50925b957e5e448d59b64adfad0b41a549e68dd171dd988bc17a5"",""0x4c896b9c75e38294c3a07ab4ccb18852996db2708540195223e428ddf09d38a0"",""0x7c40aac49a736517f5c440f9392f1683424054f2ffa6df7c2970a52c11db06ca"",""0x49e5774ab139905928ff21d948254adc70aa28ff5eea2ac796f32b0549b267a3"",""0xffb33d2d1648788432430e96a9706f35a4dcfe30d45dd0e99a1eaf7e59ab6aeb"",""0x8945bcc45087a8bfb2e18a5306781be29a69dbac49c73ab68b0d6c56a67bc0f9""]",0,0,1,0,0,0.09999999999999998,1
bstpstaking511m8051415e,valid,,5,1,1,m8051415e,100,10,10,"[""0x4f70045f96345b6154f2e63f3fe4b06b6e40108aedcdd3afc6a66ea75fc3da24"",""0x8cc4b8cdcb727613f2378e83b1e459ef38061ac468dcb3d02730b17ef2a02673"",""0x29eba7ba49866efd89a8dce8d84688734eb0b4b198d4992b288b36b31540c8dc"",""0x92c0efa8758ff02dd06dfd438cd6612b6e3590f9c8b7c0932fd418903855a478"",""0x80288ad5dc62d58560df110a3535af497449f9f6f4f71e34500b9f5045943ea7"",""0xa7831feb3b6ce91bfea938682651e70d662f1266659cbce6eaf0526e45512a68"",""0x6b84de292cb6e3be779d6288c69c6a070bba523a2317a4d294c1616e10f137ed"",""0x483e0faacc32045385006ac1d42d028b103a2e2e02f320e20037d0d36be54907"",""0xcfdc62eb5da1c0cc9f61c08540ca22833a6530d40de956ae254be5b1e0b59d74"",""0xd5568fd406d7db628afa415d58bf5bd06959a92398aa702548e8e04793bedd47""]","[""0x4f70045f96345b6154f2e63f3fe4b06b6e40108aedcdd3afc6a66ea75fc3da24"",""0x8cc4b8cdcb727613f2378e83b1e459ef38061ac468dcb3d02730b17ef2a02673"",""0x29eba7ba49866efd89a8dce8d84688734eb0b4b198d4992b288b36b31540c8dc"",""0x92c0efa8758ff02dd06dfd438cd6612b6e3590f9c8b7c0932fd418903855a478"",""0x80288ad5dc62d58560df110a3535af497449f9f6f4f71e34500b9f5045943ea7"",""0xa7831feb3b6ce91bfea938682651e70d662f1266659cbce6eaf0526e45512a68"",""0x6b84de292cb6e3be779d6288c69c6a070bba523a2317a4d294c1616e10f137ed"",""0x483e0faacc32045385006ac1d42d028b103a2e2e02f320e20037d0d36be54907"",""0xcfdc62eb5da1c0cc9f61c08540ca22833a6530d40de956ae254be5b1e0b59d74"",""0xd5568fd406d7db628afa415d58bf5bd06959a92398aa702548e8e04793bedd47""]","[""0x4f70045f96345b6154f2e63f3fe4b06b6e40108aedcdd3afc6a66ea75fc3da24"",""0x8cc4b8cdcb727613f2378e83b1e459ef38061ac468dcb3d02730b17ef2a02673"",""0x29eba7ba49866efd89a8dce8d84688734eb0b4b198d4992b288b36b31540c8dc"",""0x92c0efa8758ff02dd06dfd438cd6612b6e3590f9c8b7c0932fd418903855a478"",""0x80288ad5dc62d58560df110a3535af497449f9f6f4f71e34500b9f5045943ea7"",""0xa7831feb3b6ce91bfea938682651e70d662f1266659cbce6eaf0526e45512a68"",""0x6b84de292cb6e3be779d6288c69c6a070bba523a2317a4d294c1616e10f137ed"",""0x483e0faacc32045385006ac1d42d028b103a2e2e02f320e20037d0d36be54907"",""0xcfdc62eb5da1c0cc9f61c08540ca22833a6530d40de956ae254be5b1e0b59d74"",""0xd5568fd406d7db628afa415d58bf5bd06959a92398aa702548e8e04793bedd47""]",0,0,1,0,0,0,1
bstpstaking511m810b37d6,valid,,5,1,1,m810b37d6,100,10,10,"[""0x14d09a4d420ae8a7492d23eb1beacf31a514ddd9765719262cf2a750248f046e"",""0xedb061d6c685949f3e6f6b2fbc31238ae6ee3c1a2760e056b5c3e5e2304df8af"",""0xd7531695dcd358a4f56787acbbd65565a09fc63eff941ad49498daeb1ae38f44"",""0x6e2ec90f7c36a36b5344a2aac6038ddc9c3860de12975f71142181a7a81c8609"",""0xdd364115eefd88d44ddca902abb962bd1038efc911e81847f0d1911029cb83fc"",""0x68fb332560fdf6ea1d74d8c4bfc3ff952f79df911ac17e478862c0aa1c736db3"",""0x37890a125406e5e42ba213b40b55685bc6c328fc0106903b123b70d8312c1000"",""0x69f76a6458130c9ded5a13a31db3715ca829f4a679d617f3e492b9116677d10c"",""0xd315b8c83a9e2edb719d67cf2cc732391e7c9d9fa55ab87f926ee4c7046a8578"",""0xdabbd1bf365dd83a0175d5e359d11f8d109116b0745646ef8d2c6a2efcf851df""]","[""0x14d09a4d420ae8a7492d23eb1beacf31a514ddd9765719262cf2a750248f046e"",""0xedb061d6c685949f3e6f6b2fbc31238ae6ee3c1a2760e056b5c3e5e2304df8af"",""0xd7531695dcd358a4f56787acbbd65565a09fc63eff941ad49498daeb1ae38f44"",""0x6e2ec90f7c36a36b5344a2aac6038ddc9c3860de12975f71142181a7a81c8609"",""0xdd364115eefd88d44ddca902abb962bd1038efc911e81847f0d1911029cb83fc"",""0x68fb332560fdf6ea1d74d8c4bfc3ff952f79df911ac17e478862c0aa1c736db3"",""0x37890a125406e5e42ba213b40b55685bc6c328fc0106903b123b70d8312c1000"",""0x69f76a6458130c9ded5a13a31db3715ca829f4a679d617f3e492b9116677d10c"",""0xd315b8c83a9e2edb719d67cf2cc732391e7c9d9fa55ab87f926ee4c7046a8578"",""0xdabbd1bf365dd83a0175d5e359d11f8d109116b0745646ef8d2c6a2efcf851df""]","[""0x14d09a4d420ae8a7492d23eb1beacf31a514ddd9765719262cf2a750248f046e"",""0xedb061d6c685949f3e6f6b2fbc31238ae6ee3c1a2760e056b5c3e5e2304df8af"",""0xd7531695dcd358a4f56787acbbd65565a09fc63eff941ad49498daeb1ae38f44"",""0x6e2ec90f7c36a36b5344a2aac6038ddc9c3860de12975f71142181a7a81c8609"",""0xdd364115eefd88d44ddca902abb962bd1038efc911e81847f0d1911029cb83fc"",""0x68fb332560fdf6ea1d74d8c4bfc3ff952f79df911ac17e478862c0aa1c736db3"",""0x37890a125406e5e42ba213b40b55685bc6c328fc0106903b123b70d8312c1000"",""0x69f76a6458130c9ded5a13a31db3715ca829f4a679d617f3e492b9116677d10c"",""0xd315b8c83a9e2edb719d67cf2cc732391e7c9d9fa55ab87f926ee4c7046a8578"",""0xdabbd1bf365dd83a0175d5e359d11f8d109116b0745646ef8d2c6a2efcf851df""]",0,0,1,0,0,0,1
bstpstaking511m9189f677,valid,,5,1,1,m9189f677,100,10,10,"[""0xcd09dc92e8736934e461988f29064ea4e49ccc41310e47a797ab8e787536e77d"",""0x8a5fc9c813f0cbb1fbb3c86b71678b733f90197cd9b0fec7ef5b2e74d2827527"",""0x483e0faacc32045385006ac1d42d028b103a2e2e02f320e20037d0d36be54907"",""0xb6956c09b733a91561395f6f106aa19a23a1df4c453562ff602fdc30b0b773ad"",""0xb7eba087f5cc24fe2d08675f1cd5a26ebf3fd48642175807fccde9db3ffb3752"",""0xab461bed3349317736818b1dabb4b0c82cc986f81bc20a4f98abb1cf118525e2"",""0x682175835b69fee8ca4e1000194ccf6067372d31c29aa0c1fb86d118274fe35f"",""0xfc9bec6e17e3d34235748a04c8a772f602b2283e2946d9f68c2ed62bcdd2cd85"",""0x98383544e422fe17027cdac418f09337309386a10806b8ee02c8d32713923a8e"",""0xe40523cb93f50925b957e5e448d59b64adfad0b41a549e68dd171dd988bc17a5""]","[""0xcd09dc92e8736934e461988f29064ea4e49ccc41310e47a797ab8e787536e77d"",""0x8a5fc9c813f0cbb1fbb3c86b71678b733f90197cd9b0fec7ef5b2e74d2827527"",""0x483e0faacc32045385006ac1d42d028b103a2e2e02f320e20037d0d36be54907"",""0xb6956c09b733a91561395f6f106aa19a23a1df4c453562ff602fdc30b0b773ad"",""0xb7eba087f5cc24fe2d08675f1cd5a26ebf3fd48642175807fccde9db3ffb3752"",""0xab461bed3349317736818b1dabb4b0c82cc986f81bc20a4f98abb1cf118525e2"",""0x682175835b69fee8ca4e1000194ccf6067372d31c29aa0c1fb86d118274fe35f"",""0xfc9bec6e17e3d34235748a04c8a772f602b2283e2946d9f68c2ed62bcdd2cd85"",""0x98383544e422fe17027cdac418f09337309386a10806b8ee02c8d32713923a8e"",""0xe40523cb93f50925b957e5e448d59b64adfad0b41a549e68dd171dd988bc17a5""]","[""0xcd09dc92e8736934e461988f29064ea4e49ccc41310e47a797ab8e787536e77d"",""0x8a5fc9c813f0cbb1fbb3c86b71678b733f90197cd9b0fec7ef5b2e74d2827527"",""0x483e0faacc32045385006ac1d42d028b103a2e2e02f320e20037d0d36be54907"",""0xb6956c09b733a91561395f6f106aa19a23a1df4c453562ff602fdc30b0b773ad"",""0xb7eba087f5cc24fe2d08675f1cd5a26ebf3fd48642175807fccde9db3ffb3752"",""0xab461bed3349317736818b1dabb4b0c82cc986f81bc20a4f98abb1cf118525e2"",""0x682175835b69fee8ca4e1000194ccf6067372d31c29aa0c1fb86d118274fe35f"",""0xfc9bec6e17e3d34235748a04c8a772f602b2283e2946d9f68c2ed62bcdd2cd85"",""0x98383544e422fe17027cdac418f09337309386a10806b8ee02c8d32713923a8e"",""0xe40523cb93f50925b957e5e448d59b64adfad0b41a549e68dd171dd988bc17a5""]",0,0,1,0,0,0,1
bstpstaking511m970360f4,valid,,5,1,1,m970360f4,100,10,10,"[""0x04e631257af2cf26e527e146f4e090feae7f8ba273f0574dcd62a46da5b5fb8c"",""0x14d09a4d420ae8a7492d23eb1beacf31a514ddd9765719262cf2a750248f046e"",""0x8cc4b8cdcb727613f2378e83b1e459ef38061ac468dcb3d02730b17ef2a02673"",""0x281cd26d80e9cd95f098908b641c2534121c033c47795850d88fdab6f04f2af0"",""0xfd6b6381e462eb69a90451498acc82533df2612f7e00141667dbce964caa982e"",""0xb6956c09b733a91561395f6f106aa19a23a1df4c453562ff602fdc30b0b773ad"",""0x68fb332560fdf6ea1d74d8c4bfc3ff952f79df911ac17e478862c0aa1c736db3"",""0x8e6ed61f936c34115ed64b52efb53b493d279f72a1ed2c1dde342f98dfc9178d"",""0xea69777677b59561b3782267ef6a65d6e0f38e1fea58f1ece52358972347edb0"",""0x6940f8c3529787bcfbcbf21fa64207221930bb64f69f1727136674443bba43aa""]","[""0x14d09a4d420ae8a7492d23eb1beacf31a514ddd9765719262cf2a750248f046e"",""0xae105f7f87da768b512fdfdb98a0fbf6131d1571893bb99b9a0ab477ff1702c2"",""0x281cd26d80e9cd95f098908b641c2534121c033c47795850d88fdab6f04f2af0"",""0xfd6b6381e462eb69a90451498acc82533df2612f7e00141667dbce964caa982e"",""0x68fb332560fdf6ea1d74d8c4bfc3ff952f79df911ac17e478862c0aa1c736db3"",""0x8e6ed61f936c34115ed64b52efb53b493d279f72a1ed2c1dde342f98dfc9178d"",""0xea69777677b59561b3782267ef6a65d6e0f38e1fea58f1ece52358972347edb0"",""0xe5da0f8dfb6b491adb9c38f755f10e08bd498ab5979036394be3930984053206"",""0x1721fbf3311a57adcac4eb75a9690451077fc079b0d94e4fa9d5a75bfb95e9c2"",""0x37890a125406e5e42ba213b40b55685bc6c328fc0106903b123b70d8312c1000""]","[""0x14d09a4d420ae8a7492d23eb1beacf31a514ddd9765719262cf2a750248f046e"",""0x281cd26d80e9cd95f098908b641c2534121c033c47795850d88fdab6f04f2af0"",""0xfd6b6381e462eb69a90451498acc82533df2612f7e00141667dbce964caa982e"",""0x68fb332560fdf6ea1d74d8c4bfc3ff952f79df911ac17e478862c0aa1c736db3"",""0x8e6ed61f936c34115ed64b52efb53b493d279f72a1ed2c1dde342f98dfc9178d"",""0xea69777677b59561b3782267ef6a65d6e0f38e1fea58f1ece52358972347edb0""]",0,0,1,0,0,0,0.6
bstpstaking511m98d7930e,valid,,5,1,1,m98d7930e,100,10,10,"[""0x98383544e422fe17027cdac418f09337309386a10806b8ee02c8d32713923a8e"",""0x8945bcc45087a8bfb2e18a5306781be29a69dbac49c73ab68b0d6c56a67bc0f9"",""0x8cc4b8cdcb727613f2378e83b1e459ef38061ac468dcb3d02730b17ef2a02673"",""0x1ebfa3f4b31da950a10ba4155a5675fdf5fb3ac42fe3f076668cfe359788f601"",""0xe70b739d2c9d746514eb24b9ed0d3b51448a0a5913813a2864aa9be0ec65e691"",""0xab461bed3349317736818b1dabb4b0c82cc986f81bc20a4f98abb1cf118525e2"",""0xb1d52412675094b54611913899744bda3aa3c67ce51c9e9d61d8a49d9cc84caf"",""0x0ffd9d2614b9f671d46f72c34ea5196599288b5dfa0300fc530a0648ae15637f"",""0x501f612f3a02793486c5e69a601f06b1f7bf9eeec98c8d8a53e04ec21fbe35ad"",""0x856f01151a1c15aa053c920c11f2f4a193b3ed4250c6ee2ebf77c3390fe0f275""]","[""0x98383544e422fe17027cdac418f09337309386a10806b8ee02c8d32713923a8e"",""0x856f01151a1c15aa053c920c11f2f4a193b3ed4250c6ee2ebf77c3390fe0f275"",""0x8945bcc45087a8bfb2e18a5306781be29a69dbac49c73ab68b0d6c56a67bc0f9"",""0x8cc4b8cdcb727613f2378e83b1e459ef38061ac468dcb3d02730b17ef2a02673"",""0x1ebfa3f4b31da950a10ba4155a5675fdf5fb3ac42fe3f076668cfe359788f601"",""0xe70b739d2c9d746514eb24b9ed0d3b51448a0a5913813a2864aa9be0ec65e691"",""0x90ecb607bbb48b913aefe5003509412fcdc1a78708f7390fad1c6953be606038"",""0xab461bed3349317736818b1dabb4b0c82cc986f81bc20a4f98abb1cf118525e2"",""0xb1d52412675094b54611913899744bda3aa3c67ce51c9e9d61d8a49d9cc84caf"",""0x281cd26d80e9cd95f098908b641c2534121c033c47795850d88fdab6f04f2af0""]","[""0x98383544e422fe17027cdac418f09337309386a10806b8ee02c8d32713923a8e"",""0x8945bcc45087a8bfb2e18a5306781be29a69dbac49c73ab68b0d6c56a67bc0f9"",""0x8cc4b8cdcb727613f2378e83b1e459ef38061ac468dcb3d02730b17ef2a02673"",""0x1ebfa3f4b31da950a10ba4155a5675fdf5fb3ac42fe3f076668cfe359788f601"",""0xe70b739d2c9d746514eb24b9ed0d3b51448a0a5913813a2864aa9be0ec65e691"",""0xab461bed3349317736818b1dabb4b0c82cc986f81bc20a4f98abb1cf118525e2"",""0xb1d52412675094b54611913899744bda3aa3c67ce51c9e9d61d8a49d9cc84caf"",""0x856f01151a1c15aa053c920c11f2f4a193b3ed4250c6ee2ebf77c3390fe0f275""]",0,0,1,0,0,0,0.8
bstpstaking511ma6f1fda3,valid,,5,1,1,ma6f1fda3,100,10,10,"[""0xcc5a3914b6cc401b98a202e8075b56eb77670a1140412c79b48b965bce6e05f2"",""0x90ecb607bbb48b913aefe5003509412fcdc1a78708f7390fad1c6953be606038"",""0x6940f8c3529787bcfbcbf21fa64207221930bb64f69f1727136674443bba43aa"",""0x4c896b9c75e38294c3a07ab4ccb18852996db2708540195223e428ddf09d38a0"",""0x106ecf713381cc7ee659b224caebb8c2d8402304fcc03cc12f04d9acb19beb31"",""0x5b677b1ca640fe2fa90ccb13036a107a5177af4f0b0bd5ed853ac029e427d019"",""0x24402192e1f2fd76cf6750b7592cfb849961e5d27a0f5e69b165525359575ec9"",""0x1ebfa3f4b31da950a10ba4155a5675fdf5fb3ac42fe3f076668cfe359788f601"",""0xdf845dfbd70267c5c523805713303d6f4b7b91d97219e28f0508b46315e5e0e2"",""0xb759e3960a93ef78e32f4847b58dbc6b1c22efd6d9ccaa3b1a84911e6a288afa""]","[""0xcc5a3914b6cc401b98a202e8075b56eb77670a1140412c79b48b965bce6e05f2"",""0x90ecb607bbb48b913aefe5003509412fcdc1a78708f7390fad1c6953be606038"",""0x6940f8c3529787bcfbcbf21fa64207221930bb64f69f1727136674443bba43aa"",""0x4c896b9c75e38294c3a07ab4ccb18852996db2708540195223e428ddf09d38a0"",""0x01829fcc6d779d94ee869f97379c6516562dc7f8b74938742ffefe6b09b93fbc"",""0x106ecf713381cc7ee659b224caebb8c2d8402304fcc03cc12f04d9acb19beb31"",""0x429b49322f39406d28f591c75e8222ecd51db05a599ec5d128466346627eb705"",""0x5b677b1ca640fe2fa90ccb13036a107a5177af4f0b0bd5ed853ac029e427d019"",""0x1ebfa3f4b31da950a10ba4155a5675fdf5fb3ac42fe3f076668cfe359788f601"",""0xdf845dfbd70267c5c523805713303d6f4b7b91d97219e28f0508b46315e5e0e2""]","[""0xcc5a3914b6cc401b98a202e8075b56eb77670a1140412c79b48b965bce6e05f2"",""0x90ecb607bbb48b913aefe5003509412fcdc1a78708f7390fad1c6953be606038"",""0x6940f8c3529787bcfbcbf21fa64207221930bb64f69f1727136674443bba43aa"",""0x4c896b9c75e38294c3a07ab4ccb18852996db2708540195223e428ddf09d38a0"",""0x106ecf713381cc7ee659b224caebb8c2d8402304fcc03cc12f04d9acb19beb31"",""0x5b677b1ca640fe2fa90ccb13036a107a5177af4f0b0bd5ed853ac029e427d019"",""0x1ebfa3f4b31da950a10ba4155a5675fdf5fb3ac42fe3f076668cfe359788f601"",""0xdf845dfbd70267c5c523805713303d6f4b7b91d97219e28f0508b46315e5e0e2""]",0,0,1,0,0,0,0.8
bstpstaking511maea74e52,valid,,5,1,1,maea74e52,100,10,10,"[""0x8d357dcd4a7c14d4a0f33a6d36f83ab30a8caad65d222d503f46d94d277f7c24"",""0x01829fcc6d779d94ee869f97379c6516562dc7f8b74938742ffefe6b09b93fbc"",""0x281cd26d80e9cd95f098908b641c2534121c033c47795850d88fdab6f04f2af0"",""0x262e2e527250bfc9fea90edce78f93b95ce16f345766eb2534ba2fb39906d951"",""0x119bb5b05d026a441a51d331d2e813d4a51e2ca676f9919b728dde31c94dc798"",""0xdabbd1bf365dd83a0175d5e359d11f8d109116b0745646ef8d2c6a2efcf851df"",""0xe2c89165b1663cbef76d4db4aff33d030d5826b8a643a445b8531c288e7745fd"",""0x3c4ef3727c5acae7ca4976ecf767571e18ac1b70a4aad2ac4f7b9139bcfc987d"",""0x55502bafc57a57cf79cf670fefef3504cf632e5de82803db33a8e4d8337b211c"",""0xedb061d6c685949f3e6f6b2fbc31238ae6ee3c1a2760e056b5c3e5e2304df8af""]","[""0x8d357dcd4a7c14d4a0f33a6d36f83ab30a8caad65d222d503f46d94d277f7c24"",""0x01829fcc6d779d94ee869f97379c6516562dc7f8b74938742ffefe6b09b93fbc"",""0x281cd26d80e9cd95f098908b641c2534121c033c47795850d88fdab6f04f2af0"",""0x262e2e527250bfc9fea90edce78f93b95ce16f345766eb2534ba2fb39906d951"",""0x119bb5b05d026a441a51d331d2e813d4a51e2ca676f9919b728dde31c94dc798"",""0xdabbd1bf365dd83a0175d5e359d11f8d109116b0745646ef8d2c6a2efcf851df"",""0xe2c89165b1663cbef76d4db4aff33d030d5826b8a643a445b8531c288e7745fd"",""0x3c4ef3727c5acae7ca4976ecf767571e18ac1b70a4aad2ac4f7b9139bcfc987d"",""0x55502bafc57a57cf79cf670fefef3504cf632e5de82803db33a8e4d8337b211c"",""0xedb061d6c685949f3e6f6b2fbc31238ae6ee3c1a2760e056b5c3e5e2304df8af""]","[""0x8d357dcd4a7c14d4a0f33a6d36f83ab30a8caad65d222d503f46d94d277f7c24"",""0x01829fcc6d779d94ee869f97379c6516562dc7f8b74938742ffefe6b09b93fbc"",""0x281cd26d80e9cd95f098908b641c2534121c033c47795850d88fdab6f04f2af0"",""0x262e2e527250bfc9fea90edce78f93b95ce16f345766eb2534ba2fb39906d951"",""0x119bb5b05d026a441a51d331d2e813d4a51e2ca676f9919b728dde31c94dc798"",""0xdabbd1bf365dd83a0175d5e359d11f8d109116b0745646ef8d2c6a2efcf851df"",""0xe2c89165b1663cbef76d4db4aff33d030d5826b8a643a445b8531c288e7745fd"",""0x3c4ef3727c5acae7ca4976ecf767571e18ac1b70a4aad2ac4f7b9139bcfc987d"",""0x55502bafc57a57cf79cf670fefef3504cf632e5de82803db33a8e4d8337b211c"",""0xedb061d6c685949f3e6f6b2fbc31238ae6ee3c1a2760e056b5c3e5e2304df8af""]",0,0,1,0,0,0,1
bstpstaking511mb0c003cd,valid,,5,1,1,mb0c003cd,100,10,10,"[""0xcd09dc92e8736934e461988f29064ea4e49ccc41310e47a797ab8e787536e77d"",""0x8a5fc9c813f0cbb1fbb3c86b71678b733f90197cd9b0fec7ef5b2e74d2827527"",""0xc3b0696840352e2a25a87160f85c766cba4c6b9424a40ded6b5e2eb28f9215f6"",""0x2c6db858294994968533795d44c86dc8f050d3652066b8ceadf9d3b73dc7d902"",""0x3c97283efec66e1a5ec8437966e087338da20f0aad3723d41d52c67328f7efe4"",""0xab461bed3349317736818b1dabb4b0c82cc986f81bc20a4f98abb1cf118525e2"",""0xb6956c09b733a91561395f6f106aa19a23a1df4c453562ff602fdc30b0b773ad"",""0xcfdc62eb5da1c0cc9f61c08540ca22833a6530d40de956ae254be5b1e0b59d74"",""0x483e0faacc32045385006ac1d42d028b103a2e2e02f320e20037d0d36be54907"",""0x49e5774ab139905928ff21d948254adc70aa28ff5eea2ac796f32b0549b267a3""]","[""0xcd09dc92e8736934e461988f29064ea4e49ccc41310e47a797ab8e787536e77d"",""0x8a5fc9c813f0cbb1fbb3c86b71678b733f90197cd9b0fec7ef5b2e74d2827527"",""0xc3b0696840352e2a25a87160f85c766cba4c6b9424a40ded6b5e2eb28f9215f6"",""0x2c6db858294994968533795d44c86dc8f050d3652066b8ceadf9d3b73dc7d902"",""0x3c97283efec66e1a5ec8437966e087338da20f0aad3723d41d52c67328f7efe4"",""0xab461bed3349317736818b1dabb4b0c82cc986f81bc20a4f98abb1cf118525e2"",""0xb6956c09b733a91561395f6f106aa19a23a1df4c453562ff602fdc30b0b773ad"",""0xcfdc62eb5da1c0cc9f61c08540ca22833a6530d40de956ae254be5b1e0b59d74"",""0x483e0faacc32045385006ac1d42d028b103a2e2e02f320e20037d0d36be54907"",""0x49e5774ab139905928ff21d948254adc70aa28ff5eea2ac796f32b0549b267a3""]","[""0xcd09dc92e8736934e461988f29064ea4e49ccc41310e47a797ab8e787536e77d"",""0x8a5fc9c813f0cbb1fbb3c86b71678b733f90197cd9b0fec7ef5b2e74d2827527"",""0xc3b0696840352e2a25a87160f85c766cba4c6b9424a40ded6b5e2eb28f9215f6"",""0x2c6db858294994968533795d44c86dc8f050d3652066b8ceadf9d3b73dc7d902"",""0x3c97283efec66e1a5ec8437966e087338da20f0aad3723d41d52c67328f7efe4"",""0xab461bed3349317736818b1dabb4b0c82cc986f81bc20a4f98abb1cf118525e2"",""0xb6956c09b733a91561395f6f106aa19a23a1df4c453562ff602fdc30b0b773ad"",""0xcfdc62eb5da1c0cc9f61c08540ca22833a6530d40de956ae254be5b1e0b59d74"",""0x483e0faacc32045385006ac1d42d028b103a2e2e02f320e20037d0d36be54907"",""0x49e5774ab139905928ff21d948254adc70aa28ff5eea2ac796f32b0549b267a3""]",0,0,1,0,0,0,1
bstpstaking511mb38d99c5,valid,,5,1,1,mb38d99c5,100,10,10,"[""0x8e6ed61f936c34115ed64b52efb53b493d279f72a1ed2c1dde342f98dfc9178d"",""0xadc1a837b5429a817612fe145787358ffe8831a2e75dee3a3338a31d486fb05f"",""0x000ceb98a30a9f0375fd46d151e4f2f8d830751c2983f14a1c6f0144f80b3198"",""0x281cd26d80e9cd95f098908b641c2534121c033c47795850d88fdab6f04f2af0"",""0x8d357dcd4a7c14d4a0f33a6d36f83ab30a8caad65d222d503f46d94d277f7c24"",""0xe5da0f8dfb6b491adb9c38f755f10e08bd498ab5979036394be3930984053206"",""0xdabbd1bf365dd83a0175d5e359d11f8d109116b0745646ef8d2c6a2efcf851df"",""0x06442c0ccc9ab367282f06426924517e0a49c25e50a492ad91aecc55b655f458"",""0xaa8fad824a174e57accf11eb34b23d020d6aa685da1925b1c30a611ffdb95a0e"",""0xf5162966dbd2c8c3b2195e7ee9c5e46a8dd1715287d079a5b92d312ca24045cd""]","[""0x8e6ed61f936c34115ed64b52efb53b493d279f72a1ed2c1dde342f98dfc9178d"",""0xadc1a837b5429a817612fe145787358ffe8831a2e75dee3a3338a31d486fb05f"",""0x000ceb98a30a9f0375fd46d151e4f2f8d830751c2983f14a1c6f0144f80b3198"",""0x8d357dcd4a7c14d4a0f33a6d36f83ab30a8caad65d222d503f46d94d277f7c24"",""0xe5da0f8dfb6b491adb9c38f755f10e08bd498ab5979036394be3930984053206"",""0xdabbd1bf365dd83a0175d5e359d11f8d109116b0745646ef8d2c6a2efcf851df"",""0x06442c0ccc9ab367282f06426924517e0a49c25e50a492ad91aecc55b655f458"",""0xaa8fad824a174e57accf11eb34b23d020d6aa685da1925b1c30a611ffdb95a0e"",""0x12c0e8caa1bce7d499cbbbc665fbb364c09cd2977856fe2bf0027b9c600b9022"",""0xf5162966dbd2c8c3b2195e7ee9c5e46a8dd1715287d079a5b92d312ca24045cd""]","[""0x8e6ed61f936c34115ed64b52efb53b493d279f72a1ed2c1dde342f98dfc9178d"",""0xadc1a837b5429a817612fe145787358ffe8831a2e75dee3a3338a31d486fb05f"",""0x000ceb98a30a9f0375fd46d151e4f2f8d830751c2983f14a1c6f0144f80b3198"",""0x8d357dcd4a7c14d4a0f33a6d36f83ab30a8caad65d222d503f46d94d277f7c24"",""0xe5da0f8dfb6b491adb9c38f755f10e08bd498ab5979036394be3930984053206"",""0xdabbd1bf365dd83a0175d5e359d11f8d109116b0745646ef8d2c6a2efcf851df"",""0x06442c0ccc9ab367282f06426924517e0a49c25e50a492ad91aecc55b655f458"",""0xaa8fad824a174e57accf11eb34b23d020d6aa685da1925b1c30a611ffdb95a0e"",""0xf5162966dbd2c8c3b2195e7ee9c5e46a8dd1715287d079a5b92d312ca24045cd""]",0,0,1,0,0,0,0.9
bstpstaking511mb8cbcc16,valid,,5,1,1,mb8cbcc16,100,10,10,"[""0x1b3b8b12b7bf9b1d8821bfc98cabc8effd4c5f2aea25c8291e662bffe19f088d"",""0x932383665799c1241f674264478c7dbdc9dbecd0c1d33b2034e91903326669df"",""0xa4a5871d752ffcf82f0971f07904f7cdd34150574ae793fcf1bff93d1aa06ff0"",""0xa2062d895d55eb1fe89e3a436af87aea855c3ba37e2b48c7bd119b1012c4edfd"",""0xb65630e7129a1fecafdca9eb7dbe53130a12b5d3e2e984bbf9c9a5399c6cc30f"",""0x230550ee2f183f79fbee87b09e6157a7bfd65abfefa14a749660749b7fa0d6b4"",""0x39700501189242fe3b7185fd03a5cace111de24b0c6b66471be82d30bc72ec27"",""0x7634f8326375f99ebfd7a8b203b7442a56b18cf7dc73f6238abd4122e8090b86"",""0xae105f7f87da768b512fdfdb98a0fbf6131d1571893bb99b9a0ab477ff1702c2"",""0x49e5774ab139905928ff21d948254adc70aa28ff5eea2ac796f32b0549b267a3""]","[""0x1cde8373a779839f2b591a11cac079df0f1eb3fb272188f9ceccb1dee8ec102f"",""0xb65630e7129a1fecafdca9eb7dbe53130a12b5d3e2e984bbf9c9a5399c6cc30f"",""0x230550ee2f183f79fbee87b09e6157a7bfd65abfefa14a749660749b7fa0d6b4"",""0x39700501189242fe3b7185fd03a5cace111de24b0c6b66471be82d30bc72ec27"",""0x7634f8326375f99ebfd7a8b203b7442a56b18cf7dc73f6238abd4122e8090b86"",""0xae105f7f87da768b512fdfdb98a0fbf6131d1571893bb99b9a0ab477ff1702c2"",""0xb3788db79f3ad700a3cc134a27acbcec7a0a587ffbcdf5927faa24e5c362d493"",""0x60642c6a8412d200a3413c5426afef17f3d72d45fadaf5cdde98b783893518ec"",""0x856f01151a1c15aa053c920c11f2f4a193b3ed4250c6ee2ebf77c3390fe0f275"",""0x6d5bfd47046b2e223b0c83d8c0d4e2ad42a064232926ed904efe73cb5d8f2133""]","[""0xb65630e7129a1fecafdca9eb7dbe53130a12b5d3e2e984bbf9c9a5399c6cc30f"",""0x230550ee2f183f79fbee87b09e6157a7bfd65abfefa14a749660749b7fa0d6b4"",""0x39700501189242fe3b7185fd03a5cace111de24b0c6b66471be82d30bc72ec27"",""0x7634f8326375f99ebfd7a8b203b7442a56b18cf7dc73f6238abd4122e8090b86"",""0xae105f7f87da768b512fdfdb98a0fbf6131d1571893bb99b9a0ab477ff1702c2""]",0,0,1,0,0,0,0.5
bstpstaking511mc5ae52b7,valid,,5,1,1,mc5ae52b7,100,10,10,"[""0x541ebb059060ff7f73374199ff51e8281c4dc5942c5c541867b4f25621486dc9"",""0xf11bad94616eadc4c930a68cc954c762e0ad7ae4e11f81bbe37778477da71fa5"",""0xf06d08186fc20a8ad1c9302fb2ec4daa81ff87d7dc46799427e1c52d6bb1e6d3"",""0x3c4ef3727c5acae7ca4976ecf767571e18ac1b70a4aad2ac4f7b9139bcfc987d"",""0x6e2ec90f7c36a36b5344a2aac6038ddc9c3860de12975f71142181a7a81c8609"",""0x281cd26d80e9cd95f098908b641c2534121c033c47795850d88fdab6f04f2af0"",""0xd5568fd406d7db628afa415d58bf5bd06959a92398aa702548e8e04793bedd47"",""0xb7eba087f5cc24fe2d08675f1cd5a26ebf3fd48642175807fccde9db3ffb3752"",""0x29eba7ba49866efd89a8dce8d84688734eb0b4b198d4992b288b36b31540c8dc"",""0x89c823bf9976eb820ef3b2041267ad2c6eed1f83e2ab87cdc4bf9577cff5a748""]","[""0x3c4ef3727c5acae7ca4976ecf767571e18ac1b70a4aad2ac4f7b9139bcfc987d"",""0x6e2ec90f7c36a36b5344a2aac6038ddc9c3860de12975f71142181a7a81c8609"",""0x12c0e8caa1bce7d499cbbbc665fbb364c09cd2977856fe2bf0027b9c600b9022"",""0xea69777677b59561b3782267ef6a65d6e0f38e1fea58f1ece52358972347edb0"",""0xb65630e7129a1fecafdca9eb7dbe53130a12b5d3e2e984bbf9c9a5399c6cc30f"",""0x39700501189242fe3b7185fd03a5cace111de24b0c6b66471be82d30bc72ec27"",""0x9920c06a362172692e96bab008e569caa257aaec2c8f130f3564a55f2f52357b"",""0x1fd6cd46a30ebaf43fddfe1aa0f8499987a4d3e3a687e3b577d2d1f1bf4d9e77"",""0x1721fbf3311a57adcac4eb75a9690451077fc079b0d94e4fa9d5a75bfb95e9c2"",""0x08c294941588d570c4ae95ce5aaf4a1592f278bd19029a2851efff2d86015692""]","[""0x3c4ef3727c5acae7ca4976ecf767571e18ac1b70a4aad2ac4f7b9139bcfc987d"",""0x6e2ec90f7c36a36b5344a2aac6038ddc9c3860de12975f71142181a7a81c8609""]",0,0,1,0,0,0,0.2
bstpstaking511mce4af4f6,valid,,5,1,1,mce4af4f6,100,10,10,"[""0x16ce498ca01ca0ceb8f3414bf534752c6788bd73b78139628534c4880e7d0c84"",""0x2c901a1e69bd055532c177d57d97657c1ee45446cdc9b2ce5916eda2a5c7011a"",""0x0d6652a8c9d9575f5254120f3b037a86104172ca1dd77b5b55be2da39daf1385"",""0x9d71c1950fb2485a93785f76560ffd25d298604f8c24f57aa61b276f1d333d1a"",""0x9a8e16bba5af5ac308ef348566b9c36d37beb2578b968a5d48629e2faf4f4f23"",""0xb498b69cb149bbbc2841525f505d792c9fa0a214ce16e0b3ae793c6826e21fc3"",""0xb759e3960a93ef78e32f4847b58dbc6b1c22efd6d9ccaa3b1a84911e6a288afa"",""0xffb33d2d1648788432430e96a9706f35a4dcfe30d45dd0e99a1eaf7e59ab6aeb"",""0xcc5a3914b6cc401b98a202e8075b56eb77670a1140412c79b48b965bce6e05f2"",""0x60642c6a8412d200a3413c5426afef17f3d72d45fadaf5cdde98b783893518ec""]","[""0x0d6652a8c9d9575f5254120f3b037a86104172ca1dd77b5b55be2da39daf1385"",""0xb759e3960a93ef78e32f4847b58dbc6b1c22efd6d9ccaa3b1a84911e6a288afa"",""0xf5162966dbd2c8c3b2195e7ee9c5e46a8dd1715287d079a5b92d312ca24045cd"",""0x3c4ef3727c5acae7ca4976ecf767571e18ac1b70a4aad2ac4f7b9139bcfc987d"",""0xea69777677b59561b3782267ef6a65d6e0f38e1fea58f1ece52358972347edb0"",""0x73d6c0efd0550ca38510ec910998f28c5f57de699ed4f4eab13ed86d90fb6b07"",""0x856f01151a1c15aa053c920c11f2f4a193b3ed4250c6ee2ebf77c3390fe0f275"",""0xfd6b6381e462eb69a90451498acc82533df2612f7e00141667dbce964caa982e"",""0x60642c6a8412d200a3413c5426afef17f3d72d45fadaf5cdde98b783893518ec"",""0x80ae3a3d46a5bfbf5f0adaf5d83aa1064814c65038e92093a16ea8304bd00bd3""]","[""0x0d6652a8c9d9575f5254120f3b037a86104172ca1dd77b5b55be2da39daf1385"",""0xb759e3960a93ef78e32f4847b58dbc6b1c22efd6d9ccaa3b1a84911e6a288afa"",""0x60642c6a8412d200a3413c5426afef17f3d72d45fadaf5cdde98b783893518ec""]",0,0,1,0,0,0,0.3
bstpstaking511mdd189b64,valid,,5,1,1,mdd189b64,100,10,10,"[""0x0d6652a8c9d9575f5254120f3b037a86104172ca1dd77b5b55be2da39daf1385"",""0x8e6ed61f936c34115ed64b52efb53b493d279f72a1ed2c1dde342f98dfc9178d"",""0x505f78474c398814eb0ba0cc3c08f6129e12bf16431876853283a43beac9d141"",""0xdabbd1bf365dd83a0175d5e359d11f8d109116b0745646ef8d2c6a2efcf851df"",""0xcd6d08f520a5a6aebaa079033393b6393e347445be26d2c107e8d7ee03c8f13c"",""0x70466edbeed113ce8a8435ffd9f8208b8c3f50b2cf38281af86584c766a4310f"",""0x737e933cd67a89d2c13038c499d7d71518a56e6b95bc97e9056a59b45c072c99"",""0x37890a125406e5e42ba213b40b55685bc6c328fc0106903b123b70d8312c1000"",""0x1721fbf3311a57adcac4eb75a9690451077fc079b0d94e4fa9d5a75bfb95e9c2"",""0xaa8fad824a174e57accf11eb34b23d020d6aa685da1925b1c30a611ffdb95a0e""]","[""0x0d6652a8c9d9575f5254120f3b037a86104172ca1dd77b5b55be2da39daf1385"",""0x8e6ed61f936c34115ed64b52efb53b493d279f72a1ed2c1dde342f98dfc9178d"",""0x505f78474c398814eb0ba0cc3c08f6129e12bf16431876853283a43beac9d141"",""0xdabbd1bf365dd83a0175d5e359d11f8d109116b0745646ef8d2c6a2efcf851df"",""0xcd6d08f520a5a6aebaa079033393b6393e347445be26d2c107e8d7ee03c8f13c"",""0x70466edbeed113ce8a8435ffd9f8208b8c3f50b2cf38281af86584c766a4310f"",""0x737e933cd67a89d2c13038c499d7d71518a56e6b95bc97e9056a59b45c072c99"",""0x37890a125406e5e42ba213b40b55685bc6c328fc0106903b123b70d8312c1000"",""0x1721fbf3311a57adcac4eb75a9690451077fc079b0d94e4fa9d5a75bfb95e9c2"",""0xaa8fad824a174e57accf11eb34b23d020d6aa685da1925b1c30a611ffdb95a0e""]","[""0x0d6652a8c9d9575f5254120f3b037a86104172ca1dd77b5b55be2da39daf1385"",""0x8e6ed61f936c34115ed64b52efb53b493d279f72a1ed2c1dde342f98dfc9178d"",""0x505f78474c398814eb0ba0cc3c08f6129e12bf16431876853283a43beac9d141"",""0xdabbd1bf365dd83a0175d5e359d11f8d109116b0745646ef8d2c6a2efcf851df"",""0xcd6d08f520a5a6aebaa079033393b6393e347445be26d2c107e8d7ee03c8f13c"",""0x70466edbeed113ce8a8435ffd9f8208b8c3f50b2cf38281af86584c766a4310f"",""0x737e933cd67a89d2c13038c499d7d71518a56e6b95bc97e9056a59b45c072c99"",""0x37890a125406e5e42ba213b40b55685bc6c328fc0106903b123b70d8312c1000"",""0x1721fbf3311a57adcac4eb75a9690451077fc079b0d94e4fa9d5a75bfb95e9c2"",""0xaa8fad824a174e57accf11eb34b23d020d6aa685da1925b1c30a611ffdb95a0e""]",0,0,1,0,0,0,1
bstpstaking511me8bc7185,valid,,5,1,1,me8bc7185,100,10,10,"[""0x5b677b1ca640fe2fa90ccb13036a107a5177af4f0b0bd5ed853ac029e427d019"",""0x3c97283efec66e1a5ec8437966e087338da20f0aad3723d41d52c67328f7efe4"",""0x49e5774ab139905928ff21d948254adc70aa28ff5eea2ac796f32b0549b267a3"",""0x6e53ec51854bc45ec72e747b9db61797e1b20b6c0f523a3f2ead783fd267ed91"",""0xa7831feb3b6ce91bfea938682651e70d662f1266659cbce6eaf0526e45512a68"",""0x167a4d5214f28e5714dbe0ef582ab78f31d676888df89fd1380e7d60c6455530"",""0x90ecb607bbb48b913aefe5003509412fcdc1a78708f7390fad1c6953be606038"",""0xcfdc62eb5da1c0cc9f61c08540ca22833a6530d40de956ae254be5b1e0b59d74"",""0xfc9bec6e17e3d34235748a04c8a772f602b2283e2946d9f68c2ed62bcdd2cd85"",""0xc242c986f95f7cb745f870b1e292c03f57e59c36e809d37eb00cc8d235b22c5a""]","[""0x5b677b1ca640fe2fa90ccb13036a107a5177af4f0b0bd5ed853ac029e427d019"",""0x3c97283efec66e1a5ec8437966e087338da20f0aad3723d41d52c67328f7efe4"",""0x49e5774ab139905928ff21d948254adc70aa28ff5eea2ac796f32b0549b267a3"",""0x6e53ec51854bc45ec72e747b9db61797e1b20b6c0f523a3f2ead783fd267ed91"",""0xa7831feb3b6ce91bfea938682651e70d662f1266659cbce6eaf0526e45512a68"",""0x167a4d5214f28e5714dbe0ef582ab78f31d676888df89fd1380e7d60c6455530"",""0x90ecb607bbb48b913aefe5003509412fcdc1a78708f7390fad1c6953be606038"",""0xcfdc62eb5da1c0cc9f61c08540ca22833a6530d40de956ae254be5b1e0b59d74"",""0xfc9bec6e17e3d34235748a04c8a772f602b2283e2946d9f68c2ed62bcdd2cd85"",""0xc242c986f95f7cb745f870b1e292c03f57e59c36e809d37eb00cc8d235b22c5a""]","[""0x5b677b1ca640fe2fa90ccb13036a107a5177af4f0b0bd5ed853ac029e427d019"",""0x3c97283efec66e1a5ec8437966e087338da20f0aad3723d41d52c67328f7efe4"",""0x49e5774ab139905928ff21d948254adc70aa28ff5eea2ac796f32b0549b267a3"",""0x6e53ec51854bc45ec72e747b9db61797e1b20b6c0f523a3f2ead783fd267ed91"",""0xa7831feb3b6ce91bfea938682651e70d662f1266659cbce6eaf0526e45512a68"",""0x167a4d5214f28e5714dbe0ef582ab78f31d676888df89fd1380e7d60c6455530"",""0x90ecb607bbb48b913aefe5003509412fcdc1a78708f7390fad1c6953be606038"",""0xcfdc62eb5da1c0cc9f61c08540ca22833a6530d40de956ae254be5b1e0b59d74"",""0xfc9bec6e17e3d34235748a04c8a772f602b2283e2946d9f68c2ed62bcdd2cd85"",""0xc242c986f95f7cb745f870b1e292c03f57e59c36e809d37eb00cc8d235b22c5a""]",0,0,1,0,0,0,1
bstpstaking511mec0952f1,valid,,5,1,1,mec0952f1,100,10,10,"[""0x119bb5b05d026a441a51d331d2e813d4a51e2ca676f9919b728dde31c94dc798"",""0xdd364115eefd88d44ddca902abb962bd1038efc911e81847f0d1911029cb83fc"",""0x281cd26d80e9cd95f098908b641c2534121c033c47795850d88fdab6f04f2af0"",""0xdabbd1bf365dd83a0175d5e359d11f8d109116b0745646ef8d2c6a2efcf851df"",""0xbf11d678dcdece15f7824e21c504ec11500448bd6eb50749dea8bda81bf85a81"",""0xf5162966dbd2c8c3b2195e7ee9c5e46a8dd1715287d079a5b92d312ca24045cd"",""0x27f6a02165b673e7008df197e38e096214cfb8e24d4ed54d9d7086bd62eb23c1"",""0x68fb332560fdf6ea1d74d8c4bfc3ff952f79df911ac17e478862c0aa1c736db3"",""0x262e2e527250bfc9fea90edce78f93b95ce16f345766eb2534ba2fb39906d951"",""0x01829fcc6d779d94ee869f97379c6516562dc7f8b74938742ffefe6b09b93fbc""]","[""0x119bb5b05d026a441a51d331d2e813d4a51e2ca676f9919b728dde31c94dc798"",""0xdd364115eefd88d44ddca902abb962bd1038efc911e81847f0d1911029cb83fc"",""0x281cd26d80e9cd95f098908b641c2534121c033c47795850d88fdab6f04f2af0"",""0xdabbd1bf365dd83a0175d5e359d11f8d109116b0745646ef8d2c6a2efcf851df"",""0xbf11d678dcdece15f7824e21c504ec11500448bd6eb50749dea8bda81bf85a81"",""0xf5162966dbd2c8c3b2195e7ee9c5e46a8dd1715287d079a5b92d312ca24045cd"",""0x27f6a02165b673e7008df197e38e096214cfb8e24d4ed54d9d7086bd62eb23c1"",""0x68fb332560fdf6ea1d74d8c4bfc3ff952f79df911ac17e478862c0aa1c736db3"",""0x262e2e527250bfc9fea90edce78f93b95ce16f345766eb2534ba2fb39906d951"",""0x01829fcc6d779d94ee869f97379c6516562dc7f8b74938742ffefe6b09b93fbc""]","[""0x119bb5b05d026a441a51d331d2e813d4a51e2ca676f9919b728dde31c94dc798"",""0xdd364115eefd88d44ddca902abb962bd1038efc911e81847f0d1911029cb83fc"",""0x281cd26d80e9cd95f098908b641c2534121c033c47795850d88fdab6f04f2af0"",""0xdabbd1bf365dd83a0175d5e359d11f8d109116b0745646ef8d2c6a2efcf851df"",""0xbf11d678dcdece15f7824e21c504ec11500448bd6eb50749dea8bda81bf85a81"",""0xf5162966dbd2c8c3b2195e7ee9c5e46a8dd1715287d079a5b92d312ca24045cd"",""0x27f6a02165b673e7008df197e38e096214cfb8e24d4ed54d9d7086bd62eb23c1"",""0x68fb332560fdf6ea1d74d8c4bfc3ff952f79df911ac17e478862c0aa1c736db3"",""0x262e2e527250bfc9fea90edce78f93b95ce16f345766eb2534ba2fb39906d951"",""0x01829fcc6d779d94ee869f97379c6516562dc7f8b74938742ffefe6b09b93fbc""]",0,0,1,0,0,0,1
bstpstaking511mfadd38bd,valid,,5,1,1,mfadd38bd,100,10,10,"[""0x6b84de292cb6e3be779d6288c69c6a070bba523a2317a4d294c1616e10f137ed"",""0x29eba7ba49866efd89a8dce8d84688734eb0b4b198d4992b288b36b31540c8dc"",""0x49e5774ab139905928ff21d948254adc70aa28ff5eea2ac796f32b0549b267a3"",""0x9a0ed5a06fb6051d9a659f829e57ea0e382f714cb43d55efaa317c69cfae14ee"",""0x71a93113087b01233d6a75b25863b56cc2d4ca947f24a3540208f7d1f5e5efbf"",""0x55502bafc57a57cf79cf670fefef3504cf632e5de82803db33a8e4d8337b211c"",""0x16a4b9d56a3ab5e2ef284d0e822e6707757b125228793b37bc9e037802da9d9b"",""0xfd6b6381e462eb69a90451498acc82533df2612f7e00141667dbce964caa982e"",""0x60642c6a8412d200a3413c5426afef17f3d72d45fadaf5cdde98b783893518ec"",""0x1fd6cd46a30ebaf43fddfe1aa0f8499987a4d3e3a687e3b577d2d1f1bf4d9e77""]","[""0x71a93113087b01233d6a75b25863b56cc2d4ca947f24a3540208f7d1f5e5efbf"",""0xfd6b6381e462eb69a90451498acc82533df2612f7e00141667dbce964caa982e"",""0x505f78474c398814eb0ba0cc3c08f6129e12bf16431876853283a43beac9d141"",""0x3c4ef3727c5acae7ca4976ecf767571e18ac1b70a4aad2ac4f7b9139bcfc987d"",""0x60642c6a8412d200a3413c5426afef17f3d72d45fadaf5cdde98b783893518ec"",""0x1fd6cd46a30ebaf43fddfe1aa0f8499987a4d3e3a687e3b577d2d1f1bf4d9e77"",""0x429b49322f39406d28f591c75e8222ecd51db05a599ec5d128466346627eb705"",""0xae105f7f87da768b512fdfdb98a0fbf6131d1571893bb99b9a0ab477ff1702c2"",""0x353fcfc68b913bba883a1cbe437235257a5567ace334e692406b2239896cc845"",""0x7c9cdb9fd07a0e95dd225ef751470ce88b43ad6e9e209b3b95404c7a6849e39b""]","[""0x71a93113087b01233d6a75b25863b56cc2d4ca947f24a3540208f7d1f5e5efbf"",""0xfd6b6381e462eb69a90451498acc82533df2612f7e00141667dbce964caa982e"",""0x60642c6a8412d200a3413c5426afef17f3d72d45fadaf5cdde98b783893518ec"",""0x1fd6cd46a30ebaf43fddfe1aa0f8499987a4d3e3a687e3b577d2d1f1bf4d9e77""]",0,0,1,0,0,0,0.4
bstpstaking512m02a43993,valid,,5,1,2,m02a43993,100,10,10,"[""0xb1d52412675094b54611913899744bda3aa3c67ce51c9e9d61d8a49d9cc84caf"",""0x92c0efa8758ff02dd06dfd438cd6612b6e3590f9c8b7c0932fd418903855a478"",""0x80288ad5dc62d58560df110a3535af497449f9f6f4f71e34500b9f5045943ea7"",""0x90ecb607bbb48b913aefe5003509412fcdc1a78708f7390fad1c6953be606038"",""0x3b5d1234f10198acc136a10dfa09fa0a1a59de504bc0d9a7c35446f692b7c07c"",""0xcd09dc92e8736934e461988f29064ea4e49ccc41310e47a797ab8e787536e77d"",""0xb002fb01be58fedcd04d5ceb2895feaf22973ac1205efed3d2db367bc6d7525b"",""0x7c40aac49a736517f5c440f9392f1683424054f2ffa6df7c2970a52c11db06ca"",""0x6940f8c3529787bcfbcbf21fa64207221930bb64f69f1727136674443bba43aa"",""0x757e599b0f8da111bb0f55a5e5fc95e0206c86ef46c24b4256f1801dacd1bac6""]","[""0xb1d52412675094b54611913899744bda3aa3c67ce51c9e9d61d8a49d9cc84caf"",""0x92c0efa8758ff02dd06dfd438cd6612b6e3590f9c8b7c0932fd418903855a478"",""0x80288ad5dc62d58560df110a3535af497449f9f6f4f71e34500b9f5045943ea7"",""0x90ecb607bbb48b913aefe5003509412fcdc1a78708f7390fad1c6953be606038"",""0x08c294941588d570c4ae95ce5aaf4a1592f278bd19029a2851efff2d86015692"",""0x3b5d1234f10198acc136a10dfa09fa0a1a59de504bc0d9a7c35446f692b7c07c"",""0xcd09dc92e8736934e461988f29064ea4e49ccc41310e47a797ab8e787536e77d"",""0xb002fb01be58fedcd04d5ceb2895feaf22973ac1205efed3d2db367bc6d7525b"",""0x7c40aac49a736517f5c440f9392f1683424054f2ffa6df7c2970a52c11db06ca"",""0x6940f8c3529787bcfbcbf21fa64207221930bb64f69f1727136674443bba43aa""]","[""0xb1d52412675094b54611913899744bda3aa3c67ce51c9e9d61d8a49d9cc84caf"",""0x92c0efa8758ff02dd06dfd438cd6612b6e3590f9c8b7c0932fd418903855a478"",""0x80288ad5dc62d58560df110a3535af497449f9f6f4f71e34500b9f5045943ea7"",""0x90ecb607bbb48b913aefe5003509412fcdc1a78708f7390fad1c6953be606038"",""0x3b5d1234f10198acc136a10dfa09fa0a1a59de504bc0d9a7c35446f692b7c07c"",""0xcd09dc92e8736934e461988f29064ea4e49ccc41310e47a797ab8e787536e77d"",""0xb002fb01be58fedcd04d5ceb2895feaf22973ac1205efed3d2db367bc6d7525b"",""0x7c40aac49a736517f5c440f9392f1683424054f2ffa6df7c2970a52c11db06ca"",""0x6940f8c3529787bcfbcbf21fa64207221930bb64f69f1727136674443bba43aa""]",0,0,1,0,0,0,0.9
bstpstaking512m069a3556,valid,,5,1,2,m069a3556,100,10,10,"[""0xc07123b97e3b7fb310541633f72936c40f21f7a507de51256f9c4a68505fe755"",""0x8e6d012480045e4b5a348cba18c36cd7dce2c03e104f31bee2ef673ed479f9b9"",""0x230550ee2f183f79fbee87b09e6157a7bfd65abfefa14a749660749b7fa0d6b4"",""0xe70b739d2c9d746514eb24b9ed0d3b51448a0a5913813a2864aa9be0ec65e691"",""0x281cd26d80e9cd95f098908b641c2534121c033c47795850d88fdab6f04f2af0"",""0xf4c422da3c214b6694dd8937e3bd0f11e555e480b13c9abfe908f7d2066c5257"",""0x12c0e8caa1bce7d499cbbbc665fbb364c09cd2977856fe2bf0027b9c600b9022"",""0x8d357dcd4a7c14d4a0f33a6d36f83ab30a8caad65d222d503f46d94d277f7c24"",""0xfd70d4311b5768c6b6bf7ecd75518b0b26ba2529cb7cf75e450bca9f0d366daa"",""0x86ae1d3cfed9f994a673ca32c9ebb44c1b77c8c3781c16a0f6486fea4611ee5b""]","[""0x230550ee2f183f79fbee87b09e6157a7bfd65abfefa14a749660749b7fa0d6b4"",""0xe5da0f8dfb6b491adb9c38f755f10e08bd498ab5979036394be3930984053206"",""0x505f78474c398814eb0ba0cc3c08f6129e12bf16431876853283a43beac9d141"",""0x281cd26d80e9cd95f098908b641c2534121c033c47795850d88fdab6f04f2af0"",""0x12c0e8caa1bce7d499cbbbc665fbb364c09cd2977856fe2bf0027b9c600b9022"",""0x8d357dcd4a7c14d4a0f33a6d36f83ab30a8caad65d222d503f46d94d277f7c24"",""0xcd6d08f520a5a6aebaa079033393b6393e347445be26d2c107e8d7ee03c8f13c"",""0xd7531695dcd358a4f56787acbbd65565a09fc63eff941ad49498daeb1ae38f44"",""0x429b49322f39406d28f591c75e8222ecd51db05a599ec5d128466346627eb705"",""0x86ae1d3cfed9f994a673ca32c9ebb44c1b77c8c3781c16a0f6486fea4611ee5b""]","[""0x230550ee2f183f79fbee87b09e6157a7bfd65abfefa14a749660749b7fa0d6b4"",""0x281cd26d80e9cd95f098908b641c2534121c033c47795850d88fdab6f04f2af0"",""0x12c0e8caa1bce7d499cbbbc665fbb364c09cd2977856fe2bf0027b9c600b9022"",""0x8d357dcd4a7c14d4a0f33a6d36f83ab30a8caad65d222d503f46d94d277f7c24"",""0x86ae1d3cfed9f994a673ca32c9ebb44c1b77c8c3781c16a0f6486fea4611ee5b""]",0,0,1,0,0,0,0.5
bstpstaking512m1a5bd173,valid,,5,1,2,m1a5bd173,100,10,10,"[""0xc6a97d34bb42db0a2411ee2a04a39e1a349ac46d0facc8d8aba2ac45c1b9eee0"",""0x1450a2ad54db1f6259714cc9ac588cd99a4c4c03f9526698ab2fa1de7df5a66e"",""0x33da2b3594ef9db6bcb504fb42dbeb618bd4744bad06118ab8bdb7d67bdff688"",""0xb62a93a4af9e98302c8ef25df57b7a8d3e8ce50815f06bbd35bea1297ebdda46"",""0x16a4b9d56a3ab5e2ef284d0e822e6707757b125228793b37bc9e037802da9d9b"",""0x24f9218adf79c104bedfedf7890d4204b575153662d2926a63eaf682f636b496"",""0x0a363f73ac86187864f54390fdd7c779dfc66601f6a87f2d44a62f2ebe20bba6"",""0x6a735d9199bcfde6d540397f0c81a9225ad8520e39847b9a367e7dd94565137d"",""0x86ae1d3cfed9f994a673ca32c9ebb44c1b77c8c3781c16a0f6486fea4611ee5b"",""0xb6956c09b733a91561395f6f106aa19a23a1df4c453562ff602fdc30b0b773ad""]","[""0x16a4b9d56a3ab5e2ef284d0e822e6707757b125228793b37bc9e037802da9d9b"",""0x86ae1d3cfed9f994a673ca32c9ebb44c1b77c8c3781c16a0f6486fea4611ee5b"",""0xa4a5871d752ffcf82f0971f07904f7cdd34150574ae793fcf1bff93d1aa06ff0"",""0xaa8fad824a174e57accf11eb34b23d020d6aa685da1925b1c30a611ffdb95a0e"",""0x80e64594a9d4fad2c6617c96707f6c9a1a78970b22d16066311be57b6d24a7da"",""0x39700501189242fe3b7185fd03a5cace111de24b0c6b66471be82d30bc72ec27"",""0x7634f8326375f99ebfd7a8b203b7442a56b18cf7dc73f6238abd4122e8090b86"",""0x6ea2e4d3921eb79867ba52b40ba2fdf4df2de7e307f65f7742bf9f3bdb48a96c"",""0xe2c89165b1663cbef76d4db4aff33d030d5826b8a643a445b8531c288e7745fd"",""0x60642c6a8412d200a3413c5426afef17f3d72d45fadaf5cdde98b783893518ec""]","[""0x16a4b9d56a3ab5e2ef284d0e822e6707757b125228793b37bc9e037802da9d9b"",""0x86ae1d3cfed9f994a673ca32c9ebb44c1b77c8c3781c16a0f6486fea4611ee5b""]",0,0,1,0,0,0,0.2
bstpstaking512m30fd2845,valid,,5,1,2,m30fd2845,100,10,10,"[""0x73d6c0efd0550ca38510ec910998f28c5f57de699ed4f4eab13ed86d90fb6b07"",""0x16a4b9d56a3ab5e2ef284d0e822e6707757b125228793b37bc9e037802da9d9b"",""0xe9bff1484b60de522b5fda8d2a44f33f1ba6a17ca2db76472f469a91f2245a8b"",""0x7c9cdb9fd07a0e95dd225ef751470ce88b43ad6e9e209b3b95404c7a6849e39b"",""0xb3788db79f3ad700a3cc134a27acbcec7a0a587ffbcdf5927faa24e5c362d493"",""0xc2467251882eb44d5415c8fddda0ba28022dedaeeca039a9fa1e56bb4cb2aba3"",""0xea69777677b59561b3782267ef6a65d6e0f38e1fea58f1ece52358972347edb0"",""0x68fb332560fdf6ea1d74d8c4bfc3ff952f79df911ac17e478862c0aa1c736db3"",""0x9920c06a362172692e96bab008e569caa257aaec2c8f130f3564a55f2f52357b"",""0x262e2e527250bfc9fea90edce78f93b95ce16f345766eb2534ba2fb39906d951""]","[""0x73d6c0efd0550ca38510ec910998f28c5f57de699ed4f4eab13ed86d90fb6b07"",""0x16a4b9d56a3ab5e2ef284d0e822e6707757b125228793b37bc9e037802da9d9b"",""0xe9bff1484b60de522b5fda8d2a44f33f1ba6a17ca2db76472f469a91f2245a8b"",""0x7c9cdb9fd07a0e95dd225ef751470ce88b43ad6e9e209b3b95404c7a6849e39b"",""0xb3788db79f3ad700a3cc134a27acbcec7a0a587ffbcdf5927faa24e5c362d493"",""0xc2467251882eb44d5415c8fddda0ba28022dedaeeca039a9fa1e56bb4cb2aba3"",""0xea69777677b59561b3782267ef6a65d6e0f38e1fea58f1ece52358972347edb0"",""0x68fb332560fdf6ea1d74d8c4bfc3ff952f79df911ac17e478862c0aa1c736db3"",""0x9920c06a362172692e96bab008e569caa257aaec2c8f130f3564a55f2f52357b"",""0x262e2e527250bfc9fea90edce78f93b95ce16f345766eb2534ba2fb39906d951""]","[""0x73d6c0efd0550ca38510ec910998f28c5f57de699ed4f4eab13ed86d90fb6b07"",""0x16a4b9d56a3ab5e2ef284d0e822e6707757b125228793b37bc9e037802da9d9b"",""0xe9bff1484b60de522b5fda8d2a44f33f1ba6a17ca2db76472f469a91f2245a8b"",""0x7c9cdb9fd07a0e95dd225ef751470ce88b43ad6e9e209b3b95404c7a6849e39b"",""0xb3788db79f3ad700a3cc134a27acbcec7a0a587ffbcdf5927faa24e5c362d493"",""0xc2467251882eb44d5415c8fddda0ba28022dedaeeca039a9fa1e56bb4cb2aba3"",""0xea69777677b59561b3782267ef6a65d6e0f38e1fea58f1ece52358972347edb0"",""0x68fb332560fdf6ea1d74d8c4bfc3ff952f79df911ac17e478862c0aa1c736db3"",""0x9920c06a362172692e96bab008e569caa257aaec2c8f130f3564a55f2f52357b"",""0x262e2e527250bfc9fea90edce78f93b95ce16f345766eb2534ba2fb39906d951""]",0,0,1,0,0,0,1
bstpstaking512m33799275,valid,,5,1,2,m33799275,100,10,10,"[""0xcd09dc92e8736934e461988f29064ea4e49ccc41310e47a797ab8e787536e77d"",""0xfd70d4311b5768c6b6bf7ecd75518b0b26ba2529cb7cf75e450bca9f0d366daa"",""0xa7831feb3b6ce91bfea938682651e70d662f1266659cbce6eaf0526e45512a68"",""0x29eba7ba49866efd89a8dce8d84688734eb0b4b198d4992b288b36b31540c8dc"",""0x2c6db858294994968533795d44c86dc8f050d3652066b8ceadf9d3b73dc7d902"",""0x8945bcc45087a8bfb2e18a5306781be29a69dbac49c73ab68b0d6c56a67bc0f9"",""0x5b677b1ca640fe2fa90ccb13036a107a5177af4f0b0bd5ed853ac029e427d019"",""0x8cc4b8cdcb727613f2378e83b1e459ef38061ac468dcb3d02730b17ef2a02673"",""0x49e5774ab139905928ff21d948254adc70aa28ff5eea2ac796f32b0549b267a3"",""0x106ecf713381cc7ee659b224caebb8c2d8402304fcc03cc12f04d9acb19beb31""]","[""0xcd09dc92e8736934e461988f29064ea4e49ccc41310e47a797ab8e787536e77d"",""0xfd70d4311b5768c6b6bf7ecd75518b0b26ba2529cb7cf75e450bca9f0d366daa"",""0xa7831feb3b6ce91bfea938682651e70d662f1266659cbce6eaf0526e45512a68"",""0x29eba7ba49866efd89a8dce8d84688734eb0b4b198d4992b288b36b31540c8dc"",""0x2c6db858294994968533795d44c86dc8f050d3652066b8ceadf9d3b73dc7d902"",""0x8945bcc45087a8bfb2e18a5306781be29a69dbac49c73ab68b0d6c56a67bc0f9"",""0x5b677b1ca640fe2fa90ccb13036a107a5177af4f0b0bd5ed853ac029e427d019"",""0x8cc4b8cdcb727613f2378e83b1e459ef38061ac468dcb3d02730b17ef2a02673"",""0x49e5774ab139905928ff21d948254adc70aa28ff5eea2ac796f32b0549b267a3"",""0x106ecf713381cc7ee659b224caebb8c2d8402304fcc03cc12f04d9acb19beb31""]","[""0xcd09dc92e8736934e461988f29064ea4e49ccc41310e47a797ab8e787536e77d"",""0xfd70d4311b5768c6b6bf7ecd75518b0b26ba2529cb7cf75e450bca9f0d366daa"",""0xa7831feb3b6ce91bfea938682651e70d662f1266659cbce6eaf0526e45512a68"",""0x29eba7ba49866efd89a8dce8d84688734eb0b4b198d4992b288b36b31540c8dc"",""0x2c6db858294994968533795d44c86dc8f050d3652066b8ceadf9d3b73dc7d902"",""0x8945bcc45087a8bfb2e18a5306781be29a69dbac49c73ab68b0d6c56a67bc0f9"",""0x5b677b1ca640fe2fa90ccb13036a107a5177af4f0b0bd5ed853ac029e427d019"",""0x8cc4b8cdcb727613f2378e83b1e459ef38061ac468dcb3d02730b17ef2a02673"",""0x49e5774ab139905928ff21d948254adc70aa28ff5eea2ac796f32b0549b267a3"",""0x106ecf713381cc7ee659b224caebb8c2d8402304fcc03cc12f04d9acb19beb31""]",0,0,1,0,0,0,1
bstpstaking512m3b4969fb,valid,,5,1,2,m3b4969fb,100,10,10,"[""0xb002fb01be58fedcd04d5ceb2895feaf22973ac1205efed3d2db367bc6d7525b"",""0x106ecf713381cc7ee659b224caebb8c2d8402304fcc03cc12f04d9acb19beb31"",""0x682175835b69fee8ca4e1000194ccf6067372d31c29aa0c1fb86d118274fe35f"",""0xc242c986f95f7cb745f870b1e292c03f57e59c36e809d37eb00cc8d235b22c5a"",""0x4c896b9c75e38294c3a07ab4ccb18852996db2708540195223e428ddf09d38a0"",""0x6a735d9199bcfde6d540397f0c81a9225ad8520e39847b9a367e7dd94565137d"",""0x4f70045f96345b6154f2e63f3fe4b06b6e40108aedcdd3afc6a66ea75fc3da24"",""0xffb33d2d1648788432430e96a9706f35a4dcfe30d45dd0e99a1eaf7e59ab6aeb"",""0xcfdc62eb5da1c0cc9f61c08540ca22833a6530d40de956ae254be5b1e0b59d74"",""0x5b677b1ca640fe2fa90ccb13036a107a5177af4f0b0bd5ed853ac029e427d019""]","[""0xb002fb01be58fedcd04d5ceb2895feaf22973ac1205efed3d2db367bc6d7525b"",""0x106ecf713381cc7ee659b224caebb8c2d8402304fcc03cc12f04d9acb19beb31"",""0x682175835b69fee8ca4e1000194ccf6067372d31c29aa0c1fb86d118274fe35f"",""0xc242c986f95f7cb745f870b1e292c03f57e59c36e809d37eb00cc8d235b22c5a"",""0x4c896b9c75e38294c3a07ab4ccb18852996db2708540195223e428ddf09d38a0"",""0x6a735d9199bcfde6d540397f0c81a9225ad8520e39847b9a367e7dd94565137d"",""0x4f70045f96345b6154f2e63f3fe4b06b6e40108aedcdd3afc6a66ea75fc3da24"",""0xffb33d2d1648788432430e96a9706f35a4dcfe30d45dd0e99a1eaf7e59ab6aeb"",""0xcfdc62eb5da1c0cc9f61c08540ca22833a6530d40de956ae254be5b1e0b59d74"",""0x5b677b1ca640fe2fa90ccb13036a107a5177af4f0b0bd5ed853ac029e427d019""]","[""0xb002fb01be58fedcd04d5ceb2895feaf22973ac1205efed3d2db367bc6d7525b"",""0x106ecf713381cc7ee659b224caebb8c2d8402304fcc03cc12f04d9acb19beb31"",""0x682175835b69fee8ca4e1000194ccf6067372d31c29aa0c1fb86d118274fe35f"",""0xc242c986f95f7cb745f870b1e292c03f57e59c36e809d37eb00cc8d235b22c5a"",""0x4c896b9c75e38294c3a07ab4ccb18852996db2708540195223e428ddf09d38a0"",""0x6a735d9199bcfde6d540397f0c81a9225ad8520e39847b9a367e7dd94565137d"",""0x4f70045f96345b6154f2e63f3fe4b06b6e40108aedcdd3afc6a66ea75fc3da24"",""0xffb33d2d1648788432430e96a9706f35a4dcfe30d45dd0e99a1eaf7e59ab6aeb"",""0xcfdc62eb5da1c0cc9f61c08540ca22833a6530d40de956ae254be5b1e0b59d74"",""0x5b677b1ca640fe2fa90ccb13036a107a5177af4f0b0bd5ed853ac029e427d019""]",0,0,1,0,0,0,1
bstpstaking512m4239fd1c,valid,,5,1,2,m4239fd1c,100,10,10,"[""0x483e0faacc32045385006ac1d42d028b103a2e2e02f320e20037d0d36be54907"",""0x89c823bf9976eb820ef3b2041267ad2c6eed1f83e2ab87cdc4bf9577cff5a748"",""0x3c97283efec66e1a5ec8437966e087338da20f0aad3723d41d52c67328f7efe4"",""0x6940f8c3529787bcfbcbf21fa64207221930bb64f69f1727136674443bba43aa"",""0x106ecf713381cc7ee659b224caebb8c2d8402304fcc03cc12f04d9acb19beb31"",""0x90ecb607bbb48b913aefe5003509412fcdc1a78708f7390fad1c6953be606038"",""0xb7eba087f5cc24fe2d08675f1cd5a26ebf3fd48642175807fccde9db3ffb3752"",""0xdf845dfbd70267c5c523805713303d6f4b7b91d97219e28f0508b46315e5e0e2"",""0x8a5fc9c813f0cbb1fbb3c86b71678b733f90197cd9b0fec7ef5b2e74d2827527"",""0xd9067ec22c0a52c0bf051e10e841161ac9d25bfedf069957979cc6f267cb6324""]","[""0x483e0faacc32045385006ac1d42d028b103a2e2e02f320e20037d0d36be54907"",""0x89c823bf9976eb820ef3b2041267ad2c6eed1f83e2ab87cdc4bf9577cff5a748"",""0x3c97283efec66e1a5ec8437966e087338da20f0aad3723d41d52c67328f7efe4"",""0x6940f8c3529787bcfbcbf21fa64207221930bb64f69f1727136674443bba43aa"",""0x106ecf713381cc7ee659b224caebb8c2d8402304fcc03cc12f04d9acb19beb31"",""0x90ecb607bbb48b913aefe5003509412fcdc1a78708f7390fad1c6953be606038"",""0xb7eba087f5cc24fe2d08675f1cd5a26ebf3fd48642175807fccde9db3ffb3752"",""0xdf845dfbd70267c5c523805713303d6f4b7b91d97219e28f0508b46315e5e0e2"",""0x8a5fc9c813f0cbb1fbb3c86b71678b733f90197cd9b0fec7ef5b2e74d2827527"",""0xd9067ec22c0a52c0bf051e10e841161ac9d25bfedf069957979cc6f267cb6324""]","[""0x483e0faacc32045385006ac1d42d028b103a2e2e02f320e20037d0d36be54907"",""0x89c823bf9976eb820ef3b2041267ad2c6eed1f83e2ab87cdc4bf9577cff5a748"",""0x3c97283efec66e1a5ec8437966e087338da20f0aad3723d41d52c67328f7efe4"",""0x6940f8c3529787bcfbcbf21fa64207221930bb64f69f1727136674443bba43aa"",""0x106ecf713381cc7ee659b224caebb8c2d8402304fcc03cc12f04d9acb19beb31"",""0x90ecb607bbb48b913aefe5003509412fcdc1a78708f7390fad1c6953be606038"",""0xb7eba087f5cc24fe2d08675f1cd5a26ebf3fd48642175807fccde9db3ffb3752"",""0xdf845dfbd70267c5c523805713303d6f4b7b91d97219e28f0508b46315e5e0e2"",""0x8a5fc9c813f0cbb1fbb3c86b71678b733f90197cd9b0fec7ef5b2e74d2827527"",""0xd9067ec22c0a52c0bf051e10e841161ac9d25bfedf069957979cc6f267cb6324""]",0,0,1,0,0,0,1
bstpstaking512m61fde19d,valid,,5,1,2,m61fde19d,100,10,10,"[""0x8a5fc9c813f0cbb1fbb3c86b71678b733f90197cd9b0fec7ef5b2e74d2827527"",""0xa7831feb3b6ce91bfea938682651e70d662f1266659cbce6eaf0526e45512a68"",""0x000ceb98a30a9f0375fd46d151e4f2f8d830751c2983f14a1c6f0144f80b3198"",""0x69f76a6458130c9ded5a13a31db3715ca829f4a679d617f3e492b9116677d10c"",""0xdabbd1bf365dd83a0175d5e359d11f8d109116b0745646ef8d2c6a2efcf851df"",""0x281d75ca73c64a8633ed60198d5e953cc41cba8132bf7dfc97a978d37dd83726"",""0x7c9cdb9fd07a0e95dd225ef751470ce88b43ad6e9e209b3b95404c7a6849e39b"",""0x505f78474c398814eb0ba0cc3c08f6129e12bf16431876853283a43beac9d141"",""0xc83255e7f44f715ea7d2b6da08689900a9b7bb38ef204039561e14dde5e03798"",""0x12c0e8caa1bce7d499cbbbc665fbb364c09cd2977856fe2bf0027b9c600b9022""]","[""0x69f76a6458130c9ded5a13a31db3715ca829f4a679d617f3e492b9116677d10c"",""0xdabbd1bf365dd83a0175d5e359d11f8d109116b0745646ef8d2c6a2efcf851df"",""0x281d75ca73c64a8633ed60198d5e953cc41cba8132bf7dfc97a978d37dd83726"",""0x7c9cdb9fd07a0e95dd225ef751470ce88b43ad6e9e209b3b95404c7a6849e39b"",""0xfd6b6381e462eb69a90451498acc82533df2612f7e00141667dbce964caa982e"",""0x8d357dcd4a7c14d4a0f33a6d36f83ab30a8caad65d222d503f46d94d277f7c24"",""0x37890a125406e5e42ba213b40b55685bc6c328fc0106903b123b70d8312c1000"",""0x06442c0ccc9ab367282f06426924517e0a49c25e50a492ad91aecc55b655f458"",""0xe5da0f8dfb6b491adb9c38f755f10e08bd498ab5979036394be3930984053206"",""0xe2c89165b1663cbef76d4db4aff33d030d5826b8a643a445b8531c288e7745fd""]","[""0x69f76a6458130c9ded5a13a31db3715ca829f4a679d617f3e492b9116677d10c"",""0xdabbd1bf365dd83a0175d5e359d11f8d109116b0745646ef8d2c6a2efcf851df"",""0x281d75ca73c64a8633ed60198d5e953cc41cba8132bf7dfc97a978d37dd83726"",""0x7c9cdb9fd07a0e95dd225ef751470ce88b43ad6e9e209b3b95404c7a6849e39b""]",0,0,1,0,0,0,0.4
bstpstaking512m6489f990,valid,,5,1,2,m6489f990,100,10,10,"[""0x8e0fe0f656e916603b21dfc46871616ecb7b642b28e5d883d2c499a8c5e837e1"",""0x34a4d8937f3354a8c46b9c2b29c4ce9f1ea8d0bcdf66b5633b3e24cfd92ed2d9"",""0x14d09a4d420ae8a7492d23eb1beacf31a514ddd9765719262cf2a750248f046e"",""0x49e5774ab139905928ff21d948254adc70aa28ff5eea2ac796f32b0549b267a3"",""0x73d6c0efd0550ca38510ec910998f28c5f57de699ed4f4eab13ed86d90fb6b07"",""0xd9067ec22c0a52c0bf051e10e841161ac9d25bfedf069957979cc6f267cb6324"",""0x3c4ef3727c5acae7ca4976ecf767571e18ac1b70a4aad2ac4f7b9139bcfc987d"",""0x682175835b69fee8ca4e1000194ccf6067372d31c29aa0c1fb86d118274fe35f"",""0x8e6ed61f936c34115ed64b52efb53b493d279f72a1ed2c1dde342f98dfc9178d"",""0x01829fcc6d779d94ee869f97379c6516562dc7f8b74938742ffefe6b09b93fbc""]","[""0x73d6c0efd0550ca38510ec910998f28c5f57de699ed4f4eab13ed86d90fb6b07"",""0x3c4ef3727c5acae7ca4976ecf767571e18ac1b70a4aad2ac4f7b9139bcfc987d"",""0x8e6ed61f936c34115ed64b52efb53b493d279f72a1ed2c1dde342f98dfc9178d"",""0x01829fcc6d779d94ee869f97379c6516562dc7f8b74938742ffefe6b09b93fbc"",""0x262e2e527250bfc9fea90edce78f93b95ce16f345766eb2534ba2fb39906d951"",""0xaa8fad824a174e57accf11eb34b23d020d6aa685da1925b1c30a611ffdb95a0e"",""0x429b49322f39406d28f591c75e8222ecd51db05a599ec5d128466346627eb705"",""0x08c294941588d570c4ae95ce5aaf4a1592f278bd19029a2851efff2d86015692"",""0x6ea2e4d3921eb79867ba52b40ba2fdf4df2de7e307f65f7742bf9f3bdb48a96c"",""0x281cd26d80e9cd95f098908b641c2534121c033c47795850d88fdab6f04f2af0""]","[""0x73d6c0efd0550ca38510ec910998f28c5f57de699ed4f4eab13ed86d90fb6b07"",""0x3c4ef3727c5acae7ca4976ecf767571e18ac1b70a4aad2ac4f7b9139bcfc987d"",""0x8e6ed61f936c34115ed64b52efb53b493d279f72a1ed2c1dde342f98dfc9178d"",""0x01829fcc6d779d94ee869f97379c6516562dc7f8b74938742ffefe6b09b93fbc""]",0,0,1,0,0,0,0.4
bstpstaking512m652a5fba,valid,,5,1,2,m652a5fba,100,10,10,"[""0x5b677b1ca640fe2fa90ccb13036a107a5177af4f0b0bd5ed853ac029e427d019"",""0xd9067ec22c0a52c0bf051e10e841161ac9d25bfedf069957979cc6f267cb6324"",""0x2c6db858294994968533795d44c86dc8f050d3652066b8ceadf9d3b73dc7d902"",""0x98383544e422fe17027cdac418f09337309386a10806b8ee02c8d32713923a8e"",""0x3c97283efec66e1a5ec8437966e087338da20f0aad3723d41d52c67328f7efe4"",""0x4c896b9c75e38294c3a07ab4ccb18852996db2708540195223e428ddf09d38a0"",""0x932383665799c1241f674264478c7dbdc9dbecd0c1d33b2034e91903326669df"",""0xb65630e7129a1fecafdca9eb7dbe53130a12b5d3e2e984bbf9c9a5399c6cc30f"",""0x39700501189242fe3b7185fd03a5cace111de24b0c6b66471be82d30bc72ec27"",""0x856f01151a1c15aa053c920c11f2f4a193b3ed4250c6ee2ebf77c3390fe0f275""]","[""0x5b677b1ca640fe2fa90ccb13036a107a5177af4f0b0bd5ed853ac029e427d019"",""0xd9067ec22c0a52c0bf051e10e841161ac9d25bfedf069957979cc6f267cb6324"",""0x2c6db858294994968533795d44c86dc8f050d3652066b8ceadf9d3b73dc7d902"",""0xb65630e7129a1fecafdca9eb7dbe53130a12b5d3e2e984bbf9c9a5399c6cc30f"",""0x39700501189242fe3b7185fd03a5cace111de24b0c6b66471be82d30bc72ec27"",""0x856f01151a1c15aa053c920c11f2f4a193b3ed4250c6ee2ebf77c3390fe0f275"",""0x98383544e422fe17027cdac418f09337309386a10806b8ee02c8d32713923a8e"",""0x3c97283efec66e1a5ec8437966e087338da20f0aad3723d41d52c67328f7efe4"",""0x4c896b9c75e38294c3a07ab4ccb18852996db2708540195223e428ddf09d38a0"",""0x932383665799c1241f674264478c7dbdc9dbecd0c1d33b2034e91903326669df""]","[""0x5b677b1ca640fe2fa90ccb13036a107a5177af4f0b0bd5ed853ac029e427d019"",""0xd9067ec22c0a52c0bf051e10e841161ac9d25bfedf069957979cc6f267cb6324"",""0x2c6db858294994968533795d44c86dc8f050d3652066b8ceadf9d3b73dc7d902"",""0x98383544e422fe17027cdac418f09337309386a10806b8ee02c8d32713923a8e"",""0x3c97283efec66e1a5ec8437966e087338da20f0aad3723d41d52c67328f7efe4"",""0x4c896b9c75e38294c3a07ab4ccb18852996db2708540195223e428ddf09d38a0"",""0x932383665799c1241f674264478c7dbdc9dbecd0c1d33b2034e91903326669df"",""0xb65630e7129a1fecafdca9eb7dbe53130a12b5d3e2e984bbf9c9a5399c6cc30f"",""0x39700501189242fe3b7185fd03a5cace111de24b0c6b66471be82d30bc72ec27"",""0x856f01151a1c15aa053c920c11f2f4a193b3ed4250c6ee2ebf77c3390fe0f275""]",0,0,1,0,0,0,1
bstpstaking512m66488430,valid,,5,1,2,m66488430,100,10,10,"[""0xc3b0696840352e2a25a87160f85c766cba4c6b9424a40ded6b5e2eb28f9215f6"",""0xfc9bec6e17e3d34235748a04c8a772f602b2283e2946d9f68c2ed62bcdd2cd85"",""0x7c40aac49a736517f5c440f9392f1683424054f2ffa6df7c2970a52c11db06ca"",""0xcd09dc92e8736934e461988f29064ea4e49ccc41310e47a797ab8e787536e77d"",""0x92c0efa8758ff02dd06dfd438cd6612b6e3590f9c8b7c0932fd418903855a478"",""0x4f70045f96345b6154f2e63f3fe4b06b6e40108aedcdd3afc6a66ea75fc3da24"",""0xb1d52412675094b54611913899744bda3aa3c67ce51c9e9d61d8a49d9cc84caf"",""0x90ecb607bbb48b913aefe5003509412fcdc1a78708f7390fad1c6953be606038"",""0xffb33d2d1648788432430e96a9706f35a4dcfe30d45dd0e99a1eaf7e59ab6aeb"",""0x6b84de292cb6e3be779d6288c69c6a070bba523a2317a4d294c1616e10f137ed""]","[""0xc3b0696840352e2a25a87160f85c766cba4c6b9424a40ded6b5e2eb28f9215f6"",""0xfc9bec6e17e3d34235748a04c8a772f602b2283e2946d9f68c2ed62bcdd2cd85"",""0x7c40aac49a736517f5c440f9392f1683424054f2ffa6df7c2970a52c11db06ca"",""0xcd09dc92e8736934e461988f29064ea4e49ccc41310e47a797ab8e787536e77d"",""0x92c0efa8758ff02dd06dfd438cd6612b6e3590f9c8b7c0932fd418903855a478"",""0x4f70045f96345b6154f2e63f3fe4b06b6e40108aedcdd3afc6a66ea75fc3da24"",""0xb1d52412675094b54611913899744bda3aa3c67ce51c9e9d61d8a49d9cc84caf"",""0x90ecb607bbb48b913aefe5003509412fcdc1a78708f7390fad1c6953be606038"",""0xffb33d2d1648788432430e96a9706f35a4dcfe30d45dd0e99a1eaf7e59ab6aeb"",""0x6b84de292cb6e3be779d6288c69c6a070bba523a2317a4d294c1616e10f137ed""]","[""0xc3b0696840352e2a25a87160f85c766cba4c6b9424a40ded6b5e2eb28f9215f6"",""0xfc9bec6e17e3d34235748a04c8a772f602b2283e2946d9f68c2ed62bcdd2cd85"",""0x7c40aac49a736517f5c440f9392f1683424054f2ffa6df7c2970a52c11db06ca"",""0xcd09dc92e8736934e461988f29064ea4e49ccc41310e47a797ab8e787536e77d"",""0x92c0efa8758ff02dd06dfd438cd6612b6e3590f9c8b7c0932fd418903855a478"",""0x4f70045f96345b6154f2e63f3fe4b06b6e40108aedcdd3afc6a66ea75fc3da24"",""0xb1d52412675094b54611913899744bda3aa3c67ce51c9e9d61d8a49d9cc84caf"",""0x90ecb607bbb48b913aefe5003509412fcdc1a78708f7390fad1c6953be606038"",""0xffb33d2d1648788432430e96a9706f35a4dcfe30d45dd0e99a1eaf7e59ab6aeb"",""0x6b84de292cb6e3be779d6288c69c6a070bba523a2317a4d294c1616e10f137ed""]",0,0,1,0,0,0,1
bstpstaking512m6e7de01e,valid,,5,1,2,m6e7de01e,100,10,10,"[""0x7c9cdb9fd07a0e95dd225ef751470ce88b43ad6e9e209b3b95404c7a6849e39b"",""0x353fcfc68b913bba883a1cbe437235257a5567ace334e692406b2239896cc845"",""0xaa8fad824a174e57accf11eb34b23d020d6aa685da1925b1c30a611ffdb95a0e"",""0x3c4ef3727c5acae7ca4976ecf767571e18ac1b70a4aad2ac4f7b9139bcfc987d"",""0xcd6d08f520a5a6aebaa079033393b6393e347445be26d2c107e8d7ee03c8f13c"",""0x281cd26d80e9cd95f098908b641c2534121c033c47795850d88fdab6f04f2af0"",""0xdd364115eefd88d44ddca902abb962bd1038efc911e81847f0d1911029cb83fc"",""0xe2c89165b1663cbef76d4db4aff33d030d5826b8a643a445b8531c288e7745fd"",""0x66dc91c1375c97a345396b765a31f83a172cf55a43b176b21f6e7ca8e695b9fd"",""0xd7531695dcd358a4f56787acbbd65565a09fc63eff941ad49498daeb1ae38f44""]","[""0x7c9cdb9fd07a0e95dd225ef751470ce88b43ad6e9e209b3b95404c7a6849e39b"",""0x353fcfc68b913bba883a1cbe437235257a5567ace334e692406b2239896cc845"",""0xaa8fad824a174e57accf11eb34b23d020d6aa685da1925b1c30a611ffdb95a0e"",""0x3c4ef3727c5acae7ca4976ecf767571e18ac1b70a4aad2ac4f7b9139bcfc987d"",""0xcd6d08f520a5a6aebaa079033393b6393e347445be26d2c107e8d7ee03c8f13c"",""0x281cd26d80e9cd95f098908b641c2534121c033c47795850d88fdab6f04f2af0"",""0xdd364115eefd88d44ddca902abb962bd1038efc911e81847f0d1911029cb83fc"",""0xe2c89165b1663cbef76d4db4aff33d030d5826b8a643a445b8531c288e7745fd"",""0x66dc91c1375c97a345396b765a31f83a172cf55a43b176b21f6e7ca8e695b9fd"",""0xd7531695dcd358a4f56787acbbd65565a09fc63eff941ad49498daeb1ae38f44""]","[""0x7c9cdb9fd07a0e95dd225ef751470ce88b43ad6e9e209b3b95404c7a6849e39b"",""0x353fcfc68b913bba883a1cbe437235257a5567ace334e692406b2239896cc845"",""0xaa8fad824a174e57accf11eb34b23d020d6aa685da1925b1c30a611ffdb95a0e"",""0x3c4ef3727c5acae7ca4976ecf767571e18ac1b70a4aad2ac4f7b9139bcfc987d"",""0xcd6d08f520a5a6aebaa079033393b6393e347445be26d2c107e8d7ee03c8f13c"",""0x281cd26d80e9cd95f098908b641c2534121c033c47795850d88fdab6f04f2af0"",""0xdd364115eefd88d44ddca902abb962bd1038efc911e81847f0d1911029cb83fc"",""0xe2c89165b1663cbef76d4db4aff33d030d5826b8a643a445b8531c288e7745fd"",""0x66dc91c1375c97a345396b765a31f83a172cf55a43b176b21f6e7ca8e695b9fd"",""0xd7531695dcd358a4f56787acbbd65565a09fc63eff941ad49498daeb1ae38f44""]",0,0,1,0,0,0,1
bstpstaking512m7dfad905,valid,,5,1,2,m7dfad905,100,10,10,"[""0x106ecf713381cc7ee659b224caebb8c2d8402304fcc03cc12f04d9acb19beb31"",""0xfd70d4311b5768c6b6bf7ecd75518b0b26ba2529cb7cf75e450bca9f0d366daa"",""0xe70b739d2c9d746514eb24b9ed0d3b51448a0a5913813a2864aa9be0ec65e691"",""0xa7831feb3b6ce91bfea938682651e70d662f1266659cbce6eaf0526e45512a68"",""0xab461bed3349317736818b1dabb4b0c82cc986f81bc20a4f98abb1cf118525e2"",""0xcd09dc92e8736934e461988f29064ea4e49ccc41310e47a797ab8e787536e77d"",""0x49e5774ab139905928ff21d948254adc70aa28ff5eea2ac796f32b0549b267a3"",""0x6e53ec51854bc45ec72e747b9db61797e1b20b6c0f523a3f2ead783fd267ed91"",""0x9a0ed5a06fb6051d9a659f829e57ea0e382f714cb43d55efaa317c69cfae14ee"",""0x80288ad5dc62d58560df110a3535af497449f9f6f4f71e34500b9f5045943ea7""]","[""0x106ecf713381cc7ee659b224caebb8c2d8402304fcc03cc12f04d9acb19beb31"",""0xfd70d4311b5768c6b6bf7ecd75518b0b26ba2529cb7cf75e450bca9f0d366daa"",""0xe70b739d2c9d746514eb24b9ed0d3b51448a0a5913813a2864aa9be0ec65e691"",""0xa7831feb3b6ce91bfea938682651e70d662f1266659cbce6eaf0526e45512a68"",""0xab461bed3349317736818b1dabb4b0c82cc986f81bc20a4f98abb1cf118525e2"",""0xcd09dc92e8736934e461988f29064ea4e49ccc41310e47a797ab8e787536e77d"",""0x49e5774ab139905928ff21d948254adc70aa28ff5eea2ac796f32b0549b267a3"",""0x6e53ec51854bc45ec72e747b9db61797e1b20b6c0f523a3f2ead783fd267ed91"",""0x9a0ed5a06fb6051d9a659f829e57ea0e382f714cb43d55efaa317c69cfae14ee"",""0x80288ad5dc62d58560df110a3535af497449f9f6f4f71e34500b9f5045943ea7""]","[""0x106ecf713381cc7ee659b224caebb8c2d8402304fcc03cc12f04d9acb19beb31"",""0xfd70d4311b5768c6b6bf7ecd75518b0b26ba2529cb7cf75e450bca9f0d366daa"",""0xe70b739d2c9d746514eb24b9ed0d3b51448a0a5913813a2864aa9be0ec65e691"",""0xa7831feb3b6ce91bfea938682651e70d662f1266659cbce6eaf0526e45512a68"",""0xab461bed3349317736818b1dabb4b0c82cc986f81bc20a4f98abb1cf118525e2"",""0xcd09dc92e8736934e461988f29064ea4e49ccc41310e47a797ab8e787536e77d"",""0x49e5774ab139905928ff21d948254adc70aa28ff5eea2ac796f32b0549b267a3"",""0x6e53ec51854bc45ec72e747b9db61797e1b20b6c0f523a3f2ead783fd267ed91"",""0x9a0ed5a06fb6051d9a659f829e57ea0e382f714cb43d55efaa317c69cfae14ee"",""0x80288ad5dc62d58560df110a3535af497449f9f6f4f71e34500b9f5045943ea7""]",0,0,1,0,0,0,1
bstpstaking512m7e72b6a8,invalid,error_duplicates,5,1,2,m7e72b6a8,100,10,10,"[""0x9a0ed5a06fb6051d9a659f829e57ea0e382f714cb43d55efaa317c69cfae14ee"",""0x98383544e422fe17027cdac418f09337309386a10806b8ee02c8d32713923a8e"",""0x8945bcc45087a8bfb2e18a5306781be29a69dbac49c73ab68b0d6c56a67bc0f9"",""0x99196e62444c2ecc416618bcc5a3424f9cd5641d6867c8e258507c7d89a4a88c"",""0xe40523cb93f50925b957e5e448d59b64adfad0b41a549e68dd171dd988bc17a5"",""0x4c896b9c75e38294c3a07ab4ccb18852996db2708540195223e428ddf09d38a0"",""0x7c40aac49a736517f5c440f9392f1683424054f2ffa6df7c2970a52c11db06ca"",""0x49e5774ab139905928ff21d948254adc70aa28ff5eea2ac796f32b0549b267a3"",""0xffb33d2d1648788432430e96a9706f35a4dcfe30d45dd0e99a1eaf7e59ab6aeb"",""0x8945bcc45087a8bfb2e18a5306781be29a69dbac49c73ab68b0d6c56a67bc0f9""]","[""0x9a0ed5a06fb6051d9a659f829e57ea0e382f714cb43d55efaa317c69cfae14ee"",""0x98383544e422fe17027cdac418f09337309386a10806b8ee02c8d32713923a8e"",""0x8945bcc45087a8bfb2e18a5306781be29a69dbac49c73ab68b0d6c56a67bc0f9"",""0xd7531695dcd358a4f56787acbbd65565a09fc63eff941ad49498daeb1ae38f44"",""0x99196e62444c2ecc416618bcc5a3424f9cd5641d6867c8e258507c7d89a4a88c"",""0xe40523cb93f50925b957e5e448d59b64adfad0b41a549e68dd171dd988bc17a5"",""0x4c896b9c75e38294c3a07ab4ccb18852996db2708540195223e428ddf09d38a0"",""0x7c40aac49a736517f5c440f9392f1683424054f2ffa6df7c2970a52c11db06ca"",""0x49e5774ab139905928ff21d948254adc70aa28ff5eea2ac796f32b0549b267a3"",""0xffb33d2d1648788432430e96a9706f35a4dcfe30d45dd0e99a1eaf7e59ab6aeb""]","[""0x9a0ed5a06fb6051d9a659f829e57ea0e382f714cb43d55efaa317c69cfae14ee"",""0x98383544e422fe17027cdac418f09337309386a10806b8ee02c8d32713923a8e"",""0x8945bcc45087a8bfb2e18a5306781be29a69dbac49c73ab68b0d6c56a67bc0f9"",""0x99196e62444c2ecc416618bcc5a3424f9cd5641d6867c8e258507c7d89a4a88c"",""0xe40523cb93f50925b957e5e448d59b64adfad0b41a549e68dd171dd988bc17a5"",""0x4c896b9c75e38294c3a07ab4ccb18852996db2708540195223e428ddf09d38a0"",""0x7c40aac49a736517f5c440f9392f1683424054f2ffa6df7c2970a52c11db06ca"",""0x49e5774ab139905928ff21d948254adc70aa28ff5eea2ac796f32b0549b267a3"",""0xffb33d2d1648788432430e96a9706f35a4dcfe30d45dd0e99a1eaf7e59ab6aeb"",""0x8945bcc45087a8bfb2e18a5306781be29a69dbac49c73ab68b0d6c56a67bc0f9""]",0,0,1,0,0,0.09999999999999998,1
bstpstaking512m8051415e,valid,,5,1,2,m8051415e,100,10,10,"[""0x4f70045f96345b6154f2e63f3fe4b06b6e40108aedcdd3afc6a66ea75fc3da24"",""0x8cc4b8cdcb727613f2378e83b1e459ef38061ac468dcb3d02730b17ef2a02673"",""0x29eba7ba49866efd89a8dce8d84688734eb0b4b198d4992b288b36b31540c8dc"",""0x92c0efa8758ff02dd06dfd438cd6612b6e3590f9c8b7c0932fd418903855a478"",""0x80288ad5dc62d58560df110a3535af497449f9f6f4f71e34500b9f5045943ea7"",""0xa7831feb3b6ce91bfea938682651e70d662f1266659cbce6eaf0526e45512a68"",""0x6b84de292cb6e3be779d6288c69c6a070bba523a2317a4d294c1616e10f137ed"",""0x483e0faacc32045385006ac1d42d028b103a2e2e02f320e20037d0d36be54907"",""0xcfdc62eb5da1c0cc9f61c08540ca22833a6530d40de956ae254be5b1e0b59d74"",""0xd5568fd406d7db628afa415d58bf5bd06959a92398aa702548e8e04793bedd47""]","[""0x4f70045f96345b6154f2e63f3fe4b06b6e40108aedcdd3afc6a66ea75fc3da24"",""0x8cc4b8cdcb727613f2378e83b1e459ef38061ac468dcb3d02730b17ef2a02673"",""0x29eba7ba49866efd89a8dce8d84688734eb0b4b198d4992b288b36b31540c8dc"",""0x92c0efa8758ff02dd06dfd438cd6612b6e3590f9c8b7c0932fd418903855a478"",""0x80288ad5dc62d58560df110a3535af497449f9f6f4f71e34500b9f5045943ea7"",""0xa7831feb3b6ce91bfea938682651e70d662f1266659cbce6eaf0526e45512a68"",""0x6b84de292cb6e3be779d6288c69c6a070bba523a2317a4d294c1616e10f137ed"",""0x483e0faacc32045385006ac1d42d028b103a2e2e02f320e20037d0d36be54907"",""0xcfdc62eb5da1c0cc9f61c08540ca22833a6530d40de956ae254be5b1e0b59d74"",""0xd5568fd406d7db628afa415d58bf5bd06959a92398aa702548e8e04793bedd47""]","[""0x4f70045f96345b6154f2e63f3fe4b06b6e40108aedcdd3afc6a66ea75fc3da24"",""0x8cc4b8cdcb727613f2378e83b1e459ef38061ac468dcb3d02730b17ef2a02673"",""0x29eba7ba49866efd89a8dce8d84688734eb0b4b198d4992b288b36b31540c8dc"",""0x92c0efa8758ff02dd06dfd438cd6612b6e3590f9c8b7c0932fd418903855a478"",""0x80288ad5dc62d58560df110a3535af497449f9f6f4f71e34500b9f5045943ea7"",""0xa7831feb3b6ce91bfea938682651e70d662f1266659cbce6eaf0526e45512a68"",""0x6b84de292cb6e3be779d6288c69c6a070bba523a2317a4d294c1616e10f137ed"",""0x483e0faacc32045385006ac1d42d028b103a2e2e02f320e20037d0d36be54907"",""0xcfdc62eb5da1c0cc9f61c08540ca22833a6530d40de956ae254be5b1e0b59d74"",""0xd5568fd406d7db628afa415d58bf5bd06959a92398aa702548e8e04793bedd47""]",0,0,1,0,0,0,1
bstpstaking512m810b37d6,valid,,5,1,2,m810b37d6,100,10,10,"[""0x14d09a4d420ae8a7492d23eb1beacf31a514ddd9765719262cf2a750248f046e"",""0xedb061d6c685949f3e6f6b2fbc31238ae6ee3c1a2760e056b5c3e5e2304df8af"",""0xd7531695dcd358a4f56787acbbd65565a09fc63eff941ad49498daeb1ae38f44"",""0x6e2ec90f7c36a36b5344a2aac6038ddc9c3860de12975f71142181a7a81c8609"",""0xdd364115eefd88d44ddca902abb962bd1038efc911e81847f0d1911029cb83fc"",""0x68fb332560fdf6ea1d74d8c4bfc3ff952f79df911ac17e478862c0aa1c736db3"",""0x37890a125406e5e42ba213b40b55685bc6c328fc0106903b123b70d8312c1000"",""0x69f76a6458130c9ded5a13a31db3715ca829f4a679d617f3e492b9116677d10c"",""0xd315b8c83a9e2edb719d67cf2cc732391e7c9d9fa55ab87f926ee4c7046a8578"",""0xdabbd1bf365dd83a0175d5e359d11f8d109116b0745646ef8d2c6a2efcf851df""]","[""0x14d09a4d420ae8a7492d23eb1beacf31a514ddd9765719262cf2a750248f046e"",""0xedb061d6c685949f3e6f6b2fbc31238ae6ee3c1a2760e056b5c3e5e2304df8af"",""0xd7531695dcd358a4f56787acbbd65565a09fc63eff941ad49498daeb1ae38f44"",""0x6e2ec90f7c36a36b5344a2aac6038ddc9c3860de12975f71142181a7a81c8609"",""0xdd364115eefd88d44ddca902abb962bd1038efc911e81847f0d1911029cb83fc"",""0x68fb332560fdf6ea1d74d8c4bfc3ff952f79df911ac17e478862c0aa1c736db3"",""0x37890a125406e5e42ba213b40b55685bc6c328fc0106903b123b70d8312c1000"",""0x69f76a6458130c9ded5a13a31db3715ca829f4a679d617f3e492b9116677d10c"",""0xd315b8c83a9e2edb719d67cf2cc732391e7c9d9fa55ab87f926ee4c7046a8578"",""0xdabbd1bf365dd83a0175d5e359d11f8d109116b0745646ef8d2c6a2efcf851df""]","[""0x14d09a4d420ae8a7492d23eb1beacf31a514ddd9765719262cf2a750248f046e"",""0xedb061d6c685949f3e6f6b2fbc31238ae6ee3c1a2760e056b5c3e5e2304df8af"",""0xd7531695dcd358a4f56787acbbd65565a09fc63eff941ad49498daeb1ae38f44"",""0x6e2ec90f7c36a36b5344a2aac6038ddc9c3860de12975f71142181a7a81c8609"",""0xdd364115eefd88d44ddca902abb962bd1038efc911e81847f0d1911029cb83fc"",""0x68fb332560fdf6ea1d74d8c4bfc3ff952f79df911ac17e478862c0aa1c736db3"",""0x37890a125406e5e42ba213b40b55685bc6c328fc0106903b123b70d8312c1000"",""0x69f76a6458130c9ded5a13a31db3715ca829f4a679d617f3e492b9116677d10c"",""0xd315b8c83a9e2edb719d67cf2cc732391e7c9d9fa55ab87f926ee4c7046a8578"",""0xdabbd1bf365dd83a0175d5e359d11f8d109116b0745646ef8d2c6a2efcf851df""]",0,0,1,0,0,0,1
bstpstaking512m9189f677,valid,,5,1,2,m9189f677,100,10,10,"[""0xcd09dc92e8736934e461988f29064ea4e49ccc41310e47a797ab8e787536e77d"",""0x8a5fc9c813f0cbb1fbb3c86b71678b733f90197cd9b0fec7ef5b2e74d2827527"",""0x483e0faacc32045385006ac1d42d028b103a2e2e02f320e20037d0d36be54907"",""0xb6956c09b733a91561395f6f106aa19a23a1df4c453562ff602fdc30b0b773ad"",""0xb7eba087f5cc24fe2d08675f1cd5a26ebf3fd48642175807fccde9db3ffb3752"",""0xab461bed3349317736818b1dabb4b0c82cc986f81bc20a4f98abb1cf118525e2"",""0x682175835b69fee8ca4e1000194ccf6067372d31c29aa0c1fb86d118274fe35f"",""0xfc9bec6e17e3d34235748a04c8a772f602b2283e2946d9f68c2ed62bcdd2cd85"",""0x98383544e422fe17027cdac418f09337309386a10806b8ee02c8d32713923a8e"",""0xe40523cb93f50925b957e5e448d59b64adfad0b41a549e68dd171dd988bc17a5""]","[""0xcd09dc92e8736934e461988f29064ea4e49ccc41310e47a797ab8e787536e77d"",""0x8a5fc9c813f0cbb1fbb3c86b71678b733f90197cd9b0fec7ef5b2e74d2827527"",""0x483e0faacc32045385006ac1d42d028b103a2e2e02f320e20037d0d36be54907"",""0xb6956c09b733a91561395f6f106aa19a23a1df4c453562ff602fdc30b0b773ad"",""0xb7eba087f5cc24fe2d08675f1cd5a26ebf3fd48642175807fccde9db3ffb3752"",""0xab461bed3349317736818b1dabb4b0c82cc986f81bc20a4f98abb1cf118525e2"",""0x682175835b69fee8ca4e1000194ccf6067372d31c29aa0c1fb86d118274fe35f"",""0xfc9bec6e17e3d34235748a04c8a772f602b2283e2946d9f68c2ed62bcdd2cd85"",""0x98383544e422fe17027cdac418f09337309386a10806b8ee02c8d32713923a8e"",""0xe40523cb93f50925b957e5e448d59b64adfad0b41a549e68dd171dd988bc17a5""]","[""0xcd09dc92e8736934e461988f29064ea4e49ccc41310e47a797ab8e787536e77d"",""0x8a5fc9c813f0cbb1fbb3c86b71678b733f90197cd9b0fec7ef5b2e74d2827527"",""0x483e0faacc32045385006ac1d42d028b103a2e2e02f320e20037d0d36be54907"",""0xb6956c09b733a91561395f6f106aa19a23a1df4c453562ff602fdc30b0b773ad"",""0xb7eba087f5cc24fe2d08675f1cd5a26ebf3fd48642175807fccde9db3ffb3752"",""0xab461bed3349317736818b1dabb4b0c82cc986f81bc20a4f98abb1cf118525e2"",""0x682175835b69fee8ca4e1000194ccf6067372d31c29aa0c1fb86d118274fe35f"",""0xfc9bec6e17e3d34235748a04c8a772f602b2283e2946d9f68c2ed62bcdd2cd85"",""0x98383544e422fe17027cdac418f09337309386a10806b8ee02c8d32713923a8e"",""0xe40523cb93f50925b957e5e448d59b64adfad0b41a549e68dd171dd988bc17a5""]",0,0,1,0,0,0,1
bstpstaking512m970360f4,valid,,5,1,2,m970360f4,100,10,10,"[""0x04e631257af2cf26e527e146f4e090feae7f8ba273f0574dcd62a46da5b5fb8c"",""0x14d09a4d420ae8a7492d23eb1beacf31a514ddd9765719262cf2a750248f046e"",""0x8cc4b8cdcb727613f2378e83b1e459ef38061ac468dcb3d02730b17ef2a02673"",""0x281cd26d80e9cd95f098908b641c2534121c033c47795850d88fdab6f04f2af0"",""0xfd6b6381e462eb69a90451498acc82533df2612f7e00141667dbce964caa982e"",""0xb6956c09b733a91561395f6f106aa19a23a1df4c453562ff602fdc30b0b773ad"",""0x68fb332560fdf6ea1d74d8c4bfc3ff952f79df911ac17e478862c0aa1c736db3"",""0xe70b739d2c9d746514eb24b9ed0d3b51448a0a5913813a2864aa9be0ec65e691"",""0xea69777677b59561b3782267ef6a65d6e0f38e1fea58f1ece52358972347edb0"",""0xcfdc62eb5da1c0cc9f61c08540ca22833a6530d40de956ae254be5b1e0b59d74""]","[""0x14d09a4d420ae8a7492d23eb1beacf31a514ddd9765719262cf2a750248f046e"",""0xae105f7f87da768b512fdfdb98a0fbf6131d1571893bb99b9a0ab477ff1702c2"",""0x281cd26d80e9cd95f098908b641c2534121c033c47795850d88fdab6f04f2af0"",""0xfd6b6381e462eb69a90451498acc82533df2612f7e00141667dbce964caa982e"",""0x68fb332560fdf6ea1d74d8c4bfc3ff952f79df911ac17e478862c0aa1c736db3"",""0x8e6ed61f936c34115ed64b52efb53b493d279f72a1ed2c1dde342f98dfc9178d"",""0xea69777677b59561b3782267ef6a65d6e0f38e1fea58f1ece52358972347edb0"",""0xe5da0f8dfb6b491adb9c38f755f10e08bd498ab5979036394be3930984053206"",""0x1721fbf3311a57adcac4eb75a9690451077fc079b0d94e4fa9d5a75bfb95e9c2"",""0x37890a125406e5e42ba213b40b55685bc6c328fc0106903b123b70d8312c1000""]","[""0x14d09a4d420ae8a7492d23eb1beacf31a514ddd9765719262cf2a750248f046e"",""0x281cd26d80e9cd95f098908b641c2534121c033c47795850d88fdab6f04f2af0"",""0xfd6b6381e462eb69a90451498acc82533df2612f7e00141667dbce964caa982e"",""0x68fb332560fdf6ea1d74d8c4bfc3ff952f79df911ac17e478862c0aa1c736db3"",""0xea69777677b59561b3782267ef6a65d6e0f38e1fea58f1ece52358972347edb0""]",0,0,1,0,0,0,0.5
bstpstaking512m98d7930e,invalid,error_duplicates,5,1,2,m98d7930e,100,10,10,"[""0x98383544e422fe17027cdac418f09337309386a10806b8ee02c8d32713923a8e"",""0x8945bcc45087a8bfb2e18a5306781be29a69dbac49c73ab68b0d6c56a67bc0f9"",""0x8cc4b8cdcb727613f2378e83b1e459ef38061ac468dcb3d02730b17ef2a02673"",""0x1ebfa3f4b31da950a10ba4155a5675fdf5fb3ac42fe3f076668cfe359788f601"",""0xe70b739d2c9d746514eb24b9ed0d3b51448a0a5913813a2864aa9be0ec65e691"",""0x90ecb607bbb48b913aefe5003509412fcdc1a78708f7390fad1c6953be606038"",""0xab461bed3349317736818b1dabb4b0c82cc986f81bc20a4f98abb1cf118525e2"",""0xb1d52412675094b54611913899744bda3aa3c67ce51c9e9d61d8a49d9cc84caf"",""0x98383544e422fe17027cdac418f09337309386a10806b8ee02c8d32713923a8e"",""0x8945bcc45087a8bfb2e18a5306781be29a69dbac49c73ab68b0d6c56a67bc0f9""]","[""0x98383544e422fe17027cdac418f09337309386a10806b8ee02c8d32713923a8e"",""0x856f01151a1c15aa053c920c11f2f4a193b3ed4250c6ee2ebf77c3390fe0f275"",""0x8945bcc45087a8bfb2e18a5306781be29a69dbac49c73ab68b0d6c56a67bc0f9"",""0x8cc4b8cdcb727613f2378e83b1e459ef38061ac468dcb3d02730b17ef2a02673"",""0x1ebfa3f4b31da950a10ba4155a5675fdf5fb3ac42fe3f076668cfe359788f601"",""0xe70b739d2c9d746514eb24b9ed0d3b51448a0a5913813a2864aa9be0ec65e691"",""0x90ecb607bbb48b913aefe5003509412fcdc1a78708f7390fad1c6953be606038"",""0xab461bed3349317736818b1dabb4b0c82cc986f81bc20a4f98abb1cf118525e2"",""0xb1d52412675094b54611913899744bda3aa3c67ce51c9e9d61d8a49d9cc84caf"",""0x281cd26d80e9cd95f098908b641c2534121c033c47795850d88fdab6f04f2af0""]","[""0x98383544e422fe17027cdac418f09337309386a10806b8ee02c8d32713923a8e"",""0x8945bcc45087a8bfb2e18a5306781be29a69dbac49c73ab68b0d6c56a67bc0f9"",""0x8cc4b8cdcb727613f2378e83b1e459ef38061ac468dcb3d02730b17ef2a02673"",""0x1ebfa3f4b31da950a10ba4155a5675fdf5fb3ac42fe3f076668cfe359788f601"",""0xe70b739d2c9d746514eb24b9ed0d3b51448a0a5913813a2864aa9be0ec65e691"",""0x90ecb607bbb48b913aefe5003509412fcdc1a78708f7390fad1c6953be606038"",""0xab461bed3349317736818b1dabb4b0c82cc986f81bc20a4f98abb1cf118525e2"",""0xb1d52412675094b54611913899744bda3aa3c67ce51c9e9d61d8a49d9cc84caf"",""0x98383544e422fe17027cdac418f09337309386a10806b8ee02c8d32713923a8e"",""0x8945bcc45087a8bfb2e18a5306781be29a69dbac49c73ab68b0d6c56a67bc0f9""]",0,0,1,0,0,0.19999999999999996,1
bstpstaking512ma6f1fda3,valid,,5,1,2,ma6f1fda3,100,10,10,"[""0xcc5a3914b6cc401b98a202e8075b56eb77670a1140412c79b48b965bce6e05f2"",""0x90ecb607bbb48b913aefe5003509412fcdc1a78708f7390fad1c6953be606038"",""0x6940f8c3529787bcfbcbf21fa64207221930bb64f69f1727136674443bba43aa"",""0x4c896b9c75e38294c3a07ab4ccb18852996db2708540195223e428ddf09d38a0"",""0x000ceb98a30a9f0375fd46d151e4f2f8d830751c2983f14a1c6f0144f80b3198"",""0x01829fcc6d779d94ee869f97379c6516562dc7f8b74938742ffefe6b09b93fbc"",""0x106ecf713381cc7ee659b224caebb8c2d8402304fcc03cc12f04d9acb19beb31"",""0x429b49322f39406d28f591c75e8222ecd51db05a599ec5d128466346627eb705"",""0x5b677b1ca640fe2fa90ccb13036a107a5177af4f0b0bd5ed853ac029e427d019"",""0x1ebfa3f4b31da950a10ba4155a5675fdf5fb3ac42fe3f076668cfe359788f601""]","[""0xcc5a3914b6cc401b98a202e8075b56eb77670a1140412c79b48b965bce6e05f2"",""0x90ecb607bbb48b913aefe5003509412fcdc1a78708f7390fad1c6953be606038"",""0x6940f8c3529787bcfbcbf21fa64207221930bb64f69f1727136674443bba43aa"",""0x4c896b9c75e38294c3a07ab4ccb18852996db2708540195223e428ddf09d38a0"",""0x01829fcc6d779d94ee869f97379c6516562dc7f8b74938742ffefe6b09b93fbc"",""0x106ecf713381cc7ee659b224caebb8c2d8402304fcc03cc12f04d9acb19beb31"",""0x429b49322f39406d28f591c75e8222ecd51db05a599ec5d128466346627eb705"",""0x5b677b1ca640fe2fa90ccb13036a107a5177af4f0b0bd5ed853ac029e427d019"",""0x1ebfa3f4b31da950a10ba4155a5675fdf5fb3ac42fe3f076668cfe359788f601"",""0xdf845dfbd70267c5c523805713303d6f4b7b91d97219e28f0508b46315e5e0e2""]","[""0xcc5a3914b6cc401b98a202e8075b56eb77670a1140412c79b48b965bce6e05f2"",""0x90ecb607bbb48b913aefe5003509412fcdc1a78708f7390fad1c6953be606038"",""0x6940f8c3529787bcfbcbf21fa64207221930bb64f69f1727136674443bba43aa"",""0x4c896b9c75e38294c3a07ab4ccb18852996db2708540195223e428ddf09d38a0"",""0x01829fcc6d779d94ee869f97379c6516562dc7f8b74938742ffefe6b09b93fbc"",""0x106ecf713381cc7ee659b224caebb8c2d8402304fcc03cc12f04d9acb19beb31"",""0x429b49322f39406d28f591c75e8222ecd51db05a599ec5d128466346627eb705"",""0x5b677b1ca640fe2fa90ccb13036a107a5177af4f0b0bd5ed853ac029e427d019"",""0x1ebfa3f4b31da950a10ba4155a5675fdf5fb3ac42fe3f076668cfe359788f601""]",0,0,1,0,0,0,0.9
bstpstaking512maea74e52,valid,,5,1,2,maea74e52,100,10,10,"[""0x8d357dcd4a7c14d4a0f33a6d36f83ab30a8caad65d222d503f46d94d277f7c24"",""0x01829fcc6d779d94ee869f97379c6516562dc7f8b74938742ffefe6b09b93fbc"",""0x281cd26d80e9cd95f098908b641c2534121c033c47795850d88fdab6f04f2af0"",""0x262e2e527250bfc9fea90edce78f93b95ce16f345766eb2534ba2fb39906d951"",""0x119bb5b05d026a441a51d331d2e813d4a51e2ca676f9919b728dde31c94dc798"",""0xdabbd1bf365dd83a0175d5e359d11f8d109116b0745646ef8d2c6a2efcf851df"",""0xe2c89165b1663cbef76d4db4aff33d030d5826b8a643a445b8531c288e7745fd"",""0x3c4ef3727c5acae7ca4976ecf767571e18ac1b70a4aad2ac4f7b9139bcfc987d"",""0x55502bafc57a57cf79cf670fefef3504cf632e5de82803db33a8e4d8337b211c"",""0xedb061d6c685949f3e6f6b2fbc31238ae6ee3c1a2760e056b5c3e5e2304df8af""]","[""0x8d357dcd4a7c14d4a0f33a6d36f83ab30a8caad65d222d503f46d94d277f7c24"",""0x01829fcc6d779d94ee869f97379c6516562dc7f8b74938742ffefe6b09b93fbc"",""0x281cd26d80e9cd95f098908b641c2534121c033c47795850d88fdab6f04f2af0"",""0x262e2e527250bfc9fea90edce78f93b95ce16f345766eb2534ba2fb39906d951"",""0x119bb5b05d026a441a51d331d2e813d4a51e2ca676f9919b728dde31c94dc798"",""0xdabbd1bf365dd83a0175d5e359d11f8d109116b0745646ef8d2c6a2efcf851df"",""0xe2c89165b1663cbef76d4db4aff33d030d5826b8a643a445b8531c288e7745fd"",""0x3c4ef3727c5acae7ca4976ecf767571e18ac1b70a4aad2ac4f7b9139bcfc987d"",""0x55502bafc57a57cf79cf670fefef3504cf632e5de82803db33a8e4d8337b211c"",""0xedb061d6c685949f3e6f6b2fbc31238ae6ee3c1a2760e056b5c3e5e2304df8af""]","[""0x8d357dcd4a7c14d4a0f33a6d36f83ab30a8caad65d222d503f46d94d277f7c24"",""0x01829fcc6d779d94ee869f97379c6516562dc7f8b74938742ffefe6b09b93fbc"",""0x281cd26d80e9cd95f098908b641c2534121c033c47795850d88fdab6f04f2af0"",""0x262e2e527250bfc9fea90edce78f93b95ce16f345766eb2534ba2fb39906d951"",""0x119bb5b05d026a441a51d331d2e813d4a51e2ca676f9919b728dde31c94dc798"",""0xdabbd1bf365dd83a0175d5e359d11f8d109116b0745646ef8d2c6a2efcf851df"",""0xe2c89165b1663cbef76d4db4aff33d030d5826b8a643a445b8531c288e7745fd"",""0x3c4ef3727c5acae7ca4976ecf767571e18ac1b70a4aad2ac4f7b9139bcfc987d"",""0x55502bafc57a57cf79cf670fefef3504cf632e5de82803db33a8e4d8337b211c"",""0xedb061d6c685949f3e6f6b2fbc31238ae6ee3c1a2760e056b5c3e5e2304df8af""]",0,0,1,0,0,0,1
bstpstaking512mb0c003cd,valid,,5,1,2,mb0c003cd,100,10,10,"[""0xcd09dc92e8736934e461988f29064ea4e49ccc41310e47a797ab8e787536e77d"",""0x8a5fc9c813f0cbb1fbb3c86b71678b733f90197cd9b0fec7ef5b2e74d2827527"",""0xc3b0696840352e2a25a87160f85c766cba4c6b9424a40ded6b5e2eb28f9215f6"",""0x2c6db858294994968533795d44c86dc8f050d3652066b8ceadf9d3b73dc7d902"",""0x3c97283efec66e1a5ec8437966e087338da20f0aad3723d41d52c67328f7efe4"",""0xab461bed3349317736818b1dabb4b0c82cc986f81bc20a4f98abb1cf118525e2"",""0xb6956c09b733a91561395f6f106aa19a23a1df4c453562ff602fdc30b0b773ad"",""0xcfdc62eb5da1c0cc9f61c08540ca22833a6530d40de956ae254be5b1e0b59d74"",""0x483e0faacc32045385006ac1d42d028b103a2e2e02f320e20037d0d36be54907"",""0x49e5774ab139905928ff21d948254adc70aa28ff5eea2ac796f32b0549b267a3""]","[""0xcd09dc92e8736934e461988f29064ea4e49ccc41310e47a797ab8e787536e77d"",""0x8a5fc9c813f0cbb1fbb3c86b71678b733f90197cd9b0fec7ef5b2e74d2827527"",""0xc3b0696840352e2a25a87160f85c766cba4c6b9424a40ded6b5e2eb28f9215f6"",""0x2c6db858294994968533795d44c86dc8f050d3652066b8ceadf9d3b73dc7d902"",""0x3c97283efec66e1a5ec8437966e087338da20f0aad3723d41d52c67328f7efe4"",""0xab461bed3349317736818b1dabb4b0c82cc986f81bc20a4f98abb1cf118525e2"",""0xb6956c09b733a91561395f6f106aa19a23a1df4c453562ff602fdc30b0b773ad"",""0xcfdc62eb5da1c0cc9f61c08540ca22833a6530d40de956ae254be5b1e0b59d74"",""0x483e0faacc32045385006ac1d42d028b103a2e2e02f320e20037d0d36be54907"",""0x49e5774ab139905928ff21d948254adc70aa28ff5eea2ac796f32b0549b267a3""]","[""0xcd09dc92e8736934e461988f29064ea4e49ccc41310e47a797ab8e787536e77d"",""0x8a5fc9c813f0cbb1fbb3c86b71678b733f90197cd9b0fec7ef5b2e74d2827527"",""0xc3b0696840352e2a25a87160f85c766cba4c6b9424a40ded6b5e2eb28f9215f6"",""0x2c6db858294994968533795d44c86dc8f050d3652066b8ceadf9d3b73dc7d902"",""0x3c97283efec66e1a5ec8437966e087338da20f0aad3723d41d52c67328f7efe4"",""0xab461bed3349317736818b1dabb4b0c82cc986f81bc20a4f98abb1cf118525e2"",""0xb6956c09b733a91561395f6f106aa19a23a1df4c453562ff602fdc30b0b773ad"",""0xcfdc62eb5da1c0cc9f61c08540ca22833a6530d40de956ae254be5b1e0b59d74"",""0x483e0faacc32045385006ac1d42d028b103a2e2e02f320e20037d0d36be54907"",""0x49e5774ab139905928ff21d948254adc70aa28ff5eea2ac796f32b0549b267a3""]",0,0,1,0,0,0,1
bstpstaking512mb38d99c5,valid,,5,1,2,mb38d99c5,100,10,10,"[""0x8e6ed61f936c34115ed64b52efb53b493d279f72a1ed2c1dde342f98dfc9178d"",""0xadc1a837b5429a817612fe145787358ffe8831a2e75dee3a3338a31d486fb05f"",""0x000ceb98a30a9f0375fd46d151e4f2f8d830751c2983f14a1c6f0144f80b3198"",""0x281cd26d80e9cd95f098908b641c2534121c033c47795850d88fdab6f04f2af0"",""0x8d357dcd4a7c14d4a0f33a6d36f83ab30a8caad65d222d503f46d94d277f7c24"",""0xe5da0f8dfb6b491adb9c38f755f10e08bd498ab5979036394be3930984053206"",""0xdabbd1bf365dd83a0175d5e359d11f8d109116b0745646ef8d2c6a2efcf851df"",""0x06442c0ccc9ab367282f06426924517e0a49c25e50a492ad91aecc55b655f458"",""0xaa8fad824a174e57accf11eb34b23d020d6aa685da1925b1c30a611ffdb95a0e"",""0x12c0e8caa1bce7d499cbbbc665fbb364c09cd2977856fe2bf0027b9c600b9022""]","[""0x8e6ed61f936c34115ed64b52efb53b493d279f72a1ed2c1dde342f98dfc9178d"",""0xadc1a837b5429a817612fe145787358ffe8831a2e75dee3a3338a31d486fb05f"",""0x000ceb98a30a9f0375fd46d151e4f2f8d830751c2983f14a1c6f0144f80b3198"",""0x8d357dcd4a7c14d4a0f33a6d36f83ab30a8caad65d222d503f46d94d277f7c24"",""0xe5da0f8dfb6b491adb9c38f755f10e08bd498ab5979036394be3930984053206"",""0xdabbd1bf365dd83a0175d5e359d11f8d109116b0745646ef8d2c6a2efcf851df"",""0x06442c0ccc9ab367282f06426924517e0a49c25e50a492ad91aecc55b655f458"",""0xaa8fad824a174e57accf11eb34b23d020d6aa685da1925b1c30a611ffdb95a0e"",""0x12c0e8caa1bce7d499cbbbc665fbb364c09cd2977856fe2bf0027b9c600b9022"",""0xf5162966dbd2c8c3b2195e7ee9c5e46a8dd1715287d079a5b92d312ca24045cd""]","[""0x8e6ed61f936c34115ed64b52efb53b493d279f72a1ed2c1dde342f98dfc9178d"",""0xadc1a837b5429a817612fe145787358ffe8831a2e75dee3a3338a31d486fb05f"",""0x000ceb98a30a9f0375fd46d151e4f2f8d830751c2983f14a1c6f0144f80b3198"",""0x8d357dcd4a7c14d4a0f33a6d36f83ab30a8caad65d222d503f46d94d277f7c24"",""0xe5da0f8dfb6b491adb9c38f755f10e08bd498ab5979036394be3930984053206"",""0xdabbd1bf365dd83a0175d5e359d11f8d109116b0745646ef8d2c6a2efcf851df"",""0x06442c0ccc9ab367282f06426924517e0a49c25e50a492ad91aecc55b655f458"",""0xaa8fad824a174e57accf11eb34b23d020d6aa685da1925b1c30a611ffdb95a0e"",""0x12c0e8caa1bce7d499cbbbc665fbb364c09cd2977856fe2bf0027b9c600b9022""]",0,0,1,0,0,0,0.9
bstpstaking512mb8cbcc16,valid,,5,1,2,mb8cbcc16,100,10,10,"[""0x1b3b8b12b7bf9b1d8821bfc98cabc8effd4c5f2aea25c8291e662bffe19f088d"",""0xa4a5871d752ffcf82f0971f07904f7cdd34150574ae793fcf1bff93d1aa06ff0"",""0xa2062d895d55eb1fe89e3a436af87aea855c3ba37e2b48c7bd119b1012c4edfd"",""0xb65630e7129a1fecafdca9eb7dbe53130a12b5d3e2e984bbf9c9a5399c6cc30f"",""0x230550ee2f183f79fbee87b09e6157a7bfd65abfefa14a749660749b7fa0d6b4"",""0x7c40aac49a736517f5c440f9392f1683424054f2ffa6df7c2970a52c11db06ca"",""0x39700501189242fe3b7185fd03a5cace111de24b0c6b66471be82d30bc72ec27"",""0x7634f8326375f99ebfd7a8b203b7442a56b18cf7dc73f6238abd4122e8090b86"",""0xae105f7f87da768b512fdfdb98a0fbf6131d1571893bb99b9a0ab477ff1702c2"",""0x3b5d1234f10198acc136a10dfa09fa0a1a59de504bc0d9a7c35446f692b7c07c""]","[""0x1cde8373a779839f2b591a11cac079df0f1eb3fb272188f9ceccb1dee8ec102f"",""0xb65630e7129a1fecafdca9eb7dbe53130a12b5d3e2e984bbf9c9a5399c6cc30f"",""0x230550ee2f183f79fbee87b09e6157a7bfd65abfefa14a749660749b7fa0d6b4"",""0x39700501189242fe3b7185fd03a5cace111de24b0c6b66471be82d30bc72ec27"",""0x7634f8326375f99ebfd7a8b203b7442a56b18cf7dc73f6238abd4122e8090b86"",""0xae105f7f87da768b512fdfdb98a0fbf6131d1571893bb99b9a0ab477ff1702c2"",""0xb3788db79f3ad700a3cc134a27acbcec7a0a587ffbcdf5927faa24e5c362d493"",""0x60642c6a8412d200a3413c5426afef17f3d72d45fadaf5cdde98b783893518ec"",""0x856f01151a1c15aa053c920c11f2f4a193b3ed4250c6ee2ebf77c3390fe0f275"",""0x6d5bfd47046b2e223b0c83d8c0d4e2ad42a064232926ed904efe73cb5d8f2133""]","[""0xb65630e7129a1fecafdca9eb7dbe53130a12b5d3e2e984bbf9c9a5399c6cc30f"",""0x230550ee2f183f79fbee87b09e6157a7bfd65abfefa14a749660749b7fa0d6b4"",""0x39700501189242fe3b7185fd03a5cace111de24b0c6b66471be82d30bc72ec27"",""0x7634f8326375f99ebfd7a8b203b7442a56b18cf7dc73f6238abd4122e8090b86"",""0xae105f7f87da768b512fdfdb98a0fbf6131d1571893bb99b9a0ab477ff1702c2""]",0,0,1,0,0,0,0.5
bstpstaking512mc5ae52b7,valid,,5,1,2,mc5ae52b7,100,10,10,"[""0x541ebb059060ff7f73374199ff51e8281c4dc5942c5c541867b4f25621486dc9"",""0xf11bad94616eadc4c930a68cc954c762e0ad7ae4e11f81bbe37778477da71fa5"",""0xf06d08186fc20a8ad1c9302fb2ec4daa81ff87d7dc46799427e1c52d6bb1e6d3"",""0x3c4ef3727c5acae7ca4976ecf767571e18ac1b70a4aad2ac4f7b9139bcfc987d"",""0x281cd26d80e9cd95f098908b641c2534121c033c47795850d88fdab6f04f2af0"",""0xd5568fd406d7db628afa415d58bf5bd06959a92398aa702548e8e04793bedd47"",""0x8e6ed61f936c34115ed64b52efb53b493d279f72a1ed2c1dde342f98dfc9178d"",""0x80ae3a3d46a5bfbf5f0adaf5d83aa1064814c65038e92093a16ea8304bd00bd3"",""0xb7eba087f5cc24fe2d08675f1cd5a26ebf3fd48642175807fccde9db3ffb3752"",""0x89c823bf9976eb820ef3b2041267ad2c6eed1f83e2ab87cdc4bf9577cff5a748""]","[""0x3c4ef3727c5acae7ca4976ecf767571e18ac1b70a4aad2ac4f7b9139bcfc987d"",""0x6e2ec90f7c36a36b5344a2aac6038ddc9c3860de12975f71142181a7a81c8609"",""0x12c0e8caa1bce7d499cbbbc665fbb364c09cd2977856fe2bf0027b9c600b9022"",""0xea69777677b59561b3782267ef6a65d6e0f38e1fea58f1ece52358972347edb0"",""0xb65630e7129a1fecafdca9eb7dbe53130a12b5d3e2e984bbf9c9a5399c6cc30f"",""0x39700501189242fe3b7185fd03a5cace111de24b0c6b66471be82d30bc72ec27"",""0x9920c06a362172692e96bab008e569caa257aaec2c8f130f3564a55f2f52357b"",""0x1fd6cd46a30ebaf43fddfe1aa0f8499987a4d3e3a687e3b577d2d1f1bf4d9e77"",""0x1721fbf3311a57adcac4eb75a9690451077fc079b0d94e4fa9d5a75bfb95e9c2"",""0x08c294941588d570c4ae95ce5aaf4a1592f278bd19029a2851efff2d86015692""]","[""0x3c4ef3727c5acae7ca4976ecf767571e18ac1b70a4aad2ac4f7b9139bcfc987d""]",0,0,1,0,0,0,0.1
bstpstaking512mce4af4f6,valid,,5,1,2,mce4af4f6,100,10,10,"[""0x16ce498ca01ca0ceb8f3414bf534752c6788bd73b78139628534c4880e7d0c84"",""0x9d71c1950fb2485a93785f76560ffd25d298604f8c24f57aa61b276f1d333d1a"",""0x1b90e8c58b04a10a353804eecc214bf40469c2a11062b2059f131c9b502fd828"",""0x866a207e0e7751fb45198e1e853d3070816125aac2451c73c2c41fc3742cc206"",""0x3967093de816a8135bb93981ddf3ff28fcfdac2bd2c93c8c7ff6770ac964e8b8"",""0xb498b69cb149bbbc2841525f505d792c9fa0a214ce16e0b3ae793c6826e21fc3"",""0xecdc3cc4344340370d1463336b233cf1ecc7f92d334321718ef0feba0685748a"",""0x368efbbd1d9abcc98804a20dce39379986b72cf8e539f945e03c273c3d5d5051"",""0xe70bb3bb5bd710cd0061bbfe0596f51e2e84065881934ff7eef89c80eea69b33"",""0xabf847f6d2ad81a6c6a8819ac56fa76224f57d0ffd86aaac79e6d5551fd1b355""]","[""0x0d6652a8c9d9575f5254120f3b037a86104172ca1dd77b5b55be2da39daf1385"",""0xb759e3960a93ef78e32f4847b58dbc6b1c22efd6d9ccaa3b1a84911e6a288afa"",""0xf5162966dbd2c8c3b2195e7ee9c5e46a8dd1715287d079a5b92d312ca24045cd"",""0x3c4ef3727c5acae7ca4976ecf767571e18ac1b70a4aad2ac4f7b9139bcfc987d"",""0xea69777677b59561b3782267ef6a65d6e0f38e1fea58f1ece52358972347edb0"",""0x73d6c0efd0550ca38510ec910998f28c5f57de699ed4f4eab13ed86d90fb6b07"",""0x856f01151a1c15aa053c920c11f2f4a193b3ed4250c6ee2ebf77c3390fe0f275"",""0xfd6b6381e462eb69a90451498acc82533df2612f7e00141667dbce964caa982e"",""0x60642c6a8412d200a3413c5426afef17f3d72d45fadaf5cdde98b783893518ec"",""0x80ae3a3d46a5bfbf5f0adaf5d83aa1064814c65038e92093a16ea8304bd00bd3""]",[],0,0,1,0,0,0,0
bstpstaking512mdd189b64,valid,,5,1,2,mdd189b64,100,10,10,"[""0x0d6652a8c9d9575f5254120f3b037a86104172ca1dd77b5b55be2da39daf1385"",""0x8e6ed61f936c34115ed64b52efb53b493d279f72a1ed2c1dde342f98dfc9178d"",""0xfc9bec6e17e3d34235748a04c8a772f602b2283e2946d9f68c2ed62bcdd2cd85"",""0x505f78474c398814eb0ba0cc3c08f6129e12bf16431876853283a43beac9d141"",""0xdabbd1bf365dd83a0175d5e359d11f8d109116b0745646ef8d2c6a2efcf851df"",""0xcd6d08f520a5a6aebaa079033393b6393e347445be26d2c107e8d7ee03c8f13c"",""0x1ebfa3f4b31da950a10ba4155a5675fdf5fb3ac42fe3f076668cfe359788f601"",""0x70466edbeed113ce8a8435ffd9f8208b8c3f50b2cf38281af86584c766a4310f"",""0x737e933cd67a89d2c13038c499d7d71518a56e6b95bc97e9056a59b45c072c99"",""0xaa8fad824a174e57accf11eb34b23d020d6aa685da1925b1c30a611ffdb95a0e""]","[""0x0d6652a8c9d9575f5254120f3b037a86104172ca1dd77b5b55be2da39daf1385"",""0x8e6ed61f936c34115ed64b52efb53b493d279f72a1ed2c1dde342f98dfc9178d"",""0x505f78474c398814eb0ba0cc3c08f6129e12bf16431876853283a43beac9d141"",""0xdabbd1bf365dd83a0175d5e359d11f8d109116b0745646ef8d2c6a2efcf851df"",""0xcd6d08f520a5a6aebaa079033393b6393e347445be26d2c107e8d7ee03c8f13c"",""0x70466edbeed113ce8a8435ffd9f8208b8c3f50b2cf38281af86584c766a4310f"",""0x737e933cd67a89d2c13038c499d7d71518a56e6b95bc97e9056a59b45c072c99"",""0x37890a125406e5e42ba213b40b55685bc6c328fc0106903b123b70d8312c1000"",""0x1721fbf3311a57adcac4eb75a9690451077fc079b0d94e4fa9d5a75bfb95e9c2"",""0xaa8fad824a174e57accf11eb34b23d020d6aa685da1925b1c30a611ffdb95a0e""]","[""0x0d6652a8c9d9575f5254120f3b037a86104172ca1dd77b5b55be2da39daf1385"",""0x8e6ed61f936c34115ed64b52efb53b493d279f72a1ed2c1dde342f98dfc9178d"",""0x505f78474c398814eb0ba0cc3c08f6129e12bf16431876853283a43beac9d141"",""0xdabbd1bf365dd83a0175d5e359d11f8d109116b0745646ef8d2c6a2efcf851df"",""0xcd6d08f520a5a6aebaa079033393b6393e347445be26d2c107e8d7ee03c8f13c"",""0x70466edbeed113ce8a8435ffd9f8208b8c3f50b2cf38281af86584c766a4310f"",""0x737e933cd67a89d2c13038c499d7d71518a56e6b95bc97e9056a59b45c072c99"",""0xaa8fad824a174e57accf11eb34b23d020d6aa685da1925b1c30a611ffdb95a0e""]",0,0,1,0,0,0,0.8
bstpstaking512me8bc7185,valid,,5,1,2,me8bc7185,100,10,10,"[""0x5b677b1ca640fe2fa90ccb13036a107a5177af4f0b0bd5ed853ac029e427d019"",""0x3c97283efec66e1a5ec8437966e087338da20f0aad3723d41d52c67328f7efe4"",""0x49e5774ab139905928ff21d948254adc70aa28ff5eea2ac796f32b0549b267a3"",""0x6e53ec51854bc45ec72e747b9db61797e1b20b6c0f523a3f2ead783fd267ed91"",""0xa7831feb3b6ce91bfea938682651e70d662f1266659cbce6eaf0526e45512a68"",""0x167a4d5214f28e5714dbe0ef582ab78f31d676888df89fd1380e7d60c6455530"",""0x90ecb607bbb48b913aefe5003509412fcdc1a78708f7390fad1c6953be606038"",""0xcfdc62eb5da1c0cc9f61c08540ca22833a6530d40de956ae254be5b1e0b59d74"",""0xfc9bec6e17e3d34235748a04c8a772f602b2283e2946d9f68c2ed62bcdd2cd85"",""0xc242c986f95f7cb745f870b1e292c03f57e59c36e809d37eb00cc8d235b22c5a""]","[""0x5b677b1ca640fe2fa90ccb13036a107a5177af4f0b0bd5ed853ac029e427d019"",""0x3c97283efec66e1a5ec8437966e087338da20f0aad3723d41d52c67328f7efe4"",""0x49e5774ab139905928ff21d948254adc70aa28ff5eea2ac796f32b0549b267a3"",""0x6e53ec51854bc45ec72e747b9db61797e1b20b6c0f523a3f2ead783fd267ed91"",""0xa7831feb3b6ce91bfea938682651e70d662f1266659cbce6eaf0526e45512a68"",""0x167a4d5214f28e5714dbe0ef582ab78f31d676888df89fd1380e7d60c6455530"",""0x90ecb607bbb48b913aefe5003509412fcdc1a78708f7390fad1c6953be606038"",""0xcfdc62eb5da1c0cc9f61c08540ca22833a6530d40de956ae254be5b1e0b59d74"",""0xfc9bec6e17e3d34235748a04c8a772f602b2283e2946d9f68c2ed62bcdd2cd85"",""0xc242c986f95f7cb745f870b1e292c03f57e59c36e809d37eb00cc8d235b22c5a""]","[""0x5b677b1ca640fe2fa90ccb13036a107a5177af4f0b0bd5ed853ac029e427d019"",""0x3c97283efec66e1a5ec8437966e087338da20f0aad3723d41d52c67328f7efe4"",""0x49e5774ab139905928ff21d948254adc70aa28ff5eea2ac796f32b0549b267a3"",""0x6e53ec51854bc45ec72e747b9db61797e1b20b6c0f523a3f2ead783fd267ed91"",""0xa7831feb3b6ce91bfea938682651e70d662f1266659cbce6eaf0526e45512a68"",""0x167a4d5214f28e5714dbe0ef582ab78f31d676888df89fd1380e7d60c6455530"",""0x90ecb607bbb48b913aefe5003509412fcdc1a78708f7390fad1c6953be606038"",""0xcfdc62eb5da1c0cc9f61c08540ca22833a6530d40de956ae254be5b1e0b59d74"",""0xfc9bec6e17e3d34235748a04c8a772f602b2283e2946d9f68c2ed62bcdd2cd85"",""0xc242c986f95f7cb745f870b1e292c03f57e59c36e809d37eb00cc8d235b22c5a""]",0,0,1,0,0,0,1
bstpstaking512mec0952f1,valid,,5,1,2,mec0952f1,100,10,10,"[""0x119bb5b05d026a441a51d331d2e813d4a51e2ca676f9919b728dde31c94dc798"",""0xdd364115eefd88d44ddca902abb962bd1038efc911e81847f0d1911029cb83fc"",""0x281cd26d80e9cd95f098908b641c2534121c033c47795850d88fdab6f04f2af0"",""0xdabbd1bf365dd83a0175d5e359d11f8d109116b0745646ef8d2c6a2efcf851df"",""0xbf11d678dcdece15f7824e21c504ec11500448bd6eb50749dea8bda81bf85a81"",""0xf5162966dbd2c8c3b2195e7ee9c5e46a8dd1715287d079a5b92d312ca24045cd"",""0x27f6a02165b673e7008df197e38e096214cfb8e24d4ed54d9d7086bd62eb23c1"",""0x68fb332560fdf6ea1d74d8c4bfc3ff952f79df911ac17e478862c0aa1c736db3"",""0x262e2e527250bfc9fea90edce78f93b95ce16f345766eb2534ba2fb39906d951"",""0x01829fcc6d779d94ee869f97379c6516562dc7f8b74938742ffefe6b09b93fbc""]","[""0x119bb5b05d026a441a51d331d2e813d4a51e2ca676f9919b728dde31c94dc798"",""0xdd364115eefd88d44ddca902abb962bd1038efc911e81847f0d1911029cb83fc"",""0x281cd26d80e9cd95f098908b641c2534121c033c47795850d88fdab6f04f2af0"",""0xdabbd1bf365dd83a0175d5e359d11f8d109116b0745646ef8d2c6a2efcf851df"",""0xbf11d678dcdece15f7824e21c504ec11500448bd6eb50749dea8bda81bf85a81"",""0xf5162966dbd2c8c3b2195e7ee9c5e46a8dd1715287d079a5b92d312ca24045cd"",""0x27f6a02165b673e7008df197e38e096214cfb8e24d4ed54d9d7086bd62eb23c1"",""0x68fb332560fdf6ea1d74d8c4bfc3ff952f79df911ac17e478862c0aa1c736db3"",""0x262e2e527250bfc9fea90edce78f93b95ce16f345766eb2534ba2fb39906d951"",""0x01829fcc6d779d94ee869f97379c6516562dc7f8b74938742ffefe6b09b93fbc""]","[""0x119bb5b05d026a441a51d331d2e813d4a51e2ca676f9919b728dde31c94dc798"",""0xdd364115eefd88d44ddca902abb962bd1038efc911e81847f0d1911029cb83fc"",""0x281cd26d80e9cd95f098908b641c2534121c033c47795850d88fdab6f04f2af0"",""0xdabbd1bf365dd83a0175d5e359d11f8d109116b0745646ef8d2c6a2efcf851df"",""0xbf11d678dcdece15f7824e21c504ec11500448bd6eb50749dea8bda81bf85a81"",""0xf5162966dbd2c8c3b2195e7ee9c5e46a8dd1715287d079a5b92d312ca24045cd"",""0x27f6a02165b673e7008df197e38e096214cfb8e24d4ed54d9d7086bd62eb23c1"",""0x68fb332560fdf6ea1d74d8c4bfc3ff952f79df911ac17e478862c0aa1c736db3"",""0x262e2e527250bfc9fea90edce78f93b95ce16f345766eb2534ba2fb39906d951"",""0x01829fcc6d779d94ee869f97379c6516562dc7f8b74938742ffefe6b09b93fbc""]",0,0,1,0,0,0,1
bstpstaking512mfadd38bd,valid,,5,1,2,mfadd38bd,100,10,10,"[""0x6b84de292cb6e3be779d6288c69c6a070bba523a2317a4d294c1616e10f137ed"",""0x29eba7ba49866efd89a8dce8d84688734eb0b4b198d4992b288b36b31540c8dc"",""0x49e5774ab139905928ff21d948254adc70aa28ff5eea2ac796f32b0549b267a3"",""0x9a0ed5a06fb6051d9a659f829e57ea0e382f714cb43d55efaa317c69cfae14ee"",""0x6ea2e4d3921eb79867ba52b40ba2fdf4df2de7e307f65f7742bf9f3bdb48a96c"",""0x1fd6cd46a30ebaf43fddfe1aa0f8499987a4d3e3a687e3b577d2d1f1bf4d9e77"",""0xfd6b6381e462eb69a90451498acc82533df2612f7e00141667dbce964caa982e"",""0x16a4b9d56a3ab5e2ef284d0e822e6707757b125228793b37bc9e037802da9d9b"",""0x60642c6a8412d200a3413c5426afef17f3d72d45fadaf5cdde98b783893518ec"",""0xae105f7f87da768b512fdfdb98a0fbf6131d1571893bb99b9a0ab477ff1702c2""]","[""0x71a93113087b01233d6a75b25863b56cc2d4ca947f24a3540208f7d1f5e5efbf"",""0xfd6b6381e462eb69a90451498acc82533df2612f7e00141667dbce964caa982e"",""0x505f78474c398814eb0ba0cc3c08f6129e12bf16431876853283a43beac9d141"",""0x3c4ef3727c5acae7ca4976ecf767571e18ac1b70a4aad2ac4f7b9139bcfc987d"",""0x60642c6a8412d200a3413c5426afef17f3d72d45fadaf5cdde98b783893518ec"",""0x1fd6cd46a30ebaf43fddfe1aa0f8499987a4d3e3a687e3b577d2d1f1bf4d9e77"",""0x429b49322f39406d28f591c75e8222ecd51db05a599ec5d128466346627eb705"",""0xae105f7f87da768b512fdfdb98a0fbf6131d1571893bb99b9a0ab477ff1702c2"",""0x353fcfc68b913bba883a1cbe437235257a5567ace334e692406b2239896cc845"",""0x7c9cdb9fd07a0e95dd225ef751470ce88b43ad6e9e209b3b95404c7a6849e39b""]","[""0x1fd6cd46a30ebaf43fddfe1aa0f8499987a4d3e3a687e3b577d2d1f1bf4d9e77"",""0xfd6b6381e462eb69a90451498acc82533df2612f7e00141667dbce964caa982e"",""0x60642c6a8412d200a3413c5426afef17f3d72d45fadaf5cdde98b783893518ec"",""0xae105f7f87da768b512fdfdb98a0fbf6131d1571893bb99b9a0ab477ff1702c2""]",0,0,1,0,0,0,0.4
bstpstaking513m02a43993,valid,,5,1,3,m02a43993,100,10,10,"[""0xb1d52412675094b54611913899744bda3aa3c67ce51c9e9d61d8a49d9cc84caf"",""0x92c0efa8758ff02dd06dfd438cd6612b6e3590f9c8b7c0932fd418903855a478"",""0x80288ad5dc62d58560df110a3535af497449f9f6f4f71e34500b9f5045943ea7"",""0x90ecb607bbb48b913aefe5003509412fcdc1a78708f7390fad1c6953be606038"",""0x3b5d1234f10198acc136a10dfa09fa0a1a59de504bc0d9a7c35446f692b7c07c"",""0xcd09dc92e8736934e461988f29064ea4e49ccc41310e47a797ab8e787536e77d"",""0xb002fb01be58fedcd04d5ceb2895feaf22973ac1205efed3d2db367bc6d7525b"",""0x7c40aac49a736517f5c440f9392f1683424054f2ffa6df7c2970a52c11db06ca"",""0x6940f8c3529787bcfbcbf21fa64207221930bb64f69f1727136674443bba43aa"",""0x7ee6122ffe5045a29b7a40187e64f8b90aab3cbe9c16764b73683721371572a2""]","[""0xb1d52412675094b54611913899744bda3aa3c67ce51c9e9d61d8a49d9cc84caf"",""0x92c0efa8758ff02dd06dfd438cd6612b6e3590f9c8b7c0932fd418903855a478"",""0x80288ad5dc62d58560df110a3535af497449f9f6f4f71e34500b9f5045943ea7"",""0x90ecb607bbb48b913aefe5003509412fcdc1a78708f7390fad1c6953be606038"",""0x08c294941588d570c4ae95ce5aaf4a1592f278bd19029a2851efff2d86015692"",""0x3b5d1234f10198acc136a10dfa09fa0a1a59de504bc0d9a7c35446f692b7c07c"",""0xcd09dc92e8736934e461988f29064ea4e49ccc41310e47a797ab8e787536e77d"",""0xb002fb01be58fedcd04d5ceb2895feaf22973ac1205efed3d2db367bc6d7525b"",""0x7c40aac49a736517f5c440f9392f1683424054f2ffa6df7c2970a52c11db06ca"",""0x6940f8c3529787bcfbcbf21fa64207221930bb64f69f1727136674443bba43aa""]","[""0xb1d52412675094b54611913899744bda3aa3c67ce51c9e9d61d8a49d9cc84caf"",""0x92c0efa8758ff02dd06dfd438cd6612b6e3590f9c8b7c0932fd418903855a478"",""0x80288ad5dc62d58560df110a3535af497449f9f6f4f71e34500b9f5045943ea7"",""0x90ecb607bbb48b913aefe5003509412fcdc1a78708f7390fad1c6953be606038"",""0x3b5d1234f10198acc136a10dfa09fa0a1a59de504bc0d9a7c35446f692b7c07c"",""0xcd09dc92e8736934e461988f29064ea4e49ccc41310e47a797ab8e787536e77d"",""0xb002fb01be58fedcd04d5ceb2895feaf22973ac1205efed3d2db367bc6d7525b"",""0x7c40aac49a736517f5c440f9392f1683424054f2ffa6df7c2970a52c11db06ca"",""0x6940f8c3529787bcfbcbf21fa64207221930bb64f69f1727136674443bba43aa""]",0,0,1,0,0,0,0.9
bstpstaking513m069a3556,valid,,5,1,3,m069a3556,100,10,10,"[""0xc07123b97e3b7fb310541633f72936c40f21f7a507de51256f9c4a68505fe755"",""0x8e6d012480045e4b5a348cba18c36cd7dce2c03e104f31bee2ef673ed479f9b9"",""0x230550ee2f183f79fbee87b09e6157a7bfd65abfefa14a749660749b7fa0d6b4"",""0xe70b739d2c9d746514eb24b9ed0d3b51448a0a5913813a2864aa9be0ec65e691"",""0x281cd26d80e9cd95f098908b641c2534121c033c47795850d88fdab6f04f2af0"",""0xf4c422da3c214b6694dd8937e3bd0f11e555e480b13c9abfe908f7d2066c5257"",""0x12c0e8caa1bce7d499cbbbc665fbb364c09cd2977856fe2bf0027b9c600b9022"",""0x43c0357ab8cb4ecbcc1b77a7ce056f1dedb3fd31ebaa280088ecf2d8037de1c6"",""0xfd70d4311b5768c6b6bf7ecd75518b0b26ba2529cb7cf75e450bca9f0d366daa"",""0xd7531695dcd358a4f56787acbbd65565a09fc63eff941ad49498daeb1ae38f44""]","[""0x230550ee2f183f79fbee87b09e6157a7bfd65abfefa14a749660749b7fa0d6b4"",""0xe5da0f8dfb6b491adb9c38f755f10e08bd498ab5979036394be3930984053206"",""0x505f78474c398814eb0ba0cc3c08f6129e12bf16431876853283a43beac9d141"",""0x281cd26d80e9cd95f098908b641c2534121c033c47795850d88fdab6f04f2af0"",""0x12c0e8caa1bce7d499cbbbc665fbb364c09cd2977856fe2bf0027b9c600b9022"",""0x8d357dcd4a7c14d4a0f33a6d36f83ab30a8caad65d222d503f46d94d277f7c24"",""0xcd6d08f520a5a6aebaa079033393b6393e347445be26d2c107e8d7ee03c8f13c"",""0xd7531695dcd358a4f56787acbbd65565a09fc63eff941ad49498daeb1ae38f44"",""0x429b49322f39406d28f591c75e8222ecd51db05a599ec5d128466346627eb705"",""0x86ae1d3cfed9f994a673ca32c9ebb44c1b77c8c3781c16a0f6486fea4611ee5b""]","[""0x230550ee2f183f79fbee87b09e6157a7bfd65abfefa14a749660749b7fa0d6b4"",""0x281cd26d80e9cd95f098908b641c2534121c033c47795850d88fdab6f04f2af0"",""0x12c0e8caa1bce7d499cbbbc665fbb364c09cd2977856fe2bf0027b9c600b9022"",""0xd7531695dcd358a4f56787acbbd65565a09fc63eff941ad49498daeb1ae38f44""]",0,0,1,0,0,0,0.4
bstpstaking513m1a5bd173,valid,,5,1,3,m1a5bd173,100,10,10,"[""0xc6a97d34bb42db0a2411ee2a04a39e1a349ac46d0facc8d8aba2ac45c1b9eee0"",""0x1450a2ad54db1f6259714cc9ac588cd99a4c4c03f9526698ab2fa1de7df5a66e"",""0x33da2b3594ef9db6bcb504fb42dbeb618bd4744bad06118ab8bdb7d67bdff688"",""0x16a4b9d56a3ab5e2ef284d0e822e6707757b125228793b37bc9e037802da9d9b"",""0x24f9218adf79c104bedfedf7890d4204b575153662d2926a63eaf682f636b496"",""0x0a363f73ac86187864f54390fdd7c779dfc66601f6a87f2d44a62f2ebe20bba6"",""0x372a46a49dcd8958b4a44fc4f857681c276a1a917b81607a08525a0ac000817a"",""0x6a735d9199bcfde6d540397f0c81a9225ad8520e39847b9a367e7dd94565137d"",""0x86ae1d3cfed9f994a673ca32c9ebb44c1b77c8c3781c16a0f6486fea4611ee5b"",""0x9a0ed5a06fb6051d9a659f829e57ea0e382f714cb43d55efaa317c69cfae14ee""]","[""0x16a4b9d56a3ab5e2ef284d0e822e6707757b125228793b37bc9e037802da9d9b"",""0x86ae1d3cfed9f994a673ca32c9ebb44c1b77c8c3781c16a0f6486fea4611ee5b"",""0xa4a5871d752ffcf82f0971f07904f7cdd34150574ae793fcf1bff93d1aa06ff0"",""0xaa8fad824a174e57accf11eb34b23d020d6aa685da1925b1c30a611ffdb95a0e"",""0x80e64594a9d4fad2c6617c96707f6c9a1a78970b22d16066311be57b6d24a7da"",""0x39700501189242fe3b7185fd03a5cace111de24b0c6b66471be82d30bc72ec27"",""0x7634f8326375f99ebfd7a8b203b7442a56b18cf7dc73f6238abd4122e8090b86"",""0x6ea2e4d3921eb79867ba52b40ba2fdf4df2de7e307f65f7742bf9f3bdb48a96c"",""0xe2c89165b1663cbef76d4db4aff33d030d5826b8a643a445b8531c288e7745fd"",""0x60642c6a8412d200a3413c5426afef17f3d72d45fadaf5cdde98b783893518ec""]","[""0x16a4b9d56a3ab5e2ef284d0e822e6707757b125228793b37bc9e037802da9d9b"",""0x86ae1d3cfed9f994a673ca32c9ebb44c1b77c8c3781c16a0f6486fea4611ee5b""]",0,0,1,0,0,0,0.2
bstpstaking513m30fd2845,valid,,5,1,3,m30fd2845,100,10,10,"[""0x73d6c0efd0550ca38510ec910998f28c5f57de699ed4f4eab13ed86d90fb6b07"",""0x16a4b9d56a3ab5e2ef284d0e822e6707757b125228793b37bc9e037802da9d9b"",""0xe9bff1484b60de522b5fda8d2a44f33f1ba6a17ca2db76472f469a91f2245a8b"",""0x7c9cdb9fd07a0e95dd225ef751470ce88b43ad6e9e209b3b95404c7a6849e39b"",""0xb3788db79f3ad700a3cc134a27acbcec7a0a587ffbcdf5927faa24e5c362d493"",""0xc2467251882eb44d5415c8fddda0ba28022dedaeeca039a9fa1e56bb4cb2aba3"",""0xea69777677b59561b3782267ef6a65d6e0f38e1fea58f1ece52358972347edb0"",""0x68fb332560fdf6ea1d74d8c4bfc3ff952f79df911ac17e478862c0aa1c736db3"",""0x9920c06a362172692e96bab008e569caa257aaec2c8f130f3564a55f2f52357b"",""0x262e2e527250bfc9fea90edce78f93b95ce16f345766eb2534ba2fb39906d951""]","[""0x73d6c0efd0550ca38510ec910998f28c5f57de699ed4f4eab13ed86d90fb6b07"",""0x16a4b9d56a3ab5e2ef284d0e822e6707757b125228793b37bc9e037802da9d9b"",""0xe9bff1484b60de522b5fda8d2a44f33f1ba6a17ca2db76472f469a91f2245a8b"",""0x7c9cdb9fd07a0e95dd225ef751470ce88b43ad6e9e209b3b95404c7a6849e39b"",""0xb3788db79f3ad700a3cc134a27acbcec7a0a587ffbcdf5927faa24e5c362d493"",""0xc2467251882eb44d5415c8fddda0ba28022dedaeeca039a9fa1e56bb4cb2aba3"",""0xea69777677b59561b3782267ef6a65d6e0f38e1fea58f1ece52358972347edb0"",""0x68fb332560fdf6ea1d74d8c4bfc3ff952f79df911ac17e478862c0aa1c736db3"",""0x9920c06a362172692e96bab008e569caa257aaec2c8f130f3564a55f2f52357b"",""0x262e2e527250bfc9fea90edce78f93b95ce16f345766eb2534ba2fb39906d951""]","[""0x73d6c0efd0550ca38510ec910998f28c5f57de699ed4f4eab13ed86d90fb6b07"",""0x16a4b9d56a3ab5e2ef284d0e822e6707757b125228793b37bc9e037802da9d9b"",""0xe9bff1484b60de522b5fda8d2a44f33f1ba6a17ca2db76472f469a91f2245a8b"",""0x7c9cdb9fd07a0e95dd225ef751470ce88b43ad6e9e209b3b95404c7a6849e39b"",""0xb3788db79f3ad700a3cc134a27acbcec7a0a587ffbcdf5927faa24e5c362d493"",""0xc2467251882eb44d5415c8fddda0ba28022dedaeeca039a9fa1e56bb4cb2aba3"",""0xea69777677b59561b3782267ef6a65d6e0f38e1fea58f1ece52358972347edb0"",""0x68fb332560fdf6ea1d74d8c4bfc3ff952f79df911ac17e478862c0aa1c736db3"",""0x9920c06a362172692e96bab008e569caa257aaec2c8f130f3564a55f2f52357b"",""0x262e2e527250bfc9fea90edce78f93b95ce16f345766eb2534ba2fb39906d951""]",0,0,1,0,0,0,1
bstpstaking513m33799275,valid,,5,1,3,m33799275,100,10,10,"[""0xcd09dc92e8736934e461988f29064ea4e49ccc41310e47a797ab8e787536e77d"",""0xfd70d4311b5768c6b6bf7ecd75518b0b26ba2529cb7cf75e450bca9f0d366daa"",""0xa7831feb3b6ce91bfea938682651e70d662f1266659cbce6eaf0526e45512a68"",""0x29eba7ba49866efd89a8dce8d84688734eb0b4b198d4992b288b36b31540c8dc"",""0x2c6db858294994968533795d44c86dc8f050d3652066b8ceadf9d3b73dc7d902"",""0x8945bcc45087a8bfb2e18a5306781be29a69dbac49c73ab68b0d6c56a67bc0f9"",""0x5b677b1ca640fe2fa90ccb13036a107a5177af4f0b0bd5ed853ac029e427d019"",""0x8cc4b8cdcb727613f2378e83b1e459ef38061ac468dcb3d02730b17ef2a02673"",""0x49e5774ab139905928ff21d948254adc70aa28ff5eea2ac796f32b0549b267a3"",""0x106ecf713381cc7ee659b224caebb8c2d8402304fcc03cc12f04d9acb19beb31""]","[""0xcd09dc92e8736934e461988f29064ea4e49ccc41310e47a797ab8e787536e77d"",""0xfd70d4311b5768c6b6bf7ecd75518b0b26ba2529cb7cf75e450bca9f0d366daa"",""0xa7831feb3b6ce91bfea938682651e70d662f1266659cbce6eaf0526e45512a68"",""0x29eba7ba49866efd89a8dce8d84688734eb0b4b198d4992b288b36b31540c8dc"",""0x2c6db858294994968533795d44c86dc8f050d3652066b8ceadf9d3b73dc7d902"",""0x8945bcc45087a8bfb2e18a5306781be29a69dbac49c73ab68b0d6c56a67bc0f9"",""0x5b677b1ca640fe2fa90ccb13036a107a5177af4f0b0bd5ed853ac029e427d019"",""0x8cc4b8cdcb727613f2378e83b1e459ef38061ac468dcb3d02730b17ef2a02673"",""0x49e5774ab139905928ff21d948254adc70aa28ff5eea2ac796f32b0549b267a3"",""0x106ecf713381cc7ee659b224caebb8c2d8402304fcc03cc12f04d9acb19beb31""]","[""0xcd09dc92e8736934e461988f29064ea4e49ccc41310e47a797ab8e787536e77d"",""0xfd70d4311b5768c6b6bf7ecd75518b0b26ba2529cb7cf75e450bca9f0d366daa"",""0xa7831feb3b6ce91bfea938682651e70d662f1266659cbce6eaf0526e45512a68"",""0x29eba7ba49866efd89a8dce8d84688734eb0b4b198d4992b288b36b31540c8dc"",""0x2c6db858294994968533795d44c86dc8f050d3652066b8ceadf9d3b73dc7d902"",""0x8945bcc45087a8bfb2e18a5306781be29a69dbac49c73ab68b0d6c56a67bc0f9"",""0x5b677b1ca640fe2fa90ccb13036a107a5177af4f0b0bd5ed853ac029e427d019"",""0x8cc4b8cdcb727613f2378e83b1e459ef38061ac468dcb3d02730b17ef2a02673"",""0x49e5774ab139905928ff21d948254adc70aa28ff5eea2ac796f32b0549b267a3"",""0x106ecf713381cc7ee659b224caebb8c2d8402304fcc03cc12f04d9acb19beb31""]",0,0,1,0,0,0,1
bstpstaking513m3b4969fb,valid,,5,1,3,m3b4969fb,100,10,10,"[""0xb002fb01be58fedcd04d5ceb2895feaf22973ac1205efed3d2db367bc6d7525b"",""0x106ecf713381cc7ee659b224caebb8c2d8402304fcc03cc12f04d9acb19beb31"",""0x682175835b69fee8ca4e1000194ccf6067372d31c29aa0c1fb86d118274fe35f"",""0xc242c986f95f7cb745f870b1e292c03f57e59c36e809d37eb00cc8d235b22c5a"",""0x4c896b9c75e38294c3a07ab4ccb18852996db2708540195223e428ddf09d38a0"",""0x6a735d9199bcfde6d540397f0c81a9225ad8520e39847b9a367e7dd94565137d"",""0x4f70045f96345b6154f2e63f3fe4b06b6e40108aedcdd3afc6a66ea75fc3da24"",""0xffb33d2d1648788432430e96a9706f35a4dcfe30d45dd0e99a1eaf7e59ab6aeb"",""0xcfdc62eb5da1c0cc9f61c08540ca22833a6530d40de956ae254be5b1e0b59d74"",""0x5b677b1ca640fe2fa90ccb13036a107a5177af4f0b0bd5ed853ac029e427d019""]","[""0xb002fb01be58fedcd04d5ceb2895feaf22973ac1205efed3d2db367bc6d7525b"",""0x106ecf713381cc7ee659b224caebb8c2d8402304fcc03cc12f04d9acb19beb31"",""0x682175835b69fee8ca4e1000194ccf6067372d31c29aa0c1fb86d118274fe35f"",""0xc242c986f95f7cb745f870b1e292c03f57e59c36e809d37eb00cc8d235b22c5a"",""0x4c896b9c75e38294c3a07ab4ccb18852996db2708540195223e428ddf09d38a0"",""0x6a735d9199bcfde6d540397f0c81a9225ad8520e39847b9a367e7dd94565137d"",""0x4f70045f96345b6154f2e63f3fe4b06b6e40108aedcdd3afc6a66ea75fc3da24"",""0xffb33d2d1648788432430e96a9706f35a4dcfe30d45dd0e99a1eaf7e59ab6aeb"",""0xcfdc62eb5da1c0cc9f61c08540ca22833a6530d40de956ae254be5b1e0b59d74"",""0x5b677b1ca640fe2fa90ccb13036a107a5177af4f0b0bd5ed853ac029e427d019""]","[""0xb002fb01be58fedcd04d5ceb2895feaf22973ac1205efed3d2db367bc6d7525b"",""0x106ecf713381cc7ee659b224caebb8c2d8402304fcc03cc12f04d9acb19beb31"",""0x682175835b69fee8ca4e1000194ccf6067372d31c29aa0c1fb86d118274fe35f"",""0xc242c986f95f7cb745f870b1e292c03f57e59c36e809d37eb00cc8d235b22c5a"",""0x4c896b9c75e38294c3a07ab4ccb18852996db2708540195223e428ddf09d38a0"",""0x6a735d9199bcfde6d540397f0c81a9225ad8520e39847b9a367e7dd94565137d"",""0x4f70045f96345b6154f2e63f3fe4b06b6e40108aedcdd3afc6a66ea75fc3da24"",""0xffb33d2d1648788432430e96a9706f35a4dcfe30d45dd0e99a1eaf7e59ab6aeb"",""0xcfdc62eb5da1c0cc9f61c08540ca22833a6530d40de956ae254be5b1e0b59d74"",""0x5b677b1ca640fe2fa90ccb13036a107a5177af4f0b0bd5ed853ac029e427d019""]",0,0,1,0,0,0,1
bstpstaking513m4239fd1c,valid,,5,1,3,m4239fd1c,100,10,10,"[""0x483e0faacc32045385006ac1d42d028b103a2e2e02f320e20037d0d36be54907"",""0x89c823bf9976eb820ef3b2041267ad2c6eed1f83e2ab87cdc4bf9577cff5a748"",""0x3c97283efec66e1a5ec8437966e087338da20f0aad3723d41d52c67328f7efe4"",""0x6940f8c3529787bcfbcbf21fa64207221930bb64f69f1727136674443bba43aa"",""0x106ecf713381cc7ee659b224caebb8c2d8402304fcc03cc12f04d9acb19beb31"",""0x90ecb607bbb48b913aefe5003509412fcdc1a78708f7390fad1c6953be606038"",""0xb7eba087f5cc24fe2d08675f1cd5a26ebf3fd48642175807fccde9db3ffb3752"",""0xdf845dfbd70267c5c523805713303d6f4b7b91d97219e28f0508b46315e5e0e2"",""0x8a5fc9c813f0cbb1fbb3c86b71678b733f90197cd9b0fec7ef5b2e74d2827527"",""0xd9067ec22c0a52c0bf051e10e841161ac9d25bfedf069957979cc6f267cb6324""]","[""0x483e0faacc32045385006ac1d42d028b103a2e2e02f320e20037d0d36be54907"",""0x89c823bf9976eb820ef3b2041267ad2c6eed1f83e2ab87cdc4bf9577cff5a748"",""0x3c97283efec66e1a5ec8437966e087338da20f0aad3723d41d52c67328f7efe4"",""0x6940f8c3529787bcfbcbf21fa64207221930bb64f69f1727136674443bba43aa"",""0x106ecf713381cc7ee659b224caebb8c2d8402304fcc03cc12f04d9acb19beb31"",""0x90ecb607bbb48b913aefe5003509412fcdc1a78708f7390fad1c6953be606038"",""0xb7eba087f5cc24fe2d08675f1cd5a26ebf3fd48642175807fccde9db3ffb3752"",""0xdf845dfbd70267c5c523805713303d6f4b7b91d97219e28f0508b46315e5e0e2"",""0x8a5fc9c813f0cbb1fbb3c86b71678b733f90197cd9b0fec7ef5b2e74d2827527"",""0xd9067ec22c0a52c0bf051e10e841161ac9d25bfedf069957979cc6f267cb6324""]","[""0x483e0faacc32045385006ac1d42d028b103a2e2e02f320e20037d0d36be54907"",""0x89c823bf9976eb820ef3b2041267ad2c6eed1f83e2ab87cdc4bf9577cff5a748"",""0x3c97283efec66e1a5ec8437966e087338da20f0aad3723d41d52c67328f7efe4"",""0x6940f8c3529787bcfbcbf21fa64207221930bb64f69f1727136674443bba43aa"",""0x106ecf713381cc7ee659b224caebb8c2d8402304fcc03cc12f04d9acb19beb31"",""0x90ecb607bbb48b913aefe5003509412fcdc1a78708f7390fad1c6953be606038"",""0xb7eba087f5cc24fe2d08675f1cd5a26ebf3fd48642175807fccde9db3ffb3752"",""0xdf845dfbd70267c5c523805713303d6f4b7b91d97219e28f0508b46315e5e0e2"",""0x8a5fc9c813f0cbb1fbb3c86b71678b733f90197cd9b0fec7ef5b2e74d2827527"",""0xd9067ec22c0a52c0bf051e10e841161ac9d25bfedf069957979cc6f267cb6324""]",0,0,1,0,0,0,1
bstpstaking513m61fde19d,valid,,5,1,3,m61fde19d,100,10,10,"[""0x8a5fc9c813f0cbb1fbb3c86b71678b733f90197cd9b0fec7ef5b2e74d2827527"",""0xa7831feb3b6ce91bfea938682651e70d662f1266659cbce6eaf0526e45512a68"",""0x000ceb98a30a9f0375fd46d151e4f2f8d830751c2983f14a1c6f0144f80b3198"",""0x69f76a6458130c9ded5a13a31db3715ca829f4a679d617f3e492b9116677d10c"",""0xdabbd1bf365dd83a0175d5e359d11f8d109116b0745646ef8d2c6a2efcf851df"",""0x281d75ca73c64a8633ed60198d5e953cc41cba8132bf7dfc97a978d37dd83726"",""0x7c9cdb9fd07a0e95dd225ef751470ce88b43ad6e9e209b3b95404c7a6849e39b"",""0x505f78474c398814eb0ba0cc3c08f6129e12bf16431876853283a43beac9d141"",""0xc83255e7f44f715ea7d2b6da08689900a9b7bb38ef204039561e14dde5e03798"",""0x12c0e8caa1bce7d499cbbbc665fbb364c09cd2977856fe2bf0027b9c600b9022""]","[""0x69f76a6458130c9ded5a13a31db3715ca829f4a679d617f3e492b9116677d10c"",""0xdabbd1bf365dd83a0175d5e359d11f8d109116b0745646ef8d2c6a2efcf851df"",""0x281d75ca73c64a8633ed60198d5e953cc41cba8132bf7dfc97a978d37dd83726"",""0x7c9cdb9fd07a0e95dd225ef751470ce88b43ad6e9e209b3b95404c7a6849e39b"",""0xfd6b6381e462eb69a90451498acc82533df2612f7e00141667dbce964caa982e"",""0x8d357dcd4a7c14d4a0f33a6d36f83ab30a8caad65d222d503f46d94d277f7c24"",""0x37890a125406e5e42ba213b40b55685bc6c328fc0106903b123b70d8312c1000"",""0x06442c0ccc9ab367282f06426924517e0a49c25e50a492ad91aecc55b655f458"",""0xe5da0f8dfb6b491adb9c38f755f10e08bd498ab5979036394be3930984053206"",""0xe2c89165b1663cbef76d4db4aff33d030d5826b8a643a445b8531c288e7745fd""]","[""0x69f76a6458130c9ded5a13a31db3715ca829f4a679d617f3e492b9116677d10c"",""0xdabbd1bf365dd83a0175d5e359d11f8d109116b0745646ef8d2c6a2efcf851df"",""0x281d75ca73c64a8633ed60198d5e953cc41cba8132bf7dfc97a978d37dd83726"",""0x7c9cdb9fd07a0e95dd225ef751470ce88b43ad6e9e209b3b95404c7a6849e39b""]",0,0,1,0,0,0,0.4
bstpstaking513m6489f990,valid,,5,1,3,m6489f990,100,10,10,"[""0x14d09a4d420ae8a7492d23eb1beacf31a514ddd9765719262cf2a750248f046e"",""0x49e5774ab139905928ff21d948254adc70aa28ff5eea2ac796f32b0549b267a3"",""0x73d6c0efd0550ca38510ec910998f28c5f57de699ed4f4eab13ed86d90fb6b07"",""0xd9067ec22c0a52c0bf051e10e841161ac9d25bfedf069957979cc6f267cb6324"",""0x3c4ef3727c5acae7ca4976ecf767571e18ac1b70a4aad2ac4f7b9139bcfc987d"",""0x682175835b69fee8ca4e1000194ccf6067372d31c29aa0c1fb86d118274fe35f"",""0x8e6ed61f936c34115ed64b52efb53b493d279f72a1ed2c1dde342f98dfc9178d"",""0x2fca7fbeba6225e1f4fb9373e6a417663b15a5f54b5f93454a0a66edec6027ce"",""0x14d534ee18d54539f93cf0cbd15d0b48e1c75157bcce2837a841a3886247a9aa"",""0x281cd26d80e9cd95f098908b641c2534121c033c47795850d88fdab6f04f2af0""]","[""0x73d6c0efd0550ca38510ec910998f28c5f57de699ed4f4eab13ed86d90fb6b07"",""0x3c4ef3727c5acae7ca4976ecf767571e18ac1b70a4aad2ac4f7b9139bcfc987d"",""0x8e6ed61f936c34115ed64b52efb53b493d279f72a1ed2c1dde342f98dfc9178d"",""0x01829fcc6d779d94ee869f97379c6516562dc7f8b74938742ffefe6b09b93fbc"",""0x262e2e527250bfc9fea90edce78f93b95ce16f345766eb2534ba2fb39906d951"",""0xaa8fad824a174e57accf11eb34b23d020d6aa685da1925b1c30a611ffdb95a0e"",""0x429b49322f39406d28f591c75e8222ecd51db05a599ec5d128466346627eb705"",""0x08c294941588d570c4ae95ce5aaf4a1592f278bd19029a2851efff2d86015692"",""0x6ea2e4d3921eb79867ba52b40ba2fdf4df2de7e307f65f7742bf9f3bdb48a96c"",""0x281cd26d80e9cd95f098908b641c2534121c033c47795850d88fdab6f04f2af0""]","[""0x73d6c0efd0550ca38510ec910998f28c5f57de699ed4f4eab13ed86d90fb6b07"",""0x3c4ef3727c5acae7ca4976ecf767571e18ac1b70a4aad2ac4f7b9139bcfc987d"",""0x8e6ed61f936c34115ed64b52efb53b493d279f72a1ed2c1dde342f98dfc9178d"",""0x281cd26d80e9cd95f098908b641c2534121c033c47795850d88fdab6f04f2af0""]",0,0,1,0,0,0,0.4
bstpstaking513m652a5fba,valid,,5,1,3,m652a5fba,100,10,10,"[""0x5b677b1ca640fe2fa90ccb13036a107a5177af4f0b0bd5ed853ac029e427d019"",""0xd9067ec22c0a52c0bf051e10e841161ac9d25bfedf069957979cc6f267cb6324"",""0x2c6db858294994968533795d44c86dc8f050d3652066b8ceadf9d3b73dc7d902"",""0x98383544e422fe17027cdac418f09337309386a10806b8ee02c8d32713923a8e"",""0x3c97283efec66e1a5ec8437966e087338da20f0aad3723d41d52c67328f7efe4"",""0x4c896b9c75e38294c3a07ab4ccb18852996db2708540195223e428ddf09d38a0"",""0x932383665799c1241f674264478c7dbdc9dbecd0c1d33b2034e91903326669df"",""0xa63fcda447dc677aff51b439cd6a819948b063fdcbbb6fd91cc9f134f268da93"",""0x0a363f73ac86187864f54390fdd7c779dfc66601f6a87f2d44a62f2ebe20bba6"",""0x8f0ef939da1b8e84c4584c93e0a1ae2208d1a771a84d98381787dc2688e4fed9""]","[""0x5b677b1ca640fe2fa90ccb13036a107a5177af4f0b0bd5ed853ac029e427d019"",""0xd9067ec22c0a52c0bf051e10e841161ac9d25bfedf069957979cc6f267cb6324"",""0x2c6db858294994968533795d44c86dc8f050d3652066b8ceadf9d3b73dc7d902"",""0xb65630e7129a1fecafdca9eb7dbe53130a12b5d3e2e984bbf9c9a5399c6cc30f"",""0x39700501189242fe3b7185fd03a5cace111de24b0c6b66471be82d30bc72ec27"",""0x856f01151a1c15aa053c920c11f2f4a193b3ed4250c6ee2ebf77c3390fe0f275"",""0x98383544e422fe17027cdac418f09337309386a10806b8ee02c8d32713923a8e"",""0x3c97283efec66e1a5ec8437966e087338da20f0aad3723d41d52c67328f7efe4"",""0x4c896b9c75e38294c3a07ab4ccb18852996db2708540195223e428ddf09d38a0"",""0x932383665799c1241f674264478c7dbdc9dbecd0c1d33b2034e91903326669df""]","[""0x5b677b1ca640fe2fa90ccb13036a107a5177af4f0b0bd5ed853ac029e427d019"",""0xd9067ec22c0a52c0bf051e10e841161ac9d25bfedf069957979cc6f267cb6324"",""0x2c6db858294994968533795d44c86dc8f050d3652066b8ceadf9d3b73dc7d902"",""0x98383544e422fe17027cdac418f09337309386a10806b8ee02c8d32713923a8e"",""0x3c97283efec66e1a5ec8437966e087338da20f0aad3723d41d52c67328f7efe4"",""0x4c896b9c75e38294c3a07ab4ccb18852996db2708540195223e428ddf09d38a0"",""0x932383665799c1241f674264478c7dbdc9dbecd0c1d33b2034e91903326669df""]",0,0,1,0,0,0,0.7
bstpstaking513m66488430,valid,,5,1,3,m66488430,100,10,10,"[""0xc3b0696840352e2a25a87160f85c766cba4c6b9424a40ded6b5e2eb28f9215f6"",""0xfc9bec6e17e3d34235748a04c8a772f602b2283e2946d9f68c2ed62bcdd2cd85"",""0x7c40aac49a736517f5c440f9392f1683424054f2ffa6df7c2970a52c11db06ca"",""0xcd09dc92e8736934e461988f29064ea4e49ccc41310e47a797ab8e787536e77d"",""0x92c0efa8758ff02dd06dfd438cd6612b6e3590f9c8b7c0932fd418903855a478"",""0x4f70045f96345b6154f2e63f3fe4b06b6e40108aedcdd3afc6a66ea75fc3da24"",""0xb1d52412675094b54611913899744bda3aa3c67ce51c9e9d61d8a49d9cc84caf"",""0x90ecb607bbb48b913aefe5003509412fcdc1a78708f7390fad1c6953be606038"",""0xffb33d2d1648788432430e96a9706f35a4dcfe30d45dd0e99a1eaf7e59ab6aeb"",""0x6b84de292cb6e3be779d6288c69c6a070bba523a2317a4d294c1616e10f137ed""]","[""0xc3b0696840352e2a25a87160f85c766cba4c6b9424a40ded6b5e2eb28f9215f6"",""0xfc9bec6e17e3d34235748a04c8a772f602b2283e2946d9f68c2ed62bcdd2cd85"",""0x7c40aac49a736517f5c440f9392f1683424054f2ffa6df7c2970a52c11db06ca"",""0xcd09dc92e8736934e461988f29064ea4e49ccc41310e47a797ab8e787536e77d"",""0x92c0efa8758ff02dd06dfd438cd6612b6e3590f9c8b7c0932fd418903855a478"",""0x4f70045f96345b6154f2e63f3fe4b06b6e40108aedcdd3afc6a66ea75fc3da24"",""0xb1d52412675094b54611913899744bda3aa3c67ce51c9e9d61d8a49d9cc84caf"",""0x90ecb607bbb48b913aefe5003509412fcdc1a78708f7390fad1c6953be606038"",""0xffb33d2d1648788432430e96a9706f35a4dcfe30d45dd0e99a1eaf7e59ab6aeb"",""0x6b84de292cb6e3be779d6288c69c6a070bba523a2317a4d294c1616e10f137ed""]","[""0xc3b0696840352e2a25a87160f85c766cba4c6b9424a40ded6b5e2eb28f9215f6"",""0xfc9bec6e17e3d34235748a04c8a772f602b2283e2946d9f68c2ed62bcdd2cd85"",""0x7c40aac49a736517f5c440f9392f1683424054f2ffa6df7c2970a52c11db06ca"",""0xcd09dc92e8736934e461988f29064ea4e49ccc41310e47a797ab8e787536e77d"",""0x92c0efa8758ff02dd06dfd438cd6612b6e3590f9c8b7c0932fd418903855a478"",""0x4f70045f96345b6154f2e63f3fe4b06b6e40108aedcdd3afc6a66ea75fc3da24"",""0xb1d52412675094b54611913899744bda3aa3c67ce51c9e9d61d8a49d9cc84caf"",""0x90ecb607bbb48b913aefe5003509412fcdc1a78708f7390fad1c6953be606038"",""0xffb33d2d1648788432430e96a9706f35a4dcfe30d45dd0e99a1eaf7e59ab6aeb"",""0x6b84de292cb6e3be779d6288c69c6a070bba523a2317a4d294c1616e10f137ed""]",0,0,1,0,0,0,1
bstpstaking513m6e7de01e,valid,,5,1,3,m6e7de01e,100,10,10,"[""0x7c9cdb9fd07a0e95dd225ef751470ce88b43ad6e9e209b3b95404c7a6849e39b"",""0x353fcfc68b913bba883a1cbe437235257a5567ace334e692406b2239896cc845"",""0xaa8fad824a174e57accf11eb34b23d020d6aa685da1925b1c30a611ffdb95a0e"",""0x3c4ef3727c5acae7ca4976ecf767571e18ac1b70a4aad2ac4f7b9139bcfc987d"",""0xcd6d08f520a5a6aebaa079033393b6393e347445be26d2c107e8d7ee03c8f13c"",""0x281cd26d80e9cd95f098908b641c2534121c033c47795850d88fdab6f04f2af0"",""0xdd364115eefd88d44ddca902abb962bd1038efc911e81847f0d1911029cb83fc"",""0xe2c89165b1663cbef76d4db4aff33d030d5826b8a643a445b8531c288e7745fd"",""0x66dc91c1375c97a345396b765a31f83a172cf55a43b176b21f6e7ca8e695b9fd"",""0xd7531695dcd358a4f56787acbbd65565a09fc63eff941ad49498daeb1ae38f44""]","[""0x7c9cdb9fd07a0e95dd225ef751470ce88b43ad6e9e209b3b95404c7a6849e39b"",""0x353fcfc68b913bba883a1cbe437235257a5567ace334e692406b2239896cc845"",""0xaa8fad824a174e57accf11eb34b23d020d6aa685da1925b1c30a611ffdb95a0e"",""0x3c4ef3727c5acae7ca4976ecf767571e18ac1b70a4aad2ac4f7b9139bcfc987d"",""0xcd6d08f520a5a6aebaa079033393b6393e347445be26d2c107e8d7ee03c8f13c"",""0x281cd26d80e9cd95f098908b641c2534121c033c47795850d88fdab6f04f2af0"",""0xdd364115eefd88d44ddca902abb962bd1038efc911e81847f0d1911029cb83fc"",""0xe2c89165b1663cbef76d4db4aff33d030d5826b8a643a445b8531c288e7745fd"",""0x66dc91c1375c97a345396b765a31f83a172cf55a43b176b21f6e7ca8e695b9fd"",""0xd7531695dcd358a4f56787acbbd65565a09fc63eff941ad49498daeb1ae38f44""]","[""0x7c9cdb9fd07a0e95dd225ef751470ce88b43ad6e9e209b3b95404c7a6849e39b"",""0x353fcfc68b913bba883a1cbe437235257a5567ace334e692406b2239896cc845"",""0xaa8fad824a174e57accf11eb34b23d020d6aa685da1925b1c30a611ffdb95a0e"",""0x3c4ef3727c5acae7ca4976ecf767571e18ac1b70a4aad2ac4f7b9139bcfc987d"",""0xcd6d08f520a5a6aebaa079033393b6393e347445be26d2c107e8d7ee03c8f13c"",""0x281cd26d80e9cd95f098908b641c2534121c033c47795850d88fdab6f04f2af0"",""0xdd364115eefd88d44ddca902abb962bd1038efc911e81847f0d1911029cb83fc"",""0xe2c89165b1663cbef76d4db4aff33d030d5826b8a643a445b8531c288e7745fd"",""0x66dc91c1375c97a345396b765a31f83a172cf55a43b176b21f6e7ca8e695b9fd"",""0xd7531695dcd358a4f56787acbbd65565a09fc63eff941ad49498daeb1ae38f44""]",0,0,1,0,0,0,1
bstpstaking513m7dfad905,valid,,5,1,3,m7dfad905,100,10,10,"[""0x106ecf713381cc7ee659b224caebb8c2d8402304fcc03cc12f04d9acb19beb31"",""0xfd70d4311b5768c6b6bf7ecd75518b0b26ba2529cb7cf75e450bca9f0d366daa"",""0xe70b739d2c9d746514eb24b9ed0d3b51448a0a5913813a2864aa9be0ec65e691"",""0xa7831feb3b6ce91bfea938682651e70d662f1266659cbce6eaf0526e45512a68"",""0xab461bed3349317736818b1dabb4b0c82cc986f81bc20a4f98abb1cf118525e2"",""0xcd09dc92e8736934e461988f29064ea4e49ccc41310e47a797ab8e787536e77d"",""0x49e5774ab139905928ff21d948254adc70aa28ff5eea2ac796f32b0549b267a3"",""0x6e53ec51854bc45ec72e747b9db61797e1b20b6c0f523a3f2ead783fd267ed91"",""0x9a0ed5a06fb6051d9a659f829e57ea0e382f714cb43d55efaa317c69cfae14ee"",""0x80288ad5dc62d58560df110a3535af497449f9f6f4f71e34500b9f5045943ea7""]","[""0x106ecf713381cc7ee659b224caebb8c2d8402304fcc03cc12f04d9acb19beb31"",""0xfd70d4311b5768c6b6bf7ecd75518b0b26ba2529cb7cf75e450bca9f0d366daa"",""0xe70b739d2c9d746514eb24b9ed0d3b51448a0a5913813a2864aa9be0ec65e691"",""0xa7831feb3b6ce91bfea938682651e70d662f1266659cbce6eaf0526e45512a68"",""0xab461bed3349317736818b1dabb4b0c82cc986f81bc20a4f98abb1cf118525e2"",""0xcd09dc92e8736934e461988f29064ea4e49ccc41310e47a797ab8e787536e77d"",""0x49e5774ab139905928ff21d948254adc70aa28ff5eea2ac796f32b0549b267a3"",""0x6e53ec51854bc45ec72e747b9db61797e1b20b6c0f523a3f2ead783fd267ed91"",""0x9a0ed5a06fb6051d9a659f829e57ea0e382f714cb43d55efaa317c69cfae14ee"",""0x80288ad5dc62d58560df110a3535af497449f9f6f4f71e34500b9f5045943ea7""]","[""0x106ecf713381cc7ee659b224caebb8c2d8402304fcc03cc12f04d9acb19beb31"",""0xfd70d4311b5768c6b6bf7ecd75518b0b26ba2529cb7cf75e450bca9f0d366daa"",""0xe70b739d2c9d746514eb24b9ed0d3b51448a0a5913813a2864aa9be0ec65e691"",""0xa7831feb3b6ce91bfea938682651e70d662f1266659cbce6eaf0526e45512a68"",""0xab461bed3349317736818b1dabb4b0c82cc986f81bc20a4f98abb1cf118525e2"",""0xcd09dc92e8736934e461988f29064ea4e49ccc41310e47a797ab8e787536e77d"",""0x49e5774ab139905928ff21d948254adc70aa28ff5eea2ac796f32b0549b267a3"",""0x6e53ec51854bc45ec72e747b9db61797e1b20b6c0f523a3f2ead783fd267ed91"",""0x9a0ed5a06fb6051d9a659f829e57ea0e382f714cb43d55efaa317c69cfae14ee"",""0x80288ad5dc62d58560df110a3535af497449f9f6f4f71e34500b9f5045943ea7""]",0,0,1,0,0,0,1
bstpstaking513m7e72b6a8,invalid,error_duplicates,5,1,3,m7e72b6a8,100,10,10,"[""0x9a0ed5a06fb6051d9a659f829e57ea0e382f714cb43d55efaa317c69cfae14ee"",""0x98383544e422fe17027cdac418f09337309386a10806b8ee02c8d32713923a8e"",""0x8945bcc45087a8bfb2e18a5306781be29a69dbac49c73ab68b0d6c56a67bc0f9"",""0x99196e62444c2ecc416618bcc5a3424f9cd5641d6867c8e258507c7d89a4a88c"",""0xe40523cb93f50925b957e5e448d59b64adfad0b41a549e68dd171dd988bc17a5"",""0x4c896b9c75e38294c3a07ab4ccb18852996db2708540195223e428ddf09d38a0"",""0x7c40aac49a736517f5c440f9392f1683424054f2ffa6df7c2970a52c11db06ca"",""0x49e5774ab139905928ff21d948254adc70aa28ff5eea2ac796f32b0549b267a3"",""0xffb33d2d1648788432430e96a9706f35a4dcfe30d45dd0e99a1eaf7e59ab6aeb"",""0x8945bcc45087a8bfb2e18a5306781be29a69dbac49c73ab68b0d6c56a67bc0f9""]","[""0x9a0ed5a06fb6051d9a659f829e57ea0e382f714cb43d55efaa317c69cfae14ee"",""0x98383544e422fe17027cdac418f09337309386a10806b8ee02c8d32713923a8e"",""0x8945bcc45087a8bfb2e18a5306781be29a69dbac49c73ab68b0d6c56a67bc0f9"",""0xd7531695dcd358a4f56787acbbd65565a09fc63eff941ad49498daeb1ae38f44"",""0x99196e62444c2ecc416618bcc5a3424f9cd5641d6867c8e258507c7d89a4a88c"",""0xe40523cb93f50925b957e5e448d59b64adfad0b41a549e68dd171dd988bc17a5"",""0x4c896b9c75e38294c3a07ab4ccb18852996db2708540195223e428ddf09d38a0"",""0x7c40aac49a736517f5c440f9392f1683424054f2ffa6df7c2970a52c11db06ca"",""0x49e5774ab139905928ff21d948254adc70aa28ff5eea2ac796f32b0549b267a3"",""0xffb33d2d1648788432430e96a9706f35a4dcfe30d45dd0e99a1eaf7e59ab6aeb""]","[""0x9a0ed5a06fb6051d9a659f829e57ea0e382f714cb43d55efaa317c69cfae14ee"",""0x98383544e422fe17027cdac418f09337309386a10806b8ee02c8d32713923a8e"",""0x8945bcc45087a8bfb2e18a5306781be29a69dbac49c73ab68b0d6c56a67bc0f9"",""0x99196e62444c2ecc416618bcc5a3424f9cd5641d6867c8e258507c7d89a4a88c"",""0xe40523cb93f50925b957e5e448d59b64adfad0b41a549e68dd171dd988bc17a5"",""0x4c896b9c75e38294c3a07ab4ccb18852996db2708540195223e428ddf09d38a0"",""0x7c40aac49a736517f5c440f9392f1683424054f2ffa6df7c2970a52c11db06ca"",""0x49e5774ab139905928ff21d948254adc70aa28ff5eea2ac796f32b0549b267a3"",""0xffb33d2d1648788432430e96a9706f35a4dcfe30d45dd0e99a1eaf7e59ab6aeb"",""0x8945bcc45087a8bfb2e18a5306781be29a69dbac49c73ab68b0d6c56a67bc0f9""]",0,0,1,0,0,0.09999999999999998,1
bstpstaking513m8051415e,valid,,5,1,3,m8051415e,100,10,10,"[""0x4f70045f96345b6154f2e63f3fe4b06b6e40108aedcdd3afc6a66ea75fc3da24"",""0x8cc4b8cdcb727613f2378e83b1e459ef38061ac468dcb3d02730b17ef2a02673"",""0x29eba7ba49866efd89a8dce8d84688734eb0b4b198d4992b288b36b31540c8dc"",""0x92c0efa8758ff02dd06dfd438cd6612b6e3590f9c8b7c0932fd418903855a478"",""0x80288ad5dc62d58560df110a3535af497449f9f6f4f71e34500b9f5045943ea7"",""0xa7831feb3b6ce91bfea938682651e70d662f1266659cbce6eaf0526e45512a68"",""0x6b84de292cb6e3be779d6288c69c6a070bba523a2317a4d294c1616e10f137ed"",""0x483e0faacc32045385006ac1d42d028b103a2e2e02f320e20037d0d36be54907"",""0xcfdc62eb5da1c0cc9f61c08540ca22833a6530d40de956ae254be5b1e0b59d74"",""0xd5568fd406d7db628afa415d58bf5bd06959a92398aa702548e8e04793bedd47""]","[""0x4f70045f96345b6154f2e63f3fe4b06b6e40108aedcdd3afc6a66ea75fc3da24"",""0x8cc4b8cdcb727613f2378e83b1e459ef38061ac468dcb3d02730b17ef2a02673"",""0x29eba7ba49866efd89a8dce8d84688734eb0b4b198d4992b288b36b31540c8dc"",""0x92c0efa8758ff02dd06dfd438cd6612b6e3590f9c8b7c0932fd418903855a478"",""0x80288ad5dc62d58560df110a3535af497449f9f6f4f71e34500b9f5045943ea7"",""0xa7831feb3b6ce91bfea938682651e70d662f1266659cbce6eaf0526e45512a68"",""0x6b84de292cb6e3be779d6288c69c6a070bba523a2317a4d294c1616e10f137ed"",""0x483e0faacc32045385006ac1d42d028b103a2e2e02f320e20037d0d36be54907"",""0xcfdc62eb5da1c0cc9f61c08540ca22833a6530d40de956ae254be5b1e0b59d74"",""0xd5568fd406d7db628afa415d58bf5bd06959a92398aa702548e8e04793bedd47""]","[""0x4f70045f96345b6154f2e63f3fe4b06b6e40108aedcdd3afc6a66ea75fc3da24"",""0x8cc4b8cdcb727613f2378e83b1e459ef38061ac468dcb3d02730b17ef2a02673"",""0x29eba7ba49866efd89a8dce8d84688734eb0b4b198d4992b288b36b31540c8dc"",""0x92c0efa8758ff02dd06dfd438cd6612b6e3590f9c8b7c0932fd418903855a478"",""0x80288ad5dc62d58560df110a3535af497449f9f6f4f71e34500b9f5045943ea7"",""0xa7831feb3b6ce91bfea938682651e70d662f1266659cbce6eaf0526e45512a68"",""0x6b84de292cb6e3be779d6288c69c6a070bba523a2317a4d294c1616e10f137ed"",""0x483e0faacc32045385006ac1d42d028b103a2e2e02f320e20037d0d36be54907"",""0xcfdc62eb5da1c0cc9f61c08540ca22833a6530d40de956ae254be5b1e0b59d74"",""0xd5568fd406d7db628afa415d58bf5bd06959a92398aa702548e8e04793bedd47""]",0,0,1,0,0,0,1
bstpstaking513m810b37d6,valid,,5,1,3,m810b37d6,100,10,10,"[""0x14d09a4d420ae8a7492d23eb1beacf31a514ddd9765719262cf2a750248f046e"",""0xedb061d6c685949f3e6f6b2fbc31238ae6ee3c1a2760e056b5c3e5e2304df8af"",""0xd7531695dcd358a4f56787acbbd65565a09fc63eff941ad49498daeb1ae38f44"",""0x6e2ec90f7c36a36b5344a2aac6038ddc9c3860de12975f71142181a7a81c8609"",""0xdd364115eefd88d44ddca902abb962bd1038efc911e81847f0d1911029cb83fc"",""0x68fb332560fdf6ea1d74d8c4bfc3ff952f79df911ac17e478862c0aa1c736db3"",""0x37890a125406e5e42ba213b40b55685bc6c328fc0106903b123b70d8312c1000"",""0x69f76a6458130c9ded5a13a31db3715ca829f4a679d617f3e492b9116677d10c"",""0xd315b8c83a9e2edb719d67cf2cc732391e7c9d9fa55ab87f926ee4c7046a8578"",""0xdabbd1bf365dd83a0175d5e359d11f8d109116b0745646ef8d2c6a2efcf851df""]","[""0x14d09a4d420ae8a7492d23eb1beacf31a514ddd9765719262cf2a750248f046e"",""0xedb061d6c685949f3e6f6b2fbc31238ae6ee3c1a2760e056b5c3e5e2304df8af"",""0xd7531695dcd358a4f56787acbbd65565a09fc63eff941ad49498daeb1ae38f44"",""0x6e2ec90f7c36a36b5344a2aac6038ddc9c3860de12975f71142181a7a81c8609"",""0xdd364115eefd88d44ddca902abb962bd1038efc911e81847f0d1911029cb83fc"",""0x68fb332560fdf6ea1d74d8c4bfc3ff952f79df911ac17e478862c0aa1c736db3"",""0x37890a125406e5e42ba213b40b55685bc6c328fc0106903b123b70d8312c1000"",""0x69f76a6458130c9ded5a13a31db3715ca829f4a679d617f3e492b9116677d10c"",""0xd315b8c83a9e2edb719d67cf2cc732391e7c9d9fa55ab87f926ee4c7046a8578"",""0xdabbd1bf365dd83a0175d5e359d11f8d109116b0745646ef8d2c6a2efcf851df""]","[""0x14d09a4d420ae8a7492d23eb1beacf31a514ddd9765719262cf2a750248f046e"",""0xedb061d6c685949f3e6f6b2fbc31238ae6ee3c1a2760e056b5c3e5e2304df8af"",""0xd7531695dcd358a4f56787acbbd65565a09fc63eff941ad49498daeb1ae38f44"",""0x6e2ec90f7c36a36b5344a2aac6038ddc9c3860de12975f71142181a7a81c8609"",""0xdd364115eefd88d44ddca902abb962bd1038efc911e81847f0d1911029cb83fc"",""0x68fb332560fdf6ea1d74d8c4bfc3ff952f79df911ac17e478862c0aa1c736db3"",""0x37890a125406e5e42ba213b40b55685bc6c328fc0106903b123b70d8312c1000"",""0x69f76a6458130c9ded5a13a31db3715ca829f4a679d617f3e492b9116677d10c"",""0xd315b8c83a9e2edb719d67cf2cc732391e7c9d9fa55ab87f926ee4c7046a8578"",""0xdabbd1bf365dd83a0175d5e359d11f8d109116b0745646ef8d2c6a2efcf851df""]",0,0,1,0,0,0,1
bstpstaking513m9189f677,valid,,5,1,3,m9189f677,100,10,10,"[""0xcd09dc92e8736934e461988f29064ea4e49ccc41310e47a797ab8e787536e77d"",""0x8a5fc9c813f0cbb1fbb3c86b71678b733f90197cd9b0fec7ef5b2e74d2827527"",""0x483e0faacc32045385006ac1d42d028b103a2e2e02f320e20037d0d36be54907"",""0xb6956c09b733a91561395f6f106aa19a23a1df4c453562ff602fdc30b0b773ad"",""0xb7eba087f5cc24fe2d08675f1cd5a26ebf3fd48642175807fccde9db3ffb3752"",""0xab461bed3349317736818b1dabb4b0c82cc986f81bc20a4f98abb1cf118525e2"",""0x682175835b69fee8ca4e1000194ccf6067372d31c29aa0c1fb86d118274fe35f"",""0xfc9bec6e17e3d34235748a04c8a772f602b2283e2946d9f68c2ed62bcdd2cd85"",""0x98383544e422fe17027cdac418f09337309386a10806b8ee02c8d32713923a8e"",""0xe40523cb93f50925b957e5e448d59b64adfad0b41a549e68dd171dd988bc17a5""]","[""0xcd09dc92e8736934e461988f29064ea4e49ccc41310e47a797ab8e787536e77d"",""0x8a5fc9c813f0cbb1fbb3c86b71678b733f90197cd9b0fec7ef5b2e74d2827527"",""0x483e0faacc32045385006ac1d42d028b103a2e2e02f320e20037d0d36be54907"",""0xb6956c09b733a91561395f6f106aa19a23a1df4c453562ff602fdc30b0b773ad"",""0xb7eba087f5cc24fe2d08675f1cd5a26ebf3fd48642175807fccde9db3ffb3752"",""0xab461bed3349317736818b1dabb4b0c82cc986f81bc20a4f98abb1cf118525e2"",""0x682175835b69fee8ca4e1000194ccf6067372d31c29aa0c1fb86d118274fe35f"",""0xfc9bec6e17e3d34235748a04c8a772f602b2283e2946d9f68c2ed62bcdd2cd85"",""0x98383544e422fe17027cdac418f09337309386a10806b8ee02c8d32713923a8e"",""0xe40523cb93f50925b957e5e448d59b64adfad0b41a549e68dd171dd988bc17a5""]","[""0xcd09dc92e8736934e461988f29064ea4e49ccc41310e47a797ab8e787536e77d"",""0x8a5fc9c813f0cbb1fbb3c86b71678b733f90197cd9b0fec7ef5b2e74d2827527"",""0x483e0faacc32045385006ac1d42d028b103a2e2e02f320e20037d0d36be54907"",""0xb6956c09b733a91561395f6f106aa19a23a1df4c453562ff602fdc30b0b773ad"",""0xb7eba087f5cc24fe2d08675f1cd5a26ebf3fd48642175807fccde9db3ffb3752"",""0xab461bed3349317736818b1dabb4b0c82cc986f81bc20a4f98abb1cf118525e2"",""0x682175835b69fee8ca4e1000194ccf6067372d31c29aa0c1fb86d118274fe35f"",""0xfc9bec6e17e3d34235748a04c8a772f602b2283e2946d9f68c2ed62bcdd2cd85"",""0x98383544e422fe17027cdac418f09337309386a10806b8ee02c8d32713923a8e"",""0xe40523cb93f50925b957e5e448d59b64adfad0b41a549e68dd171dd988bc17a5""]",0,0,1,0,0,0,1
bstpstaking513m970360f4,valid,,5,1,3,m970360f4,100,10,10,"[""0x04e631257af2cf26e527e146f4e090feae7f8ba273f0574dcd62a46da5b5fb8c"",""0x14d09a4d420ae8a7492d23eb1beacf31a514ddd9765719262cf2a750248f046e"",""0x8cc4b8cdcb727613f2378e83b1e459ef38061ac468dcb3d02730b17ef2a02673"",""0x281cd26d80e9cd95f098908b641c2534121c033c47795850d88fdab6f04f2af0"",""0xfd6b6381e462eb69a90451498acc82533df2612f7e00141667dbce964caa982e"",""0xb6956c09b733a91561395f6f106aa19a23a1df4c453562ff602fdc30b0b773ad"",""0x68fb332560fdf6ea1d74d8c4bfc3ff952f79df911ac17e478862c0aa1c736db3"",""0xe70b739d2c9d746514eb24b9ed0d3b51448a0a5913813a2864aa9be0ec65e691"",""0xea69777677b59561b3782267ef6a65d6e0f38e1fea58f1ece52358972347edb0"",""0x37890a125406e5e42ba213b40b55685bc6c328fc0106903b123b70d8312c1000""]","[""0x14d09a4d420ae8a7492d23eb1beacf31a514ddd9765719262cf2a750248f046e"",""0xae105f7f87da768b512fdfdb98a0fbf6131d1571893bb99b9a0ab477ff1702c2"",""0x281cd26d80e9cd95f098908b641c2534121c033c47795850d88fdab6f04f2af0"",""0xfd6b6381e462eb69a90451498acc82533df2612f7e00141667dbce964caa982e"",""0x68fb332560fdf6ea1d74d8c4bfc3ff952f79df911ac17e478862c0aa1c736db3"",""0x8e6ed61f936c34115ed64b52efb53b493d279f72a1ed2c1dde342f98dfc9178d"",""0xea69777677b59561b3782267ef6a65d6e0f38e1fea58f1ece52358972347edb0"",""0xe5da0f8dfb6b491adb9c38f755f10e08bd498ab5979036394be3930984053206"",""0x1721fbf3311a57adcac4eb75a9690451077fc079b0d94e4fa9d5a75bfb95e9c2"",""0x37890a125406e5e42ba213b40b55685bc6c328fc0106903b123b70d8312c1000""]","[""0x14d09a4d420ae8a7492d23eb1beacf31a514ddd9765719262cf2a750248f046e"",""0x281cd26d80e9cd95f098908b641c2534121c033c47795850d88fdab6f04f2af0"",""0xfd6b6381e462eb69a90451498acc82533df2612f7e00141667dbce964caa982e"",""0x68fb332560fdf6ea1d74d8c4bfc3ff952f79df911ac17e478862c0aa1c736db3"",""0xea69777677b59561b3782267ef6a65d6e0f38e1fea58f1ece52358972347edb0"",""0x37890a125406e5e42ba213b40b55685bc6c328fc0106903b123b70d8312c1000""]",0,0,1,0,0,0,0.6
bstpstaking513m98d7930e,invalid,error_duplicates,5,1,3,m98d7930e,100,10,10,"[""0x98383544e422fe17027cdac418f09337309386a10806b8ee02c8d32713923a8e"",""0x8945bcc45087a8bfb2e18a5306781be29a69dbac49c73ab68b0d6c56a67bc0f9"",""0x8cc4b8cdcb727613f2378e83b1e459ef38061ac468dcb3d02730b17ef2a02673"",""0x1ebfa3f4b31da950a10ba4155a5675fdf5fb3ac42fe3f076668cfe359788f601"",""0xe70b739d2c9d746514eb24b9ed0d3b51448a0a5913813a2864aa9be0ec65e691"",""0x90ecb607bbb48b913aefe5003509412fcdc1a78708f7390fad1c6953be606038"",""0xab461bed3349317736818b1dabb4b0c82cc986f81bc20a4f98abb1cf118525e2"",""0xb1d52412675094b54611913899744bda3aa3c67ce51c9e9d61d8a49d9cc84caf"",""0x98383544e422fe17027cdac418f09337309386a10806b8ee02c8d32713923a8e"",""0x8945bcc45087a8bfb2e18a5306781be29a69dbac49c73ab68b0d6c56a67bc0f9""]","[""0x98383544e422fe17027cdac418f09337309386a10806b8ee02c8d32713923a8e"",""0x856f01151a1c15aa053c920c11f2f4a193b3ed4250c6ee2ebf77c3390fe0f275"",""0x8945bcc45087a8bfb2e18a5306781be29a69dbac49c73ab68b0d6c56a67bc0f9"",""0x8cc4b8cdcb727613f2378e83b1e459ef38061ac468dcb3d02730b17ef2a02673"",""0x1ebfa3f4b31da950a10ba4155a5675fdf5fb3ac42fe3f076668cfe359788f601"",""0xe70b739d2c9d746514eb24b9ed0d3b51448a0a5913813a2864aa9be0ec65e691"",""0x90ecb607bbb48b913aefe5003509412fcdc1a78708f7390fad1c6953be606038"",""0xab461bed3349317736818b1dabb4b0c82cc986f81bc20a4f98abb1cf118525e2"",""0xb1d52412675094b54611913899744bda3aa3c67ce51c9e9d61d8a49d9cc84caf"",""0x281cd26d80e9cd95f098908b641c2534121c033c47795850d88fdab6f04f2af0""]","[""0x98383544e422fe17027cdac418f09337309386a10806b8ee02c8d32713923a8e"",""0x8945bcc45087a8bfb2e18a5306781be29a69dbac49c73ab68b0d6c56a67bc0f9"",""0x8cc4b8cdcb727613f2378e83b1e459ef38061ac468dcb3d02730b17ef2a02673"",""0x1ebfa3f4b31da950a10ba4155a5675fdf5fb3ac42fe3f076668cfe359788f601"",""0xe70b739d2c9d746514eb24b9ed0d3b51448a0a5913813a2864aa9be0ec65e691"",""0x90ecb607bbb48b913aefe5003509412fcdc1a78708f7390fad1c6953be606038"",""0xab461bed3349317736818b1dabb4b0c82cc986f81bc20a4f98abb1cf118525e2"",""0xb1d52412675094b54611913899744bda3aa3c67ce51c9e9d61d8a49d9cc84caf"",""0x98383544e422fe17027cdac418f09337309386a10806b8ee02c8d32713923a8e"",""0x8945bcc45087a8bfb2e18a5306781be29a69dbac49c73ab68b0d6c56a67bc0f9""]",0,0,1,0,0,0.19999999999999996,1
bstpstaking513ma6f1fda3,valid,,5,1,3,ma6f1fda3,100,10,10,"[""0xcc5a3914b6cc401b98a202e8075b56eb77670a1140412c79b48b965bce6e05f2"",""0x90ecb607bbb48b913aefe5003509412fcdc1a78708f7390fad1c6953be606038"",""0x6940f8c3529787bcfbcbf21fa64207221930bb64f69f1727136674443bba43aa"",""0x4c896b9c75e38294c3a07ab4ccb18852996db2708540195223e428ddf09d38a0"",""0x106ecf713381cc7ee659b224caebb8c2d8402304fcc03cc12f04d9acb19beb31"",""0x5b677b1ca640fe2fa90ccb13036a107a5177af4f0b0bd5ed853ac029e427d019"",""0x24402192e1f2fd76cf6750b7592cfb849961e5d27a0f5e69b165525359575ec9"",""0x1ebfa3f4b31da950a10ba4155a5675fdf5fb3ac42fe3f076668cfe359788f601"",""0xdf845dfbd70267c5c523805713303d6f4b7b91d97219e28f0508b46315e5e0e2"",""0x429b49322f39406d28f591c75e8222ecd51db05a599ec5d128466346627eb705""]","[""0xcc5a3914b6cc401b98a202e8075b56eb77670a1140412c79b48b965bce6e05f2"",""0x90ecb607bbb48b913aefe5003509412fcdc1a78708f7390fad1c6953be606038"",""0x6940f8c3529787bcfbcbf21fa64207221930bb64f69f1727136674443bba43aa"",""0x4c896b9c75e38294c3a07ab4ccb18852996db2708540195223e428ddf09d38a0"",""0x01829fcc6d779d94ee869f97379c6516562dc7f8b74938742ffefe6b09b93fbc"",""0x106ecf713381cc7ee659b224caebb8c2d8402304fcc03cc12f04d9acb19beb31"",""0x429b49322f39406d28f591c75e8222ecd51db05a599ec5d128466346627eb705"",""0x5b677b1ca640fe2fa90ccb13036a107a5177af4f0b0bd5ed853ac029e427d019"",""0x1ebfa3f4b31da950a10ba4155a5675fdf5fb3ac42fe3f076668cfe359788f601"",""0xdf845dfbd70267c5c523805713303d6f4b7b91d97219e28f0508b46315e5e0e2""]","[""0xcc5a3914b6cc401b98a202e8075b56eb77670a1140412c79b48b965bce6e05f2"",""0x90ecb607bbb48b913aefe5003509412fcdc1a78708f7390fad1c6953be606038"",""0x6940f8c3529787bcfbcbf21fa64207221930bb64f69f1727136674443bba43aa"",""0x4c896b9c75e38294c3a07ab4ccb18852996db2708540195223e428ddf09d38a0"",""0x106ecf713381cc7ee659b224caebb8c2d8402304fcc03cc12f04d9acb19beb31"",""0x5b677b1ca640fe2fa90ccb13036a107a5177af4f0b0bd5ed853ac029e427d019"",""0x1ebfa3f4b31da950a10ba4155a5675fdf5fb3ac42fe3f076668cfe359788f601"",""0xdf845dfbd70267c5c523805713303d6f4b7b91d97219e28f0508b46315e5e0e2"",""0x429b49322f39406d28f591c75e8222ecd51db05a599ec5d128466346627eb705""]",0,0,1,0,0,0,0.9
bstpstaking513maea74e52,valid,,5,1,3,maea74e52,100,10,10,"[""0x8d357dcd4a7c14d4a0f33a6d36f83ab30a8caad65d222d503f46d94d277f7c24"",""0x01829fcc6d779d94ee869f97379c6516562dc7f8b74938742ffefe6b09b93fbc"",""0x281cd26d80e9cd95f098908b641c2534121c033c47795850d88fdab6f04f2af0"",""0x262e2e527250bfc9fea90edce78f93b95ce16f345766eb2534ba2fb39906d951"",""0x119bb5b05d026a441a51d331d2e813d4a51e2ca676f9919b728dde31c94dc798"",""0xdabbd1bf365dd83a0175d5e359d11f8d109116b0745646ef8d2c6a2efcf851df"",""0xe2c89165b1663cbef76d4db4aff33d030d5826b8a643a445b8531c288e7745fd"",""0x3c4ef3727c5acae7ca4976ecf767571e18ac1b70a4aad2ac4f7b9139bcfc987d"",""0x55502bafc57a57cf79cf670fefef3504cf632e5de82803db33a8e4d8337b211c"",""0xedb061d6c685949f3e6f6b2fbc31238ae6ee3c1a2760e056b5c3e5e2304df8af""]","[""0x8d357dcd4a7c14d4a0f33a6d36f83ab30a8caad65d222d503f46d94d277f7c24"",""0x01829fcc6d779d94ee869f97379c6516562dc7f8b74938742ffefe6b09b93fbc"",""0x281cd26d80e9cd95f098908b641c2534121c033c47795850d88fdab6f04f2af0"",""0x262e2e527250bfc9fea90edce78f93b95ce16f345766eb2534ba2fb39906d951"",""0x119bb5b05d026a441a51d331d2e813d4a51e2ca676f9919b728dde31c94dc798"",""0xdabbd1bf365dd83a0175d5e359d11f8d109116b0745646ef8d2c6a2efcf851df"",""0xe2c89165b1663cbef76d4db4aff33d030d5826b8a643a445b8531c288e7745fd"",""0x3c4ef3727c5acae7ca4976ecf767571e18ac1b70a4aad2ac4f7b9139bcfc987d"",""0x55502bafc57a57cf79cf670fefef3504cf632e5de82803db33a8e4d8337b211c"",""0xedb061d6c685949f3e6f6b2fbc31238ae6ee3c1a2760e056b5c3e5e2304df8af""]","[""0x8d357dcd4a7c14d4a0f33a6d36f83ab30a8caad65d222d503f46d94d277f7c24"",""0x01829fcc6d779d94ee869f97379c6516562dc7f8b74938742ffefe6b09b93fbc"",""0x281cd26d80e9cd95f098908b641c2534121c033c47795850d88fdab6f04f2af0"",""0x262e2e527250bfc9fea90edce78f93b95ce16f345766eb2534ba2fb39906d951"",""0x119bb5b05d026a441a51d331d2e813d4a51e2ca676f9919b728dde31c94dc798"",""0xdabbd1bf365dd83a0175d5e359d11f8d109116b0745646ef8d2c6a2efcf851df"",""0xe2c89165b1663cbef76d4db4aff33d030d5826b8a643a445b8531c288e7745fd"",""0x3c4ef3727c5acae7ca4976ecf767571e18ac1b70a4aad2ac4f7b9139bcfc987d"",""0x55502bafc57a57cf79cf670fefef3504cf632e5de82803db33a8e4d8337b211c"",""0xedb061d6c685949f3e6f6b2fbc31238ae6ee3c1a2760e056b5c3e5e2304df8af""]",0,0,1,0,0,0,1
bstpstaking513mb0c003cd,valid,,5,1,3,mb0c003cd,100,10,10,"[""0xcd09dc92e8736934e461988f29064ea4e49ccc41310e47a797ab8e787536e77d"",""0x8a5fc9c813f0cbb1fbb3c86b71678b733f90197cd9b0fec7ef5b2e74d2827527"",""0xc3b0696840352e2a25a87160f85c766cba4c6b9424a40ded6b5e2eb28f9215f6"",""0x2c6db858294994968533795d44c86dc8f050d3652066b8ceadf9d3b73dc7d902"",""0x3c97283efec66e1a5ec8437966e087338da20f0aad3723d41d52c67328f7efe4"",""0xab461bed3349317736818b1dabb4b0c82cc986f81bc20a4f98abb1cf118525e2"",""0xb6956c09b733a91561395f6f106aa19a23a1df4c453562ff602fdc30b0b773ad"",""0xcfdc62eb5da1c0cc9f61c08540ca22833a6530d40de956ae254be5b1e0b59d74"",""0x483e0faacc32045385006ac1d42d028b103a2e2e02f320e20037d0d36be54907"",""0x49e5774ab139905928ff21d948254adc70aa28ff5eea2ac796f32b0549b267a3""]","[""0xcd09dc92e8736934e461988f29064ea4e49ccc41310e47a797ab8e787536e77d"",""0x8a5fc9c813f0cbb1fbb3c86b71678b733f90197cd9b0fec7ef5b2e74d2827527"",""0xc3b0696840352e2a25a87160f85c766cba4c6b9424a40ded6b5e2eb28f9215f6"",""0x2c6db858294994968533795d44c86dc8f050d3652066b8ceadf9d3b73dc7d902"",""0x3c97283efec66e1a5ec8437966e087338da20f0aad3723d41d52c67328f7efe4"",""0xab461bed3349317736818b1dabb4b0c82cc986f81bc20a4f98abb1cf118525e2"",""0xb6956c09b733a91561395f6f106aa19a23a1df4c453562ff602fdc30b0b773ad"",""0xcfdc62eb5da1c0cc9f61c08540ca22833a6530d40de956ae254be5b1e0b59d74"",""0x483e0faacc32045385006ac1d42d028b103a2e2e02f320e20037d0d36be54907"",""0x49e5774ab139905928ff21d948254adc70aa28ff5eea2ac796f32b0549b267a3""]","[""0xcd09dc92e8736934e461988f29064ea4e49ccc41310e47a797ab8e787536e77d"",""0x8a5fc9c813f0cbb1fbb3c86b71678b733f90197cd9b0fec7ef5b2e74d2827527"",""0xc3b0696840352e2a25a87160f85c766cba4c6b9424a40ded6b5e2eb28f9215f6"",""0x2c6db858294994968533795d44c86dc8f050d3652066b8ceadf9d3b73dc7d902"",""0x3c97283efec66e1a5ec8437966e087338da20f0aad3723d41d52c67328f7efe4"",""0xab461bed3349317736818b1dabb4b0c82cc986f81bc20a4f98abb1cf118525e2"",""0xb6956c09b733a91561395f6f106aa19a23a1df4c453562ff602fdc30b0b773ad"",""0xcfdc62eb5da1c0cc9f61c08540ca22833a6530d40de956ae254be5b1e0b59d74"",""0x483e0faacc32045385006ac1d42d028b103a2e2e02f320e20037d0d36be54907"",""0x49e5774ab139905928ff21d948254adc70aa28ff5eea2ac796f32b0549b267a3""]",0,0,1,0,0,0,1
bstpstaking513mb38d99c5,valid,,5,1,3,mb38d99c5,100,10,10,"[""0x8e6ed61f936c34115ed64b52efb53b493d279f72a1ed2c1dde342f98dfc9178d"",""0xadc1a837b5429a817612fe145787358ffe8831a2e75dee3a3338a31d486fb05f"",""0x000ceb98a30a9f0375fd46d151e4f2f8d830751c2983f14a1c6f0144f80b3198"",""0x281cd26d80e9cd95f098908b641c2534121c033c47795850d88fdab6f04f2af0"",""0x8d357dcd4a7c14d4a0f33a6d36f83ab30a8caad65d222d503f46d94d277f7c24"",""0xe5da0f8dfb6b491adb9c38f755f10e08bd498ab5979036394be3930984053206"",""0xdabbd1bf365dd83a0175d5e359d11f8d109116b0745646ef8d2c6a2efcf851df"",""0x06442c0ccc9ab367282f06426924517e0a49c25e50a492ad91aecc55b655f458"",""0xaa8fad824a174e57accf11eb34b23d020d6aa685da1925b1c30a611ffdb95a0e"",""0xf5162966dbd2c8c3b2195e7ee9c5e46a8dd1715287d079a5b92d312ca24045cd""]","[""0x8e6ed61f936c34115ed64b52efb53b493d279f72a1ed2c1dde342f98dfc9178d"",""0xadc1a837b5429a817612fe145787358ffe8831a2e75dee3a3338a31d486fb05f"",""0x000ceb98a30a9f0375fd46d151e4f2f8d830751c2983f14a1c6f0144f80b3198"",""0x8d357dcd4a7c14d4a0f33a6d36f83ab30a8caad65d222d503f46d94d277f7c24"",""0xe5da0f8dfb6b491adb9c38f755f10e08bd498ab5979036394be3930984053206"",""0xdabbd1bf365dd83a0175d5e359d11f8d109116b0745646ef8d2c6a2efcf851df"",""0x06442c0ccc9ab367282f06426924517e0a49c25e50a492ad91aecc55b655f458"",""0xaa8fad824a174e57accf11eb34b23d020d6aa685da1925b1c30a611ffdb95a0e"",""0x12c0e8caa1bce7d499cbbbc665fbb364c09cd2977856fe2bf0027b9c600b9022"",""0xf5162966dbd2c8c3b2195e7ee9c5e46a8dd1715287d079a5b92d312ca24045cd""]","[""0x8e6ed61f936c34115ed64b52efb53b493d279f72a1ed2c1dde342f98dfc9178d"",""0xadc1a837b5429a817612fe145787358ffe8831a2e75dee3a3338a31d486fb05f"",""0x000ceb98a30a9f0375fd46d151e4f2f8d830751c2983f14a1c6f0144f80b3198"",""0x8d357dcd4a7c14d4a0f33a6d36f83ab30a8caad65d222d503f46d94d277f7c24"",""0xe5da0f8dfb6b491adb9c38f755f10e08bd498ab5979036394be3930984053206"",""0xdabbd1bf365dd83a0175d5e359d11f8d109116b0745646ef8d2c6a2efcf851df"",""0x06442c0ccc9ab367282f06426924517e0a49c25e50a492ad91aecc55b655f458"",""0xaa8fad824a174e57accf11eb34b23d020d6aa685da1925b1c30a611ffdb95a0e"",""0xf5162966dbd2c8c3b2195e7ee9c5e46a8dd1715287d079a5b92d312ca24045cd""]",0,0,1,0,0,0,0.9
bstpstaking513mb8cbcc16,valid,,5,1,3,mb8cbcc16,100,10,10,"[""0x1b3b8b12b7bf9b1d8821bfc98cabc8effd4c5f2aea25c8291e662bffe19f088d"",""0xa4a5871d752ffcf82f0971f07904f7cdd34150574ae793fcf1bff93d1aa06ff0"",""0xa2062d895d55eb1fe89e3a436af87aea855c3ba37e2b48c7bd119b1012c4edfd"",""0xb65630e7129a1fecafdca9eb7dbe53130a12b5d3e2e984bbf9c9a5399c6cc30f"",""0x230550ee2f183f79fbee87b09e6157a7bfd65abfefa14a749660749b7fa0d6b4"",""0x39700501189242fe3b7185fd03a5cace111de24b0c6b66471be82d30bc72ec27"",""0x7634f8326375f99ebfd7a8b203b7442a56b18cf7dc73f6238abd4122e8090b86"",""0xae105f7f87da768b512fdfdb98a0fbf6131d1571893bb99b9a0ab477ff1702c2"",""0x60642c6a8412d200a3413c5426afef17f3d72d45fadaf5cdde98b783893518ec"",""0x1721fbf3311a57adcac4eb75a9690451077fc079b0d94e4fa9d5a75bfb95e9c2""]","[""0x1cde8373a779839f2b591a11cac079df0f1eb3fb272188f9ceccb1dee8ec102f"",""0xb65630e7129a1fecafdca9eb7dbe53130a12b5d3e2e984bbf9c9a5399c6cc30f"",""0x230550ee2f183f79fbee87b09e6157a7bfd65abfefa14a749660749b7fa0d6b4"",""0x39700501189242fe3b7185fd03a5cace111de24b0c6b66471be82d30bc72ec27"",""0x7634f8326375f99ebfd7a8b203b7442a56b18cf7dc73f6238abd4122e8090b86"",""0xae105f7f87da768b512fdfdb98a0fbf6131d1571893bb99b9a0ab477ff1702c2"",""0xb3788db79f3ad700a3cc134a27acbcec7a0a587ffbcdf5927faa24e5c362d493"",""0x60642c6a8412d200a3413c5426afef17f3d72d45fadaf5cdde98b783893518ec"",""0x856f01151a1c15aa053c920c11f2f4a193b3ed4250c6ee2ebf77c3390fe0f275"",""0x6d5bfd47046b2e223b0c83d8c0d4e2ad42a064232926ed904efe73cb5d8f2133""]","[""0xb65630e7129a1fecafdca9eb7dbe53130a12b5d3e2e984bbf9c9a5399c6cc30f"",""0x230550ee2f183f79fbee87b09e6157a7bfd65abfefa14a749660749b7fa0d6b4"",""0x39700501189242fe3b7185fd03a5cace111de24b0c6b66471be82d30bc72ec27"",""0x7634f8326375f99ebfd7a8b203b7442a56b18cf7dc73f6238abd4122e8090b86"",""0xae105f7f87da768b512fdfdb98a0fbf6131d1571893bb99b9a0ab477ff1702c2"",""0x60642c6a8412d200a3413c5426afef17f3d72d45fadaf5cdde98b783893518ec""]",0,0,1,0,0,0,0.6
bstpstaking513mc5ae52b7,valid,,5,1,3,mc5ae52b7,100,10,10,"[""0x541ebb059060ff7f73374199ff51e8281c4dc5942c5c541867b4f25621486dc9"",""0xf11bad94616eadc4c930a68cc954c762e0ad7ae4e11f81bbe37778477da71fa5"",""0xf06d08186fc20a8ad1c9302fb2ec4daa81ff87d7dc46799427e1c52d6bb1e6d3"",""0x3c4ef3727c5acae7ca4976ecf767571e18ac1b70a4aad2ac4f7b9139bcfc987d"",""0x6e2ec90f7c36a36b5344a2aac6038ddc9c3860de12975f71142181a7a81c8609"",""0x281cd26d80e9cd95f098908b641c2534121c033c47795850d88fdab6f04f2af0"",""0xd5568fd406d7db628afa415d58bf5bd06959a92398aa702548e8e04793bedd47"",""0xb7eba087f5cc24fe2d08675f1cd5a26ebf3fd48642175807fccde9db3ffb3752"",""0x29eba7ba49866efd89a8dce8d84688734eb0b4b198d4992b288b36b31540c8dc"",""0x89c823bf9976eb820ef3b2041267ad2c6eed1f83e2ab87cdc4bf9577cff5a748""]","[""0x3c4ef3727c5acae7ca4976ecf767571e18ac1b70a4aad2ac4f7b9139bcfc987d"",""0x6e2ec90f7c36a36b5344a2aac6038ddc9c3860de12975f71142181a7a81c8609"",""0x12c0e8caa1bce7d499cbbbc665fbb364c09cd2977856fe2bf0027b9c600b9022"",""0xea69777677b59561b3782267ef6a65d6e0f38e1fea58f1ece52358972347edb0"",""0xb65630e7129a1fecafdca9eb7dbe53130a12b5d3e2e984bbf9c9a5399c6cc30f"",""0x39700501189242fe3b7185fd03a5cace111de24b0c6b66471be82d30bc72ec27"",""0x9920c06a362172692e96bab008e569caa257aaec2c8f130f3564a55f2f52357b"",""0x1fd6cd46a30ebaf43fddfe1aa0f8499987a4d3e3a687e3b577d2d1f1bf4d9e77"",""0x1721fbf3311a57adcac4eb75a9690451077fc079b0d94e4fa9d5a75bfb95e9c2"",""0x08c294941588d570c4ae95ce5aaf4a1592f278bd19029a2851efff2d86015692""]","[""0x3c4ef3727c5acae7ca4976ecf767571e18ac1b70a4aad2ac4f7b9139bcfc987d"",""0x6e2ec90f7c36a36b5344a2aac6038ddc9c3860de12975f71142181a7a81c8609""]",0,0,1,0,0,0,0.2
bstpstaking513mce4af4f6,valid,,5,1,3,mce4af4f6,100,10,10,"[""0x16ce498ca01ca0ceb8f3414bf534752c6788bd73b78139628534c4880e7d0c84"",""0x2c901a1e69bd055532c177d57d97657c1ee45446cdc9b2ce5916eda2a5c7011a"",""0x0d6652a8c9d9575f5254120f3b037a86104172ca1dd77b5b55be2da39daf1385"",""0x9d71c1950fb2485a93785f76560ffd25d298604f8c24f57aa61b276f1d333d1a"",""0xa9c448c7a7835713d38a44618a6c60c5d105b59bf4053e67c7988ff0e8297f1c"",""0x5290542e3d2cbc736ed1fbb7348402f7e1765f05ce29020f9f6b41f48c8ed0a7"",""0x1b90e8c58b04a10a353804eecc214bf40469c2a11062b2059f131c9b502fd828"",""0xd5c4a50b2f0f1a6b4de6fac9d21205dd083da5b62fc04baab6eafc6e7b7edaba"",""0x7dff03e9151eef7673af7ed88117e897aded4bee06eefc9219e8f5627d78ada3"",""0xb759e3960a93ef78e32f4847b58dbc6b1c22efd6d9ccaa3b1a84911e6a288afa""]","[""0x0d6652a8c9d9575f5254120f3b037a86104172ca1dd77b5b55be2da39daf1385"",""0xb759e3960a93ef78e32f4847b58dbc6b1c22efd6d9ccaa3b1a84911e6a288afa"",""0xf5162966dbd2c8c3b2195e7ee9c5e46a8dd1715287d079a5b92d312ca24045cd"",""0x3c4ef3727c5acae7ca4976ecf767571e18ac1b70a4aad2ac4f7b9139bcfc987d"",""0xea69777677b59561b3782267ef6a65d6e0f38e1fea58f1ece52358972347edb0"",""0x73d6c0efd0550ca38510ec910998f28c5f57de699ed4f4eab13ed86d90fb6b07"",""0x856f01151a1c15aa053c920c11f2f4a193b3ed4250c6ee2ebf77c3390fe0f275"",""0xfd6b6381e462eb69a90451498acc82533df2612f7e00141667dbce964caa982e"",""0x60642c6a8412d200a3413c5426afef17f3d72d45fadaf5cdde98b783893518ec"",""0x80ae3a3d46a5bfbf5f0adaf5d83aa1064814c65038e92093a16ea8304bd00bd3""]","[""0x0d6652a8c9d9575f5254120f3b037a86104172ca1dd77b5b55be2da39daf1385"",""0xb759e3960a93ef78e32f4847b58dbc6b1c22efd6d9ccaa3b1a84911e6a288afa""]",0,0,1,0,0,0,0.2
bstpstaking513mdd189b64,valid,,5,1,3,mdd189b64,100,10,10,"[""0x0d6652a8c9d9575f5254120f3b037a86104172ca1dd77b5b55be2da39daf1385"",""0x8e6ed61f936c34115ed64b52efb53b493d279f72a1ed2c1dde342f98dfc9178d"",""0xfc9bec6e17e3d34235748a04c8a772f602b2283e2946d9f68c2ed62bcdd2cd85"",""0x505f78474c398814eb0ba0cc3c08f6129e12bf16431876853283a43beac9d141"",""0xdabbd1bf365dd83a0175d5e359d11f8d109116b0745646ef8d2c6a2efcf851df"",""0xcd6d08f520a5a6aebaa079033393b6393e347445be26d2c107e8d7ee03c8f13c"",""0x1ebfa3f4b31da950a10ba4155a5675fdf5fb3ac42fe3f076668cfe359788f601"",""0x70466edbeed113ce8a8435ffd9f8208b8c3f50b2cf38281af86584c766a4310f"",""0x737e933cd67a89d2c13038c499d7d71518a56e6b95bc97e9056a59b45c072c99"",""0x37890a125406e5e42ba213b40b55685bc6c328fc0106903b123b70d8312c1000""]","[""0x0d6652a8c9d9575f5254120f3b037a86104172ca1dd77b5b55be2da39daf1385"",""0x8e6ed61f936c34115ed64b52efb53b493d279f72a1ed2c1dde342f98dfc9178d"",""0x505f78474c398814eb0ba0cc3c08f6129e12bf16431876853283a43beac9d141"",""0xdabbd1bf365dd83a0175d5e359d11f8d109116b0745646ef8d2c6a2efcf851df"",""0xcd6d08f520a5a6aebaa079033393b6393e347445be26d2c107e8d7ee03c8f13c"",""0x70466edbeed113ce8a8435ffd9f8208b8c3f50b2cf38281af86584c766a4310f"",""0x737e933cd67a89d2c13038c499d7d71518a56e6b95bc97e9056a59b45c072c99"",""0x37890a125406e5e42ba213b40b55685bc6c328fc0106903b123b70d8312c1000"",""0x1721fbf3311a57adcac4eb75a9690451077fc079b0d94e4fa9d5a75bfb95e9c2"",""0xaa8fad824a174e57accf11eb34b23d020d6aa685da1925b1c30a611ffdb95a0e""]","[""0x0d6652a8c9d9575f5254120f3b037a86104172ca1dd77b5b55be2da39daf1385"",""0x8e6ed61f936c34115ed64b52efb53b493d279f72a1ed2c1dde342f98dfc9178d"",""0x505f78474c398814eb0ba0cc3c08f6129e12bf16431876853283a43beac9d141"",""0xdabbd1bf365dd83a0175d5e359d11f8d109116b0745646ef8d2c6a2efcf851df"",""0xcd6d08f520a5a6aebaa079033393b6393e347445be26d2c107e8d7ee03c8f13c"",""0x70466edbeed113ce8a8435ffd9f8208b8c3f50b2cf38281af86584c766a4310f"",""0x737e933cd67a89d2c13038c499d7d71518a56e6b95bc97e9056a59b45c072c99"",""0x37890a125406e5e42ba213b40b55685bc6c328fc0106903b123b70d8312c1000""]",0,0,1,0,0,0,0.8
bstpstaking513me8bc7185,valid,,5,1,3,me8bc7185,100,10,10,"[""0x5b677b1ca640fe2fa90ccb13036a107a5177af4f0b0bd5ed853ac029e427d019"",""0x3c97283efec66e1a5ec8437966e087338da20f0aad3723d41d52c67328f7efe4"",""0x49e5774ab139905928ff21d948254adc70aa28ff5eea2ac796f32b0549b267a3"",""0x6e53ec51854bc45ec72e747b9db61797e1b20b6c0f523a3f2ead783fd267ed91"",""0xa7831feb3b6ce91bfea938682651e70d662f1266659cbce6eaf0526e45512a68"",""0x167a4d5214f28e5714dbe0ef582ab78f31d676888df89fd1380e7d60c6455530"",""0x90ecb607bbb48b913aefe5003509412fcdc1a78708f7390fad1c6953be606038"",""0xcfdc62eb5da1c0cc9f61c08540ca22833a6530d40de956ae254be5b1e0b59d74"",""0xfc9bec6e17e3d34235748a04c8a772f602b2283e2946d9f68c2ed62bcdd2cd85"",""0xc242c986f95f7cb745f870b1e292c03f57e59c36e809d37eb00cc8d235b22c5a""]","[""0x5b677b1ca640fe2fa90ccb13036a107a5177af4f0b0bd5ed853ac029e427d019"",""0x3c97283efec66e1a5ec8437966e087338da20f0aad3723d41d52c67328f7efe4"",""0x49e5774ab139905928ff21d948254adc70aa28ff5eea2ac796f32b0549b267a3"",""0x6e53ec51854bc45ec72e747b9db61797e1b20b6c0f523a3f2ead783fd267ed91"",""0xa7831feb3b6ce91bfea938682651e70d662f1266659cbce6eaf0526e45512a68"",""0x167a4d5214f28e5714dbe0ef582ab78f31d676888df89fd1380e7d60c6455530"",""0x90ecb607bbb48b913aefe5003509412fcdc1a78708f7390fad1c6953be606038"",""0xcfdc62eb5da1c0cc9f61c08540ca22833a6530d40de956ae254be5b1e0b59d74"",""0xfc9bec6e17e3d34235748a04c8a772f602b2283e2946d9f68c2ed62bcdd2cd85"",""0xc242c986f95f7cb745f870b1e292c03f57e59c36e809d37eb00cc8d235b22c5a""]","[""0x5b677b1ca640fe2fa90ccb13036a107a5177af4f0b0bd5ed853ac029e427d019"",""0x3c97283efec66e1a5ec8437966e087338da20f0aad3723d41d52c67328f7efe4"",""0x49e5774ab139905928ff21d948254adc70aa28ff5eea2ac796f32b0549b267a3"",""0x6e53ec51854bc45ec72e747b9db61797e1b20b6c0f523a3f2ead783fd267ed91"",""0xa7831feb3b6ce91bfea938682651e70d662f1266659cbce6eaf0526e45512a68"",""0x167a4d5214f28e5714dbe0ef582ab78f31d676888df89fd1380e7d60c6455530"",""0x90ecb607bbb48b913aefe5003509412fcdc1a78708f7390fad1c6953be606038"",""0xcfdc62eb5da1c0cc9f61c08540ca22833a6530d40de956ae254be5b1e0b59d74"",""0xfc9bec6e17e3d34235748a04c8a772f602b2283e2946d9f68c2ed62bcdd2cd85"",""0xc242c986f95f7cb745f870b1e292c03f57e59c36e809d37eb00cc8d235b22c5a""]",0,0,1,0,0,0,1
bstpstaking513mec0952f1,valid,,5,1,3,mec0952f1,100,10,10,"[""0x119bb5b05d026a441a51d331d2e813d4a51e2ca676f9919b728dde31c94dc798"",""0xdd364115eefd88d44ddca902abb962bd1038efc911e81847f0d1911029cb83fc"",""0x281cd26d80e9cd95f098908b641c2534121c033c47795850d88fdab6f04f2af0"",""0xdabbd1bf365dd83a0175d5e359d11f8d109116b0745646ef8d2c6a2efcf851df"",""0xbf11d678dcdece15f7824e21c504ec11500448bd6eb50749dea8bda81bf85a81"",""0xf5162966dbd2c8c3b2195e7ee9c5e46a8dd1715287d079a5b92d312ca24045cd"",""0x27f6a02165b673e7008df197e38e096214cfb8e24d4ed54d9d7086bd62eb23c1"",""0x68fb332560fdf6ea1d74d8c4bfc3ff952f79df911ac17e478862c0aa1c736db3"",""0x262e2e527250bfc9fea90edce78f93b95ce16f345766eb2534ba2fb39906d951"",""0x01829fcc6d779d94ee869f97379c6516562dc7f8b74938742ffefe6b09b93fbc""]","[""0x119bb5b05d026a441a51d331d2e813d4a51e2ca676f9919b728dde31c94dc798"",""0xdd364115eefd88d44ddca902abb962bd1038efc911e81847f0d1911029cb83fc"",""0x281cd26d80e9cd95f098908b641c2534121c033c47795850d88fdab6f04f2af0"",""0xdabbd1bf365dd83a0175d5e359d11f8d109116b0745646ef8d2c6a2efcf851df"",""0xbf11d678dcdece15f7824e21c504ec11500448bd6eb50749dea8bda81bf85a81"",""0xf5162966dbd2c8c3b2195e7ee9c5e46a8dd1715287d079a5b92d312ca24045cd"",""0x27f6a02165b673e7008df197e38e096214cfb8e24d4ed54d9d7086bd62eb23c1"",""0x68fb332560fdf6ea1d74d8c4bfc3ff952f79df911ac17e478862c0aa1c736db3"",""0x262e2e527250bfc9fea90edce78f93b95ce16f345766eb2534ba2fb39906d951"",""0x01829fcc6d779d94ee869f97379c6516562dc7f8b74938742ffefe6b09b93fbc""]","[""0x119bb5b05d026a441a51d331d2e813d4a51e2ca676f9919b728dde31c94dc798"",""0xdd364115eefd88d44ddca902abb962bd1038efc911e81847f0d1911029cb83fc"",""0x281cd26d80e9cd95f098908b641c2534121c033c47795850d88fdab6f04f2af0"",""0xdabbd1bf365dd83a0175d5e359d11f8d109116b0745646ef8d2c6a2efcf851df"",""0xbf11d678dcdece15f7824e21c504ec11500448bd6eb50749dea8bda81bf85a81"",""0xf5162966dbd2c8c3b2195e7ee9c5e46a8dd1715287d079a5b92d312ca24045cd"",""0x27f6a02165b673e7008df197e38e096214cfb8e24d4ed54d9d7086bd62eb23c1"",""0x68fb332560fdf6ea1d74d8c4bfc3ff952f79df911ac17e478862c0aa1c736db3"",""0x262e2e527250bfc9fea90edce78f93b95ce16f345766eb2534ba2fb39906d951"",""0x01829fcc6d779d94ee869f97379c6516562dc7f8b74938742ffefe6b09b93fbc""]",0,0,1,0,0,0,1
bstpstaking513mfadd38bd,valid,,5,1,3,mfadd38bd,100,10,10,"[""0x6b84de292cb6e3be779d6288c69c6a070bba523a2317a4d294c1616e10f137ed"",""0x29eba7ba49866efd89a8dce8d84688734eb0b4b198d4992b288b36b31540c8dc"",""0x49e5774ab139905928ff21d948254adc70aa28ff5eea2ac796f32b0549b267a3"",""0x9a0ed5a06fb6051d9a659f829e57ea0e382f714cb43d55efaa317c69cfae14ee"",""0x1fd6cd46a30ebaf43fddfe1aa0f8499987a4d3e3a687e3b577d2d1f1bf4d9e77"",""0x6ea2e4d3921eb79867ba52b40ba2fdf4df2de7e307f65f7742bf9f3bdb48a96c"",""0x60642c6a8412d200a3413c5426afef17f3d72d45fadaf5cdde98b783893518ec"",""0x73d6c0efd0550ca38510ec910998f28c5f57de699ed4f4eab13ed86d90fb6b07"",""0xae105f7f87da768b512fdfdb98a0fbf6131d1571893bb99b9a0ab477ff1702c2"",""0x119bb5b05d026a441a51d331d2e813d4a51e2ca676f9919b728dde31c94dc798""]","[""0x71a93113087b01233d6a75b25863b56cc2d4ca947f24a3540208f7d1f5e5efbf"",""0xfd6b6381e462eb69a90451498acc82533df2612f7e00141667dbce964caa982e"",""0x505f78474c398814eb0ba0cc3c08f6129e12bf16431876853283a43beac9d141"",""0x3c4ef3727c5acae7ca4976ecf767571e18ac1b70a4aad2ac4f7b9139bcfc987d"",""0x60642c6a8412d200a3413c5426afef17f3d72d45fadaf5cdde98b783893518ec"",""0x1fd6cd46a30ebaf43fddfe1aa0f8499987a4d3e3a687e3b577d2d1f1bf4d9e77"",""0x429b49322f39406d28f591c75e8222ecd51db05a599ec5d128466346627eb705"",""0xae105f7f87da768b512fdfdb98a0fbf6131d1571893bb99b9a0ab477ff1702c2"",""0x353fcfc68b913bba883a1cbe437235257a5567ace334e692406b2239896cc845"",""0x7c9cdb9fd07a0e95dd225ef751470ce88b43ad6e9e209b3b95404c7a6849e39b""]","[""0x1fd6cd46a30ebaf43fddfe1aa0f8499987a4d3e3a687e3b577d2d1f1bf4d9e77"",""0x60642c6a8412d200a3413c5426afef17f3d72d45fadaf5cdde98b783893518ec"",""0xae105f7f87da768b512fdfdb98a0fbf6131d1571893bb99b9a0ab477ff1702c2""]",0,0,1,0,0,0,0.3
bstpstaking514m02a43993,valid,,5,1,4,m02a43993,100,10,10,"[""0xb1d52412675094b54611913899744bda3aa3c67ce51c9e9d61d8a49d9cc84caf"",""0x92c0efa8758ff02dd06dfd438cd6612b6e3590f9c8b7c0932fd418903855a478"",""0x80288ad5dc62d58560df110a3535af497449f9f6f4f71e34500b9f5045943ea7"",""0x90ecb607bbb48b913aefe5003509412fcdc1a78708f7390fad1c6953be606038"",""0x3b5d1234f10198acc136a10dfa09fa0a1a59de504bc0d9a7c35446f692b7c07c"",""0xcd09dc92e8736934e461988f29064ea4e49ccc41310e47a797ab8e787536e77d"",""0xb002fb01be58fedcd04d5ceb2895feaf22973ac1205efed3d2db367bc6d7525b"",""0x7c40aac49a736517f5c440f9392f1683424054f2ffa6df7c2970a52c11db06ca"",""0x6940f8c3529787bcfbcbf21fa64207221930bb64f69f1727136674443bba43aa"",""0x7ee6122ffe5045a29b7a40187e64f8b90aab3cbe9c16764b73683721371572a2""]","[""0xb1d52412675094b54611913899744bda3aa3c67ce51c9e9d61d8a49d9cc84caf"",""0x92c0efa8758ff02dd06dfd438cd6612b6e3590f9c8b7c0932fd418903855a478"",""0x80288ad5dc62d58560df110a3535af497449f9f6f4f71e34500b9f5045943ea7"",""0x90ecb607bbb48b913aefe5003509412fcdc1a78708f7390fad1c6953be606038"",""0x08c294941588d570c4ae95ce5aaf4a1592f278bd19029a2851efff2d86015692"",""0x3b5d1234f10198acc136a10dfa09fa0a1a59de504bc0d9a7c35446f692b7c07c"",""0xcd09dc92e8736934e461988f29064ea4e49ccc41310e47a797ab8e787536e77d"",""0xb002fb01be58fedcd04d5ceb2895feaf22973ac1205efed3d2db367bc6d7525b"",""0x7c40aac49a736517f5c440f9392f1683424054f2ffa6df7c2970a52c11db06ca"",""0x6940f8c3529787bcfbcbf21fa64207221930bb64f69f1727136674443bba43aa""]","[""0xb1d52412675094b54611913899744bda3aa3c67ce51c9e9d61d8a49d9cc84caf"",""0x92c0efa8758ff02dd06dfd438cd6612b6e3590f9c8b7c0932fd418903855a478"",""0x80288ad5dc62d58560df110a3535af497449f9f6f4f71e34500b9f5045943ea7"",""0x90ecb607bbb48b913aefe5003509412fcdc1a78708f7390fad1c6953be606038"",""0x3b5d1234f10198acc136a10dfa09fa0a1a59de504bc0d9a7c35446f692b7c07c"",""0xcd09dc92e8736934e461988f29064ea4e49ccc41310e47a797ab8e787536e77d"",""0xb002fb01be58fedcd04d5ceb2895feaf22973ac1205efed3d2db367bc6d7525b"",""0x7c40aac49a736517f5c440f9392f1683424054f2ffa6df7c2970a52c11db06ca"",""0x6940f8c3529787bcfbcbf21fa64207221930bb64f69f1727136674443bba43aa""]",0,0,1,0,0,0,0.9
bstpstaking514m069a3556,valid,,5,1,4,m069a3556,100,10,10,"[""0xc07123b97e3b7fb310541633f72936c40f21f7a507de51256f9c4a68505fe755"",""0xa96998d7482d5388fcfec7817656589c7dde92c5b5de8b537cd15bd1e45bf003"",""0x230550ee2f183f79fbee87b09e6157a7bfd65abfefa14a749660749b7fa0d6b4"",""0x48ba115d52a62585dc5bd5adf927ddd89f36a37b833979456398a75ce137082d"",""0x66586797b78ed990c07a5ad805f88e190086597218283fca07a0998ddaab7875"",""0x3bc3450b1ac77b125898b4ba83f10fd309b5346e6d043755308e7298ca049c69"",""0x505f78474c398814eb0ba0cc3c08f6129e12bf16431876853283a43beac9d141"",""0xe70b739d2c9d746514eb24b9ed0d3b51448a0a5913813a2864aa9be0ec65e691"",""0x281cd26d80e9cd95f098908b641c2534121c033c47795850d88fdab6f04f2af0"",""0xf4c422da3c214b6694dd8937e3bd0f11e555e480b13c9abfe908f7d2066c5257""]","[""0x230550ee2f183f79fbee87b09e6157a7bfd65abfefa14a749660749b7fa0d6b4"",""0xe5da0f8dfb6b491adb9c38f755f10e08bd498ab5979036394be3930984053206"",""0x505f78474c398814eb0ba0cc3c08f6129e12bf16431876853283a43beac9d141"",""0x281cd26d80e9cd95f098908b641c2534121c033c47795850d88fdab6f04f2af0"",""0x12c0e8caa1bce7d499cbbbc665fbb364c09cd2977856fe2bf0027b9c600b9022"",""0x8d357dcd4a7c14d4a0f33a6d36f83ab30a8caad65d222d503f46d94d277f7c24"",""0xcd6d08f520a5a6aebaa079033393b6393e347445be26d2c107e8d7ee03c8f13c"",""0xd7531695dcd358a4f56787acbbd65565a09fc63eff941ad49498daeb1ae38f44"",""0x429b49322f39406d28f591c75e8222ecd51db05a599ec5d128466346627eb705"",""0x86ae1d3cfed9f994a673ca32c9ebb44c1b77c8c3781c16a0f6486fea4611ee5b""]","[""0x230550ee2f183f79fbee87b09e6157a7bfd65abfefa14a749660749b7fa0d6b4"",""0x505f78474c398814eb0ba0cc3c08f6129e12bf16431876853283a43beac9d141"",""0x281cd26d80e9cd95f098908b641c2534121c033c47795850d88fdab6f04f2af0""]",0,0,1,0,0,0,0.3
bstpstaking514m1a5bd173,valid,,5,1,4,m1a5bd173,100,10,10,"[""0xc6a97d34bb42db0a2411ee2a04a39e1a349ac46d0facc8d8aba2ac45c1b9eee0"",""0x1450a2ad54db1f6259714cc9ac588cd99a4c4c03f9526698ab2fa1de7df5a66e"",""0x33da2b3594ef9db6bcb504fb42dbeb618bd4744bad06118ab8bdb7d67bdff688"",""0xb62a93a4af9e98302c8ef25df57b7a8d3e8ce50815f06bbd35bea1297ebdda46"",""0x16a4b9d56a3ab5e2ef284d0e822e6707757b125228793b37bc9e037802da9d9b"",""0x24f9218adf79c104bedfedf7890d4204b575153662d2926a63eaf682f636b496"",""0x0a363f73ac86187864f54390fdd7c779dfc66601f6a87f2d44a62f2ebe20bba6"",""0x6a735d9199bcfde6d540397f0c81a9225ad8520e39847b9a367e7dd94565137d"",""0x86ae1d3cfed9f994a673ca32c9ebb44c1b77c8c3781c16a0f6486fea4611ee5b"",""0x9a0ed5a06fb6051d9a659f829e57ea0e382f714cb43d55efaa317c69cfae14ee""]","[""0x16a4b9d56a3ab5e2ef284d0e822e6707757b125228793b37bc9e037802da9d9b"",""0x86ae1d3cfed9f994a673ca32c9ebb44c1b77c8c3781c16a0f6486fea4611ee5b"",""0xa4a5871d752ffcf82f0971f07904f7cdd34150574ae793fcf1bff93d1aa06ff0"",""0xaa8fad824a174e57accf11eb34b23d020d6aa685da1925b1c30a611ffdb95a0e"",""0x80e64594a9d4fad2c6617c96707f6c9a1a78970b22d16066311be57b6d24a7da"",""0x39700501189242fe3b7185fd03a5cace111de24b0c6b66471be82d30bc72ec27"",""0x7634f8326375f99ebfd7a8b203b7442a56b18cf7dc73f6238abd4122e8090b86"",""0x6ea2e4d3921eb79867ba52b40ba2fdf4df2de7e307f65f7742bf9f3bdb48a96c"",""0xe2c89165b1663cbef76d4db4aff33d030d5826b8a643a445b8531c288e7745fd"",""0x60642c6a8412d200a3413c5426afef17f3d72d45fadaf5cdde98b783893518ec""]","[""0x16a4b9d56a3ab5e2ef284d0e822e6707757b125228793b37bc9e037802da9d9b"",""0x86ae1d3cfed9f994a673ca32c9ebb44c1b77c8c3781c16a0f6486fea4611ee5b""]",0,0,1,0,0,0,0.2
bstpstaking514m30fd2845,valid,,5,1,4,m30fd2845,100,10,10,"[""0x73d6c0efd0550ca38510ec910998f28c5f57de699ed4f4eab13ed86d90fb6b07"",""0x16a4b9d56a3ab5e2ef284d0e822e6707757b125228793b37bc9e037802da9d9b"",""0xe9bff1484b60de522b5fda8d2a44f33f1ba6a17ca2db76472f469a91f2245a8b"",""0x7c9cdb9fd07a0e95dd225ef751470ce88b43ad6e9e209b3b95404c7a6849e39b"",""0xb3788db79f3ad700a3cc134a27acbcec7a0a587ffbcdf5927faa24e5c362d493"",""0xc2467251882eb44d5415c8fddda0ba28022dedaeeca039a9fa1e56bb4cb2aba3"",""0xea69777677b59561b3782267ef6a65d6e0f38e1fea58f1ece52358972347edb0"",""0x68fb332560fdf6ea1d74d8c4bfc3ff952f79df911ac17e478862c0aa1c736db3"",""0x9920c06a362172692e96bab008e569caa257aaec2c8f130f3564a55f2f52357b"",""0x262e2e527250bfc9fea90edce78f93b95ce16f345766eb2534ba2fb39906d951""]","[""0x73d6c0efd0550ca38510ec910998f28c5f57de699ed4f4eab13ed86d90fb6b07"",""0x16a4b9d56a3ab5e2ef284d0e822e6707757b125228793b37bc9e037802da9d9b"",""0xe9bff1484b60de522b5fda8d2a44f33f1ba6a17ca2db76472f469a91f2245a8b"",""0x7c9cdb9fd07a0e95dd225ef751470ce88b43ad6e9e209b3b95404c7a6849e39b"",""0xb3788db79f3ad700a3cc134a27acbcec7a0a587ffbcdf5927faa24e5c362d493"",""0xc2467251882eb44d5415c8fddda0ba28022dedaeeca039a9fa1e56bb4cb2aba3"",""0xea69777677b59561b3782267ef6a65d6e0f38e1fea58f1ece52358972347edb0"",""0x68fb332560fdf6ea1d74d8c4bfc3ff952f79df911ac17e478862c0aa1c736db3"",""0x9920c06a362172692e96bab008e569caa257aaec2c8f130f3564a55f2f52357b"",""0x262e2e527250bfc9fea90edce78f93b95ce16f345766eb2534ba2fb39906d951""]","[""0x73d6c0efd0550ca38510ec910998f28c5f57de699ed4f4eab13ed86d90fb6b07"",""0x16a4b9d56a3ab5e2ef284d0e822e6707757b125228793b37bc9e037802da9d9b"",""0xe9bff1484b60de522b5fda8d2a44f33f1ba6a17ca2db76472f469a91f2245a8b"",""0x7c9cdb9fd07a0e95dd225ef751470ce88b43ad6e9e209b3b95404c7a6849e39b"",""0xb3788db79f3ad700a3cc134a27acbcec7a0a587ffbcdf5927faa24e5c362d493"",""0xc2467251882eb44d5415c8fddda0ba28022dedaeeca039a9fa1e56bb4cb2aba3"",""0xea69777677b59561b3782267ef6a65d6e0f38e1fea58f1ece52358972347edb0"",""0x68fb332560fdf6ea1d74d8c4bfc3ff952f79df911ac17e478862c0aa1c736db3"",""0x9920c06a362172692e96bab008e569caa257aaec2c8f130f3564a55f2f52357b"",""0x262e2e527250bfc9fea90edce78f93b95ce16f345766eb2534ba2fb39906d951""]",0,0,1,0,0,0,1
bstpstaking514m33799275,valid,,5,1,4,m33799275,100,10,10,"[""0xcd09dc92e8736934e461988f29064ea4e49ccc41310e47a797ab8e787536e77d"",""0xfd70d4311b5768c6b6bf7ecd75518b0b26ba2529cb7cf75e450bca9f0d366daa"",""0xa7831feb3b6ce91bfea938682651e70d662f1266659cbce6eaf0526e45512a68"",""0x29eba7ba49866efd89a8dce8d84688734eb0b4b198d4992b288b36b31540c8dc"",""0x2c6db858294994968533795d44c86dc8f050d3652066b8ceadf9d3b73dc7d902"",""0x8945bcc45087a8bfb2e18a5306781be29a69dbac49c73ab68b0d6c56a67bc0f9"",""0x5b677b1ca640fe2fa90ccb13036a107a5177af4f0b0bd5ed853ac029e427d019"",""0x8cc4b8cdcb727613f2378e83b1e459ef38061ac468dcb3d02730b17ef2a02673"",""0x49e5774ab139905928ff21d948254adc70aa28ff5eea2ac796f32b0549b267a3"",""0x106ecf713381cc7ee659b224caebb8c2d8402304fcc03cc12f04d9acb19beb31""]","[""0xcd09dc92e8736934e461988f29064ea4e49ccc41310e47a797ab8e787536e77d"",""0xfd70d4311b5768c6b6bf7ecd75518b0b26ba2529cb7cf75e450bca9f0d366daa"",""0xa7831feb3b6ce91bfea938682651e70d662f1266659cbce6eaf0526e45512a68"",""0x29eba7ba49866efd89a8dce8d84688734eb0b4b198d4992b288b36b31540c8dc"",""0x2c6db858294994968533795d44c86dc8f050d3652066b8ceadf9d3b73dc7d902"",""0x8945bcc45087a8bfb2e18a5306781be29a69dbac49c73ab68b0d6c56a67bc0f9"",""0x5b677b1ca640fe2fa90ccb13036a107a5177af4f0b0bd5ed853ac029e427d019"",""0x8cc4b8cdcb727613f2378e83b1e459ef38061ac468dcb3d02730b17ef2a02673"",""0x49e5774ab139905928ff21d948254adc70aa28ff5eea2ac796f32b0549b267a3"",""0x106ecf713381cc7ee659b224caebb8c2d8402304fcc03cc12f04d9acb19beb31""]","[""0xcd09dc92e8736934e461988f29064ea4e49ccc41310e47a797ab8e787536e77d"",""0xfd70d4311b5768c6b6bf7ecd75518b0b26ba2529cb7cf75e450bca9f0d366daa"",""0xa7831feb3b6ce91bfea938682651e70d662f1266659cbce6eaf0526e45512a68"",""0x29eba7ba49866efd89a8dce8d84688734eb0b4b198d4992b288b36b31540c8dc"",""0x2c6db858294994968533795d44c86dc8f050d3652066b8ceadf9d3b73dc7d902"",""0x8945bcc45087a8bfb2e18a5306781be29a69dbac49c73ab68b0d6c56a67bc0f9"",""0x5b677b1ca640fe2fa90ccb13036a107a5177af4f0b0bd5ed853ac029e427d019"",""0x8cc4b8cdcb727613f2378e83b1e459ef38061ac468dcb3d02730b17ef2a02673"",""0x49e5774ab139905928ff21d948254adc70aa28ff5eea2ac796f32b0549b267a3"",""0x106ecf713381cc7ee659b224caebb8c2d8402304fcc03cc12f04d9acb19beb31""]",0,0,1,0,0,0,1
bstpstaking514m3b4969fb,valid,,5,1,4,m3b4969fb,100,10,10,"[""0xb002fb01be58fedcd04d5ceb2895feaf22973ac1205efed3d2db367bc6d7525b"",""0x106ecf713381cc7ee659b224caebb8c2d8402304fcc03cc12f04d9acb19beb31"",""0x682175835b69fee8ca4e1000194ccf6067372d31c29aa0c1fb86d118274fe35f"",""0xc242c986f95f7cb745f870b1e292c03f57e59c36e809d37eb00cc8d235b22c5a"",""0x4c896b9c75e38294c3a07ab4ccb18852996db2708540195223e428ddf09d38a0"",""0x6a735d9199bcfde6d540397f0c81a9225ad8520e39847b9a367e7dd94565137d"",""0x4f70045f96345b6154f2e63f3fe4b06b6e40108aedcdd3afc6a66ea75fc3da24"",""0xffb33d2d1648788432430e96a9706f35a4dcfe30d45dd0e99a1eaf7e59ab6aeb"",""0xcfdc62eb5da1c0cc9f61c08540ca22833a6530d40de956ae254be5b1e0b59d74"",""0x5b677b1ca640fe2fa90ccb13036a107a5177af4f0b0bd5ed853ac029e427d019""]","[""0xb002fb01be58fedcd04d5ceb2895feaf22973ac1205efed3d2db367bc6d7525b"",""0x106ecf713381cc7ee659b224caebb8c2d8402304fcc03cc12f04d9acb19beb31"",""0x682175835b69fee8ca4e1000194ccf6067372d31c29aa0c1fb86d118274fe35f"",""0xc242c986f95f7cb745f870b1e292c03f57e59c36e809d37eb00cc8d235b22c5a"",""0x4c896b9c75e38294c3a07ab4ccb18852996db2708540195223e428ddf09d38a0"",""0x6a735d9199bcfde6d540397f0c81a9225ad8520e39847b9a367e7dd94565137d"",""0x4f70045f96345b6154f2e63f3fe4b06b6e40108aedcdd3afc6a66ea75fc3da24"",""0xffb33d2d1648788432430e96a9706f35a4dcfe30d45dd0e99a1eaf7e59ab6aeb"",""0xcfdc62eb5da1c0cc9f61c08540ca22833a6530d40de956ae254be5b1e0b59d74"",""0x5b677b1ca640fe2fa90ccb13036a107a5177af4f0b0bd5ed853ac029e427d019""]","[""0xb002fb01be58fedcd04d5ceb2895feaf22973ac1205efed3d2db367bc6d7525b"",""0x106ecf713381cc7ee659b224caebb8c2d8402304fcc03cc12f04d9acb19beb31"",""0x682175835b69fee8ca4e1000194ccf6067372d31c29aa0c1fb86d118274fe35f"",""0xc242c986f95f7cb745f870b1e292c03f57e59c36e809d37eb00cc8d235b22c5a"",""0x4c896b9c75e38294c3a07ab4ccb18852996db2708540195223e428ddf09d38a0"",""0x6a735d9199bcfde6d540397f0c81a9225ad8520e39847b9a367e7dd94565137d"",""0x4f70045f96345b6154f2e63f3fe4b06b6e40108aedcdd3afc6a66ea75fc3da24"",""0xffb33d2d1648788432430e96a9706f35a4dcfe30d45dd0e99a1eaf7e59ab6aeb"",""0xcfdc62eb5da1c0cc9f61c08540ca22833a6530d40de956ae254be5b1e0b59d74"",""0x5b677b1ca640fe2fa90ccb13036a107a5177af4f0b0bd5ed853ac029e427d019""]",0,0,1,0,0,0,1
bstpstaking514m4239fd1c,valid,,5,1,4,m4239fd1c,100,10,10,"[""0x483e0faacc32045385006ac1d42d028b103a2e2e02f320e20037d0d36be54907"",""0x89c823bf9976eb820ef3b2041267ad2c6eed1f83e2ab87cdc4bf9577cff5a748"",""0x3c97283efec66e1a5ec8437966e087338da20f0aad3723d41d52c67328f7efe4"",""0x6940f8c3529787bcfbcbf21fa64207221930bb64f69f1727136674443bba43aa"",""0x106ecf713381cc7ee659b224caebb8c2d8402304fcc03cc12f04d9acb19beb31"",""0x90ecb607bbb48b913aefe5003509412fcdc1a78708f7390fad1c6953be606038"",""0xb7eba087f5cc24fe2d08675f1cd5a26ebf3fd48642175807fccde9db3ffb3752"",""0xdf845dfbd70267c5c523805713303d6f4b7b91d97219e28f0508b46315e5e0e2"",""0x8a5fc9c813f0cbb1fbb3c86b71678b733f90197cd9b0fec7ef5b2e74d2827527"",""0xd9067ec22c0a52c0bf051e10e841161ac9d25bfedf069957979cc6f267cb6324""]","[""0x483e0faacc32045385006ac1d42d028b103a2e2e02f320e20037d0d36be54907"",""0x89c823bf9976eb820ef3b2041267ad2c6eed1f83e2ab87cdc4bf9577cff5a748"",""0x3c97283efec66e1a5ec8437966e087338da20f0aad3723d41d52c67328f7efe4"",""0x6940f8c3529787bcfbcbf21fa64207221930bb64f69f1727136674443bba43aa"",""0x106ecf713381cc7ee659b224caebb8c2d8402304fcc03cc12f04d9acb19beb31"",""0x90ecb607bbb48b913aefe5003509412fcdc1a78708f7390fad1c6953be606038"",""0xb7eba087f5cc24fe2d08675f1cd5a26ebf3fd48642175807fccde9db3ffb3752"",""0xdf845dfbd70267c5c523805713303d6f4b7b91d97219e28f0508b46315e5e0e2"",""0x8a5fc9c813f0cbb1fbb3c86b71678b733f90197cd9b0fec7ef5b2e74d2827527"",""0xd9067ec22c0a52c0bf051e10e841161ac9d25bfedf069957979cc6f267cb6324""]","[""0x483e0faacc32045385006ac1d42d028b103a2e2e02f320e20037d0d36be54907"",""0x89c823bf9976eb820ef3b2041267ad2c6eed1f83e2ab87cdc4bf9577cff5a748"",""0x3c97283efec66e1a5ec8437966e087338da20f0aad3723d41d52c67328f7efe4"",""0x6940f8c3529787bcfbcbf21fa64207221930bb64f69f1727136674443bba43aa"",""0x106ecf713381cc7ee659b224caebb8c2d8402304fcc03cc12f04d9acb19beb31"",""0x90ecb607bbb48b913aefe5003509412fcdc1a78708f7390fad1c6953be606038"",""0xb7eba087f5cc24fe2d08675f1cd5a26ebf3fd48642175807fccde9db3ffb3752"",""0xdf845dfbd70267c5c523805713303d6f4b7b91d97219e28f0508b46315e5e0e2"",""0x8a5fc9c813f0cbb1fbb3c86b71678b733f90197cd9b0fec7ef5b2e74d2827527"",""0xd9067ec22c0a52c0bf051e10e841161ac9d25bfedf069957979cc6f267cb6324""]",0,0,1,0,0,0,1
bstpstaking514m61fde19d,valid,,5,1,4,m61fde19d,100,10,10,"[""0x8a5fc9c813f0cbb1fbb3c86b71678b733f90197cd9b0fec7ef5b2e74d2827527"",""0xa7831feb3b6ce91bfea938682651e70d662f1266659cbce6eaf0526e45512a68"",""0x000ceb98a30a9f0375fd46d151e4f2f8d830751c2983f14a1c6f0144f80b3198"",""0x69f76a6458130c9ded5a13a31db3715ca829f4a679d617f3e492b9116677d10c"",""0xdabbd1bf365dd83a0175d5e359d11f8d109116b0745646ef8d2c6a2efcf851df"",""0x281d75ca73c64a8633ed60198d5e953cc41cba8132bf7dfc97a978d37dd83726"",""0x7c9cdb9fd07a0e95dd225ef751470ce88b43ad6e9e209b3b95404c7a6849e39b"",""0x505f78474c398814eb0ba0cc3c08f6129e12bf16431876853283a43beac9d141"",""0xc83255e7f44f715ea7d2b6da08689900a9b7bb38ef204039561e14dde5e03798"",""0x12c0e8caa1bce7d499cbbbc665fbb364c09cd2977856fe2bf0027b9c600b9022""]","[""0x69f76a6458130c9ded5a13a31db3715ca829f4a679d617f3e492b9116677d10c"",""0xdabbd1bf365dd83a0175d5e359d11f8d109116b0745646ef8d2c6a2efcf851df"",""0x281d75ca73c64a8633ed60198d5e953cc41cba8132bf7dfc97a978d37dd83726"",""0x7c9cdb9fd07a0e95dd225ef751470ce88b43ad6e9e209b3b95404c7a6849e39b"",""0xfd6b6381e462eb69a90451498acc82533df2612f7e00141667dbce964caa982e"",""0x8d357dcd4a7c14d4a0f33a6d36f83ab30a8caad65d222d503f46d94d277f7c24"",""0x37890a125406e5e42ba213b40b55685bc6c328fc0106903b123b70d8312c1000"",""0x06442c0ccc9ab367282f06426924517e0a49c25e50a492ad91aecc55b655f458"",""0xe5da0f8dfb6b491adb9c38f755f10e08bd498ab5979036394be3930984053206"",""0xe2c89165b1663cbef76d4db4aff33d030d5826b8a643a445b8531c288e7745fd""]","[""0x69f76a6458130c9ded5a13a31db3715ca829f4a679d617f3e492b9116677d10c"",""0xdabbd1bf365dd83a0175d5e359d11f8d109116b0745646ef8d2c6a2efcf851df"",""0x281d75ca73c64a8633ed60198d5e953cc41cba8132bf7dfc97a978d37dd83726"",""0x7c9cdb9fd07a0e95dd225ef751470ce88b43ad6e9e209b3b95404c7a6849e39b""]",0,0,1,0,0,0,0.4
bstpstaking514m6489f990,valid,,5,1,4,m6489f990,100,10,10,"[""0x14d09a4d420ae8a7492d23eb1beacf31a514ddd9765719262cf2a750248f046e"",""0x49e5774ab139905928ff21d948254adc70aa28ff5eea2ac796f32b0549b267a3"",""0x73d6c0efd0550ca38510ec910998f28c5f57de699ed4f4eab13ed86d90fb6b07"",""0xd9067ec22c0a52c0bf051e10e841161ac9d25bfedf069957979cc6f267cb6324"",""0x3c4ef3727c5acae7ca4976ecf767571e18ac1b70a4aad2ac4f7b9139bcfc987d"",""0x682175835b69fee8ca4e1000194ccf6067372d31c29aa0c1fb86d118274fe35f"",""0x8e6ed61f936c34115ed64b52efb53b493d279f72a1ed2c1dde342f98dfc9178d"",""0x2fca7fbeba6225e1f4fb9373e6a417663b15a5f54b5f93454a0a66edec6027ce"",""0x14d534ee18d54539f93cf0cbd15d0b48e1c75157bcce2837a841a3886247a9aa"",""0x01829fcc6d779d94ee869f97379c6516562dc7f8b74938742ffefe6b09b93fbc""]","[""0x73d6c0efd0550ca38510ec910998f28c5f57de699ed4f4eab13ed86d90fb6b07"",""0x3c4ef3727c5acae7ca4976ecf767571e18ac1b70a4aad2ac4f7b9139bcfc987d"",""0x8e6ed61f936c34115ed64b52efb53b493d279f72a1ed2c1dde342f98dfc9178d"",""0x01829fcc6d779d94ee869f97379c6516562dc7f8b74938742ffefe6b09b93fbc"",""0x262e2e527250bfc9fea90edce78f93b95ce16f345766eb2534ba2fb39906d951"",""0xaa8fad824a174e57accf11eb34b23d020d6aa685da1925b1c30a611ffdb95a0e"",""0x429b49322f39406d28f591c75e8222ecd51db05a599ec5d128466346627eb705"",""0x08c294941588d570c4ae95ce5aaf4a1592f278bd19029a2851efff2d86015692"",""0x6ea2e4d3921eb79867ba52b40ba2fdf4df2de7e307f65f7742bf9f3bdb48a96c"",""0x281cd26d80e9cd95f098908b641c2534121c033c47795850d88fdab6f04f2af0""]","[""0x73d6c0efd0550ca38510ec910998f28c5f57de699ed4f4eab13ed86d90fb6b07"",""0x3c4ef3727c5acae7ca4976ecf767571e18ac1b70a4aad2ac4f7b9139bcfc987d"",""0x8e6ed61f936c34115ed64b52efb53b493d279f72a1ed2c1dde342f98dfc9178d"",""0x01829fcc6d779d94ee869f97379c6516562dc7f8b74938742ffefe6b09b93fbc""]",0,0,1,0,0,0,0.4
bstpstaking514m652a5fba,invalid,error_duplicates,5,1,4,m652a5fba,100,10,10,"[""0x5b677b1ca640fe2fa90ccb13036a107a5177af4f0b0bd5ed853ac029e427d019"",""0xd9067ec22c0a52c0bf051e10e841161ac9d25bfedf069957979cc6f267cb6324"",""0x2c6db858294994968533795d44c86dc8f050d3652066b8ceadf9d3b73dc7d902"",""0x98383544e422fe17027cdac418f09337309386a10806b8ee02c8d32713923a8e"",""0x3c97283efec66e1a5ec8437966e087338da20f0aad3723d41d52c67328f7efe4"",""0x4c896b9c75e38294c3a07ab4ccb18852996db2708540195223e428ddf09d38a0"",""0x932383665799c1241f674264478c7dbdc9dbecd0c1d33b2034e91903326669df"",""0x5b677b1ca640fe2fa90ccb13036a107a5177af4f0b0bd5ed853ac029e427d019"",""0xd9067ec22c0a52c0bf051e10e841161ac9d25bfedf069957979cc6f267cb6324"",""0x2c6db858294994968533795d44c86dc8f050d3652066b8ceadf9d3b73dc7d902""]","[""0x5b677b1ca640fe2fa90ccb13036a107a5177af4f0b0bd5ed853ac029e427d019"",""0xd9067ec22c0a52c0bf051e10e841161ac9d25bfedf069957979cc6f267cb6324"",""0x2c6db858294994968533795d44c86dc8f050d3652066b8ceadf9d3b73dc7d902"",""0xb65630e7129a1fecafdca9eb7dbe53130a12b5d3e2e984bbf9c9a5399c6cc30f"",""0x39700501189242fe3b7185fd03a5cace111de24b0c6b66471be82d30bc72ec27"",""0x856f01151a1c15aa053c920c11f2f4a193b3ed4250c6ee2ebf77c3390fe0f275"",""0x98383544e422fe17027cdac418f09337309386a10806b8ee02c8d32713923a8e"",""0x3c97283efec66e1a5ec8437966e087338da20f0aad3723d41d52c67328f7efe4"",""0x4c896b9c75e38294c3a07ab4ccb18852996db2708540195223e428ddf09d38a0"",""0x932383665799c1241f674264478c7dbdc9dbecd0c1d33b2034e91903326669df""]","[""0x5b677b1ca640fe2fa90ccb13036a107a5177af4f0b0bd5ed853ac029e427d019"",""0xd9067ec22c0a52c0bf051e10e841161ac9d25bfedf069957979cc6f267cb6324"",""0x2c6db858294994968533795d44c86dc8f050d3652066b8ceadf9d3b73dc7d902"",""0x98383544e422fe17027cdac418f09337309386a10806b8ee02c8d32713923a8e"",""0x3c97283efec66e1a5ec8437966e087338da20f0aad3723d41d52c67328f7efe4"",""0x4c896b9c75e38294c3a07ab4ccb18852996db2708540195223e428ddf09d38a0"",""0x932383665799c1241f674264478c7dbdc9dbecd0c1d33b2034e91903326669df"",""0x5b677b1ca640fe2fa90ccb13036a107a5177af4f0b0bd5ed853ac029e427d019"",""0xd9067ec22c0a52c0bf051e10e841161ac9d25bfedf069957979cc6f267cb6324"",""0x2c6db858294994968533795d44c86dc8f050d3652066b8ceadf9d3b73dc7d902""]",0,0,1,0,0,0.30000000000000004,1
bstpstaking514m66488430,valid,,5,1,4,m66488430,100,10,10,"[""0xc3b0696840352e2a25a87160f85c766cba4c6b9424a40ded6b5e2eb28f9215f6"",""0xfc9bec6e17e3d34235748a04c8a772f602b2283e2946d9f68c2ed62bcdd2cd85"",""0x7c40aac49a736517f5c440f9392f1683424054f2ffa6df7c2970a52c11db06ca"",""0xcd09dc92e8736934e461988f29064ea4e49ccc41310e47a797ab8e787536e77d"",""0x92c0efa8758ff02dd06dfd438cd6612b6e3590f9c8b7c0932fd418903855a478"",""0x4f70045f96345b6154f2e63f3fe4b06b6e40108aedcdd3afc6a66ea75fc3da24"",""0xb1d52412675094b54611913899744bda3aa3c67ce51c9e9d61d8a49d9cc84caf"",""0x90ecb607bbb48b913aefe5003509412fcdc1a78708f7390fad1c6953be606038"",""0xffb33d2d1648788432430e96a9706f35a4dcfe30d45dd0e99a1eaf7e59ab6aeb"",""0x6b84de292cb6e3be779d6288c69c6a070bba523a2317a4d294c1616e10f137ed""]","[""0xc3b0696840352e2a25a87160f85c766cba4c6b9424a40ded6b5e2eb28f9215f6"",""0xfc9bec6e17e3d34235748a04c8a772f602b2283e2946d9f68c2ed62bcdd2cd85"",""0x7c40aac49a736517f5c440f9392f1683424054f2ffa6df7c2970a52c11db06ca"",""0xcd09dc92e8736934e461988f29064ea4e49ccc41310e47a797ab8e787536e77d"",""0x92c0efa8758ff02dd06dfd438cd6612b6e3590f9c8b7c0932fd418903855a478"",""0x4f70045f96345b6154f2e63f3fe4b06b6e40108aedcdd3afc6a66ea75fc3da24"",""0xb1d52412675094b54611913899744bda3aa3c67ce51c9e9d61d8a49d9cc84caf"",""0x90ecb607bbb48b913aefe5003509412fcdc1a78708f7390fad1c6953be606038"",""0xffb33d2d1648788432430e96a9706f35a4dcfe30d45dd0e99a1eaf7e59ab6aeb"",""0x6b84de292cb6e3be779d6288c69c6a070bba523a2317a4d294c1616e10f137ed""]","[""0xc3b0696840352e2a25a87160f85c766cba4c6b9424a40ded6b5e2eb28f9215f6"",""0xfc9bec6e17e3d34235748a04c8a772f602b2283e2946d9f68c2ed62bcdd2cd85"",""0x7c40aac49a736517f5c440f9392f1683424054f2ffa6df7c2970a52c11db06ca"",""0xcd09dc92e8736934e461988f29064ea4e49ccc41310e47a797ab8e787536e77d"",""0x92c0efa8758ff02dd06dfd438cd6612b6e3590f9c8b7c0932fd418903855a478"",""0x4f70045f96345b6154f2e63f3fe4b06b6e40108aedcdd3afc6a66ea75fc3da24"",""0xb1d52412675094b54611913899744bda3aa3c67ce51c9e9d61d8a49d9cc84caf"",""0x90ecb607bbb48b913aefe5003509412fcdc1a78708f7390fad1c6953be606038"",""0xffb33d2d1648788432430e96a9706f35a4dcfe30d45dd0e99a1eaf7e59ab6aeb"",""0x6b84de292cb6e3be779d6288c69c6a070bba523a2317a4d294c1616e10f137ed""]",0,0,1,0,0,0,1
bstpstaking514m6e7de01e,valid,,5,1,4,m6e7de01e,100,10,10,"[""0x7c9cdb9fd07a0e95dd225ef751470ce88b43ad6e9e209b3b95404c7a6849e39b"",""0x353fcfc68b913bba883a1cbe437235257a5567ace334e692406b2239896cc845"",""0xaa8fad824a174e57accf11eb34b23d020d6aa685da1925b1c30a611ffdb95a0e"",""0x3c4ef3727c5acae7ca4976ecf767571e18ac1b70a4aad2ac4f7b9139bcfc987d"",""0xcd6d08f520a5a6aebaa079033393b6393e347445be26d2c107e8d7ee03c8f13c"",""0x281cd26d80e9cd95f098908b641c2534121c033c47795850d88fdab6f04f2af0"",""0xdd364115eefd88d44ddca902abb962bd1038efc911e81847f0d1911029cb83fc"",""0xe2c89165b1663cbef76d4db4aff33d030d5826b8a643a445b8531c288e7745fd"",""0x66dc91c1375c97a345396b765a31f83a172cf55a43b176b21f6e7ca8e695b9fd"",""0xd7531695dcd358a4f56787acbbd65565a09fc63eff941ad49498daeb1ae38f44""]","[""0x7c9cdb9fd07a0e95dd225ef751470ce88b43ad6e9e209b3b95404c7a6849e39b"",""0x353fcfc68b913bba883a1cbe437235257a5567ace334e692406b2239896cc845"",""0xaa8fad824a174e57accf11eb34b23d020d6aa685da1925b1c30a611ffdb95a0e"",""0x3c4ef3727c5acae7ca4976ecf767571e18ac1b70a4aad2ac4f7b9139bcfc987d"",""0xcd6d08f520a5a6aebaa079033393b6393e347445be26d2c107e8d7ee03c8f13c"",""0x281cd26d80e9cd95f098908b641c2534121c033c47795850d88fdab6f04f2af0"",""0xdd364115eefd88d44ddca902abb962bd1038efc911e81847f0d1911029cb83fc"",""0xe2c89165b1663cbef76d4db4aff33d030d5826b8a643a445b8531c288e7745fd"",""0x66dc91c1375c97a345396b765a31f83a172cf55a43b176b21f6e7ca8e695b9fd"",""0xd7531695dcd358a4f56787acbbd65565a09fc63eff941ad49498daeb1ae38f44""]","[""0x7c9cdb9fd07a0e95dd225ef751470ce88b43ad6e9e209b3b95404c7a6849e39b"",""0x353fcfc68b913bba883a1cbe437235257a5567ace334e692406b2239896cc845"",""0xaa8fad824a174e57accf11eb34b23d020d6aa685da1925b1c30a611ffdb95a0e"",""0x3c4ef3727c5acae7ca4976ecf767571e18ac1b70a4aad2ac4f7b9139bcfc987d"",""0xcd6d08f520a5a6aebaa079033393b6393e347445be26d2c107e8d7ee03c8f13c"",""0x281cd26d80e9cd95f098908b641c2534121c033c47795850d88fdab6f04f2af0"",""0xdd364115eefd88d44ddca902abb962bd1038efc911e81847f0d1911029cb83fc"",""0xe2c89165b1663cbef76d4db4aff33d030d5826b8a643a445b8531c288e7745fd"",""0x66dc91c1375c97a345396b765a31f83a172cf55a43b176b21f6e7ca8e695b9fd"",""0xd7531695dcd358a4f56787acbbd65565a09fc63eff941ad49498daeb1ae38f44""]",0,0,1,0,0,0,1
bstpstaking514m7dfad905,valid,,5,1,4,m7dfad905,100,10,10,"[""0x106ecf713381cc7ee659b224caebb8c2d8402304fcc03cc12f04d9acb19beb31"",""0xfd70d4311b5768c6b6bf7ecd75518b0b26ba2529cb7cf75e450bca9f0d366daa"",""0xe70b739d2c9d746514eb24b9ed0d3b51448a0a5913813a2864aa9be0ec65e691"",""0xa7831feb3b6ce91bfea938682651e70d662f1266659cbce6eaf0526e45512a68"",""0xab461bed3349317736818b1dabb4b0c82cc986f81bc20a4f98abb1cf118525e2"",""0xcd09dc92e8736934e461988f29064ea4e49ccc41310e47a797ab8e787536e77d"",""0x49e5774ab139905928ff21d948254adc70aa28ff5eea2ac796f32b0549b267a3"",""0x6e53ec51854bc45ec72e747b9db61797e1b20b6c0f523a3f2ead783fd267ed91"",""0x9a0ed5a06fb6051d9a659f829e57ea0e382f714cb43d55efaa317c69cfae14ee"",""0x80288ad5dc62d58560df110a3535af497449f9f6f4f71e34500b9f5045943ea7""]","[""0x106ecf713381cc7ee659b224caebb8c2d8402304fcc03cc12f04d9acb19beb31"",""0xfd70d4311b5768c6b6bf7ecd75518b0b26ba2529cb7cf75e450bca9f0d366daa"",""0xe70b739d2c9d746514eb24b9ed0d3b51448a0a5913813a2864aa9be0ec65e691"",""0xa7831feb3b6ce91bfea938682651e70d662f1266659cbce6eaf0526e45512a68"",""0xab461bed3349317736818b1dabb4b0c82cc986f81bc20a4f98abb1cf118525e2"",""0xcd09dc92e8736934e461988f29064ea4e49ccc41310e47a797ab8e787536e77d"",""0x49e5774ab139905928ff21d948254adc70aa28ff5eea2ac796f32b0549b267a3"",""0x6e53ec51854bc45ec72e747b9db61797e1b20b6c0f523a3f2ead783fd267ed91"",""0x9a0ed5a06fb6051d9a659f829e57ea0e382f714cb43d55efaa317c69cfae14ee"",""0x80288ad5dc62d58560df110a3535af497449f9f6f4f71e34500b9f5045943ea7""]","[""0x106ecf713381cc7ee659b224caebb8c2d8402304fcc03cc12f04d9acb19beb31"",""0xfd70d4311b5768c6b6bf7ecd75518b0b26ba2529cb7cf75e450bca9f0d366daa"",""0xe70b739d2c9d746514eb24b9ed0d3b51448a0a5913813a2864aa9be0ec65e691"",""0xa7831feb3b6ce91bfea938682651e70d662f1266659cbce6eaf0526e45512a68"",""0xab461bed3349317736818b1dabb4b0c82cc986f81bc20a4f98abb1cf118525e2"",""0xcd09dc92e8736934e461988f29064ea4e49ccc41310e47a797ab8e787536e77d"",""0x49e5774ab139905928ff21d948254adc70aa28ff5eea2ac796f32b0549b267a3"",""0x6e53ec51854bc45ec72e747b9db61797e1b20b6c0f523a3f2ead783fd267ed91"",""0x9a0ed5a06fb6051d9a659f829e57ea0e382f714cb43d55efaa317c69cfae14ee"",""0x80288ad5dc62d58560df110a3535af497449f9f6f4f71e34500b9f5045943ea7""]",0,0,1,0,0,0,1
bstpstaking514m7e72b6a8,invalid,error_duplicates,5,1,4,m7e72b6a8,100,10,10,"[""0x9a0ed5a06fb6051d9a659f829e57ea0e382f714cb43d55efaa317c69cfae14ee"",""0x98383544e422fe17027cdac418f09337309386a10806b8ee02c8d32713923a8e"",""0x8945bcc45087a8bfb2e18a5306781be29a69dbac49c73ab68b0d6c56a67bc0f9"",""0x99196e62444c2ecc416618bcc5a3424f9cd5641d6867c8e258507c7d89a4a88c"",""0xe40523cb93f50925b957e5e448d59b64adfad0b41a549e68dd171dd988bc17a5"",""0x4c896b9c75e38294c3a07ab4ccb18852996db2708540195223e428ddf09d38a0"",""0x7c40aac49a736517f5c440f9392f1683424054f2ffa6df7c2970a52c11db06ca"",""0x49e5774ab139905928ff21d948254adc70aa28ff5eea2ac796f32b0549b267a3"",""0xffb33d2d1648788432430e96a9706f35a4dcfe30d45dd0e99a1eaf7e59ab6aeb"",""0x8945bcc45087a8bfb2e18a5306781be29a69dbac49c73ab68b0d6c56a67bc0f9""]","[""0x9a0ed5a06fb6051d9a659f829e57ea0e382f714cb43d55efaa317c69cfae14ee"",""0x98383544e422fe17027cdac418f09337309386a10806b8ee02c8d32713923a8e"",""0x8945bcc45087a8bfb2e18a5306781be29a69dbac49c73ab68b0d6c56a67bc0f9"",""0xd7531695dcd358a4f56787acbbd65565a09fc63eff941ad49498daeb1ae38f44"",""0x99196e62444c2ecc416618bcc5a3424f9cd5641d6867c8e258507c7d89a4a88c"",""0xe40523cb93f50925b957e5e448d59b64adfad0b41a549e68dd171dd988bc17a5"",""0x4c896b9c75e38294c3a07ab4ccb18852996db2708540195223e428ddf09d38a0"",""0x7c40aac49a736517f5c440f9392f1683424054f2ffa6df7c2970a52c11db06ca"",""0x49e5774ab139905928ff21d948254adc70aa28ff5eea2ac796f32b0549b267a3"",""0xffb33d2d1648788432430e96a9706f35a4dcfe30d45dd0e99a1eaf7e59ab6aeb""]","[""0x9a0ed5a06fb6051d9a659f829e57ea0e382f714cb43d55efaa317c69cfae14ee"",""0x98383544e422fe17027cdac418f09337309386a10806b8ee02c8d32713923a8e"",""0x8945bcc45087a8bfb2e18a5306781be29a69dbac49c73ab68b0d6c56a67bc0f9"",""0x99196e62444c2ecc416618bcc5a3424f9cd5641d6867c8e258507c7d89a4a88c"",""0xe40523cb93f50925b957e5e448d59b64adfad0b41a549e68dd171dd988bc17a5"",""0x4c896b9c75e38294c3a07ab4ccb18852996db2708540195223e428ddf09d38a0"",""0x7c40aac49a736517f5c440f9392f1683424054f2ffa6df7c2970a52c11db06ca"",""0x49e5774ab139905928ff21d948254adc70aa28ff5eea2ac796f32b0549b267a3"",""0xffb33d2d1648788432430e96a9706f35a4dcfe30d45dd0e99a1eaf7e59ab6aeb"",""0x8945bcc45087a8bfb2e18a5306781be29a69dbac49c73ab68b0d6c56a67bc0f9""]",0,0,1,0,0,0.09999999999999998,1
bstpstaking514m8051415e,valid,,5,1,4,m8051415e,100,10,10,"[""0x4f70045f96345b6154f2e63f3fe4b06b6e40108aedcdd3afc6a66ea75fc3da24"",""0x8cc4b8cdcb727613f2378e83b1e459ef38061ac468dcb3d02730b17ef2a02673"",""0x29eba7ba49866efd89a8dce8d84688734eb0b4b198d4992b288b36b31540c8dc"",""0x92c0efa8758ff02dd06dfd438cd6612b6e3590f9c8b7c0932fd418903855a478"",""0x80288ad5dc62d58560df110a3535af497449f9f6f4f71e34500b9f5045943ea7"",""0xa7831feb3b6ce91bfea938682651e70d662f1266659cbce6eaf0526e45512a68"",""0x6b84de292cb6e3be779d6288c69c6a070bba523a2317a4d294c1616e10f137ed"",""0x483e0faacc32045385006ac1d42d028b103a2e2e02f320e20037d0d36be54907"",""0xcfdc62eb5da1c0cc9f61c08540ca22833a6530d40de956ae254be5b1e0b59d74"",""0xd5568fd406d7db628afa415d58bf5bd06959a92398aa702548e8e04793bedd47""]","[""0x4f70045f96345b6154f2e63f3fe4b06b6e40108aedcdd3afc6a66ea75fc3da24"",""0x8cc4b8cdcb727613f2378e83b1e459ef38061ac468dcb3d02730b17ef2a02673"",""0x29eba7ba49866efd89a8dce8d84688734eb0b4b198d4992b288b36b31540c8dc"",""0x92c0efa8758ff02dd06dfd438cd6612b6e3590f9c8b7c0932fd418903855a478"",""0x80288ad5dc62d58560df110a3535af497449f9f6f4f71e34500b9f5045943ea7"",""0xa7831feb3b6ce91bfea938682651e70d662f1266659cbce6eaf0526e45512a68"",""0x6b84de292cb6e3be779d6288c69c6a070bba523a2317a4d294c1616e10f137ed"",""0x483e0faacc32045385006ac1d42d028b103a2e2e02f320e20037d0d36be54907"",""0xcfdc62eb5da1c0cc9f61c08540ca22833a6530d40de956ae254be5b1e0b59d74"",""0xd5568fd406d7db628afa415d58bf5bd06959a92398aa702548e8e04793bedd47""]","[""0x4f70045f96345b6154f2e63f3fe4b06b6e40108aedcdd3afc6a66ea75fc3da24"",""0x8cc4b8cdcb727613f2378e83b1e459ef38061ac468dcb3d02730b17ef2a02673"",""0x29eba7ba49866efd89a8dce8d84688734eb0b4b198d4992b288b36b31540c8dc"",""0x92c0efa8758ff02dd06dfd438cd6612b6e3590f9c8b7c0932fd418903855a478"",""0x80288ad5dc62d58560df110a3535af497449f9f6f4f71e34500b9f5045943ea7"",""0xa7831feb3b6ce91bfea938682651e70d662f1266659cbce6eaf0526e45512a68"",""0x6b84de292cb6e3be779d6288c69c6a070bba523a2317a4d294c1616e10f137ed"",""0x483e0faacc32045385006ac1d42d028b103a2e2e02f320e20037d0d36be54907"",""0xcfdc62eb5da1c0cc9f61c08540ca22833a6530d40de956ae254be5b1e0b59d74"",""0xd5568fd406d7db628afa415d58bf5bd06959a92398aa702548e8e04793bedd47""]",0,0,1,0,0,0,1
bstpstaking514m810b37d6,valid,,5,1,4,m810b37d6,100,10,10,"[""0x14d09a4d420ae8a7492d23eb1beacf31a514ddd9765719262cf2a750248f046e"",""0xedb061d6c685949f3e6f6b2fbc31238ae6ee3c1a2760e056b5c3e5e2304df8af"",""0xd7531695dcd358a4f56787acbbd65565a09fc63eff941ad49498daeb1ae38f44"",""0x6e2ec90f7c36a36b5344a2aac6038ddc9c3860de12975f71142181a7a81c8609"",""0xdd364115eefd88d44ddca902abb962bd1038efc911e81847f0d1911029cb83fc"",""0x68fb332560fdf6ea1d74d8c4bfc3ff952f79df911ac17e478862c0aa1c736db3"",""0x37890a125406e5e42ba213b40b55685bc6c328fc0106903b123b70d8312c1000"",""0x69f76a6458130c9ded5a13a31db3715ca829f4a679d617f3e492b9116677d10c"",""0xd315b8c83a9e2edb719d67cf2cc732391e7c9d9fa55ab87f926ee4c7046a8578"",""0xdabbd1bf365dd83a0175d5e359d11f8d109116b0745646ef8d2c6a2efcf851df""]","[""0x14d09a4d420ae8a7492d23eb1beacf31a514ddd9765719262cf2a750248f046e"",""0xedb061d6c685949f3e6f6b2fbc31238ae6ee3c1a2760e056b5c3e5e2304df8af"",""0xd7531695dcd358a4f56787acbbd65565a09fc63eff941ad49498daeb1ae38f44"",""0x6e2ec90f7c36a36b5344a2aac6038ddc9c3860de12975f71142181a7a81c8609"",""0xdd364115eefd88d44ddca902abb962bd1038efc911e81847f0d1911029cb83fc"",""0x68fb332560fdf6ea1d74d8c4bfc3ff952f79df911ac17e478862c0aa1c736db3"",""0x37890a125406e5e42ba213b40b55685bc6c328fc0106903b123b70d8312c1000"",""0x69f76a6458130c9ded5a13a31db3715ca829f4a679d617f3e492b9116677d10c"",""0xd315b8c83a9e2edb719d67cf2cc732391e7c9d9fa55ab87f926ee4c7046a8578"",""0xdabbd1bf365dd83a0175d5e359d11f8d109116b0745646ef8d2c6a2efcf851df""]","[""0x14d09a4d420ae8a7492d23eb1beacf31a514ddd9765719262cf2a750248f046e"",""0xedb061d6c685949f3e6f6b2fbc31238ae6ee3c1a2760e056b5c3e5e2304df8af"",""0xd7531695dcd358a4f56787acbbd65565a09fc63eff941ad49498daeb1ae38f44"",""0x6e2ec90f7c36a36b5344a2aac6038ddc9c3860de12975f71142181a7a81c8609"",""0xdd364115eefd88d44ddca902abb962bd1038efc911e81847f0d1911029cb83fc"",""0x68fb332560fdf6ea1d74d8c4bfc3ff952f79df911ac17e478862c0aa1c736db3"",""0x37890a125406e5e42ba213b40b55685bc6c328fc0106903b123b70d8312c1000"",""0x69f76a6458130c9ded5a13a31db3715ca829f4a679d617f3e492b9116677d10c"",""0xd315b8c83a9e2edb719d67cf2cc732391e7c9d9fa55ab87f926ee4c7046a8578"",""0xdabbd1bf365dd83a0175d5e359d11f8d109116b0745646ef8d2c6a2efcf851df""]",0,0,1,0,0,0,1
bstpstaking514m9189f677,valid,,5,1,4,m9189f677,100,10,10,"[""0xcd09dc92e8736934e461988f29064ea4e49ccc41310e47a797ab8e787536e77d"",""0x8a5fc9c813f0cbb1fbb3c86b71678b733f90197cd9b0fec7ef5b2e74d2827527"",""0x483e0faacc32045385006ac1d42d028b103a2e2e02f320e20037d0d36be54907"",""0xb6956c09b733a91561395f6f106aa19a23a1df4c453562ff602fdc30b0b773ad"",""0xb7eba087f5cc24fe2d08675f1cd5a26ebf3fd48642175807fccde9db3ffb3752"",""0xab461bed3349317736818b1dabb4b0c82cc986f81bc20a4f98abb1cf118525e2"",""0x682175835b69fee8ca4e1000194ccf6067372d31c29aa0c1fb86d118274fe35f"",""0xfc9bec6e17e3d34235748a04c8a772f602b2283e2946d9f68c2ed62bcdd2cd85"",""0x98383544e422fe17027cdac418f09337309386a10806b8ee02c8d32713923a8e"",""0xe40523cb93f50925b957e5e448d59b64adfad0b41a549e68dd171dd988bc17a5""]","[""0xcd09dc92e8736934e461988f29064ea4e49ccc41310e47a797ab8e787536e77d"",""0x8a5fc9c813f0cbb1fbb3c86b71678b733f90197cd9b0fec7ef5b2e74d2827527"",""0x483e0faacc32045385006ac1d42d028b103a2e2e02f320e20037d0d36be54907"",""0xb6956c09b733a91561395f6f106aa19a23a1df4c453562ff602fdc30b0b773ad"",""0xb7eba087f5cc24fe2d08675f1cd5a26ebf3fd48642175807fccde9db3ffb3752"",""0xab461bed3349317736818b1dabb4b0c82cc986f81bc20a4f98abb1cf118525e2"",""0x682175835b69fee8ca4e1000194ccf6067372d31c29aa0c1fb86d118274fe35f"",""0xfc9bec6e17e3d34235748a04c8a772f602b2283e2946d9f68c2ed62bcdd2cd85"",""0x98383544e422fe17027cdac418f09337309386a10806b8ee02c8d32713923a8e"",""0xe40523cb93f50925b957e5e448d59b64adfad0b41a549e68dd171dd988bc17a5""]","[""0xcd09dc92e8736934e461988f29064ea4e49ccc41310e47a797ab8e787536e77d"",""0x8a5fc9c813f0cbb1fbb3c86b71678b733f90197cd9b0fec7ef5b2e74d2827527"",""0x483e0faacc32045385006ac1d42d028b103a2e2e02f320e20037d0d36be54907"",""0xb6956c09b733a91561395f6f106aa19a23a1df4c453562ff602fdc30b0b773ad"",""0xb7eba087f5cc24fe2d08675f1cd5a26ebf3fd48642175807fccde9db3ffb3752"",""0xab461bed3349317736818b1dabb4b0c82cc986f81bc20a4f98abb1cf118525e2"",""0x682175835b69fee8ca4e1000194ccf6067372d31c29aa0c1fb86d118274fe35f"",""0xfc9bec6e17e3d34235748a04c8a772f602b2283e2946d9f68c2ed62bcdd2cd85"",""0x98383544e422fe17027cdac418f09337309386a10806b8ee02c8d32713923a8e"",""0xe40523cb93f50925b957e5e448d59b64adfad0b41a549e68dd171dd988bc17a5""]",0,0,1,0,0,0,1
bstpstaking514m970360f4,valid,,5,1,4,m970360f4,100,10,10,"[""0x04e631257af2cf26e527e146f4e090feae7f8ba273f0574dcd62a46da5b5fb8c"",""0x5bbc9d2413d5740c9cce8b34acbdb04e9c122cff7ece31c0620bfd2b7e0e1b86"",""0x8cc4b8cdcb727613f2378e83b1e459ef38061ac468dcb3d02730b17ef2a02673"",""0x281cd26d80e9cd95f098908b641c2534121c033c47795850d88fdab6f04f2af0"",""0xfd6b6381e462eb69a90451498acc82533df2612f7e00141667dbce964caa982e"",""0xb6956c09b733a91561395f6f106aa19a23a1df4c453562ff602fdc30b0b773ad"",""0x68fb332560fdf6ea1d74d8c4bfc3ff952f79df911ac17e478862c0aa1c736db3"",""0x8e6ed61f936c34115ed64b52efb53b493d279f72a1ed2c1dde342f98dfc9178d"",""0xea69777677b59561b3782267ef6a65d6e0f38e1fea58f1ece52358972347edb0"",""0xcfdc62eb5da1c0cc9f61c08540ca22833a6530d40de956ae254be5b1e0b59d74""]","[""0x14d09a4d420ae8a7492d23eb1beacf31a514ddd9765719262cf2a750248f046e"",""0xae105f7f87da768b512fdfdb98a0fbf6131d1571893bb99b9a0ab477ff1702c2"",""0x281cd26d80e9cd95f098908b641c2534121c033c47795850d88fdab6f04f2af0"",""0xfd6b6381e462eb69a90451498acc82533df2612f7e00141667dbce964caa982e"",""0x68fb332560fdf6ea1d74d8c4bfc3ff952f79df911ac17e478862c0aa1c736db3"",""0x8e6ed61f936c34115ed64b52efb53b493d279f72a1ed2c1dde342f98dfc9178d"",""0xea69777677b59561b3782267ef6a65d6e0f38e1fea58f1ece52358972347edb0"",""0xe5da0f8dfb6b491adb9c38f755f10e08bd498ab5979036394be3930984053206"",""0x1721fbf3311a57adcac4eb75a9690451077fc079b0d94e4fa9d5a75bfb95e9c2"",""0x37890a125406e5e42ba213b40b55685bc6c328fc0106903b123b70d8312c1000""]","[""0x281cd26d80e9cd95f098908b641c2534121c033c47795850d88fdab6f04f2af0"",""0xfd6b6381e462eb69a90451498acc82533df2612f7e00141667dbce964caa982e"",""0x68fb332560fdf6ea1d74d8c4bfc3ff952f79df911ac17e478862c0aa1c736db3"",""0x8e6ed61f936c34115ed64b52efb53b493d279f72a1ed2c1dde342f98dfc9178d"",""0xea69777677b59561b3782267ef6a65d6e0f38e1fea58f1ece52358972347edb0""]",0,0,1,0,0,0,0.5
bstpstaking514m98d7930e,invalid,error_duplicates,5,1,4,m98d7930e,100,10,10,"[""0x98383544e422fe17027cdac418f09337309386a10806b8ee02c8d32713923a8e"",""0x8945bcc45087a8bfb2e18a5306781be29a69dbac49c73ab68b0d6c56a67bc0f9"",""0x8cc4b8cdcb727613f2378e83b1e459ef38061ac468dcb3d02730b17ef2a02673"",""0x1ebfa3f4b31da950a10ba4155a5675fdf5fb3ac42fe3f076668cfe359788f601"",""0xe70b739d2c9d746514eb24b9ed0d3b51448a0a5913813a2864aa9be0ec65e691"",""0x90ecb607bbb48b913aefe5003509412fcdc1a78708f7390fad1c6953be606038"",""0xab461bed3349317736818b1dabb4b0c82cc986f81bc20a4f98abb1cf118525e2"",""0xb1d52412675094b54611913899744bda3aa3c67ce51c9e9d61d8a49d9cc84caf"",""0x98383544e422fe17027cdac418f09337309386a10806b8ee02c8d32713923a8e"",""0x8945bcc45087a8bfb2e18a5306781be29a69dbac49c73ab68b0d6c56a67bc0f9""]","[""0x98383544e422fe17027cdac418f09337309386a10806b8ee02c8d32713923a8e"",""0x856f01151a1c15aa053c920c11f2f4a193b3ed4250c6ee2ebf77c3390fe0f275"",""0x8945bcc45087a8bfb2e18a5306781be29a69dbac49c73ab68b0d6c56a67bc0f9"",""0x8cc4b8cdcb727613f2378e83b1e459ef38061ac468dcb3d02730b17ef2a02673"",""0x1ebfa3f4b31da950a10ba4155a5675fdf5fb3ac42fe3f076668cfe359788f601"",""0xe70b739d2c9d746514eb24b9ed0d3b51448a0a5913813a2864aa9be0ec65e691"",""0x90ecb607bbb48b913aefe5003509412fcdc1a78708f7390fad1c6953be606038"",""0xab461bed3349317736818b1dabb4b0c82cc986f81bc20a4f98abb1cf118525e2"",""0xb1d52412675094b54611913899744bda3aa3c67ce51c9e9d61d8a49d9cc84caf"",""0x281cd26d80e9cd95f098908b641c2534121c033c47795850d88fdab6f04f2af0""]","[""0x98383544e422fe17027cdac418f09337309386a10806b8ee02c8d32713923a8e"",""0x8945bcc45087a8bfb2e18a5306781be29a69dbac49c73ab68b0d6c56a67bc0f9"",""0x8cc4b8cdcb727613f2378e83b1e459ef38061ac468dcb3d02730b17ef2a02673"",""0x1ebfa3f4b31da950a10ba4155a5675fdf5fb3ac42fe3f076668cfe359788f601"",""0xe70b739d2c9d746514eb24b9ed0d3b51448a0a5913813a2864aa9be0ec65e691"",""0x90ecb607bbb48b913aefe5003509412fcdc1a78708f7390fad1c6953be606038"",""0xab461bed3349317736818b1dabb4b0c82cc986f81bc20a4f98abb1cf118525e2"",""0xb1d52412675094b54611913899744bda3aa3c67ce51c9e9d61d8a49d9cc84caf"",""0x98383544e422fe17027cdac418f09337309386a10806b8ee02c8d32713923a8e"",""0x8945bcc45087a8bfb2e18a5306781be29a69dbac49c73ab68b0d6c56a67bc0f9""]",0,0,1,0,0,0.19999999999999996,1
bstpstaking514ma6f1fda3,valid,,5,1,4,ma6f1fda3,100,10,10,"[""0xcc5a3914b6cc401b98a202e8075b56eb77670a1140412c79b48b965bce6e05f2"",""0x90ecb607bbb48b913aefe5003509412fcdc1a78708f7390fad1c6953be606038"",""0x6940f8c3529787bcfbcbf21fa64207221930bb64f69f1727136674443bba43aa"",""0x4c896b9c75e38294c3a07ab4ccb18852996db2708540195223e428ddf09d38a0"",""0x106ecf713381cc7ee659b224caebb8c2d8402304fcc03cc12f04d9acb19beb31"",""0x5b677b1ca640fe2fa90ccb13036a107a5177af4f0b0bd5ed853ac029e427d019"",""0x24402192e1f2fd76cf6750b7592cfb849961e5d27a0f5e69b165525359575ec9"",""0x1ebfa3f4b31da950a10ba4155a5675fdf5fb3ac42fe3f076668cfe359788f601"",""0xdf845dfbd70267c5c523805713303d6f4b7b91d97219e28f0508b46315e5e0e2"",""0xb759e3960a93ef78e32f4847b58dbc6b1c22efd6d9ccaa3b1a84911e6a288afa""]","[""0xcc5a3914b6cc401b98a202e8075b56eb77670a1140412c79b48b965bce6e05f2"",""0x90ecb607bbb48b913aefe5003509412fcdc1a78708f7390fad1c6953be606038"",""0x6940f8c3529787bcfbcbf21fa64207221930bb64f69f1727136674443bba43aa"",""0x4c896b9c75e38294c3a07ab4ccb18852996db2708540195223e428ddf09d38a0"",""0x01829fcc6d779d94ee869f97379c6516562dc7f8b74938742ffefe6b09b93fbc"",""0x106ecf713381cc7ee659b224caebb8c2d8402304fcc03cc12f04d9acb19beb31"",""0x429b49322f39406d28f591c75e8222ecd51db05a599ec5d128466346627eb705"",""0x5b677b1ca640fe2fa90ccb13036a107a5177af4f0b0bd5ed853ac029e427d019"",""0x1ebfa3f4b31da950a10ba4155a5675fdf5fb3ac42fe3f076668cfe359788f601"",""0xdf845dfbd70267c5c523805713303d6f4b7b91d97219e28f0508b46315e5e0e2""]","[""0xcc5a3914b6cc401b98a202e8075b56eb77670a1140412c79b48b965bce6e05f2"",""0x90ecb607bbb48b913aefe5003509412fcdc1a78708f7390fad1c6953be606038"",""0x6940f8c3529787bcfbcbf21fa64207221930bb64f69f1727136674443bba43aa"",""0x4c896b9c75e38294c3a07ab4ccb18852996db2708540195223e428ddf09d38a0"",""0x106ecf713381cc7ee659b224caebb8c2d8402304fcc03cc12f04d9acb19beb31"",""0x5b677b1ca640fe2fa90ccb13036a107a5177af4f0b0bd5ed853ac029e427d019"",""0x1ebfa3f4b31da950a10ba4155a5675fdf5fb3ac42fe3f076668cfe359788f601"",""0xdf845dfbd70267c5c523805713303d6f4b7b91d97219e28f0508b46315e5e0e2""]",0,0,1,0,0,0,0.8
bstpstaking514maea74e52,valid,,5,1,4,maea74e52,100,10,10,"[""0x8d357dcd4a7c14d4a0f33a6d36f83ab30a8caad65d222d503f46d94d277f7c24"",""0x01829fcc6d779d94ee869f97379c6516562dc7f8b74938742ffefe6b09b93fbc"",""0x281cd26d80e9cd95f098908b641c2534121c033c47795850d88fdab6f04f2af0"",""0x262e2e527250bfc9fea90edce78f93b95ce16f345766eb2534ba2fb39906d951"",""0x119bb5b05d026a441a51d331d2e813d4a51e2ca676f9919b728dde31c94dc798"",""0xdabbd1bf365dd83a0175d5e359d11f8d109116b0745646ef8d2c6a2efcf851df"",""0xe2c89165b1663cbef76d4db4aff33d030d5826b8a643a445b8531c288e7745fd"",""0x3c4ef3727c5acae7ca4976ecf767571e18ac1b70a4aad2ac4f7b9139bcfc987d"",""0x55502bafc57a57cf79cf670fefef3504cf632e5de82803db33a8e4d8337b211c"",""0xedb061d6c685949f3e6f6b2fbc31238ae6ee3c1a2760e056b5c3e5e2304df8af""]","[""0x8d357dcd4a7c14d4a0f33a6d36f83ab30a8caad65d222d503f46d94d277f7c24"",""0x01829fcc6d779d94ee869f97379c6516562dc7f8b74938742ffefe6b09b93fbc"",""0x281cd26d80e9cd95f098908b641c2534121c033c47795850d88fdab6f04f2af0"",""0x262e2e527250bfc9fea90edce78f93b95ce16f345766eb2534ba2fb39906d951"",""0x119bb5b05d026a441a51d331d2e813d4a51e2ca676f9919b728dde31c94dc798"",""0xdabbd1bf365dd83a0175d5e359d11f8d109116b0745646ef8d2c6a2efcf851df"",""0xe2c89165b1663cbef76d4db4aff33d030d5826b8a643a445b8531c288e7745fd"",""0x3c4ef3727c5acae7ca4976ecf767571e18ac1b70a4aad2ac4f7b9139bcfc987d"",""0x55502bafc57a57cf79cf670fefef3504cf632e5de82803db33a8e4d8337b211c"",""0xedb061d6c685949f3e6f6b2fbc31238ae6ee3c1a2760e056b5c3e5e2304df8af""]","[""0x8d357dcd4a7c14d4a0f33a6d36f83ab30a8caad65d222d503f46d94d277f7c24"",""0x01829fcc6d779d94ee869f97379c6516562dc7f8b74938742ffefe6b09b93fbc"",""0x281cd26d80e9cd95f098908b641c2534121c033c47795850d88fdab6f04f2af0"",""0x262e2e527250bfc9fea90edce78f93b95ce16f345766eb2534ba2fb39906d951"",""0x119bb5b05d026a441a51d331d2e813d4a51e2ca676f9919b728dde31c94dc798"",""0xdabbd1bf365dd83a0175d5e359d11f8d109116b0745646ef8d2c6a2efcf851df"",""0xe2c89165b1663cbef76d4db4aff33d030d5826b8a643a445b8531c288e7745fd"",""0x3c4ef3727c5acae7ca4976ecf767571e18ac1b70a4aad2ac4f7b9139bcfc987d"",""0x55502bafc57a57cf79cf670fefef3504cf632e5de82803db33a8e4d8337b211c"",""0xedb061d6c685949f3e6f6b2fbc31238ae6ee3c1a2760e056b5c3e5e2304df8af""]",0,0,1,0,0,0,1
bstpstaking514mb0c003cd,valid,,5,1,4,mb0c003cd,100,10,10,"[""0xcd09dc92e8736934e461988f29064ea4e49ccc41310e47a797ab8e787536e77d"",""0x8a5fc9c813f0cbb1fbb3c86b71678b733f90197cd9b0fec7ef5b2e74d2827527"",""0xc3b0696840352e2a25a87160f85c766cba4c6b9424a40ded6b5e2eb28f9215f6"",""0x2c6db858294994968533795d44c86dc8f050d3652066b8ceadf9d3b73dc7d902"",""0x3c97283efec66e1a5ec8437966e087338da20f0aad3723d41d52c67328f7efe4"",""0xab461bed3349317736818b1dabb4b0c82cc986f81bc20a4f98abb1cf118525e2"",""0xb6956c09b733a91561395f6f106aa19a23a1df4c453562ff602fdc30b0b773ad"",""0xcfdc62eb5da1c0cc9f61c08540ca22833a6530d40de956ae254be5b1e0b59d74"",""0x483e0faacc32045385006ac1d42d028b103a2e2e02f320e20037d0d36be54907"",""0x49e5774ab139905928ff21d948254adc70aa28ff5eea2ac796f32b0549b267a3""]","[""0xcd09dc92e8736934e461988f29064ea4e49ccc41310e47a797ab8e787536e77d"",""0x8a5fc9c813f0cbb1fbb3c86b71678b733f90197cd9b0fec7ef5b2e74d2827527"",""0xc3b0696840352e2a25a87160f85c766cba4c6b9424a40ded6b5e2eb28f9215f6"",""0x2c6db858294994968533795d44c86dc8f050d3652066b8ceadf9d3b73dc7d902"",""0x3c97283efec66e1a5ec8437966e087338da20f0aad3723d41d52c67328f7efe4"",""0xab461bed3349317736818b1dabb4b0c82cc986f81bc20a4f98abb1cf118525e2"",""0xb6956c09b733a91561395f6f106aa19a23a1df4c453562ff602fdc30b0b773ad"",""0xcfdc62eb5da1c0cc9f61c08540ca22833a6530d40de956ae254be5b1e0b59d74"",""0x483e0faacc32045385006ac1d42d028b103a2e2e02f320e20037d0d36be54907"",""0x49e5774ab139905928ff21d948254adc70aa28ff5eea2ac796f32b0549b267a3""]","[""0xcd09dc92e8736934e461988f29064ea4e49ccc41310e47a797ab8e787536e77d"",""0x8a5fc9c813f0cbb1fbb3c86b71678b733f90197cd9b0fec7ef5b2e74d2827527"",""0xc3b0696840352e2a25a87160f85c766cba4c6b9424a40ded6b5e2eb28f9215f6"",""0x2c6db858294994968533795d44c86dc8f050d3652066b8ceadf9d3b73dc7d902"",""0x3c97283efec66e1a5ec8437966e087338da20f0aad3723d41d52c67328f7efe4"",""0xab461bed3349317736818b1dabb4b0c82cc986f81bc20a4f98abb1cf118525e2"",""0xb6956c09b733a91561395f6f106aa19a23a1df4c453562ff602fdc30b0b773ad"",""0xcfdc62eb5da1c0cc9f61c08540ca22833a6530d40de956ae254be5b1e0b59d74"",""0x483e0faacc32045385006ac1d42d028b103a2e2e02f320e20037d0d36be54907"",""0x49e5774ab139905928ff21d948254adc70aa28ff5eea2ac796f32b0549b267a3""]",0,0,1,0,0,0,1
bstpstaking514mb38d99c5,valid,,5,1,4,mb38d99c5,100,10,10,"[""0x8e6ed61f936c34115ed64b52efb53b493d279f72a1ed2c1dde342f98dfc9178d"",""0xadc1a837b5429a817612fe145787358ffe8831a2e75dee3a3338a31d486fb05f"",""0x000ceb98a30a9f0375fd46d151e4f2f8d830751c2983f14a1c6f0144f80b3198"",""0x281cd26d80e9cd95f098908b641c2534121c033c47795850d88fdab6f04f2af0"",""0x8d357dcd4a7c14d4a0f33a6d36f83ab30a8caad65d222d503f46d94d277f7c24"",""0xe5da0f8dfb6b491adb9c38f755f10e08bd498ab5979036394be3930984053206"",""0xdabbd1bf365dd83a0175d5e359d11f8d109116b0745646ef8d2c6a2efcf851df"",""0x06442c0ccc9ab367282f06426924517e0a49c25e50a492ad91aecc55b655f458"",""0xaa8fad824a174e57accf11eb34b23d020d6aa685da1925b1c30a611ffdb95a0e"",""0xf5162966dbd2c8c3b2195e7ee9c5e46a8dd1715287d079a5b92d312ca24045cd""]","[""0x8e6ed61f936c34115ed64b52efb53b493d279f72a1ed2c1dde342f98dfc9178d"",""0xadc1a837b5429a817612fe145787358ffe8831a2e75dee3a3338a31d486fb05f"",""0x000ceb98a30a9f0375fd46d151e4f2f8d830751c2983f14a1c6f0144f80b3198"",""0x8d357dcd4a7c14d4a0f33a6d36f83ab30a8caad65d222d503f46d94d277f7c24"",""0xe5da0f8dfb6b491adb9c38f755f10e08bd498ab5979036394be3930984053206"",""0xdabbd1bf365dd83a0175d5e359d11f8d109116b0745646ef8d2c6a2efcf851df"",""0x06442c0ccc9ab367282f06426924517e0a49c25e50a492ad91aecc55b655f458"",""0xaa8fad824a174e57accf11eb34b23d020d6aa685da1925b1c30a611ffdb95a0e"",""0x12c0e8caa1bce7d499cbbbc665fbb364c09cd2977856fe2bf0027b9c600b9022"",""0xf5162966dbd2c8c3b2195e7ee9c5e46a8dd1715287d079a5b92d312ca24045cd""]","[""0x8e6ed61f936c34115ed64b52efb53b493d279f72a1ed2c1dde342f98dfc9178d"",""0xadc1a837b5429a817612fe145787358ffe8831a2e75dee3a3338a31d486fb05f"",""0x000ceb98a30a9f0375fd46d151e4f2f8d830751c2983f14a1c6f0144f80b3198"",""0x8d357dcd4a7c14d4a0f33a6d36f83ab30a8caad65d222d503f46d94d277f7c24"",""0xe5da0f8dfb6b491adb9c38f755f10e08bd498ab5979036394be3930984053206"",""0xdabbd1bf365dd83a0175d5e359d11f8d109116b0745646ef8d2c6a2efcf851df"",""0x06442c0ccc9ab367282f06426924517e0a49c25e50a492ad91aecc55b655f458"",""0xaa8fad824a174e57accf11eb34b23d020d6aa685da1925b1c30a611ffdb95a0e"",""0xf5162966dbd2c8c3b2195e7ee9c5e46a8dd1715287d079a5b92d312ca24045cd""]",0,0,1,0,0,0,0.9
bstpstaking514mb8cbcc16,valid,,5,1,4,mb8cbcc16,100,10,10,"[""0x1b3b8b12b7bf9b1d8821bfc98cabc8effd4c5f2aea25c8291e662bffe19f088d"",""0xa4a5871d752ffcf82f0971f07904f7cdd34150574ae793fcf1bff93d1aa06ff0"",""0xa2062d895d55eb1fe89e3a436af87aea855c3ba37e2b48c7bd119b1012c4edfd"",""0xb65630e7129a1fecafdca9eb7dbe53130a12b5d3e2e984bbf9c9a5399c6cc30f"",""0x230550ee2f183f79fbee87b09e6157a7bfd65abfefa14a749660749b7fa0d6b4"",""0x39700501189242fe3b7185fd03a5cace111de24b0c6b66471be82d30bc72ec27"",""0x7634f8326375f99ebfd7a8b203b7442a56b18cf7dc73f6238abd4122e8090b86"",""0xae105f7f87da768b512fdfdb98a0fbf6131d1571893bb99b9a0ab477ff1702c2"",""0x60642c6a8412d200a3413c5426afef17f3d72d45fadaf5cdde98b783893518ec"",""0x856f01151a1c15aa053c920c11f2f4a193b3ed4250c6ee2ebf77c3390fe0f275""]","[""0x1cde8373a779839f2b591a11cac079df0f1eb3fb272188f9ceccb1dee8ec102f"",""0xb65630e7129a1fecafdca9eb7dbe53130a12b5d3e2e984bbf9c9a5399c6cc30f"",""0x230550ee2f183f79fbee87b09e6157a7bfd65abfefa14a749660749b7fa0d6b4"",""0x39700501189242fe3b7185fd03a5cace111de24b0c6b66471be82d30bc72ec27"",""0x7634f8326375f99ebfd7a8b203b7442a56b18cf7dc73f6238abd4122e8090b86"",""0xae105f7f87da768b512fdfdb98a0fbf6131d1571893bb99b9a0ab477ff1702c2"",""0xb3788db79f3ad700a3cc134a27acbcec7a0a587ffbcdf5927faa24e5c362d493"",""0x60642c6a8412d200a3413c5426afef17f3d72d45fadaf5cdde98b783893518ec"",""0x856f01151a1c15aa053c920c11f2f4a193b3ed4250c6ee2ebf77c3390fe0f275"",""0x6d5bfd47046b2e223b0c83d8c0d4e2ad42a064232926ed904efe73cb5d8f2133""]","[""0xb65630e7129a1fecafdca9eb7dbe53130a12b5d3e2e984bbf9c9a5399c6cc30f"",""0x230550ee2f183f79fbee87b09e6157a7bfd65abfefa14a749660749b7fa0d6b4"",""0x39700501189242fe3b7185fd03a5cace111de24b0c6b66471be82d30bc72ec27"",""0x7634f8326375f99ebfd7a8b203b7442a56b18cf7dc73f6238abd4122e8090b86"",""0xae105f7f87da768b512fdfdb98a0fbf6131d1571893bb99b9a0ab477ff1702c2"",""0x60642c6a8412d200a3413c5426afef17f3d72d45fadaf5cdde98b783893518ec"",""0x856f01151a1c15aa053c920c11f2f4a193b3ed4250c6ee2ebf77c3390fe0f275""]",0,0,1,0,0,0,0.7
bstpstaking514mc5ae52b7,valid,,5,1,4,mc5ae52b7,100,10,10,"[""0x541ebb059060ff7f73374199ff51e8281c4dc5942c5c541867b4f25621486dc9"",""0xf11bad94616eadc4c930a68cc954c762e0ad7ae4e11f81bbe37778477da71fa5"",""0xf06d08186fc20a8ad1c9302fb2ec4daa81ff87d7dc46799427e1c52d6bb1e6d3"",""0x3c4ef3727c5acae7ca4976ecf767571e18ac1b70a4aad2ac4f7b9139bcfc987d"",""0x281cd26d80e9cd95f098908b641c2534121c033c47795850d88fdab6f04f2af0"",""0xd5568fd406d7db628afa415d58bf5bd06959a92398aa702548e8e04793bedd47"",""0x8e6ed61f936c34115ed64b52efb53b493d279f72a1ed2c1dde342f98dfc9178d"",""0x80ae3a3d46a5bfbf5f0adaf5d83aa1064814c65038e92093a16ea8304bd00bd3"",""0xb7eba087f5cc24fe2d08675f1cd5a26ebf3fd48642175807fccde9db3ffb3752"",""0x89c823bf9976eb820ef3b2041267ad2c6eed1f83e2ab87cdc4bf9577cff5a748""]","[""0x3c4ef3727c5acae7ca4976ecf767571e18ac1b70a4aad2ac4f7b9139bcfc987d"",""0x6e2ec90f7c36a36b5344a2aac6038ddc9c3860de12975f71142181a7a81c8609"",""0x12c0e8caa1bce7d499cbbbc665fbb364c09cd2977856fe2bf0027b9c600b9022"",""0xea69777677b59561b3782267ef6a65d6e0f38e1fea58f1ece52358972347edb0"",""0xb65630e7129a1fecafdca9eb7dbe53130a12b5d3e2e984bbf9c9a5399c6cc30f"",""0x39700501189242fe3b7185fd03a5cace111de24b0c6b66471be82d30bc72ec27"",""0x9920c06a362172692e96bab008e569caa257aaec2c8f130f3564a55f2f52357b"",""0x1fd6cd46a30ebaf43fddfe1aa0f8499987a4d3e3a687e3b577d2d1f1bf4d9e77"",""0x1721fbf3311a57adcac4eb75a9690451077fc079b0d94e4fa9d5a75bfb95e9c2"",""0x08c294941588d570c4ae95ce5aaf4a1592f278bd19029a2851efff2d86015692""]","[""0x3c4ef3727c5acae7ca4976ecf767571e18ac1b70a4aad2ac4f7b9139bcfc987d""]",0,0,1,0,0,0,0.1
bstpstaking514mce4af4f6,valid,,5,1,4,mce4af4f6,100,10,10,"[""0x16ce498ca01ca0ceb8f3414bf534752c6788bd73b78139628534c4880e7d0c84"",""0x2c901a1e69bd055532c177d57d97657c1ee45446cdc9b2ce5916eda2a5c7011a"",""0x0d6652a8c9d9575f5254120f3b037a86104172ca1dd77b5b55be2da39daf1385"",""0x9d71c1950fb2485a93785f76560ffd25d298604f8c24f57aa61b276f1d333d1a"",""0xa9c448c7a7835713d38a44618a6c60c5d105b59bf4053e67c7988ff0e8297f1c"",""0xb759e3960a93ef78e32f4847b58dbc6b1c22efd6d9ccaa3b1a84911e6a288afa"",""0xffb33d2d1648788432430e96a9706f35a4dcfe30d45dd0e99a1eaf7e59ab6aeb"",""0xcc5a3914b6cc401b98a202e8075b56eb77670a1140412c79b48b965bce6e05f2"",""0x856f01151a1c15aa053c920c11f2f4a193b3ed4250c6ee2ebf77c3390fe0f275"",""0x60642c6a8412d200a3413c5426afef17f3d72d45fadaf5cdde98b783893518ec""]","[""0x0d6652a8c9d9575f5254120f3b037a86104172ca1dd77b5b55be2da39daf1385"",""0xb759e3960a93ef78e32f4847b58dbc6b1c22efd6d9ccaa3b1a84911e6a288afa"",""0xf5162966dbd2c8c3b2195e7ee9c5e46a8dd1715287d079a5b92d312ca24045cd"",""0x3c4ef3727c5acae7ca4976ecf767571e18ac1b70a4aad2ac4f7b9139bcfc987d"",""0xea69777677b59561b3782267ef6a65d6e0f38e1fea58f1ece52358972347edb0"",""0x73d6c0efd0550ca38510ec910998f28c5f57de699ed4f4eab13ed86d90fb6b07"",""0x856f01151a1c15aa053c920c11f2f4a193b3ed4250c6ee2ebf77c3390fe0f275"",""0xfd6b6381e462eb69a90451498acc82533df2612f7e00141667dbce964caa982e"",""0x60642c6a8412d200a3413c5426afef17f3d72d45fadaf5cdde98b783893518ec"",""0x80ae3a3d46a5bfbf5f0adaf5d83aa1064814c65038e92093a16ea8304bd00bd3""]","[""0x0d6652a8c9d9575f5254120f3b037a86104172ca1dd77b5b55be2da39daf1385"",""0xb759e3960a93ef78e32f4847b58dbc6b1c22efd6d9ccaa3b1a84911e6a288afa"",""0x856f01151a1c15aa053c920c11f2f4a193b3ed4250c6ee2ebf77c3390fe0f275"",""0x60642c6a8412d200a3413c5426afef17f3d72d45fadaf5cdde98b783893518ec""]",0,0,1,0,0,0,0.4
bstpstaking514mdd189b64,valid,,5,1,4,mdd189b64,100,10,10,"[""0x0d6652a8c9d9575f5254120f3b037a86104172ca1dd77b5b55be2da39daf1385"",""0x8e6ed61f936c34115ed64b52efb53b493d279f72a1ed2c1dde342f98dfc9178d"",""0xfc9bec6e17e3d34235748a04c8a772f602b2283e2946d9f68c2ed62bcdd2cd85"",""0x505f78474c398814eb0ba0cc3c08f6129e12bf16431876853283a43beac9d141"",""0xdf845dfbd70267c5c523805713303d6f4b7b91d97219e28f0508b46315e5e0e2"",""0xdabbd1bf365dd83a0175d5e359d11f8d109116b0745646ef8d2c6a2efcf851df"",""0xcd6d08f520a5a6aebaa079033393b6393e347445be26d2c107e8d7ee03c8f13c"",""0x1ebfa3f4b31da950a10ba4155a5675fdf5fb3ac42fe3f076668cfe359788f601"",""0x70466edbeed113ce8a8435ffd9f8208b8c3f50b2cf38281af86584c766a4310f"",""0x37890a125406e5e42ba213b40b55685bc6c328fc0106903b123b70d8312c1000""]","[""0x0d6652a8c9d9575f5254120f3b037a86104172ca1dd77b5b55be2da39daf1385"",""0x8e6ed61f936c34115ed64b52efb53b493d279f72a1ed2c1dde342f98dfc9178d"",""0x505f78474c398814eb0ba0cc3c08f6129e12bf16431876853283a43beac9d141"",""0xdabbd1bf365dd83a0175d5e359d11f8d109116b0745646ef8d2c6a2efcf851df"",""0xcd6d08f520a5a6aebaa079033393b6393e347445be26d2c107e8d7ee03c8f13c"",""0x70466edbeed113ce8a8435ffd9f8208b8c3f50b2cf38281af86584c766a4310f"",""0x737e933cd67a89d2c13038c499d7d71518a56e6b95bc97e9056a59b45c072c99"",""0x37890a125406e5e42ba213b40b55685bc6c328fc0106903b123b70d8312c1000"",""0x1721fbf3311a57adcac4eb75a9690451077fc079b0d94e4fa9d5a75bfb95e9c2"",""0xaa8fad824a174e57accf11eb34b23d020d6aa685da1925b1c30a611ffdb95a0e""]","[""0x0d6652a8c9d9575f5254120f3b037a86104172ca1dd77b5b55be2da39daf1385"",""0x8e6ed61f936c34115ed64b52efb53b493d279f72a1ed2c1dde342f98dfc9178d"",""0x505f78474c398814eb0ba0cc3c08f6129e12bf16431876853283a43beac9d141"",""0xdabbd1bf365dd83a0175d5e359d11f8d109116b0745646ef8d2c6a2efcf851df"",""0xcd6d08f520a5a6aebaa079033393b6393e347445be26d2c107e8d7ee03c8f13c"",""0x70466edbeed113ce8a8435ffd9f8208b8c3f50b2cf38281af86584c766a4310f"",""0x37890a125406e5e42ba213b40b55685bc6c328fc0106903b123b70d8312c1000""]",0,0,1,0,0,0,0.7
bstpstaking514me8bc7185,valid,,5,1,4,me8bc7185,100,10,10,"[""0x5b677b1ca640fe2fa90ccb13036a107a5177af4f0b0bd5ed853ac029e427d019"",""0x3c97283efec66e1a5ec8437966e087338da20f0aad3723d41d52c67328f7efe4"",""0x49e5774ab139905928ff21d948254adc70aa28ff5eea2ac796f32b0549b267a3"",""0x6e53ec51854bc45ec72e747b9db61797e1b20b6c0f523a3f2ead783fd267ed91"",""0xa7831feb3b6ce91bfea938682651e70d662f1266659cbce6eaf0526e45512a68"",""0x167a4d5214f28e5714dbe0ef582ab78f31d676888df89fd1380e7d60c6455530"",""0x90ecb607bbb48b913aefe5003509412fcdc1a78708f7390fad1c6953be606038"",""0xcfdc62eb5da1c0cc9f61c08540ca22833a6530d40de956ae254be5b1e0b59d74"",""0xfc9bec6e17e3d34235748a04c8a772f602b2283e2946d9f68c2ed62bcdd2cd85"",""0xc242c986f95f7cb745f870b1e292c03f57e59c36e809d37eb00cc8d235b22c5a""]","[""0x5b677b1ca640fe2fa90ccb13036a107a5177af4f0b0bd5ed853ac029e427d019"",""0x3c97283efec66e1a5ec8437966e087338da20f0aad3723d41d52c67328f7efe4"",""0x49e5774ab139905928ff21d948254adc70aa28ff5eea2ac796f32b0549b267a3"",""0x6e53ec51854bc45ec72e747b9db61797e1b20b6c0f523a3f2ead783fd267ed91"",""0xa7831feb3b6ce91bfea938682651e70d662f1266659cbce6eaf0526e45512a68"",""0x167a4d5214f28e5714dbe0ef582ab78f31d676888df89fd1380e7d60c6455530"",""0x90ecb607bbb48b913aefe5003509412fcdc1a78708f7390fad1c6953be606038"",""0xcfdc62eb5da1c0cc9f61c08540ca22833a6530d40de956ae254be5b1e0b59d74"",""0xfc9bec6e17e3d34235748a04c8a772f602b2283e2946d9f68c2ed62bcdd2cd85"",""0xc242c986f95f7cb745f870b1e292c03f57e59c36e809d37eb00cc8d235b22c5a""]","[""0x5b677b1ca640fe2fa90ccb13036a107a5177af4f0b0bd5ed853ac029e427d019"",""0x3c97283efec66e1a5ec8437966e087338da20f0aad3723d41d52c67328f7efe4"",""0x49e5774ab139905928ff21d948254adc70aa28ff5eea2ac796f32b0549b267a3"",""0x6e53ec51854bc45ec72e747b9db61797e1b20b6c0f523a3f2ead783fd267ed91"",""0xa7831feb3b6ce91bfea938682651e70d662f1266659cbce6eaf0526e45512a68"",""0x167a4d5214f28e5714dbe0ef582ab78f31d676888df89fd1380e7d60c6455530"",""0x90ecb607bbb48b913aefe5003509412fcdc1a78708f7390fad1c6953be606038"",""0xcfdc62eb5da1c0cc9f61c08540ca22833a6530d40de956ae254be5b1e0b59d74"",""0xfc9bec6e17e3d34235748a04c8a772f602b2283e2946d9f68c2ed62bcdd2cd85"",""0xc242c986f95f7cb745f870b1e292c03f57e59c36e809d37eb00cc8d235b22c5a""]",0,0,1,0,0,0,1
bstpstaking514mec0952f1,valid,,5,1,4,mec0952f1,100,10,10,"[""0x119bb5b05d026a441a51d331d2e813d4a51e2ca676f9919b728dde31c94dc798"",""0xdd364115eefd88d44ddca902abb962bd1038efc911e81847f0d1911029cb83fc"",""0x281cd26d80e9cd95f098908b641c2534121c033c47795850d88fdab6f04f2af0"",""0xdabbd1bf365dd83a0175d5e359d11f8d109116b0745646ef8d2c6a2efcf851df"",""0xbf11d678dcdece15f7824e21c504ec11500448bd6eb50749dea8bda81bf85a81"",""0xf5162966dbd2c8c3b2195e7ee9c5e46a8dd1715287d079a5b92d312ca24045cd"",""0x27f6a02165b673e7008df197e38e096214cfb8e24d4ed54d9d7086bd62eb23c1"",""0x68fb332560fdf6ea1d74d8c4bfc3ff952f79df911ac17e478862c0aa1c736db3"",""0x262e2e527250bfc9fea90edce78f93b95ce16f345766eb2534ba2fb39906d951"",""0x01829fcc6d779d94ee869f97379c6516562dc7f8b74938742ffefe6b09b93fbc""]","[""0x119bb5b05d026a441a51d331d2e813d4a51e2ca676f9919b728dde31c94dc798"",""0xdd364115eefd88d44ddca902abb962bd1038efc911e81847f0d1911029cb83fc"",""0x281cd26d80e9cd95f098908b641c2534121c033c47795850d88fdab6f04f2af0"",""0xdabbd1bf365dd83a0175d5e359d11f8d109116b0745646ef8d2c6a2efcf851df"",""0xbf11d678dcdece15f7824e21c504ec11500448bd6eb50749dea8bda81bf85a81"",""0xf5162966dbd2c8c3b2195e7ee9c5e46a8dd1715287d079a5b92d312ca24045cd"",""0x27f6a02165b673e7008df197e38e096214cfb8e24d4ed54d9d7086bd62eb23c1"",""0x68fb332560fdf6ea1d74d8c4bfc3ff952f79df911ac17e478862c0aa1c736db3"",""0x262e2e527250bfc9fea90edce78f93b95ce16f345766eb2534ba2fb39906d951"",""0x01829fcc6d779d94ee869f97379c6516562dc7f8b74938742ffefe6b09b93fbc""]","[""0x119bb5b05d026a441a51d331d2e813d4a51e2ca676f9919b728dde31c94dc798"",""0xdd364115eefd88d44ddca902abb962bd1038efc911e81847f0d1911029cb83fc"",""0x281cd26d80e9cd95f098908b641c2534121c033c47795850d88fdab6f04f2af0"",""0xdabbd1bf365dd83a0175d5e359d11f8d109116b0745646ef8d2c6a2efcf851df"",""0xbf11d678dcdece15f7824e21c504ec11500448bd6eb50749dea8bda81bf85a81"",""0xf5162966dbd2c8c3b2195e7ee9c5e46a8dd1715287d079a5b92d312ca24045cd"",""0x27f6a02165b673e7008df197e38e096214cfb8e24d4ed54d9d7086bd62eb23c1"",""0x68fb332560fdf6ea1d74d8c4bfc3ff952f79df911ac17e478862c0aa1c736db3"",""0x262e2e527250bfc9fea90edce78f93b95ce16f345766eb2534ba2fb39906d951"",""0x01829fcc6d779d94ee869f97379c6516562dc7f8b74938742ffefe6b09b93fbc""]",0,0,1,0,0,0,1
bstpstaking514mfadd38bd,valid,,5,1,4,mfadd38bd,100,10,10,"[""0x6b84de292cb6e3be779d6288c69c6a070bba523a2317a4d294c1616e10f137ed"",""0x29eba7ba49866efd89a8dce8d84688734eb0b4b198d4992b288b36b31540c8dc"",""0x49e5774ab139905928ff21d948254adc70aa28ff5eea2ac796f32b0549b267a3"",""0x9a0ed5a06fb6051d9a659f829e57ea0e382f714cb43d55efaa317c69cfae14ee"",""0x6ea2e4d3921eb79867ba52b40ba2fdf4df2de7e307f65f7742bf9f3bdb48a96c"",""0x1fd6cd46a30ebaf43fddfe1aa0f8499987a4d3e3a687e3b577d2d1f1bf4d9e77"",""0x16a4b9d56a3ab5e2ef284d0e822e6707757b125228793b37bc9e037802da9d9b"",""0xfd6b6381e462eb69a90451498acc82533df2612f7e00141667dbce964caa982e"",""0x60642c6a8412d200a3413c5426afef17f3d72d45fadaf5cdde98b783893518ec"",""0xae105f7f87da768b512fdfdb98a0fbf6131d1571893bb99b9a0ab477ff1702c2""]","[""0x71a93113087b01233d6a75b25863b56cc2d4ca947f24a3540208f7d1f5e5efbf"",""0xfd6b6381e462eb69a90451498acc82533df2612f7e00141667dbce964caa982e"",""0x505f78474c398814eb0ba0cc3c08f6129e12bf16431876853283a43beac9d141"",""0x3c4ef3727c5acae7ca4976ecf767571e18ac1b70a4aad2ac4f7b9139bcfc987d"",""0x60642c6a8412d200a3413c5426afef17f3d72d45fadaf5cdde98b783893518ec"",""0x1fd6cd46a30ebaf43fddfe1aa0f8499987a4d3e3a687e3b577d2d1f1bf4d9e77"",""0x429b49322f39406d28f591c75e8222ecd51db05a599ec5d128466346627eb705"",""0xae105f7f87da768b512fdfdb98a0fbf6131d1571893bb99b9a0ab477ff1702c2"",""0x353fcfc68b913bba883a1cbe437235257a5567ace334e692406b2239896cc845"",""0x7c9cdb9fd07a0e95dd225ef751470ce88b43ad6e9e209b3b95404c7a6849e39b""]","[""0x1fd6cd46a30ebaf43fddfe1aa0f8499987a4d3e3a687e3b577d2d1f1bf4d9e77"",""0xfd6b6381e462eb69a90451498acc82533df2612f7e00141667dbce964caa982e"",""0x60642c6a8412d200a3413c5426afef17f3d72d45fadaf5cdde98b783893518ec"",""0xae105f7f87da768b512fdfdb98a0fbf6131d1571893bb99b9a0ab477ff1702c2""]",0,0,1,0,0,0,0.4
bstpstaking515m02a43993,valid,,5,1,5,m02a43993,100,10,10,"[""0xb1d52412675094b54611913899744bda3aa3c67ce51c9e9d61d8a49d9cc84caf"",""0x92c0efa8758ff02dd06dfd438cd6612b6e3590f9c8b7c0932fd418903855a478"",""0x80288ad5dc62d58560df110a3535af497449f9f6f4f71e34500b9f5045943ea7"",""0x90ecb607bbb48b913aefe5003509412fcdc1a78708f7390fad1c6953be606038"",""0x3b5d1234f10198acc136a10dfa09fa0a1a59de504bc0d9a7c35446f692b7c07c"",""0xcd09dc92e8736934e461988f29064ea4e49ccc41310e47a797ab8e787536e77d"",""0xb002fb01be58fedcd04d5ceb2895feaf22973ac1205efed3d2db367bc6d7525b"",""0x7c40aac49a736517f5c440f9392f1683424054f2ffa6df7c2970a52c11db06ca"",""0x6940f8c3529787bcfbcbf21fa64207221930bb64f69f1727136674443bba43aa"",""0x757e599b0f8da111bb0f55a5e5fc95e0206c86ef46c24b4256f1801dacd1bac6""]","[""0xb1d52412675094b54611913899744bda3aa3c67ce51c9e9d61d8a49d9cc84caf"",""0x92c0efa8758ff02dd06dfd438cd6612b6e3590f9c8b7c0932fd418903855a478"",""0x80288ad5dc62d58560df110a3535af497449f9f6f4f71e34500b9f5045943ea7"",""0x90ecb607bbb48b913aefe5003509412fcdc1a78708f7390fad1c6953be606038"",""0x08c294941588d570c4ae95ce5aaf4a1592f278bd19029a2851efff2d86015692"",""0x3b5d1234f10198acc136a10dfa09fa0a1a59de504bc0d9a7c35446f692b7c07c"",""0xcd09dc92e8736934e461988f29064ea4e49ccc41310e47a797ab8e787536e77d"",""0xb002fb01be58fedcd04d5ceb2895feaf22973ac1205efed3d2db367bc6d7525b"",""0x7c40aac49a736517f5c440f9392f1683424054f2ffa6df7c2970a52c11db06ca"",""0x6940f8c3529787bcfbcbf21fa64207221930bb64f69f1727136674443bba43aa""]","[""0xb1d52412675094b54611913899744bda3aa3c67ce51c9e9d61d8a49d9cc84caf"",""0x92c0efa8758ff02dd06dfd438cd6612b6e3590f9c8b7c0932fd418903855a478"",""0x80288ad5dc62d58560df110a3535af497449f9f6f4f71e34500b9f5045943ea7"",""0x90ecb607bbb48b913aefe5003509412fcdc1a78708f7390fad1c6953be606038"",""0x3b5d1234f10198acc136a10dfa09fa0a1a59de504bc0d9a7c35446f692b7c07c"",""0xcd09dc92e8736934e461988f29064ea4e49ccc41310e47a797ab8e787536e77d"",""0xb002fb01be58fedcd04d5ceb2895feaf22973ac1205efed3d2db367bc6d7525b"",""0x7c40aac49a736517f5c440f9392f1683424054f2ffa6df7c2970a52c11db06ca"",""0x6940f8c3529787bcfbcbf21fa64207221930bb64f69f1727136674443bba43aa""]",0,0,1,0,0,0,0.9
bstpstaking515m069a3556,valid,,5,1,5,m069a3556,100,10,10,"[""0xc07123b97e3b7fb310541633f72936c40f21f7a507de51256f9c4a68505fe755"",""0x8e6d012480045e4b5a348cba18c36cd7dce2c03e104f31bee2ef673ed479f9b9"",""0x230550ee2f183f79fbee87b09e6157a7bfd65abfefa14a749660749b7fa0d6b4"",""0xe70b739d2c9d746514eb24b9ed0d3b51448a0a5913813a2864aa9be0ec65e691"",""0x281cd26d80e9cd95f098908b641c2534121c033c47795850d88fdab6f04f2af0"",""0xf4c422da3c214b6694dd8937e3bd0f11e555e480b13c9abfe908f7d2066c5257"",""0x12c0e8caa1bce7d499cbbbc665fbb364c09cd2977856fe2bf0027b9c600b9022"",""0x8d357dcd4a7c14d4a0f33a6d36f83ab30a8caad65d222d503f46d94d277f7c24"",""0xfd70d4311b5768c6b6bf7ecd75518b0b26ba2529cb7cf75e450bca9f0d366daa"",""0xd7531695dcd358a4f56787acbbd65565a09fc63eff941ad49498daeb1ae38f44""]","[""0x230550ee2f183f79fbee87b09e6157a7bfd65abfefa14a749660749b7fa0d6b4"",""0xe5da0f8dfb6b491adb9c38f755f10e08bd498ab5979036394be3930984053206"",""0x505f78474c398814eb0ba0cc3c08f6129e12bf16431876853283a43beac9d141"",""0x281cd26d80e9cd95f098908b641c2534121c033c47795850d88fdab6f04f2af0"",""0x12c0e8caa1bce7d499cbbbc665fbb364c09cd2977856fe2bf0027b9c600b9022"",""0x8d357dcd4a7c14d4a0f33a6d36f83ab30a8caad65d222d503f46d94d277f7c24"",""0xcd6d08f520a5a6aebaa079033393b6393e347445be26d2c107e8d7ee03c8f13c"",""0xd7531695dcd358a4f56787acbbd65565a09fc63eff941ad49498daeb1ae38f44"",""0x429b49322f39406d28f591c75e8222ecd51db05a599ec5d128466346627eb705"",""0x86ae1d3cfed9f994a673ca32c9ebb44c1b77c8c3781c16a0f6486fea4611ee5b""]","[""0x230550ee2f183f79fbee87b09e6157a7bfd65abfefa14a749660749b7fa0d6b4"",""0x281cd26d80e9cd95f098908b641c2534121c033c47795850d88fdab6f04f2af0"",""0x12c0e8caa1bce7d499cbbbc665fbb364c09cd2977856fe2bf0027b9c600b9022"",""0x8d357dcd4a7c14d4a0f33a6d36f83ab30a8caad65d222d503f46d94d277f7c24"",""0xd7531695dcd358a4f56787acbbd65565a09fc63eff941ad49498daeb1ae38f44""]",0,0,1,0,0,0,0.5
bstpstaking515m1a5bd173,valid,,5,1,5,m1a5bd173,100,10,10,"[""0xc6a97d34bb42db0a2411ee2a04a39e1a349ac46d0facc8d8aba2ac45c1b9eee0"",""0x463a6d79a1b14e1245e8a22a93eae203235f05c5835dce53dd44083cfce2ddb1"",""0x1450a2ad54db1f6259714cc9ac588cd99a4c4c03f9526698ab2fa1de7df5a66e"",""0x16a4b9d56a3ab5e2ef284d0e822e6707757b125228793b37bc9e037802da9d9b"",""0x24f9218adf79c104bedfedf7890d4204b575153662d2926a63eaf682f636b496"",""0x0a363f73ac86187864f54390fdd7c779dfc66601f6a87f2d44a62f2ebe20bba6"",""0x6a735d9199bcfde6d540397f0c81a9225ad8520e39847b9a367e7dd94565137d"",""0x86ae1d3cfed9f994a673ca32c9ebb44c1b77c8c3781c16a0f6486fea4611ee5b"",""0x9a0ed5a06fb6051d9a659f829e57ea0e382f714cb43d55efaa317c69cfae14ee"",""0xb6956c09b733a91561395f6f106aa19a23a1df4c453562ff602fdc30b0b773ad""]","[""0x16a4b9d56a3ab5e2ef284d0e822e6707757b125228793b37bc9e037802da9d9b"",""0x86ae1d3cfed9f994a673ca32c9ebb44c1b77c8c3781c16a0f6486fea4611ee5b"",""0xa4a5871d752ffcf82f0971f07904f7cdd34150574ae793fcf1bff93d1aa06ff0"",""0xaa8fad824a174e57accf11eb34b23d020d6aa685da1925b1c30a611ffdb95a0e"",""0x80e64594a9d4fad2c6617c96707f6c9a1a78970b22d16066311be57b6d24a7da"",""0x39700501189242fe3b7185fd03a5cace111de24b0c6b66471be82d30bc72ec27"",""0x7634f8326375f99ebfd7a8b203b7442a56b18cf7dc73f6238abd4122e8090b86"",""0x6ea2e4d3921eb79867ba52b40ba2fdf4df2de7e307f65f7742bf9f3bdb48a96c"",""0xe2c89165b1663cbef76d4db4aff33d030d5826b8a643a445b8531c288e7745fd"",""0x60642c6a8412d200a3413c5426afef17f3d72d45fadaf5cdde98b783893518ec""]","[""0x16a4b9d56a3ab5e2ef284d0e822e6707757b125228793b37bc9e037802da9d9b"",""0x86ae1d3cfed9f994a673ca32c9ebb44c1b77c8c3781c16a0f6486fea4611ee5b""]",0,0,1,0,0,0,0.2
bstpstaking515m30fd2845,valid,,5,1,5,m30fd2845,100,10,10,"[""0x73d6c0efd0550ca38510ec910998f28c5f57de699ed4f4eab13ed86d90fb6b07"",""0x16a4b9d56a3ab5e2ef284d0e822e6707757b125228793b37bc9e037802da9d9b"",""0xe9bff1484b60de522b5fda8d2a44f33f1ba6a17ca2db76472f469a91f2245a8b"",""0x7c9cdb9fd07a0e95dd225ef751470ce88b43ad6e9e209b3b95404c7a6849e39b"",""0xb3788db79f3ad700a3cc134a27acbcec7a0a587ffbcdf5927faa24e5c362d493"",""0xc2467251882eb44d5415c8fddda0ba28022dedaeeca039a9fa1e56bb4cb2aba3"",""0xea69777677b59561b3782267ef6a65d6e0f38e1fea58f1ece52358972347edb0"",""0x68fb332560fdf6ea1d74d8c4bfc3ff952f79df911ac17e478862c0aa1c736db3"",""0x9920c06a362172692e96bab008e569caa257aaec2c8f130f3564a55f2f52357b"",""0x262e2e527250bfc9fea90edce78f93b95ce16f345766eb2534ba2fb39906d951""]","[""0x73d6c0efd0550ca38510ec910998f28c5f57de699ed4f4eab13ed86d90fb6b07"",""0x16a4b9d56a3ab5e2ef284d0e822e6707757b125228793b37bc9e037802da9d9b"",""0xe9bff1484b60de522b5fda8d2a44f33f1ba6a17ca2db76472f469a91f2245a8b"",""0x7c9cdb9fd07a0e95dd225ef751470ce88b43ad6e9e209b3b95404c7a6849e39b"",""0xb3788db79f3ad700a3cc134a27acbcec7a0a587ffbcdf5927faa24e5c362d493"",""0xc2467251882eb44d5415c8fddda0ba28022dedaeeca039a9fa1e56bb4cb2aba3"",""0xea69777677b59561b3782267ef6a65d6e0f38e1fea58f1ece52358972347edb0"",""0x68fb332560fdf6ea1d74d8c4bfc3ff952f79df911ac17e478862c0aa1c736db3"",""0x9920c06a362172692e96bab008e569caa257aaec2c8f130f3564a55f2f52357b"",""0x262e2e527250bfc9fea90edce78f93b95ce16f345766eb2534ba2fb39906d951""]","[""0x73d6c0efd0550ca38510ec910998f28c5f57de699ed4f4eab13ed86d90fb6b07"",""0x16a4b9d56a3ab5e2ef284d0e822e6707757b125228793b37bc9e037802da9d9b"",""0xe9bff1484b60de522b5fda8d2a44f33f1ba6a17ca2db76472f469a91f2245a8b"",""0x7c9cdb9fd07a0e95dd225ef751470ce88b43ad6e9e209b3b95404c7a6849e39b"",""0xb3788db79f3ad700a3cc134a27acbcec7a0a587ffbcdf5927faa24e5c362d493"",""0xc2467251882eb44d5415c8fddda0ba28022dedaeeca039a9fa1e56bb4cb2aba3"",""0xea69777677b59561b3782267ef6a65d6e0f38e1fea58f1ece52358972347edb0"",""0x68fb332560fdf6ea1d74d8c4bfc3ff952f79df911ac17e478862c0aa1c736db3"",""0x9920c06a362172692e96bab008e569caa257aaec2c8f130f3564a55f2f52357b"",""0x262e2e527250bfc9fea90edce78f93b95ce16f345766eb2534ba2fb39906d951""]",0,0,1,0,0,0,1
bstpstaking515m33799275,valid,,5,1,5,m33799275,100,10,10,"[""0xcd09dc92e8736934e461988f29064ea4e49ccc41310e47a797ab8e787536e77d"",""0xfd70d4311b5768c6b6bf7ecd75518b0b26ba2529cb7cf75e450bca9f0d366daa"",""0xa7831feb3b6ce91bfea938682651e70d662f1266659cbce6eaf0526e45512a68"",""0x29eba7ba49866efd89a8dce8d84688734eb0b4b198d4992b288b36b31540c8dc"",""0x2c6db858294994968533795d44c86dc8f050d3652066b8ceadf9d3b73dc7d902"",""0x8945bcc45087a8bfb2e18a5306781be29a69dbac49c73ab68b0d6c56a67bc0f9"",""0x5b677b1ca640fe2fa90ccb13036a107a5177af4f0b0bd5ed853ac029e427d019"",""0x8cc4b8cdcb727613f2378e83b1e459ef38061ac468dcb3d02730b17ef2a02673"",""0x49e5774ab139905928ff21d948254adc70aa28ff5eea2ac796f32b0549b267a3"",""0x106ecf713381cc7ee659b224caebb8c2d8402304fcc03cc12f04d9acb19beb31""]","[""0xcd09dc92e8736934e461988f29064ea4e49ccc41310e47a797ab8e787536e77d"",""0xfd70d4311b5768c6b6bf7ecd75518b0b26ba2529cb7cf75e450bca9f0d366daa"",""0xa7831feb3b6ce91bfea938682651e70d662f1266659cbce6eaf0526e45512a68"",""0x29eba7ba49866efd89a8dce8d84688734eb0b4b198d4992b288b36b31540c8dc"",""0x2c6db858294994968533795d44c86dc8f050d3652066b8ceadf9d3b73dc7d902"",""0x8945bcc45087a8bfb2e18a5306781be29a69dbac49c73ab68b0d6c56a67bc0f9"",""0x5b677b1ca640fe2fa90ccb13036a107a5177af4f0b0bd5ed853ac029e427d019"",""0x8cc4b8cdcb727613f2378e83b1e459ef38061ac468dcb3d02730b17ef2a02673"",""0x49e5774ab139905928ff21d948254adc70aa28ff5eea2ac796f32b0549b267a3"",""0x106ecf713381cc7ee659b224caebb8c2d8402304fcc03cc12f04d9acb19beb31""]","[""0xcd09dc92e8736934e461988f29064ea4e49ccc41310e47a797ab8e787536e77d"",""0xfd70d4311b5768c6b6bf7ecd75518b0b26ba2529cb7cf75e450bca9f0d366daa"",""0xa7831feb3b6ce91bfea938682651e70d662f1266659cbce6eaf0526e45512a68"",""0x29eba7ba49866efd89a8dce8d84688734eb0b4b198d4992b288b36b31540c8dc"",""0x2c6db858294994968533795d44c86dc8f050d3652066b8ceadf9d3b73dc7d902"",""0x8945bcc45087a8bfb2e18a5306781be29a69dbac49c73ab68b0d6c56a67bc0f9"",""0x5b677b1ca640fe2fa90ccb13036a107a5177af4f0b0bd5ed853ac029e427d019"",""0x8cc4b8cdcb727613f2378e83b1e459ef38061ac468dcb3d02730b17ef2a02673"",""0x49e5774ab139905928ff21d948254adc70aa28ff5eea2ac796f32b0549b267a3"",""0x106ecf713381cc7ee659b224caebb8c2d8402304fcc03cc12f04d9acb19beb31""]",0,0,1,0,0,0,1
bstpstaking515m3b4969fb,valid,,5,1,5,m3b4969fb,100,10,10,"[""0xb002fb01be58fedcd04d5ceb2895feaf22973ac1205efed3d2db367bc6d7525b"",""0x106ecf713381cc7ee659b224caebb8c2d8402304fcc03cc12f04d9acb19beb31"",""0x682175835b69fee8ca4e1000194ccf6067372d31c29aa0c1fb86d118274fe35f"",""0xc242c986f95f7cb745f870b1e292c03f57e59c36e809d37eb00cc8d235b22c5a"",""0x4c896b9c75e38294c3a07ab4ccb18852996db2708540195223e428ddf09d38a0"",""0x6a735d9199bcfde6d540397f0c81a9225ad8520e39847b9a367e7dd94565137d"",""0x4f70045f96345b6154f2e63f3fe4b06b6e40108aedcdd3afc6a66ea75fc3da24"",""0xffb33d2d1648788432430e96a9706f35a4dcfe30d45dd0e99a1eaf7e59ab6aeb"",""0xcfdc62eb5da1c0cc9f61c08540ca22833a6530d40de956ae254be5b1e0b59d74"",""0x5b677b1ca640fe2fa90ccb13036a107a5177af4f0b0bd5ed853ac029e427d019""]","[""0xb002fb01be58fedcd04d5ceb2895feaf22973ac1205efed3d2db367bc6d7525b"",""0x106ecf713381cc7ee659b224caebb8c2d8402304fcc03cc12f04d9acb19beb31"",""0x682175835b69fee8ca4e1000194ccf6067372d31c29aa0c1fb86d118274fe35f"",""0xc242c986f95f7cb745f870b1e292c03f57e59c36e809d37eb00cc8d235b22c5a"",""0x4c896b9c75e38294c3a07ab4ccb18852996db2708540195223e428ddf09d38a0"",""0x6a735d9199bcfde6d540397f0c81a9225ad8520e39847b9a367e7dd94565137d"",""0x4f70045f96345b6154f2e63f3fe4b06b6e40108aedcdd3afc6a66ea75fc3da24"",""0xffb33d2d1648788432430e96a9706f35a4dcfe30d45dd0e99a1eaf7e59ab6aeb"",""0xcfdc62eb5da1c0cc9f61c08540ca22833a6530d40de956ae254be5b1e0b59d74"",""0x5b677b1ca640fe2fa90ccb13036a107a5177af4f0b0bd5ed853ac029e427d019""]","[""0xb002fb01be58fedcd04d5ceb2895feaf22973ac1205efed3d2db367bc6d7525b"",""0x106ecf713381cc7ee659b224caebb8c2d8402304fcc03cc12f04d9acb19beb31"",""0x682175835b69fee8ca4e1000194ccf6067372d31c29aa0c1fb86d118274fe35f"",""0xc242c986f95f7cb745f870b1e292c03f57e59c36e809d37eb00cc8d235b22c5a"",""0x4c896b9c75e38294c3a07ab4ccb18852996db2708540195223e428ddf09d38a0"",""0x6a735d9199bcfde6d540397f0c81a9225ad8520e39847b9a367e7dd94565137d"",""0x4f70045f96345b6154f2e63f3fe4b06b6e40108aedcdd3afc6a66ea75fc3da24"",""0xffb33d2d1648788432430e96a9706f35a4dcfe30d45dd0e99a1eaf7e59ab6aeb"",""0xcfdc62eb5da1c0cc9f61c08540ca22833a6530d40de956ae254be5b1e0b59d74"",""0x5b677b1ca640fe2fa90ccb13036a107a5177af4f0b0bd5ed853ac029e427d019""]",0,0,1,0,0,0,1
bstpstaking515m4239fd1c,valid,,5,1,5,m4239fd1c,100,10,10,"[""0x483e0faacc32045385006ac1d42d028b103a2e2e02f320e20037d0d36be54907"",""0x89c823bf9976eb820ef3b2041267ad2c6eed1f83e2ab87cdc4bf9577cff5a748"",""0x3c97283efec66e1a5ec8437966e087338da20f0aad3723d41d52c67328f7efe4"",""0x6940f8c3529787bcfbcbf21fa64207221930bb64f69f1727136674443bba43aa"",""0x106ecf713381cc7ee659b224caebb8c2d8402304fcc03cc12f04d9acb19beb31"",""0x90ecb607bbb48b913aefe5003509412fcdc1a78708f7390fad1c6953be606038"",""0xb7eba087f5cc24fe2d08675f1cd5a26ebf3fd48642175807fccde9db3ffb3752"",""0xdf845dfbd70267c5c523805713303d6f4b7b91d97219e28f0508b46315e5e0e2"",""0x8a5fc9c813f0cbb1fbb3c86b71678b733f90197cd9b0fec7ef5b2e74d2827527"",""0xd9067ec22c0a52c0bf051e10e841161ac9d25bfedf069957979cc6f267cb6324""]","[""0x483e0faacc32045385006ac1d42d028b103a2e2e02f320e20037d0d36be54907"",""0x89c823bf9976eb820ef3b2041267ad2c6eed1f83e2ab87cdc4bf9577cff5a748"",""0x3c97283efec66e1a5ec8437966e087338da20f0aad3723d41d52c67328f7efe4"",""0x6940f8c3529787bcfbcbf21fa64207221930bb64f69f1727136674443bba43aa"",""0x106ecf713381cc7ee659b224caebb8c2d8402304fcc03cc12f04d9acb19beb31"",""0x90ecb607bbb48b913aefe5003509412fcdc1a78708f7390fad1c6953be606038"",""0xb7eba087f5cc24fe2d08675f1cd5a26ebf3fd48642175807fccde9db3ffb3752"",""0xdf845dfbd70267c5c523805713303d6f4b7b91d97219e28f0508b46315e5e0e2"",""0x8a5fc9c813f0cbb1fbb3c86b71678b733f90197cd9b0fec7ef5b2e74d2827527"",""0xd9067ec22c0a52c0bf051e10e841161ac9d25bfedf069957979cc6f267cb6324""]","[""0x483e0faacc32045385006ac1d42d028b103a2e2e02f320e20037d0d36be54907"",""0x89c823bf9976eb820ef3b2041267ad2c6eed1f83e2ab87cdc4bf9577cff5a748"",""0x3c97283efec66e1a5ec8437966e087338da20f0aad3723d41d52c67328f7efe4"",""0x6940f8c3529787bcfbcbf21fa64207221930bb64f69f1727136674443bba43aa"",""0x106ecf713381cc7ee659b224caebb8c2d8402304fcc03cc12f04d9acb19beb31"",""0x90ecb607bbb48b913aefe5003509412fcdc1a78708f7390fad1c6953be606038"",""0xb7eba087f5cc24fe2d08675f1cd5a26ebf3fd48642175807fccde9db3ffb3752"",""0xdf845dfbd70267c5c523805713303d6f4b7b91d97219e28f0508b46315e5e0e2"",""0x8a5fc9c813f0cbb1fbb3c86b71678b733f90197cd9b0fec7ef5b2e74d2827527"",""0xd9067ec22c0a52c0bf051e10e841161ac9d25bfedf069957979cc6f267cb6324""]",0,0,1,0,0,0,1
bstpstaking515m61fde19d,valid,,5,1,5,m61fde19d,100,10,10,"[""0x8a5fc9c813f0cbb1fbb3c86b71678b733f90197cd9b0fec7ef5b2e74d2827527"",""0xa7831feb3b6ce91bfea938682651e70d662f1266659cbce6eaf0526e45512a68"",""0x000ceb98a30a9f0375fd46d151e4f2f8d830751c2983f14a1c6f0144f80b3198"",""0x69f76a6458130c9ded5a13a31db3715ca829f4a679d617f3e492b9116677d10c"",""0xdabbd1bf365dd83a0175d5e359d11f8d109116b0745646ef8d2c6a2efcf851df"",""0x281d75ca73c64a8633ed60198d5e953cc41cba8132bf7dfc97a978d37dd83726"",""0x7c9cdb9fd07a0e95dd225ef751470ce88b43ad6e9e209b3b95404c7a6849e39b"",""0x505f78474c398814eb0ba0cc3c08f6129e12bf16431876853283a43beac9d141"",""0xc83255e7f44f715ea7d2b6da08689900a9b7bb38ef204039561e14dde5e03798"",""0x12c0e8caa1bce7d499cbbbc665fbb364c09cd2977856fe2bf0027b9c600b9022""]","[""0x69f76a6458130c9ded5a13a31db3715ca829f4a679d617f3e492b9116677d10c"",""0xdabbd1bf365dd83a0175d5e359d11f8d109116b0745646ef8d2c6a2efcf851df"",""0x281d75ca73c64a8633ed60198d5e953cc41cba8132bf7dfc97a978d37dd83726"",""0x7c9cdb9fd07a0e95dd225ef751470ce88b43ad6e9e209b3b95404c7a6849e39b"",""0xfd6b6381e462eb69a90451498acc82533df2612f7e00141667dbce964caa982e"",""0x8d357dcd4a7c14d4a0f33a6d36f83ab30a8caad65d222d503f46d94d277f7c24"",""0x37890a125406e5e42ba213b40b55685bc6c328fc0106903b123b70d8312c1000"",""0x06442c0ccc9ab367282f06426924517e0a49c25e50a492ad91aecc55b655f458"",""0xe5da0f8dfb6b491adb9c38f755f10e08bd498ab5979036394be3930984053206"",""0xe2c89165b1663cbef76d4db4aff33d030d5826b8a643a445b8531c288e7745fd""]","[""0x69f76a6458130c9ded5a13a31db3715ca829f4a679d617f3e492b9116677d10c"",""0xdabbd1bf365dd83a0175d5e359d11f8d109116b0745646ef8d2c6a2efcf851df"",""0x281d75ca73c64a8633ed60198d5e953cc41cba8132bf7dfc97a978d37dd83726"",""0x7c9cdb9fd07a0e95dd225ef751470ce88b43ad6e9e209b3b95404c7a6849e39b""]",0,0,1,0,0,0,0.4
bstpstaking515m6489f990,valid,,5,1,5,m6489f990,100,10,10,"[""0x14d09a4d420ae8a7492d23eb1beacf31a514ddd9765719262cf2a750248f046e"",""0x49e5774ab139905928ff21d948254adc70aa28ff5eea2ac796f32b0549b267a3"",""0x73d6c0efd0550ca38510ec910998f28c5f57de699ed4f4eab13ed86d90fb6b07"",""0xd9067ec22c0a52c0bf051e10e841161ac9d25bfedf069957979cc6f267cb6324"",""0x3c4ef3727c5acae7ca4976ecf767571e18ac1b70a4aad2ac4f7b9139bcfc987d"",""0x682175835b69fee8ca4e1000194ccf6067372d31c29aa0c1fb86d118274fe35f"",""0x8e6ed61f936c34115ed64b52efb53b493d279f72a1ed2c1dde342f98dfc9178d"",""0x2cba235e385ffa8025c1d48c48a11aa9fffb9bbeb1f1a9e10ce480ba5bf28f1f"",""0x262e2e527250bfc9fea90edce78f93b95ce16f345766eb2534ba2fb39906d951"",""0xf144a9a781baa320d29258df583098d9b5a6147eb359adbd64e0d81e6c1504ca""]","[""0x73d6c0efd0550ca38510ec910998f28c5f57de699ed4f4eab13ed86d90fb6b07"",""0x3c4ef3727c5acae7ca4976ecf767571e18ac1b70a4aad2ac4f7b9139bcfc987d"",""0x8e6ed61f936c34115ed64b52efb53b493d279f72a1ed2c1dde342f98dfc9178d"",""0x01829fcc6d779d94ee869f97379c6516562dc7f8b74938742ffefe6b09b93fbc"",""0x262e2e527250bfc9fea90edce78f93b95ce16f345766eb2534ba2fb39906d951"",""0xaa8fad824a174e57accf11eb34b23d020d6aa685da1925b1c30a611ffdb95a0e"",""0x429b49322f39406d28f591c75e8222ecd51db05a599ec5d128466346627eb705"",""0x08c294941588d570c4ae95ce5aaf4a1592f278bd19029a2851efff2d86015692"",""0x6ea2e4d3921eb79867ba52b40ba2fdf4df2de7e307f65f7742bf9f3bdb48a96c"",""0x281cd26d80e9cd95f098908b641c2534121c033c47795850d88fdab6f04f2af0""]","[""0x73d6c0efd0550ca38510ec910998f28c5f57de699ed4f4eab13ed86d90fb6b07"",""0x3c4ef3727c5acae7ca4976ecf767571e18ac1b70a4aad2ac4f7b9139bcfc987d"",""0x8e6ed61f936c34115ed64b52efb53b493d279f72a1ed2c1dde342f98dfc9178d"",""0x262e2e527250bfc9fea90edce78f93b95ce16f345766eb2534ba2fb39906d951""]",0,0,1,0,0,0,0.4
bstpstaking515m652a5fba,valid,,5,1,5,m652a5fba,100,10,10,"[""0x5b677b1ca640fe2fa90ccb13036a107a5177af4f0b0bd5ed853ac029e427d019"",""0xd9067ec22c0a52c0bf051e10e841161ac9d25bfedf069957979cc6f267cb6324"",""0x2c6db858294994968533795d44c86dc8f050d3652066b8ceadf9d3b73dc7d902"",""0x98383544e422fe17027cdac418f09337309386a10806b8ee02c8d32713923a8e"",""0x3c97283efec66e1a5ec8437966e087338da20f0aad3723d41d52c67328f7efe4"",""0x4c896b9c75e38294c3a07ab4ccb18852996db2708540195223e428ddf09d38a0"",""0x932383665799c1241f674264478c7dbdc9dbecd0c1d33b2034e91903326669df"",""0x21abd7512aea65163225f747404c5e74cba681b0c2b66a2d1a76ca9c40e3f73e"",""0xf5ff796b02623d8ffebddd286003d9208b758b7e995af4762e8e60bf84d17b4b"",""0x5162e5651d686c4677e75a6efe8124dd9e73dcd3928f0153bcb56b811c23775a""]","[""0x5b677b1ca640fe2fa90ccb13036a107a5177af4f0b0bd5ed853ac029e427d019"",""0xd9067ec22c0a52c0bf051e10e841161ac9d25bfedf069957979cc6f267cb6324"",""0x2c6db858294994968533795d44c86dc8f050d3652066b8ceadf9d3b73dc7d902"",""0xb65630e7129a1fecafdca9eb7dbe53130a12b5d3e2e984bbf9c9a5399c6cc30f"",""0x39700501189242fe3b7185fd03a5cace111de24b0c6b66471be82d30bc72ec27"",""0x856f01151a1c15aa053c920c11f2f4a193b3ed4250c6ee2ebf77c3390fe0f275"",""0x98383544e422fe17027cdac418f09337309386a10806b8ee02c8d32713923a8e"",""0x3c97283efec66e1a5ec8437966e087338da20f0aad3723d41d52c67328f7efe4"",""0x4c896b9c75e38294c3a07ab4ccb18852996db2708540195223e428ddf09d38a0"",""0x932383665799c1241f674264478c7dbdc9dbecd0c1d33b2034e91903326669df""]","[""0x5b677b1ca640fe2fa90ccb13036a107a5177af4f0b0bd5ed853ac029e427d019"",""0xd9067ec22c0a52c0bf051e10e841161ac9d25bfedf069957979cc6f267cb6324"",""0x2c6db858294994968533795d44c86dc8f050d3652066b8ceadf9d3b73dc7d902"",""0x98383544e422fe17027cdac418f09337309386a10806b8ee02c8d32713923a8e"",""0x3c97283efec66e1a5ec8437966e087338da20f0aad3723d41d52c67328f7efe4"",""0x4c896b9c75e38294c3a07ab4ccb18852996db2708540195223e428ddf09d38a0"",""0x932383665799c1241f674264478c7dbdc9dbecd0c1d33b2034e91903326669df""]",0,0,1,0,0,0,0.7
bstpstaking515m66488430,valid,,5,1,5,m66488430,100,10,10,"[""0xc3b0696840352e2a25a87160f85c766cba4c6b9424a40ded6b5e2eb28f9215f6"",""0xfc9bec6e17e3d34235748a04c8a772f602b2283e2946d9f68c2ed62bcdd2cd85"",""0x7c40aac49a736517f5c440f9392f1683424054f2ffa6df7c2970a52c11db06ca"",""0xcd09dc92e8736934e461988f29064ea4e49ccc41310e47a797ab8e787536e77d"",""0x92c0efa8758ff02dd06dfd438cd6612b6e3590f9c8b7c0932fd418903855a478"",""0x4f70045f96345b6154f2e63f3fe4b06b6e40108aedcdd3afc6a66ea75fc3da24"",""0xb1d52412675094b54611913899744bda3aa3c67ce51c9e9d61d8a49d9cc84caf"",""0x90ecb607bbb48b913aefe5003509412fcdc1a78708f7390fad1c6953be606038"",""0xffb33d2d1648788432430e96a9706f35a4dcfe30d45dd0e99a1eaf7e59ab6aeb"",""0x6b84de292cb6e3be779d6288c69c6a070bba523a2317a4d294c1616e10f137ed""]","[""0xc3b0696840352e2a25a87160f85c766cba4c6b9424a40ded6b5e2eb28f9215f6"",""0xfc9bec6e17e3d34235748a04c8a772f602b2283e2946d9f68c2ed62bcdd2cd85"",""0x7c40aac49a736517f5c440f9392f1683424054f2ffa6df7c2970a52c11db06ca"",""0xcd09dc92e8736934e461988f29064ea4e49ccc41310e47a797ab8e787536e77d"",""0x92c0efa8758ff02dd06dfd438cd6612b6e3590f9c8b7c0932fd418903855a478"",""0x4f70045f96345b6154f2e63f3fe4b06b6e40108aedcdd3afc6a66ea75fc3da24"",""0xb1d52412675094b54611913899744bda3aa3c67ce51c9e9d61d8a49d9cc84caf"",""0x90ecb607bbb48b913aefe5003509412fcdc1a78708f7390fad1c6953be606038"",""0xffb33d2d1648788432430e96a9706f35a4dcfe30d45dd0e99a1eaf7e59ab6aeb"",""0x6b84de292cb6e3be779d6288c69c6a070bba523a2317a4d294c1616e10f137ed""]","[""0xc3b0696840352e2a25a87160f85c766cba4c6b9424a40ded6b5e2eb28f9215f6"",""0xfc9bec6e17e3d34235748a04c8a772f602b2283e2946d9f68c2ed62bcdd2cd85"",""0x7c40aac49a736517f5c440f9392f1683424054f2ffa6df7c2970a52c11db06ca"",""0xcd09dc92e8736934e461988f29064ea4e49ccc41310e47a797ab8e787536e77d"",""0x92c0efa8758ff02dd06dfd438cd6612b6e3590f9c8b7c0932fd418903855a478"",""0x4f70045f96345b6154f2e63f3fe4b06b6e40108aedcdd3afc6a66ea75fc3da24"",""0xb1d52412675094b54611913899744bda3aa3c67ce51c9e9d61d8a49d9cc84caf"",""0x90ecb607bbb48b913aefe5003509412fcdc1a78708f7390fad1c6953be606038"",""0xffb33d2d1648788432430e96a9706f35a4dcfe30d45dd0e99a1eaf7e59ab6aeb"",""0x6b84de292cb6e3be779d6288c69c6a070bba523a2317a4d294c1616e10f137ed""]",0,0,1,0,0,0,1
bstpstaking515m6e7de01e,valid,,5,1,5,m6e7de01e,100,10,10,"[""0x7c9cdb9fd07a0e95dd225ef751470ce88b43ad6e9e209b3b95404c7a6849e39b"",""0x353fcfc68b913bba883a1cbe437235257a5567ace334e692406b2239896cc845"",""0xaa8fad824a174e57accf11eb34b23d020d6aa685da1925b1c30a611ffdb95a0e"",""0x3c4ef3727c5acae7ca4976ecf767571e18ac1b70a4aad2ac4f7b9139bcfc987d"",""0xcd6d08f520a5a6aebaa079033393b6393e347445be26d2c107e8d7ee03c8f13c"",""0x281cd26d80e9cd95f098908b641c2534121c033c47795850d88fdab6f04f2af0"",""0xdd364115eefd88d44ddca902abb962bd1038efc911e81847f0d1911029cb83fc"",""0xe2c89165b1663cbef76d4db4aff33d030d5826b8a643a445b8531c288e7745fd"",""0x66dc91c1375c97a345396b765a31f83a172cf55a43b176b21f6e7ca8e695b9fd"",""0xd7531695dcd358a4f56787acbbd65565a09fc63eff941ad49498daeb1ae38f44""]","[""0x7c9cdb9fd07a0e95dd225ef751470ce88b43ad6e9e209b3b95404c7a6849e39b"",""0x353fcfc68b913bba883a1cbe437235257a5567ace334e692406b2239896cc845"",""0xaa8fad824a174e57accf11eb34b23d020d6aa685da1925b1c30a611ffdb95a0e"",""0x3c4ef3727c5acae7ca4976ecf767571e18ac1b70a4aad2ac4f7b9139bcfc987d"",""0xcd6d08f520a5a6aebaa079033393b6393e347445be26d2c107e8d7ee03c8f13c"",""0x281cd26d80e9cd95f098908b641c2534121c033c47795850d88fdab6f04f2af0"",""0xdd364115eefd88d44ddca902abb962bd1038efc911e81847f0d1911029cb83fc"",""0xe2c89165b1663cbef76d4db4aff33d030d5826b8a643a445b8531c288e7745fd"",""0x66dc91c1375c97a345396b765a31f83a172cf55a43b176b21f6e7ca8e695b9fd"",""0xd7531695dcd358a4f56787acbbd65565a09fc63eff941ad49498daeb1ae38f44""]","[""0x7c9cdb9fd07a0e95dd225ef751470ce88b43ad6e9e209b3b95404c7a6849e39b"",""0x353fcfc68b913bba883a1cbe437235257a5567ace334e692406b2239896cc845"",""0xaa8fad824a174e57accf11eb34b23d020d6aa685da1925b1c30a611ffdb95a0e"",""0x3c4ef3727c5acae7ca4976ecf767571e18ac1b70a4aad2ac4f7b9139bcfc987d"",""0xcd6d08f520a5a6aebaa079033393b6393e347445be26d2c107e8d7ee03c8f13c"",""0x281cd26d80e9cd95f098908b641c2534121c033c47795850d88fdab6f04f2af0"",""0xdd364115eefd88d44ddca902abb962bd1038efc911e81847f0d1911029cb83fc"",""0xe2c89165b1663cbef76d4db4aff33d030d5826b8a643a445b8531c288e7745fd"",""0x66dc91c1375c97a345396b765a31f83a172cf55a43b176b21f6e7ca8e695b9fd"",""0xd7531695dcd358a4f56787acbbd65565a09fc63eff941ad49498daeb1ae38f44""]",0,0,1,0,0,0,1
bstpstaking515m7dfad905,valid,,5,1,5,m7dfad905,100,10,10,"[""0x106ecf713381cc7ee659b224caebb8c2d8402304fcc03cc12f04d9acb19beb31"",""0xfd70d4311b5768c6b6bf7ecd75518b0b26ba2529cb7cf75e450bca9f0d366daa"",""0xe70b739d2c9d746514eb24b9ed0d3b51448a0a5913813a2864aa9be0ec65e691"",""0xa7831feb3b6ce91bfea938682651e70d662f1266659cbce6eaf0526e45512a68"",""0xab461bed3349317736818b1dabb4b0c82cc986f81bc20a4f98abb1cf118525e2"",""0xcd09dc92e8736934e461988f29064ea4e49ccc41310e47a797ab8e787536e77d"",""0x49e5774ab139905928ff21d948254adc70aa28ff5eea2ac796f32b0549b267a3"",""0x6e53ec51854bc45ec72e747b9db61797e1b20b6c0f523a3f2ead783fd267ed91"",""0x9a0ed5a06fb6051d9a659f829e57ea0e382f714cb43d55efaa317c69cfae14ee"",""0x80288ad5dc62d58560df110a3535af497449f9f6f4f71e34500b9f5045943ea7""]","[""0x106ecf713381cc7ee659b224caebb8c2d8402304fcc03cc12f04d9acb19beb31"",""0xfd70d4311b5768c6b6bf7ecd75518b0b26ba2529cb7cf75e450bca9f0d366daa"",""0xe70b739d2c9d746514eb24b9ed0d3b51448a0a5913813a2864aa9be0ec65e691"",""0xa7831feb3b6ce91bfea938682651e70d662f1266659cbce6eaf0526e45512a68"",""0xab461bed3349317736818b1dabb4b0c82cc986f81bc20a4f98abb1cf118525e2"",""0xcd09dc92e8736934e461988f29064ea4e49ccc41310e47a797ab8e787536e77d"",""0x49e5774ab139905928ff21d948254adc70aa28ff5eea2ac796f32b0549b267a3"",""0x6e53ec51854bc45ec72e747b9db61797e1b20b6c0f523a3f2ead783fd267ed91"",""0x9a0ed5a06fb6051d9a659f829e57ea0e382f714cb43d55efaa317c69cfae14ee"",""0x80288ad5dc62d58560df110a3535af497449f9f6f4f71e34500b9f5045943ea7""]","[""0x106ecf713381cc7ee659b224caebb8c2d8402304fcc03cc12f04d9acb19beb31"",""0xfd70d4311b5768c6b6bf7ecd75518b0b26ba2529cb7cf75e450bca9f0d366daa"",""0xe70b739d2c9d746514eb24b9ed0d3b51448a0a5913813a2864aa9be0ec65e691"",""0xa7831feb3b6ce91bfea938682651e70d662f1266659cbce6eaf0526e45512a68"",""0xab461bed3349317736818b1dabb4b0c82cc986f81bc20a4f98abb1cf118525e2"",""0xcd09dc92e8736934e461988f29064ea4e49ccc41310e47a797ab8e787536e77d"",""0x49e5774ab139905928ff21d948254adc70aa28ff5eea2ac796f32b0549b267a3"",""0x6e53ec51854bc45ec72e747b9db61797e1b20b6c0f523a3f2ead783fd267ed91"",""0x9a0ed5a06fb6051d9a659f829e57ea0e382f714cb43d55efaa317c69cfae14ee"",""0x80288ad5dc62d58560df110a3535af497449f9f6f4f71e34500b9f5045943ea7""]",0,0,1,0,0,0,1
bstpstaking515m7e72b6a8,invalid,error_duplicates,5,1,5,m7e72b6a8,100,10,10,"[""0x9a0ed5a06fb6051d9a659f829e57ea0e382f714cb43d55efaa317c69cfae14ee"",""0x98383544e422fe17027cdac418f09337309386a10806b8ee02c8d32713923a8e"",""0x8945bcc45087a8bfb2e18a5306781be29a69dbac49c73ab68b0d6c56a67bc0f9"",""0x99196e62444c2ecc416618bcc5a3424f9cd5641d6867c8e258507c7d89a4a88c"",""0xe40523cb93f50925b957e5e448d59b64adfad0b41a549e68dd171dd988bc17a5"",""0x4c896b9c75e38294c3a07ab4ccb18852996db2708540195223e428ddf09d38a0"",""0x7c40aac49a736517f5c440f9392f1683424054f2ffa6df7c2970a52c11db06ca"",""0x49e5774ab139905928ff21d948254adc70aa28ff5eea2ac796f32b0549b267a3"",""0xffb33d2d1648788432430e96a9706f35a4dcfe30d45dd0e99a1eaf7e59ab6aeb"",""0x8945bcc45087a8bfb2e18a5306781be29a69dbac49c73ab68b0d6c56a67bc0f9""]","[""0x9a0ed5a06fb6051d9a659f829e57ea0e382f714cb43d55efaa317c69cfae14ee"",""0x98383544e422fe17027cdac418f09337309386a10806b8ee02c8d32713923a8e"",""0x8945bcc45087a8bfb2e18a5306781be29a69dbac49c73ab68b0d6c56a67bc0f9"",""0xd7531695dcd358a4f56787acbbd65565a09fc63eff941ad49498daeb1ae38f44"",""0x99196e62444c2ecc416618bcc5a3424f9cd5641d6867c8e258507c7d89a4a88c"",""0xe40523cb93f50925b957e5e448d59b64adfad0b41a549e68dd171dd988bc17a5"",""0x4c896b9c75e38294c3a07ab4ccb18852996db2708540195223e428ddf09d38a0"",""0x7c40aac49a736517f5c440f9392f1683424054f2ffa6df7c2970a52c11db06ca"",""0x49e5774ab139905928ff21d948254adc70aa28ff5eea2ac796f32b0549b267a3"",""0xffb33d2d1648788432430e96a9706f35a4dcfe30d45dd0e99a1eaf7e59ab6aeb""]","[""0x9a0ed5a06fb6051d9a659f829e57ea0e382f714cb43d55efaa317c69cfae14ee"",""0x98383544e422fe17027cdac418f09337309386a10806b8ee02c8d32713923a8e"",""0x8945bcc45087a8bfb2e18a5306781be29a69dbac49c73ab68b0d6c56a67bc0f9"",""0x99196e62444c2ecc416618bcc5a3424f9cd5641d6867c8e258507c7d89a4a88c"",""0xe40523cb93f50925b957e5e448d59b64adfad0b41a549e68dd171dd988bc17a5"",""0x4c896b9c75e38294c3a07ab4ccb18852996db2708540195223e428ddf09d38a0"",""0x7c40aac49a736517f5c440f9392f1683424054f2ffa6df7c2970a52c11db06ca"",""0x49e5774ab139905928ff21d948254adc70aa28ff5eea2ac796f32b0549b267a3"",""0xffb33d2d1648788432430e96a9706f35a4dcfe30d45dd0e99a1eaf7e59ab6aeb"",""0x8945bcc45087a8bfb2e18a5306781be29a69dbac49c73ab68b0d6c56a67bc0f9""]",0,0,1,0,0,0.09999999999999998,1
bstpstaking515m8051415e,valid,,5,1,5,m8051415e,100,10,10,"[""0x4f70045f96345b6154f2e63f3fe4b06b6e40108aedcdd3afc6a66ea75fc3da24"",""0x8cc4b8cdcb727613f2378e83b1e459ef38061ac468dcb3d02730b17ef2a02673"",""0x29eba7ba49866efd89a8dce8d84688734eb0b4b198d4992b288b36b31540c8dc"",""0x92c0efa8758ff02dd06dfd438cd6612b6e3590f9c8b7c0932fd418903855a478"",""0x80288ad5dc62d58560df110a3535af497449f9f6f4f71e34500b9f5045943ea7"",""0xa7831feb3b6ce91bfea938682651e70d662f1266659cbce6eaf0526e45512a68"",""0x6b84de292cb6e3be779d6288c69c6a070bba523a2317a4d294c1616e10f137ed"",""0x483e0faacc32045385006ac1d42d028b103a2e2e02f320e20037d0d36be54907"",""0xcfdc62eb5da1c0cc9f61c08540ca22833a6530d40de956ae254be5b1e0b59d74"",""0xd5568fd406d7db628afa415d58bf5bd06959a92398aa702548e8e04793bedd47""]","[""0x4f70045f96345b6154f2e63f3fe4b06b6e40108aedcdd3afc6a66ea75fc3da24"",""0x8cc4b8cdcb727613f2378e83b1e459ef38061ac468dcb3d02730b17ef2a02673"",""0x29eba7ba49866efd89a8dce8d84688734eb0b4b198d4992b288b36b31540c8dc"",""0x92c0efa8758ff02dd06dfd438cd6612b6e3590f9c8b7c0932fd418903855a478"",""0x80288ad5dc62d58560df110a3535af497449f9f6f4f71e34500b9f5045943ea7"",""0xa7831feb3b6ce91bfea938682651e70d662f1266659cbce6eaf0526e45512a68"",""0x6b84de292cb6e3be779d6288c69c6a070bba523a2317a4d294c1616e10f137ed"",""0x483e0faacc32045385006ac1d42d028b103a2e2e02f320e20037d0d36be54907"",""0xcfdc62eb5da1c0cc9f61c08540ca22833a6530d40de956ae254be5b1e0b59d74"",""0xd5568fd406d7db628afa415d58bf5bd06959a92398aa702548e8e04793bedd47""]","[""0x4f70045f96345b6154f2e63f3fe4b06b6e40108aedcdd3afc6a66ea75fc3da24"",""0x8cc4b8cdcb727613f2378e83b1e459ef38061ac468dcb3d02730b17ef2a02673"",""0x29eba7ba49866efd89a8dce8d84688734eb0b4b198d4992b288b36b31540c8dc"",""0x92c0efa8758ff02dd06dfd438cd6612b6e3590f9c8b7c0932fd418903855a478"",""0x80288ad5dc62d58560df110a3535af497449f9f6f4f71e34500b9f5045943ea7"",""0xa7831feb3b6ce91bfea938682651e70d662f1266659cbce6eaf0526e45512a68"",""0x6b84de292cb6e3be779d6288c69c6a070bba523a2317a4d294c1616e10f137ed"",""0x483e0faacc32045385006ac1d42d028b103a2e2e02f320e20037d0d36be54907"",""0xcfdc62eb5da1c0cc9f61c08540ca22833a6530d40de956ae254be5b1e0b59d74"",""0xd5568fd406d7db628afa415d58bf5bd06959a92398aa702548e8e04793bedd47""]",0,0,1,0,0,0,1
bstpstaking515m810b37d6,valid,,5,1,5,m810b37d6,100,10,10,"[""0x14d09a4d420ae8a7492d23eb1beacf31a514ddd9765719262cf2a750248f046e"",""0xedb061d6c685949f3e6f6b2fbc31238ae6ee3c1a2760e056b5c3e5e2304df8af"",""0xd7531695dcd358a4f56787acbbd65565a09fc63eff941ad49498daeb1ae38f44"",""0x6e2ec90f7c36a36b5344a2aac6038ddc9c3860de12975f71142181a7a81c8609"",""0xdd364115eefd88d44ddca902abb962bd1038efc911e81847f0d1911029cb83fc"",""0x68fb332560fdf6ea1d74d8c4bfc3ff952f79df911ac17e478862c0aa1c736db3"",""0x37890a125406e5e42ba213b40b55685bc6c328fc0106903b123b70d8312c1000"",""0x69f76a6458130c9ded5a13a31db3715ca829f4a679d617f3e492b9116677d10c"",""0xd315b8c83a9e2edb719d67cf2cc732391e7c9d9fa55ab87f926ee4c7046a8578"",""0xdabbd1bf365dd83a0175d5e359d11f8d109116b0745646ef8d2c6a2efcf851df""]","[""0x14d09a4d420ae8a7492d23eb1beacf31a514ddd9765719262cf2a750248f046e"",""0xedb061d6c685949f3e6f6b2fbc31238ae6ee3c1a2760e056b5c3e5e2304df8af"",""0xd7531695dcd358a4f56787acbbd65565a09fc63eff941ad49498daeb1ae38f44"",""0x6e2ec90f7c36a36b5344a2aac6038ddc9c3860de12975f71142181a7a81c8609"",""0xdd364115eefd88d44ddca902abb962bd1038efc911e81847f0d1911029cb83fc"",""0x68fb332560fdf6ea1d74d8c4bfc3ff952f79df911ac17e478862c0aa1c736db3"",""0x37890a125406e5e42ba213b40b55685bc6c328fc0106903b123b70d8312c1000"",""0x69f76a6458130c9ded5a13a31db3715ca829f4a679d617f3e492b9116677d10c"",""0xd315b8c83a9e2edb719d67cf2cc732391e7c9d9fa55ab87f926ee4c7046a8578"",""0xdabbd1bf365dd83a0175d5e359d11f8d109116b0745646ef8d2c6a2efcf851df""]","[""0x14d09a4d420ae8a7492d23eb1beacf31a514ddd9765719262cf2a750248f046e"",""0xedb061d6c685949f3e6f6b2fbc31238ae6ee3c1a2760e056b5c3e5e2304df8af"",""0xd7531695dcd358a4f56787acbbd65565a09fc63eff941ad49498daeb1ae38f44"",""0x6e2ec90f7c36a36b5344a2aac6038ddc9c3860de12975f71142181a7a81c8609"",""0xdd364115eefd88d44ddca902abb962bd1038efc911e81847f0d1911029cb83fc"",""0x68fb332560fdf6ea1d74d8c4bfc3ff952f79df911ac17e478862c0aa1c736db3"",""0x37890a125406e5e42ba213b40b55685bc6c328fc0106903b123b70d8312c1000"",""0x69f76a6458130c9ded5a13a31db3715ca829f4a679d617f3e492b9116677d10c"",""0xd315b8c83a9e2edb719d67cf2cc732391e7c9d9fa55ab87f926ee4c7046a8578"",""0xdabbd1bf365dd83a0175d5e359d11f8d109116b0745646ef8d2c6a2efcf851df""]",0,0,1,0,0,0,1
bstpstaking515m9189f677,valid,,5,1,5,m9189f677,100,10,10,"[""0xcd09dc92e8736934e461988f29064ea4e49ccc41310e47a797ab8e787536e77d"",""0x8a5fc9c813f0cbb1fbb3c86b71678b733f90197cd9b0fec7ef5b2e74d2827527"",""0x483e0faacc32045385006ac1d42d028b103a2e2e02f320e20037d0d36be54907"",""0xb6956c09b733a91561395f6f106aa19a23a1df4c453562ff602fdc30b0b773ad"",""0xb7eba087f5cc24fe2d08675f1cd5a26ebf3fd48642175807fccde9db3ffb3752"",""0xab461bed3349317736818b1dabb4b0c82cc986f81bc20a4f98abb1cf118525e2"",""0x682175835b69fee8ca4e1000194ccf6067372d31c29aa0c1fb86d118274fe35f"",""0xfc9bec6e17e3d34235748a04c8a772f602b2283e2946d9f68c2ed62bcdd2cd85"",""0x98383544e422fe17027cdac418f09337309386a10806b8ee02c8d32713923a8e"",""0xe40523cb93f50925b957e5e448d59b64adfad0b41a549e68dd171dd988bc17a5""]","[""0xcd09dc92e8736934e461988f29064ea4e49ccc41310e47a797ab8e787536e77d"",""0x8a5fc9c813f0cbb1fbb3c86b71678b733f90197cd9b0fec7ef5b2e74d2827527"",""0x483e0faacc32045385006ac1d42d028b103a2e2e02f320e20037d0d36be54907"",""0xb6956c09b733a91561395f6f106aa19a23a1df4c453562ff602fdc30b0b773ad"",""0xb7eba087f5cc24fe2d08675f1cd5a26ebf3fd48642175807fccde9db3ffb3752"",""0xab461bed3349317736818b1dabb4b0c82cc986f81bc20a4f98abb1cf118525e2"",""0x682175835b69fee8ca4e1000194ccf6067372d31c29aa0c1fb86d118274fe35f"",""0xfc9bec6e17e3d34235748a04c8a772f602b2283e2946d9f68c2ed62bcdd2cd85"",""0x98383544e422fe17027cdac418f09337309386a10806b8ee02c8d32713923a8e"",""0xe40523cb93f50925b957e5e448d59b64adfad0b41a549e68dd171dd988bc17a5""]","[""0xcd09dc92e8736934e461988f29064ea4e49ccc41310e47a797ab8e787536e77d"",""0x8a5fc9c813f0cbb1fbb3c86b71678b733f90197cd9b0fec7ef5b2e74d2827527"",""0x483e0faacc32045385006ac1d42d028b103a2e2e02f320e20037d0d36be54907"",""0xb6956c09b733a91561395f6f106aa19a23a1df4c453562ff602fdc30b0b773ad"",""0xb7eba087f5cc24fe2d08675f1cd5a26ebf3fd48642175807fccde9db3ffb3752"",""0xab461bed3349317736818b1dabb4b0c82cc986f81bc20a4f98abb1cf118525e2"",""0x682175835b69fee8ca4e1000194ccf6067372d31c29aa0c1fb86d118274fe35f"",""0xfc9bec6e17e3d34235748a04c8a772f602b2283e2946d9f68c2ed62bcdd2cd85"",""0x98383544e422fe17027cdac418f09337309386a10806b8ee02c8d32713923a8e"",""0xe40523cb93f50925b957e5e448d59b64adfad0b41a549e68dd171dd988bc17a5""]",0,0,1,0,0,0,1
bstpstaking515m970360f4,valid,,5,1,5,m970360f4,100,10,10,"[""0x04e631257af2cf26e527e146f4e090feae7f8ba273f0574dcd62a46da5b5fb8c"",""0x14d09a4d420ae8a7492d23eb1beacf31a514ddd9765719262cf2a750248f046e"",""0x8cc4b8cdcb727613f2378e83b1e459ef38061ac468dcb3d02730b17ef2a02673"",""0x281cd26d80e9cd95f098908b641c2534121c033c47795850d88fdab6f04f2af0"",""0xfd6b6381e462eb69a90451498acc82533df2612f7e00141667dbce964caa982e"",""0xb6956c09b733a91561395f6f106aa19a23a1df4c453562ff602fdc30b0b773ad"",""0x68fb332560fdf6ea1d74d8c4bfc3ff952f79df911ac17e478862c0aa1c736db3"",""0x8e6ed61f936c34115ed64b52efb53b493d279f72a1ed2c1dde342f98dfc9178d"",""0xcfdc62eb5da1c0cc9f61c08540ca22833a6530d40de956ae254be5b1e0b59d74"",""0x1721fbf3311a57adcac4eb75a9690451077fc079b0d94e4fa9d5a75bfb95e9c2""]","[""0x14d09a4d420ae8a7492d23eb1beacf31a514ddd9765719262cf2a750248f046e"",""0xae105f7f87da768b512fdfdb98a0fbf6131d1571893bb99b9a0ab477ff1702c2"",""0x281cd26d80e9cd95f098908b641c2534121c033c47795850d88fdab6f04f2af0"",""0xfd6b6381e462eb69a90451498acc82533df2612f7e00141667dbce964caa982e"",""0x68fb332560fdf6ea1d74d8c4bfc3ff952f79df911ac17e478862c0aa1c736db3"",""0x8e6ed61f936c34115ed64b52efb53b493d279f72a1ed2c1dde342f98dfc9178d"",""0xea69777677b59561b3782267ef6a65d6e0f38e1fea58f1ece52358972347edb0"",""0xe5da0f8dfb6b491adb9c38f755f10e08bd498ab5979036394be3930984053206"",""0x1721fbf3311a57adcac4eb75a9690451077fc079b0d94e4fa9d5a75bfb95e9c2"",""0x37890a125406e5e42ba213b40b55685bc6c328fc0106903b123b70d8312c1000""]","[""0x14d09a4d420ae8a7492d23eb1beacf31a514ddd9765719262cf2a750248f046e"",""0x281cd26d80e9cd95f098908b641c2534121c033c47795850d88fdab6f04f2af0"",""0xfd6b6381e462eb69a90451498acc82533df2612f7e00141667dbce964caa982e"",""0x68fb332560fdf6ea1d74d8c4bfc3ff952f79df911ac17e478862c0aa1c736db3"",""0x8e6ed61f936c34115ed64b52efb53b493d279f72a1ed2c1dde342f98dfc9178d"",""0x1721fbf3311a57adcac4eb75a9690451077fc079b0d94e4fa9d5a75bfb95e9c2""]",0,0,1,0,0,0,0.6
bstpstaking515m98d7930e,valid,,5,1,5,m98d7930e,100,10,10,"[""0x98383544e422fe17027cdac418f09337309386a10806b8ee02c8d32713923a8e"",""0x8945bcc45087a8bfb2e18a5306781be29a69dbac49c73ab68b0d6c56a67bc0f9"",""0x8cc4b8cdcb727613f2378e83b1e459ef38061ac468dcb3d02730b17ef2a02673"",""0x1ebfa3f4b31da950a10ba4155a5675fdf5fb3ac42fe3f076668cfe359788f601"",""0xe70b739d2c9d746514eb24b9ed0d3b51448a0a5913813a2864aa9be0ec65e691"",""0xab461bed3349317736818b1dabb4b0c82cc986f81bc20a4f98abb1cf118525e2"",""0xb1d52412675094b54611913899744bda3aa3c67ce51c9e9d61d8a49d9cc84caf"",""0x0ffd9d2614b9f671d46f72c34ea5196599288b5dfa0300fc530a0648ae15637f"",""0x501f612f3a02793486c5e69a601f06b1f7bf9eeec98c8d8a53e04ec21fbe35ad"",""0x856f01151a1c15aa053c920c11f2f4a193b3ed4250c6ee2ebf77c3390fe0f275""]","[""0x98383544e422fe17027cdac418f09337309386a10806b8ee02c8d32713923a8e"",""0x856f01151a1c15aa053c920c11f2f4a193b3ed4250c6ee2ebf77c3390fe0f275"",""0x8945bcc45087a8bfb2e18a5306781be29a69dbac49c73ab68b0d6c56a67bc0f9"",""0x8cc4b8cdcb727613f2378e83b1e459ef38061ac468dcb3d02730b17ef2a02673"",""0x1ebfa3f4b31da950a10ba4155a5675fdf5fb3ac42fe3f076668cfe359788f601"",""0xe70b739d2c9d746514eb24b9ed0d3b51448a0a5913813a2864aa9be0ec65e691"",""0x90ecb607bbb48b913aefe5003509412fcdc1a78708f7390fad1c6953be606038"",""0xab461bed3349317736818b1dabb4b0c82cc986f81bc20a4f98abb1cf118525e2"",""0xb1d52412675094b54611913899744bda3aa3c67ce51c9e9d61d8a49d9cc84caf"",""0x281cd26d80e9cd95f098908b641c2534121c033c47795850d88fdab6f04f2af0""]","[""0x98383544e422fe17027cdac418f09337309386a10806b8ee02c8d32713923a8e"",""0x8945bcc45087a8bfb2e18a5306781be29a69dbac49c73ab68b0d6c56a67bc0f9"",""0x8cc4b8cdcb727613f2378e83b1e459ef38061ac468dcb3d02730b17ef2a02673"",""0x1ebfa3f4b31da950a10ba4155a5675fdf5fb3ac42fe3f076668cfe359788f601"",""0xe70b739d2c9d746514eb24b9ed0d3b51448a0a5913813a2864aa9be0ec65e691"",""0xab461bed3349317736818b1dabb4b0c82cc986f81bc20a4f98abb1cf118525e2"",""0xb1d52412675094b54611913899744bda3aa3c67ce51c9e9d61d8a49d9cc84caf"",""0x856f01151a1c15aa053c920c11f2f4a193b3ed4250c6ee2ebf77c3390fe0f275""]",0,0,1,0,0,0,0.8
bstpstaking515ma6f1fda3,valid,,5,1,5,ma6f1fda3,100,10,10,"[""0xcc5a3914b6cc401b98a202e8075b56eb77670a1140412c79b48b965bce6e05f2"",""0x90ecb607bbb48b913aefe5003509412fcdc1a78708f7390fad1c6953be606038"",""0x6940f8c3529787bcfbcbf21fa64207221930bb64f69f1727136674443bba43aa"",""0x4c896b9c75e38294c3a07ab4ccb18852996db2708540195223e428ddf09d38a0"",""0x106ecf713381cc7ee659b224caebb8c2d8402304fcc03cc12f04d9acb19beb31"",""0x5b677b1ca640fe2fa90ccb13036a107a5177af4f0b0bd5ed853ac029e427d019"",""0x24402192e1f2fd76cf6750b7592cfb849961e5d27a0f5e69b165525359575ec9"",""0x1ebfa3f4b31da950a10ba4155a5675fdf5fb3ac42fe3f076668cfe359788f601"",""0xdf845dfbd70267c5c523805713303d6f4b7b91d97219e28f0508b46315e5e0e2"",""0xb759e3960a93ef78e32f4847b58dbc6b1c22efd6d9ccaa3b1a84911e6a288afa""]","[""0xcc5a3914b6cc401b98a202e8075b56eb77670a1140412c79b48b965bce6e05f2"",""0x90ecb607bbb48b913aefe5003509412fcdc1a78708f7390fad1c6953be606038"",""0x6940f8c3529787bcfbcbf21fa64207221930bb64f69f1727136674443bba43aa"",""0x4c896b9c75e38294c3a07ab4ccb18852996db2708540195223e428ddf09d38a0"",""0x01829fcc6d779d94ee869f97379c6516562dc7f8b74938742ffefe6b09b93fbc"",""0x106ecf713381cc7ee659b224caebb8c2d8402304fcc03cc12f04d9acb19beb31"",""0x429b49322f39406d28f591c75e8222ecd51db05a599ec5d128466346627eb705"",""0x5b677b1ca640fe2fa90ccb13036a107a5177af4f0b0bd5ed853ac029e427d019"",""0x1ebfa3f4b31da950a10ba4155a5675fdf5fb3ac42fe3f076668cfe359788f601"",""0xdf845dfbd70267c5c523805713303d6f4b7b91d97219e28f0508b46315e5e0e2""]","[""0xcc5a3914b6cc401b98a202e8075b56eb77670a1140412c79b48b965bce6e05f2"",""0x90ecb607bbb48b913aefe5003509412fcdc1a78708f7390fad1c6953be606038"",""0x6940f8c3529787bcfbcbf21fa64207221930bb64f69f1727136674443bba43aa"",""0x4c896b9c75e38294c3a07ab4ccb18852996db2708540195223e428ddf09d38a0"",""0x106ecf713381cc7ee659b224caebb8c2d8402304fcc03cc12f04d9acb19beb31"",""0x5b677b1ca640fe2fa90ccb13036a107a5177af4f0b0bd5ed853ac029e427d019"",""0x1ebfa3f4b31da950a10ba4155a5675fdf5fb3ac42fe3f076668cfe359788f601"",""0xdf845dfbd70267c5c523805713303d6f4b7b91d97219e28f0508b46315e5e0e2""]",0,0,1,0,0,0,0.8
bstpstaking515maea74e52,valid,,5,1,5,maea74e52,100,10,10,"[""0x8d357dcd4a7c14d4a0f33a6d36f83ab30a8caad65d222d503f46d94d277f7c24"",""0x01829fcc6d779d94ee869f97379c6516562dc7f8b74938742ffefe6b09b93fbc"",""0x281cd26d80e9cd95f098908b641c2534121c033c47795850d88fdab6f04f2af0"",""0x262e2e527250bfc9fea90edce78f93b95ce16f345766eb2534ba2fb39906d951"",""0x119bb5b05d026a441a51d331d2e813d4a51e2ca676f9919b728dde31c94dc798"",""0xdabbd1bf365dd83a0175d5e359d11f8d109116b0745646ef8d2c6a2efcf851df"",""0xe2c89165b1663cbef76d4db4aff33d030d5826b8a643a445b8531c288e7745fd"",""0x3c4ef3727c5acae7ca4976ecf767571e18ac1b70a4aad2ac4f7b9139bcfc987d"",""0x55502bafc57a57cf79cf670fefef3504cf632e5de82803db33a8e4d8337b211c"",""0xedb061d6c685949f3e6f6b2fbc31238ae6ee3c1a2760e056b5c3e5e2304df8af""]","[""0x8d357dcd4a7c14d4a0f33a6d36f83ab30a8caad65d222d503f46d94d277f7c24"",""0x01829fcc6d779d94ee869f97379c6516562dc7f8b74938742ffefe6b09b93fbc"",""0x281cd26d80e9cd95f098908b641c2534121c033c47795850d88fdab6f04f2af0"",""0x262e2e527250bfc9fea90edce78f93b95ce16f345766eb2534ba2fb39906d951"",""0x119bb5b05d026a441a51d331d2e813d4a51e2ca676f9919b728dde31c94dc798"",""0xdabbd1bf365dd83a0175d5e359d11f8d109116b0745646ef8d2c6a2efcf851df"",""0xe2c89165b1663cbef76d4db4aff33d030d5826b8a643a445b8531c288e7745fd"",""0x3c4ef3727c5acae7ca4976ecf767571e18ac1b70a4aad2ac4f7b9139bcfc987d"",""0x55502bafc57a57cf79cf670fefef3504cf632e5de82803db33a8e4d8337b211c"",""0xedb061d6c685949f3e6f6b2fbc31238ae6ee3c1a2760e056b5c3e5e2304df8af""]","[""0x8d357dcd4a7c14d4a0f33a6d36f83ab30a8caad65d222d503f46d94d277f7c24"",""0x01829fcc6d779d94ee869f97379c6516562dc7f8b74938742ffefe6b09b93fbc"",""0x281cd26d80e9cd95f098908b641c2534121c033c47795850d88fdab6f04f2af0"",""0x262e2e527250bfc9fea90edce78f93b95ce16f345766eb2534ba2fb39906d951"",""0x119bb5b05d026a441a51d331d2e813d4a51e2ca676f9919b728dde31c94dc798"",""0xdabbd1bf365dd83a0175d5e359d11f8d109116b0745646ef8d2c6a2efcf851df"",""0xe2c89165b1663cbef76d4db4aff33d030d5826b8a643a445b8531c288e7745fd"",""0x3c4ef3727c5acae7ca4976ecf767571e18ac1b70a4aad2ac4f7b9139bcfc987d"",""0x55502bafc57a57cf79cf670fefef3504cf632e5de82803db33a8e4d8337b211c"",""0xedb061d6c685949f3e6f6b2fbc31238ae6ee3c1a2760e056b5c3e5e2304df8af""]",0,0,1,0,0,0,1
bstpstaking515mb0c003cd,valid,,5,1,5,mb0c003cd,100,10,10,"[""0xcd09dc92e8736934e461988f29064ea4e49ccc41310e47a797ab8e787536e77d"",""0x8a5fc9c813f0cbb1fbb3c86b71678b733f90197cd9b0fec7ef5b2e74d2827527"",""0xc3b0696840352e2a25a87160f85c766cba4c6b9424a40ded6b5e2eb28f9215f6"",""0x2c6db858294994968533795d44c86dc8f050d3652066b8ceadf9d3b73dc7d902"",""0x3c97283efec66e1a5ec8437966e087338da20f0aad3723d41d52c67328f7efe4"",""0xab461bed3349317736818b1dabb4b0c82cc986f81bc20a4f98abb1cf118525e2"",""0xb6956c09b733a91561395f6f106aa19a23a1df4c453562ff602fdc30b0b773ad"",""0xcfdc62eb5da1c0cc9f61c08540ca22833a6530d40de956ae254be5b1e0b59d74"",""0x483e0faacc32045385006ac1d42d028b103a2e2e02f320e20037d0d36be54907"",""0x49e5774ab139905928ff21d948254adc70aa28ff5eea2ac796f32b0549b267a3""]","[""0xcd09dc92e8736934e461988f29064ea4e49ccc41310e47a797ab8e787536e77d"",""0x8a5fc9c813f0cbb1fbb3c86b71678b733f90197cd9b0fec7ef5b2e74d2827527"",""0xc3b0696840352e2a25a87160f85c766cba4c6b9424a40ded6b5e2eb28f9215f6"",""0x2c6db858294994968533795d44c86dc8f050d3652066b8ceadf9d3b73dc7d902"",""0x3c97283efec66e1a5ec8437966e087338da20f0aad3723d41d52c67328f7efe4"",""0xab461bed3349317736818b1dabb4b0c82cc986f81bc20a4f98abb1cf118525e2"",""0xb6956c09b733a91561395f6f106aa19a23a1df4c453562ff602fdc30b0b773ad"",""0xcfdc62eb5da1c0cc9f61c08540ca22833a6530d40de956ae254be5b1e0b59d74"",""0x483e0faacc32045385006ac1d42d028b103a2e2e02f320e20037d0d36be54907"",""0x49e5774ab139905928ff21d948254adc70aa28ff5eea2ac796f32b0549b267a3""]","[""0xcd09dc92e8736934e461988f29064ea4e49ccc41310e47a797ab8e787536e77d"",""0x8a5fc9c813f0cbb1fbb3c86b71678b733f90197cd9b0fec7ef5b2e74d2827527"",""0xc3b0696840352e2a25a87160f85c766cba4c6b9424a40ded6b5e2eb28f9215f6"",""0x2c6db858294994968533795d44c86dc8f050d3652066b8ceadf9d3b73dc7d902"",""0x3c97283efec66e1a5ec8437966e087338da20f0aad3723d41d52c67328f7efe4"",""0xab461bed3349317736818b1dabb4b0c82cc986f81bc20a4f98abb1cf118525e2"",""0xb6956c09b733a91561395f6f106aa19a23a1df4c453562ff602fdc30b0b773ad"",""0xcfdc62eb5da1c0cc9f61c08540ca22833a6530d40de956ae254be5b1e0b59d74"",""0x483e0faacc32045385006ac1d42d028b103a2e2e02f320e20037d0d36be54907"",""0x49e5774ab139905928ff21d948254adc70aa28ff5eea2ac796f32b0549b267a3""]",0,0,1,0,0,0,1
bstpstaking515mb38d99c5,valid,,5,1,5,mb38d99c5,100,10,10,"[""0x8e6ed61f936c34115ed64b52efb53b493d279f72a1ed2c1dde342f98dfc9178d"",""0xadc1a837b5429a817612fe145787358ffe8831a2e75dee3a3338a31d486fb05f"",""0x281cd26d80e9cd95f098908b641c2534121c033c47795850d88fdab6f04f2af0"",""0x8d357dcd4a7c14d4a0f33a6d36f83ab30a8caad65d222d503f46d94d277f7c24"",""0xe5da0f8dfb6b491adb9c38f755f10e08bd498ab5979036394be3930984053206"",""0xdabbd1bf365dd83a0175d5e359d11f8d109116b0745646ef8d2c6a2efcf851df"",""0x06442c0ccc9ab367282f06426924517e0a49c25e50a492ad91aecc55b655f458"",""0xaa8fad824a174e57accf11eb34b23d020d6aa685da1925b1c30a611ffdb95a0e"",""0x12c0e8caa1bce7d499cbbbc665fbb364c09cd2977856fe2bf0027b9c600b9022"",""0xf5162966dbd2c8c3b2195e7ee9c5e46a8dd1715287d079a5b92d312ca24045cd""]","[""0x8e6ed61f936c34115ed64b52efb53b493d279f72a1ed2c1dde342f98dfc9178d"",""0xadc1a837b5429a817612fe145787358ffe8831a2e75dee3a3338a31d486fb05f"",""0x000ceb98a30a9f0375fd46d151e4f2f8d830751c2983f14a1c6f0144f80b3198"",""0x8d357dcd4a7c14d4a0f33a6d36f83ab30a8caad65d222d503f46d94d277f7c24"",""0xe5da0f8dfb6b491adb9c38f755f10e08bd498ab5979036394be3930984053206"",""0xdabbd1bf365dd83a0175d5e359d11f8d109116b0745646ef8d2c6a2efcf851df"",""0x06442c0ccc9ab367282f06426924517e0a49c25e50a492ad91aecc55b655f458"",""0xaa8fad824a174e57accf11eb34b23d020d6aa685da1925b1c30a611ffdb95a0e"",""0x12c0e8caa1bce7d499cbbbc665fbb364c09cd2977856fe2bf0027b9c600b9022"",""0xf5162966dbd2c8c3b2195e7ee9c5e46a8dd1715287d079a5b92d312ca24045cd""]","[""0x8e6ed61f936c34115ed64b52efb53b493d279f72a1ed2c1dde342f98dfc9178d"",""0xadc1a837b5429a817612fe145787358ffe8831a2e75dee3a3338a31d486fb05f"",""0x8d357dcd4a7c14d4a0f33a6d36f83ab30a8caad65d222d503f46d94d277f7c24"",""0xe5da0f8dfb6b491adb9c38f755f10e08bd498ab5979036394be3930984053206"",""0xdabbd1bf365dd83a0175d5e359d11f8d109116b0745646ef8d2c6a2efcf851df"",""0x06442c0ccc9ab367282f06426924517e0a49c25e50a492ad91aecc55b655f458"",""0xaa8fad824a174e57accf11eb34b23d020d6aa685da1925b1c30a611ffdb95a0e"",""0x12c0e8caa1bce7d499cbbbc665fbb364c09cd2977856fe2bf0027b9c600b9022"",""0xf5162966dbd2c8c3b2195e7ee9c5e46a8dd1715287d079a5b92d312ca24045cd""]",0,0,1,0,0,0,0.9
bstpstaking515mb8cbcc16,valid,,5,1,5,mb8cbcc16,100,10,10,"[""0x1b3b8b12b7bf9b1d8821bfc98cabc8effd4c5f2aea25c8291e662bffe19f088d"",""0x932383665799c1241f674264478c7dbdc9dbecd0c1d33b2034e91903326669df"",""0xa4a5871d752ffcf82f0971f07904f7cdd34150574ae793fcf1bff93d1aa06ff0"",""0xa2062d895d55eb1fe89e3a436af87aea855c3ba37e2b48c7bd119b1012c4edfd"",""0xb65630e7129a1fecafdca9eb7dbe53130a12b5d3e2e984bbf9c9a5399c6cc30f"",""0x230550ee2f183f79fbee87b09e6157a7bfd65abfefa14a749660749b7fa0d6b4"",""0x39700501189242fe3b7185fd03a5cace111de24b0c6b66471be82d30bc72ec27"",""0x7634f8326375f99ebfd7a8b203b7442a56b18cf7dc73f6238abd4122e8090b86"",""0xae105f7f87da768b512fdfdb98a0fbf6131d1571893bb99b9a0ab477ff1702c2"",""0x49e5774ab139905928ff21d948254adc70aa28ff5eea2ac796f32b0549b267a3""]","[""0x1cde8373a779839f2b591a11cac079df0f1eb3fb272188f9ceccb1dee8ec102f"",""0xb65630e7129a1fecafdca9eb7dbe53130a12b5d3e2e984bbf9c9a5399c6cc30f"",""0x230550ee2f183f79fbee87b09e6157a7bfd65abfefa14a749660749b7fa0d6b4"",""0x39700501189242fe3b7185fd03a5cace111de24b0c6b66471be82d30bc72ec27"",""0x7634f8326375f99ebfd7a8b203b7442a56b18cf7dc73f6238abd4122e8090b86"",""0xae105f7f87da768b512fdfdb98a0fbf6131d1571893bb99b9a0ab477ff1702c2"",""0xb3788db79f3ad700a3cc134a27acbcec7a0a587ffbcdf5927faa24e5c362d493"",""0x60642c6a8412d200a3413c5426afef17f3d72d45fadaf5cdde98b783893518ec"",""0x856f01151a1c15aa053c920c11f2f4a193b3ed4250c6ee2ebf77c3390fe0f275"",""0x6d5bfd47046b2e223b0c83d8c0d4e2ad42a064232926ed904efe73cb5d8f2133""]","[""0xb65630e7129a1fecafdca9eb7dbe53130a12b5d3e2e984bbf9c9a5399c6cc30f"",""0x230550ee2f183f79fbee87b09e6157a7bfd65abfefa14a749660749b7fa0d6b4"",""0x39700501189242fe3b7185fd03a5cace111de24b0c6b66471be82d30bc72ec27"",""0x7634f8326375f99ebfd7a8b203b7442a56b18cf7dc73f6238abd4122e8090b86"",""0xae105f7f87da768b512fdfdb98a0fbf6131d1571893bb99b9a0ab477ff1702c2""]",0,0,1,0,0,0,0.5
bstpstaking515mc5ae52b7,valid,,5,1,5,mc5ae52b7,100,10,10,"[""0x541ebb059060ff7f73374199ff51e8281c4dc5942c5c541867b4f25621486dc9"",""0xf11bad94616eadc4c930a68cc954c762e0ad7ae4e11f81bbe37778477da71fa5"",""0x3c4ef3727c5acae7ca4976ecf767571e18ac1b70a4aad2ac4f7b9139bcfc987d"",""0x281cd26d80e9cd95f098908b641c2534121c033c47795850d88fdab6f04f2af0"",""0xd5568fd406d7db628afa415d58bf5bd06959a92398aa702548e8e04793bedd47"",""0x801f16125e60466870bea2bd21d992cd2162aa6eaa6732cb4ab61cce175e63fd"",""0x8e6ed61f936c34115ed64b52efb53b493d279f72a1ed2c1dde342f98dfc9178d"",""0xb7eba087f5cc24fe2d08675f1cd5a26ebf3fd48642175807fccde9db3ffb3752"",""0x29eba7ba49866efd89a8dce8d84688734eb0b4b198d4992b288b36b31540c8dc"",""0x89c823bf9976eb820ef3b2041267ad2c6eed1f83e2ab87cdc4bf9577cff5a748""]","[""0x3c4ef3727c5acae7ca4976ecf767571e18ac1b70a4aad2ac4f7b9139bcfc987d"",""0x6e2ec90f7c36a36b5344a2aac6038ddc9c3860de12975f71142181a7a81c8609"",""0x12c0e8caa1bce7d499cbbbc665fbb364c09cd2977856fe2bf0027b9c600b9022"",""0xea69777677b59561b3782267ef6a65d6e0f38e1fea58f1ece52358972347edb0"",""0xb65630e7129a1fecafdca9eb7dbe53130a12b5d3e2e984bbf9c9a5399c6cc30f"",""0x39700501189242fe3b7185fd03a5cace111de24b0c6b66471be82d30bc72ec27"",""0x9920c06a362172692e96bab008e569caa257aaec2c8f130f3564a55f2f52357b"",""0x1fd6cd46a30ebaf43fddfe1aa0f8499987a4d3e3a687e3b577d2d1f1bf4d9e77"",""0x1721fbf3311a57adcac4eb75a9690451077fc079b0d94e4fa9d5a75bfb95e9c2"",""0x08c294941588d570c4ae95ce5aaf4a1592f278bd19029a2851efff2d86015692""]","[""0x3c4ef3727c5acae7ca4976ecf767571e18ac1b70a4aad2ac4f7b9139bcfc987d""]",0,0,1,0,0,0,0.1
bstpstaking515mce4af4f6,valid,,5,1,5,mce4af4f6,100,10,10,"[""0x16ce498ca01ca0ceb8f3414bf534752c6788bd73b78139628534c4880e7d0c84"",""0x2c901a1e69bd055532c177d57d97657c1ee45446cdc9b2ce5916eda2a5c7011a"",""0x0d6652a8c9d9575f5254120f3b037a86104172ca1dd77b5b55be2da39daf1385"",""0x9d71c1950fb2485a93785f76560ffd25d298604f8c24f57aa61b276f1d333d1a"",""0x1b90e8c58b04a10a353804eecc214bf40469c2a11062b2059f131c9b502fd828"",""0xd5c4a50b2f0f1a6b4de6fac9d21205dd083da5b62fc04baab6eafc6e7b7edaba"",""0x9a8e16bba5af5ac308ef348566b9c36d37beb2578b968a5d48629e2faf4f4f23"",""0x3967093de816a8135bb93981ddf3ff28fcfdac2bd2c93c8c7ff6770ac964e8b8"",""0xb759e3960a93ef78e32f4847b58dbc6b1c22efd6d9ccaa3b1a84911e6a288afa"",""0xffb33d2d1648788432430e96a9706f35a4dcfe30d45dd0e99a1eaf7e59ab6aeb""]","[""0x0d6652a8c9d9575f5254120f3b037a86104172ca1dd77b5b55be2da39daf1385"",""0xb759e3960a93ef78e32f4847b58dbc6b1c22efd6d9ccaa3b1a84911e6a288afa"",""0xf5162966dbd2c8c3b2195e7ee9c5e46a8dd1715287d079a5b92d312ca24045cd"",""0x3c4ef3727c5acae7ca4976ecf767571e18ac1b70a4aad2ac4f7b9139bcfc987d"",""0xea69777677b59561b3782267ef6a65d6e0f38e1fea58f1ece52358972347edb0"",""0x73d6c0efd0550ca38510ec910998f28c5f57de699ed4f4eab13ed86d90fb6b07"",""0x856f01151a1c15aa053c920c11f2f4a193b3ed4250c6ee2ebf77c3390fe0f275"",""0xfd6b6381e462eb69a90451498acc82533df2612f7e00141667dbce964caa982e"",""0x60642c6a8412d200a3413c5426afef17f3d72d45fadaf5cdde98b783893518ec"",""0x80ae3a3d46a5bfbf5f0adaf5d83aa1064814c65038e92093a16ea8304bd00bd3""]","[""0x0d6652a8c9d9575f5254120f3b037a86104172ca1dd77b5b55be2da39daf1385"",""0xb759e3960a93ef78e32f4847b58dbc6b1c22efd6d9ccaa3b1a84911e6a288afa""]",0,0,1,0,0,0,0.2
bstpstaking515mdd189b64,valid,,5,1,5,mdd189b64,100,10,10,"[""0x0d6652a8c9d9575f5254120f3b037a86104172ca1dd77b5b55be2da39daf1385"",""0x8e6ed61f936c34115ed64b52efb53b493d279f72a1ed2c1dde342f98dfc9178d"",""0xfc9bec6e17e3d34235748a04c8a772f602b2283e2946d9f68c2ed62bcdd2cd85"",""0x505f78474c398814eb0ba0cc3c08f6129e12bf16431876853283a43beac9d141"",""0xdf845dfbd70267c5c523805713303d6f4b7b91d97219e28f0508b46315e5e0e2"",""0xdabbd1bf365dd83a0175d5e359d11f8d109116b0745646ef8d2c6a2efcf851df"",""0xcd6d08f520a5a6aebaa079033393b6393e347445be26d2c107e8d7ee03c8f13c"",""0x1ebfa3f4b31da950a10ba4155a5675fdf5fb3ac42fe3f076668cfe359788f601"",""0x70466edbeed113ce8a8435ffd9f8208b8c3f50b2cf38281af86584c766a4310f"",""0x37890a125406e5e42ba213b40b55685bc6c328fc0106903b123b70d8312c1000""]","[""0x0d6652a8c9d9575f5254120f3b037a86104172ca1dd77b5b55be2da39daf1385"",""0x8e6ed61f936c34115ed64b52efb53b493d279f72a1ed2c1dde342f98dfc9178d"",""0x505f78474c398814eb0ba0cc3c08f6129e12bf16431876853283a43beac9d141"",""0xdabbd1bf365dd83a0175d5e359d11f8d109116b0745646ef8d2c6a2efcf851df"",""0xcd6d08f520a5a6aebaa079033393b6393e347445be26d2c107e8d7ee03c8f13c"",""0x70466edbeed113ce8a8435ffd9f8208b8c3f50b2cf38281af86584c766a4310f"",""0x737e933cd67a89d2c13038c499d7d71518a56e6b95bc97e9056a59b45c072c99"",""0x37890a125406e5e42ba213b40b55685bc6c328fc0106903b123b70d8312c1000"",""0x1721fbf3311a57adcac4eb75a9690451077fc079b0d94e4fa9d5a75bfb95e9c2"",""0xaa8fad824a174e57accf11eb34b23d020d6aa685da1925b1c30a611ffdb95a0e""]","[""0x0d6652a8c9d9575f5254120f3b037a86104172ca1dd77b5b55be2da39daf1385"",""0x8e6ed61f936c34115ed64b52efb53b493d279f72a1ed2c1dde342f98dfc9178d"",""0x505f78474c398814eb0ba0cc3c08f6129e12bf16431876853283a43beac9d141"",""0xdabbd1bf365dd83a0175d5e359d11f8d109116b0745646ef8d2c6a2efcf851df"",""0xcd6d08f520a5a6aebaa079033393b6393e347445be26d2c107e8d7ee03c8f13c"",""0x70466edbeed113ce8a8435ffd9f8208b8c3f50b2cf38281af86584c766a4310f"",""0x37890a125406e5e42ba213b40b55685bc6c328fc0106903b123b70d8312c1000""]",0,0,1,0,0,0,0.7
bstpstaking515me8bc7185,valid,,5,1,5,me8bc7185,100,10,10,"[""0x5b677b1ca640fe2fa90ccb13036a107a5177af4f0b0bd5ed853ac029e427d019"",""0x3c97283efec66e1a5ec8437966e087338da20f0aad3723d41d52c67328f7efe4"",""0x49e5774ab139905928ff21d948254adc70aa28ff5eea2ac796f32b0549b267a3"",""0x6e53ec51854bc45ec72e747b9db61797e1b20b6c0f523a3f2ead783fd267ed91"",""0xa7831feb3b6ce91bfea938682651e70d662f1266659cbce6eaf0526e45512a68"",""0x167a4d5214f28e5714dbe0ef582ab78f31d676888df89fd1380e7d60c6455530"",""0x90ecb607bbb48b913aefe5003509412fcdc1a78708f7390fad1c6953be606038"",""0xcfdc62eb5da1c0cc9f61c08540ca22833a6530d40de956ae254be5b1e0b59d74"",""0xfc9bec6e17e3d34235748a04c8a772f602b2283e2946d9f68c2ed62bcdd2cd85"",""0xc242c986f95f7cb745f870b1e292c03f57e59c36e809d37eb00cc8d235b22c5a""]","[""0x5b677b1ca640fe2fa90ccb13036a107a5177af4f0b0bd5ed853ac029e427d019"",""0x3c97283efec66e1a5ec8437966e087338da20f0aad3723d41d52c67328f7efe4"",""0x49e5774ab139905928ff21d948254adc70aa28ff5eea2ac796f32b0549b267a3"",""0x6e53ec51854bc45ec72e747b9db61797e1b20b6c0f523a3f2ead783fd267ed91"",""0xa7831feb3b6ce91bfea938682651e70d662f1266659cbce6eaf0526e45512a68"",""0x167a4d5214f28e5714dbe0ef582ab78f31d676888df89fd1380e7d60c6455530"",""0x90ecb607bbb48b913aefe5003509412fcdc1a78708f7390fad1c6953be606038"",""0xcfdc62eb5da1c0cc9f61c08540ca22833a6530d40de956ae254be5b1e0b59d74"",""0xfc9bec6e17e3d34235748a04c8a772f602b2283e2946d9f68c2ed62bcdd2cd85"",""0xc242c986f95f7cb745f870b1e292c03f57e59c36e809d37eb00cc8d235b22c5a""]","[""0x5b677b1ca640fe2fa90ccb13036a107a5177af4f0b0bd5ed853ac029e427d019"",""0x3c97283efec66e1a5ec8437966e087338da20f0aad3723d41d52c67328f7efe4"",""0x49e5774ab139905928ff21d948254adc70aa28ff5eea2ac796f32b0549b267a3"",""0x6e53ec51854bc45ec72e747b9db61797e1b20b6c0f523a3f2ead783fd267ed91"",""0xa7831feb3b6ce91bfea938682651e70d662f1266659cbce6eaf0526e45512a68"",""0x167a4d5214f28e5714dbe0ef582ab78f31d676888df89fd1380e7d60c6455530"",""0x90ecb607bbb48b913aefe5003509412fcdc1a78708f7390fad1c6953be606038"",""0xcfdc62eb5da1c0cc9f61c08540ca22833a6530d40de956ae254be5b1e0b59d74"",""0xfc9bec6e17e3d34235748a04c8a772f602b2283e2946d9f68c2ed62bcdd2cd85"",""0xc242c986f95f7cb745f870b1e292c03f57e59c36e809d37eb00cc8d235b22c5a""]",0,0,1,0,0,0,1
bstpstaking515mec0952f1,valid,,5,1,5,mec0952f1,100,10,10,"[""0x119bb5b05d026a441a51d331d2e813d4a51e2ca676f9919b728dde31c94dc798"",""0xdd364115eefd88d44ddca902abb962bd1038efc911e81847f0d1911029cb83fc"",""0x281cd26d80e9cd95f098908b641c2534121c033c47795850d88fdab6f04f2af0"",""0xdabbd1bf365dd83a0175d5e359d11f8d109116b0745646ef8d2c6a2efcf851df"",""0xbf11d678dcdece15f7824e21c504ec11500448bd6eb50749dea8bda81bf85a81"",""0xf5162966dbd2c8c3b2195e7ee9c5e46a8dd1715287d079a5b92d312ca24045cd"",""0x27f6a02165b673e7008df197e38e096214cfb8e24d4ed54d9d7086bd62eb23c1"",""0x68fb332560fdf6ea1d74d8c4bfc3ff952f79df911ac17e478862c0aa1c736db3"",""0x262e2e527250bfc9fea90edce78f93b95ce16f345766eb2534ba2fb39906d951"",""0x01829fcc6d779d94ee869f97379c6516562dc7f8b74938742ffefe6b09b93fbc""]","[""0x119bb5b05d026a441a51d331d2e813d4a51e2ca676f9919b728dde31c94dc798"",""0xdd364115eefd88d44ddca902abb962bd1038efc911e81847f0d1911029cb83fc"",""0x281cd26d80e9cd95f098908b641c2534121c033c47795850d88fdab6f04f2af0"",""0xdabbd1bf365dd83a0175d5e359d11f8d109116b0745646ef8d2c6a2efcf851df"",""0xbf11d678dcdece15f7824e21c504ec11500448bd6eb50749dea8bda81bf85a81"",""0xf5162966dbd2c8c3b2195e7ee9c5e46a8dd1715287d079a5b92d312ca24045cd"",""0x27f6a02165b673e7008df197e38e096214cfb8e24d4ed54d9d7086bd62eb23c1"",""0x68fb332560fdf6ea1d74d8c4bfc3ff952f79df911ac17e478862c0aa1c736db3"",""0x262e2e527250bfc9fea90edce78f93b95ce16f345766eb2534ba2fb39906d951"",""0x01829fcc6d779d94ee869f97379c6516562dc7f8b74938742ffefe6b09b93fbc""]","[""0x119bb5b05d026a441a51d331d2e813d4a51e2ca676f9919b728dde31c94dc798"",""0xdd364115eefd88d44ddca902abb962bd1038efc911e81847f0d1911029cb83fc"",""0x281cd26d80e9cd95f098908b641c2534121c033c47795850d88fdab6f04f2af0"",""0xdabbd1bf365dd83a0175d5e359d11f8d109116b0745646ef8d2c6a2efcf851df"",""0xbf11d678dcdece15f7824e21c504ec11500448bd6eb50749dea8bda81bf85a81"",""0xf5162966dbd2c8c3b2195e7ee9c5e46a8dd1715287d079a5b92d312ca24045cd"",""0x27f6a02165b673e7008df197e38e096214cfb8e24d4ed54d9d7086bd62eb23c1"",""0x68fb332560fdf6ea1d74d8c4bfc3ff952f79df911ac17e478862c0aa1c736db3"",""0x262e2e527250bfc9fea90edce78f93b95ce16f345766eb2534ba2fb39906d951"",""0x01829fcc6d779d94ee869f97379c6516562dc7f8b74938742ffefe6b09b93fbc""]",0,0,1,0,0,0,1
bstpstaking515mfadd38bd,valid,,5,1,5,mfadd38bd,100,10,10,"[""0x6b84de292cb6e3be779d6288c69c6a070bba523a2317a4d294c1616e10f137ed"",""0x29eba7ba49866efd89a8dce8d84688734eb0b4b198d4992b288b36b31540c8dc"",""0x49e5774ab139905928ff21d948254adc70aa28ff5eea2ac796f32b0549b267a3"",""0x9a0ed5a06fb6051d9a659f829e57ea0e382f714cb43d55efaa317c69cfae14ee"",""0x6ea2e4d3921eb79867ba52b40ba2fdf4df2de7e307f65f7742bf9f3bdb48a96c"",""0x1fd6cd46a30ebaf43fddfe1aa0f8499987a4d3e3a687e3b577d2d1f1bf4d9e77"",""0x16a4b9d56a3ab5e2ef284d0e822e6707757b125228793b37bc9e037802da9d9b"",""0xfd6b6381e462eb69a90451498acc82533df2612f7e00141667dbce964caa982e"",""0x505f78474c398814eb0ba0cc3c08f6129e12bf16431876853283a43beac9d141"",""0x60642c6a8412d200a3413c5426afef17f3d72d45fadaf5cdde98b783893518ec""]","[""0x71a93113087b01233d6a75b25863b56cc2d4ca947f24a3540208f7d1f5e5efbf"",""0xfd6b6381e462eb69a90451498acc82533df2612f7e00141667dbce964caa982e"",""0x505f78474c398814eb0ba0cc3c08f6129e12bf16431876853283a43beac9d141"",""0x3c4ef3727c5acae7ca4976ecf767571e18ac1b70a4aad2ac4f7b9139bcfc987d"",""0x60642c6a8412d200a3413c5426afef17f3d72d45fadaf5cdde98b783893518ec"",""0x1fd6cd46a30ebaf43fddfe1aa0f8499987a4d3e3a687e3b577d2d1f1bf4d9e77"",""0x429b49322f39406d28f591c75e8222ecd51db05a599ec5d128466346627eb705"",""0xae105f7f87da768b512fdfdb98a0fbf6131d1571893bb99b9a0ab477ff1702c2"",""0x353fcfc68b913bba883a1cbe437235257a5567ace334e692406b2239896cc845"",""0x7c9cdb9fd07a0e95dd225ef751470ce88b43ad6e9e209b3b95404c7a6849e39b""]","[""0x1fd6cd46a30ebaf43fddfe1aa0f8499987a4d3e3a687e3b577d2d1f1bf4d9e77"",""0xfd6b6381e462eb69a90451498acc82533df2612f7e00141667dbce964caa982e"",""0x505f78474c398814eb0ba0cc3c08f6129e12bf16431876853283a43beac9d141"",""0x60642c6a8412d200a3413c5426afef17f3d72d45fadaf5cdde98b783893518ec""]",0,0,1,0,0,0,0.4