responseKey,responseStatus,responseTags,presetId,sampleId,repetitionId,mutantHash,n,k,j,selectedHashes,killersInCandidates,killers,FE,HR,GR,UR,OR,RR,KR
dedudes311m034e6fc6,valid,,3,1,1,m034e6fc6,100,10,10,"[""0x39393156b8d1cfca792cce898be346812ce223c58b1141cea75c21e4183e9d05"",""0x3e1ea371858322638031295155e12d3211a96f3cfa54c6b021a7ee3ff806457f"",""0x73647254e06e3db62604fdd9e5b53bf4e2f4a3b10c5e5e037c701c0ecb606fe4"",""0xb0ccb82c9bd6286c0293447ee0f0dd360ef483f7df8de5e34b81d525afd81af2"",""0xe990b48760a33d3980ed663d2924f8f0409a3dc94d02fd68bb2101eb71e0289d"",""0x869de599f50868bcae2bf30b3f9dc56968a76ca825d8ca69c8ccacd27c06ee8e"",""0x514e863fad114b451ce08389d8c0d35190380e08dabf69fe9845898c23933f56"",""0x9d97d9bc925cf0899eecf009fb6c4f97ff7a9532e93b11844e49a715e4cd3248"",""0x1a8d31aaa763a757d4815df2b63891f7c359e36817494002d0435727f3476aa3"",""0xcff01b30b6806bb9eae09fecc57aeb0eb4541dbab1e2a39116d77e4d1aaf3b46""]","[""0xa79b998f79699d11b4f12c5472c7ae2ce658f690ff070100aa8cbbb0cec325c0"",""0x1c0420567499644eb79e43bb0e2de2482eb94f68d62492fc10eb1b3b33873871"",""0x370782400b6be3d398463e29ac2e7fce9b87893f1222016aba1dd78c3be96568"",""0x7c5a5789f21eba5040da4d9395aefc688a0f120e2e3c76700e30461d0c31c47b"",""0x89de293badb6e8ef2691d811ef98dd0c56e75d703141b55b672c6e4871cab4f1"",""0xb3073716ca6507c1e78222d02502caea417253f55b4cb4cfcb0c41b3b612423d"",""0xbc0dfb81cf9e22d2d366e0efd4ce5db0ee3ed857f9bb36b8dd7cccc3bbad7d3d"",""0xae212251bf7256512a4a9af0b279c3792a9c5c0cdf73f3fd29955527462b8c12"",""0x5cade3332a7dec40ebd048efab16eefe3f0e6f3b468acbd31aceb93ae5b85d6e"",""0x39dabafc64c5c5eff56582e8508223dee7f3a8041728d30970cf81a4d1e0be46""]",[],0,0,1,0,0,0,0
dedudes311m0ff0953c,valid,,3,1,1,m0ff0953c,100,10,10,"[""0x514e863fad114b451ce08389d8c0d35190380e08dabf69fe9845898c23933f56"",""0x0f3abeb156c2c78f8d6903bb725cb1de4b6d19227e5372ed037f9e2266ea3411"",""0x7630383fcb078291139296d78a141030b8622d7edd053e8fc6f38e847ddd67ec"",""0x9a360976bba2e89f0452b5504aa15a2a3d788f5279077f4971b22af6cc9e9338"",""0xf1a5d828a3c76d090fde663f9d5301f508996cd8bcd369bee7f8d22b8a7aee2d"",""0x1ce2000d19183a439276d735ea6c2190b0681a0d867462abeb010fad3c1fc152"",""0xe2993e4a58a59a05c2f565f81da6bd681d8ee870fd0cd5df6405c2c1292c9b9d"",""0xfb8bc2f44032dfa1d9f258c8382fbbbed2612f63d0914fe066563cbefb689a53"",""0xc525037a87e7014d839b6e7a0e1bb6e4ca5e2c993dd51d34afd16a24cbe8dd1a"",""0x44db1f41b36ed2fcb23bcdcb49f6b2aa63f0a0f30e97b2afded92dfc1e7ba7e9""]","[""0x765d52f21619492597e96bf708c6f038dfdb4a7bf22b86e57551684dce9e676b"",""0x71ab94c13c743a10ff59c33fce6c6c7e60644c829d79f4c3a18f8312be2eb1c6"",""0x628db294c688c4eec9f9c520278fab7789c6527927a822fca0c4df6fac2c7d52"",""0xa0951cebd37c052f77e6eb1f4ef491edbab78b2372a965d8b12f0cd2b384e20b"",""0x6a5a76b0c7b5a9ff0299b7cbe23ff0da94842d1be952c745bd0ea6815c4081cc"",""0x7762576bbe68bbf9edaed9c498946a1b92679b32c7b35899edd1ac48d61cad26"",""0x9ae658816f2cd9f9d93df26417e64b8206f18140199ccd1dc16ed9aabded2ef5"",""0x0f1f4219ee00c1666ac598c4ed9b73e8f5930e6f76d323712d4bed1a9bb0d89a"",""0x764bcc5941ba5a44d289d87d1fe02888fc912e1cd264062a64fef5461284e6f8"",""0x3a51e57a7788e54e0e0c36ac50908651d664712bc2ef1475a492710a1ff778b8""]",[],0,0,1,0,0,0,0
dedudes311m1329b005,valid,,3,1,1,m1329b005,100,10,10,"[""0xdcfedf9398802f73f7a2d1f72b60b444883576207709d51805aef8e9c2bd9006"",""0x31a2b52f44df29174ae0553d59320819c6eefeeeb55c1b611779c8c9fae7f1cb"",""0x2a5e128e330fed4bfaf57c8cc78efa89f132d2cebc6157cf9a34861d0134811f"",""0x5796a0b1e94dfa0abee5664ffb9bb988c07e65e1c29ba94cbbe2dfb72c1dab4c"",""0x419f5eb4fcec7160e1077f363a6abb859b5bc048752d788c5c2b14575dd4f8ea"",""0x8249eb48eeb71fdf91d6bb3a7bf796fdac5ed2582a28a72b5b0df909f0dc38ab"",""0x3060e5da25bb39ef8398320cc593ce861d5208a08984cf3e8ea99bea895ec4ce"",""0x0ba5c5fd145d9b0afbb3466978375105c43268c9ab04587514e1e4c324e87bbf"",""0x2b58c6f5e4821d8cb7e90ae30bbc8b543603770c27610f35c66d50d716bdb241"",""0x8f97525ee4f159262444da888995bedf1a70a931c5074d4b2737666660b70969""]","[""0x3c5c7c3cdfde1e6a610fadeb29af0d5bf14b21cc8fd41743407ef8de4c918396"",""0x9a83470f7fb314a3cfe2949cf7872a1b868d565fb7587189e4774901aa31e5b8"",""0xb1590d9042f1c9448f94de9acd0f4ff6270a18ecbe4ed2591313a4b052794ced"",""0xe9d3327a0c1b0f98946fae24d653fc98d80d851747cbf8ffec35ce4fab056c2e"",""0x046a603242429ffda7ad1f536f44c8464256e46136a39a88bbb37e6036461f55"",""0x449a819a683cf90a486faa5a3e69a3eff8527cf1e5d672408382aa66280f9bf2"",""0xe0af3ae528b720df7db331772a439a72d9b7c2a23d74b9a816247e89fca57021"",""0xf794db395623b5ff4392db660d1faa7a3db0b8bbb4c59093df8b7c7ba259dbc9"",""0x37034dcdf67d5da562530e4a81e736eb52d13a96010e9f98afd9681bf2443e14"",""0x9798ac9c171506a18608b78c3c0816154b74e320d9ebec9aef5cf7ee8820befd""]",[],0,0,1,0,0,0,0
dedudes311m44fc2bf8,valid,,3,1,1,m44fc2bf8,100,10,10,"[""0x3151cf1f6245ad1f95925a7c6ca997a55c4df051b87283ae86e2233718593879"",""0x94cc8dd56cb47a38c5fde48ab4da2f2d7a22afa57cd4737cbb3ea216ae681034"",""0x8dbc33bb09de968685fbd0241a07b9b02f51c04ad7594fb15973d8ba426e3d5f"",""0x85ff37b4e72c8a75621b51f4663b8e7212df70fb07bb8c71504b7ac483bc8feb"",""0x3a51e57a7788e54e0e0c36ac50908651d664712bc2ef1475a492710a1ff778b8"",""0xbc5a83be880d7f3171b94822c7b7ca95c64a9a22626724cd7c4652960b2ed6c3"",""0x1c76cd27db21833c76b73f90022dbd39f0042868bfb8f22cc60446026e2aa659"",""0x5236f24fda178ebee1e67f896ba01c7305c09718e74429772f449b40cbc5c735"",""0x8f97525ee4f159262444da888995bedf1a70a931c5074d4b2737666660b70969"",""0x271829efde76f2178f0a3dcbb7fbca9019632d040114254516933ade7a37ba84""]","[""0x9e14eb9b0b4d79e8a0f857e9e859cdf595c612dae2bb3851332b3220d3f2aded"",""0x1cd1a0af806057cb0041bf01fedcefbdb51d03fd6a0879a16c91c4bae5430ba7"",""0x5236f24fda178ebee1e67f896ba01c7305c09718e74429772f449b40cbc5c735"",""0xba43dc1fee7635c8ac3640bd49f486f7d217a475a123803af63389b831328443"",""0x139327ab62bbd4934b7cfc70645861896cb17522dd93377e162859737ea6d3ae"",""0x427b720a9454f6ee584a1ef9e5035b3e438f150cc81e15066d085a6fbbab522d"",""0xab3434f8b5ebbe9ed39e209cdbaf610d2b92816d62634fe264263410bc2a31ff"",""0x8dbc33bb09de968685fbd0241a07b9b02f51c04ad7594fb15973d8ba426e3d5f"",""0xd83117a66902557710ac877d5a6e5420420b22d06e9ecafd3d0d0d54852a5c3c"",""0xe75fc98815576ee938473e991f0fe07af751336b9957a62588d93fdbc0ee311b""]","[""0x8dbc33bb09de968685fbd0241a07b9b02f51c04ad7594fb15973d8ba426e3d5f"",""0x5236f24fda178ebee1e67f896ba01c7305c09718e74429772f449b40cbc5c735""]",0,0,1,0,0,0,0.2
dedudes311m58cd743c,valid,,3,1,1,m58cd743c,100,10,10,"[""0xc4fed2ac503a5dbc763eca6cb57b0f57969026007b35ef9b4a712e377d2c82c6"",""0x39f6e15cffa09983ed5aca5629a3205a25b8f4f871795c471d1a311da834f37e"",""0xa95ffd0d5bc70611f706e681fdd001a7128aecc863f1fd30af5959c525cebce3"",""0x2b7bf8536bf3848c686b35671da7328803c3b75398ab119d87e166a9ba872e8e"",""0xd5da447f1639752766f412123b8cb8bc0de68f74b45fe65fccccf4a366c25bf6"",""0x1408aa1b0bf56fea1c8d0a564f254982f3e9253b26979043d6949e536b51648e"",""0x8e3f42e5c78dbfeb92466b0a0085e6d9fb19d04cce5778f72d1d1c9412866b85"",""0xe61c79a28c846efdda2b7ffc661829ab40c7bb6fd66fdb61c459330caa712ac6"",""0xa0eb7bd51a718323ba3be09dc166cc7f2a92b7890c0bf3d5f5cc1ea523b97d9b"",""0xec1820e120ea32497bc4151cec1c2a1a74c506883244eed9e8c84b63b649b05c""]","[""0x9c6819fd248cd16a3fc17004ca2b67e87f5cc68986602147590293056036e6e5"",""0xe468d8edc4a54c19537f2de145f9b8e65cb9f043cd1aa27e1549c2d8471701b3"",""0x80e8fbcc08caa1dd06a1a7aed25697a96c8a47b4d645291144324189e0073967"",""0x909de760f48ac7e0ec11f7e278bfd2badcc2e1cdceccb1e89cf527196eb328f2"",""0x9148ff50cf94b78f204da5a6297852b12d17e8bc815147d5d8fbc5329d0ba2c4"",""0x8d569616a01ff7b6f8c3e29a5d33273ab6c86c53037cae27ef6cc51c67113f78"",""0xed645af593084ee81eafa1aa8b6951ddddbe81a8fdede6bda5e069b77a70b1ab"",""0xf108d19218ab1d485d94bf7edf808ab93b615d2ebf6bc7a6bb4ee827d1b06712"",""0xfdeb433372442dcc656d51c2e2bab43fef0e012ccb4076ceb0fb6f9ba1eb9b29"",""0x7c5a5789f21eba5040da4d9395aefc688a0f120e2e3c76700e30461d0c31c47b""]",[],0,0,1,0,0,0,0
dedudes311m5f378a26,valid,,3,1,1,m5f378a26,100,10,10,"[""0x9cbb79130a14d3f5d515cc15d95bee0b494d6180db7c5d28086086fc99f5214b"",""0x8c73caff07adb3f63f47af3d7424fca991180a267d5cc7d86f844f2e1ba8f8ef"",""0xa2a46c90bdcbf0a7824d46d8116ee6b7a39331f83d437ca351a71e9aacf3d533"",""0x3ec728f5c1dd490ae1229323fb5217f61c0b4dfe3255fcaa06be8db15e69c0cc"",""0x478c3e3adf74c4cbad602a50e81199167363332778058451b0a4c9eb8a77d6f3"",""0xb0f1aaee4e691db8018778d1e0cf9b337c5c3290d716d6a1c0d05e1ce0e86d4e"",""0xbca9cd9c406f176dac7d87ed364a97c88339629f9e888b17396584decde046f7"",""0x333b9e9edd19a072730c42a8dd7f10994f4688902ad7d1fdfdb1e15017ccca71"",""0x0bbef4c745f3085a906c297a79e399a838e17ecaea250c55e4922f2b6148146f"",""0x8536e1340f42b2bb95c963bdeef0cc1ae5e213da46ff6b6a93cb11e387290313""]","[""0xe03f52b78bc8e9eab84e177e513ae005b06cbe60597e3fbbb3f6cbce41404793"",""0x83597780a900e3443f7629c9b0b4181f53c8c3b119b210233befb1421e672e93"",""0x2c6ff6fd5988e48779fe9d7205881d59036eb530a80d7b3473f99cf9a1983500"",""0xd06a42d72cfbb96ba643618224587534b89ed6d8fc280e2b48ed9c6c13cd6972"",""0x29faba369a9df31c5cb9e6bc1c5e33037f979b47cee76339e986f878271fa5dd"",""0x93cccc9ddb2c07147c7775f32275ffe610eae9dac4a0b0e0c03c37e1c0bd53f5"",""0x94ec6120d2be59f3d3989ccd7d85da8a22cde1f056fcb7ac7cd109fc9c493352"",""0x5c922bd085dadc1604adfb84e835cdeb680d47546aebdc5f3cdc700301e4b7c3"",""0x96066476fea3949719914409cfca4f333dd56c06875c4cb6be7161a9df28ec5b"",""0xa79b998f79699d11b4f12c5472c7ae2ce658f690ff070100aa8cbbb0cec325c0""]",[],0,0,1,0,0,0,0
dedudes311m605d61cb,valid,,3,1,1,m605d61cb,100,10,10,"[""0x5a354742fd5b660be04a0326f7e084e2a2e59d132e361028f7dc0613581c139c"",""0x9bdb451523a210226b58d128fc9c31717b88f968f5b955dcf4bbcc316395af4f"",""0x4799c972997b453ebd835cee78c0e619ea6aab030d36b2c67ad565d6ece7f8e0"",""0x079d0adafe244885f377b00de582a588e308cffbc383afd9dcea817eddf2fd89"",""0x5236f24fda178ebee1e67f896ba01c7305c09718e74429772f449b40cbc5c735"",""0x08e97409e94dc96f481069021cc78b5317f47e4e4aac618845594360beeb00f2"",""0x284734447a6f53524c98c4dd4815449aac6610d509ba922a686dddacc5b48e4b"",""0x3cdc703e6fd5a4ef444924a804a9e23aff0beddc4f6eaa806e88bd8aa3edacff"",""0xe62709261d7f452aa55c910b9d397187478eb21667ffaa5aa1a69b42ef56a0d8"",""0x9e6c1086f0aefe1579355ae315ca3c5e3e52c0bd5e7470bf695e436359bf1ba7""]","[""0x5236f24fda178ebee1e67f896ba01c7305c09718e74429772f449b40cbc5c735"",""0x7c52680fcfef5c7a792985f3ad5c6f7d89246254102af68608ab10b59e8a1bc8"",""0x6288dcfe5fb2840d2562fff7aa877762bbb68d40fa73a282fffaa9a6f8c8a10c"",""0x17e8c26097d0ff404e51aff2c72019cb18f3aa51e2095995e64b675842e14a11"",""0x97423c55158df9670a689f78b9b25766a67c2206551fcfcd9909eaa2b209fdfa"",""0xf108d19218ab1d485d94bf7edf808ab93b615d2ebf6bc7a6bb4ee827d1b06712"",""0x8d569616a01ff7b6f8c3e29a5d33273ab6c86c53037cae27ef6cc51c67113f78"",""0x47399756da88a59616696c5337a59aaeb941e2d81c4f4caaf921c282c55c6263"",""0x29faba369a9df31c5cb9e6bc1c5e33037f979b47cee76339e986f878271fa5dd"",""0x4e20376d1da11c9e1f1d90c95dda5d888cc4afaf92514bcf2dce9c5d0ed6f72d""]","[""0x5236f24fda178ebee1e67f896ba01c7305c09718e74429772f449b40cbc5c735""]",0,0,1,0,0,0,0.1
dedudes311m61ff8ed9,valid,,3,1,1,m61ff8ed9,100,10,10,"[""0xfc04a19087edbc1da922120d26a7b65619068e66fa34d931b0f1f70c66c0267e"",""0xcdac4b8724f50f65662dfbe63aab4a8c00aba9ff45b3ef54b4624eb092178fd1"",""0xa62a958b83f6c5160074f14c3ec7e44184ca730e4dbae5c8895b45992a3b190e"",""0xa60061a46e6f3588611ff2e030a8c2739435473882e320556fcfb9df009f9e67"",""0x67d63531f3cc40537b83d4d01612f8e6285310d27661da535cc65e0dfe79e5a1"",""0x9d97d9bc925cf0899eecf009fb6c4f97ff7a9532e93b11844e49a715e4cd3248"",""0x8dbc33bb09de968685fbd0241a07b9b02f51c04ad7594fb15973d8ba426e3d5f"",""0x688f27a824d56679de1d4333c475084fa393064714c11e58add899fd8a98a2f1"",""0x6abe5b14e7e5f95462a3451441624c82b5dba83d2cb308d785adbb6c53944f1d"",""0x088e3169a82775127b1e3cb7eda9ffa169aad83cdd26743bd84a1994d710e218""]","[""0xa5354f7310ed91f59b1c345e39c21b3b0a760f554e1c86015d34b20bf1573fff"",""0xe73354790507ea53673c67d57b9a4e38a7c891a6f1eba2fd7509eafe56356b74"",""0x047056a4db8bc397a2311e162c6c84c92e428d210fad778e565a69407c2480ff"",""0xf753cdb4750238eebb2710939be41aec7da5c28d5812cc16ccbcf95421e17a65"",""0xac8b80036991313f0d9991aa483a95a9c01079cd33e372b5d4f6225deb94ebe3"",""0xabd36aa877f84ff262365e67d8bc106b156ff7a8b05109e7be64388152ff0974"",""0xa17d97abc100dc9f7fd738ca789c4f6db08b3c581ef01cd5161a5f139b8a79e2"",""0xed54d7a9fbadc1c92763a2cd69d632fb026af91e74faa22722bc8981334ce6cf"",""0x4075b1c1a48c332b84b4ca094e3b13c917ba819a5b04ff83479afdd4ca43c354"",""0xa2768aee9c99fab0f52e085695c2373eff29dcb97f88834346cad088b73812bd""]",[],0,0,1,0,0,0,0
dedudes311m62eeb31e,valid,,3,1,1,m62eeb31e,100,10,10,"[""0xd3b4b9f6f6182ab45c2a03bd0e3e5a74c67714cd31fc91ce22d96ec815857918"",""0xf36ffa249bf590354898aaf0ebe1f3007a0c588aec5369927e964e5e71192d84"",""0x75232ef6746d01e9b8c3c4fe3f6d217fbc13928d20867b00a929dcd7d5749bd6"",""0xe912236ac1e0fa2314dc68c399351e62211e87c3958e648e380df3554a876137"",""0x99c64562defad2f1718b78a3014eb5582221e0ab10d0f8da0d92f8a5e4472d1c"",""0xa0f680ecefd895d9fd933e4eeb021e41ab3693788b90070d8b448e2d300b62f6"",""0x63f38a7112e47ee5c2e95d61e4589f58c4a7b0ed0a54653dfe44a8213407c79b"",""0x7305efcada23bf932b1d643271d54b895f0d82a3a43ff08b0480680d54366384"",""0x9d21f7c8177175b4b017f567f2eb23d549e7bba245e7b971f5a42e5a55da7acb"",""0x63879342496d3a9984de17c415c87d18e806c8262cae4fba3e416581b42a0626""]","[""0xf96bf5d3cfccc96a356555adc13fcc7edbfa81afc78a5fa4043f3dcc47ae4323"",""0x75232ef6746d01e9b8c3c4fe3f6d217fbc13928d20867b00a929dcd7d5749bd6"",""0xe912236ac1e0fa2314dc68c399351e62211e87c3958e648e380df3554a876137"",""0x0147b80fb439b3c56263507b7354f947f9196fcd5c43632dafe2463a29356c5b"",""0x6e6d758c129baedd88101292ed8a6478f9e421eb01f679a57b3c644f3876f468"",""0x047056a4db8bc397a2311e162c6c84c92e428d210fad778e565a69407c2480ff"",""0xab58b9907d0218646605951a37a38307528978618ef01a598905f9eea1137c91"",""0x2bed620b53fb262419044820898d7dd1a83109bdd26079eb97a00f66fd19e50b"",""0xa5354f7310ed91f59b1c345e39c21b3b0a760f554e1c86015d34b20bf1573fff"",""0x4e20376d1da11c9e1f1d90c95dda5d888cc4afaf92514bcf2dce9c5d0ed6f72d""]","[""0x75232ef6746d01e9b8c3c4fe3f6d217fbc13928d20867b00a929dcd7d5749bd6"",""0xe912236ac1e0fa2314dc68c399351e62211e87c3958e648e380df3554a876137""]",0,0,1,0,0,0,0.2
dedudes311m688ed826,valid,,3,1,1,m688ed826,100,10,10,"[""0xbe40c8792c5e7ae1077cfd035d1031a37da1ba26bc235a9785b8bf1ed27c38b3"",""0x0b8c0325fd06c984bb93986ac7bf335ad1bd0b1607f0981ae6e3e86e5527e3c3"",""0x839d221d81f1ae2a6b510e74b2e2d3ecb1d1923a5e73e5ce35588c7f49a173c1"",""0xb086ecc9f1987195e428fbe1e843193148cd10078a32cc801b28d2a1ed5de014"",""0x47a125c76f0bd169a179e23268ad5b1fbec5feb6f700b4381ed6d376d527cfed"",""0x03ff41ce3837d17ef429a10b972d50f45403b7c44e06c77d3b93c92deba5adaf"",""0x61e230f1f990a8d3a0300bf8a7e09e217b30ad72b19412bec3047aebac8684ee"",""0xfaf37b28fcbcc7f2f02f71d4be535feaf714927490883908a2c93821686054c1"",""0x20dd80302732eaf7bdaade0e0ade88357a634d1a075dcc12c95de47479678994"",""0xf913286991dc35d59075233b4970a8964f5294e455ee2ebbf92b1b59a8b764b9""]","[""0xa6c3685747057209a427117968fe118950aad3eaaf5386b285e0b3b54cef9f87"",""0xbae758a9b835e93f83a4715b4d0b3f8e5e2f3c17b6b72baa0d50ee310925fa9e"",""0x71c27b8547dd4bc5b567c4bdfea30552124c62fef8f8c10781579ba95ad6bb72"",""0xdf68bebf3b276ea37921247bf2bc5d4faccce08b5f9721559030b1e34603f1a0"",""0x3fe9683c0e77ca5d1c545a47a22db2070f92b786ef071a3bea362ae0ae8b76d4"",""0x9e14eb9b0b4d79e8a0f857e9e859cdf595c612dae2bb3851332b3220d3f2aded"",""0x24b3965f185cdbe1fc3727ff2135238ce0ef4e7ee1390c559ac159dbe1d0c04e"",""0x2ca8d5400b3f2a2c1023e937e8cefa19eb7934d6c64e4eb7ccaef4bf420eb203"",""0x910c2fec08f3cbf6278353f88ca09a0d1a2a74f3fe194bcc8e6ec6df84b6e5f9"",""0xd58da8985226932f70603b9da4ec0037387458a6c26bbb78e6f7e2fe68bf86bb""]",[],0,0,1,0,0,0,0
dedudes311m74b51335,valid,,3,1,1,m74b51335,100,10,10,"[""0x83a064fb0c3d929367b562453fd56149325de6ec75b506925731d32e2572c2b0"",""0xe34a9826f7afff98a0f7315f2941cad3a4f3746a2d783f7b4d3a1c52103ac968"",""0x2b2aa943c85f444b73f30ba39f4ba1c0ea5599ee3d455d9029994832f8935d89"",""0x927d988818abf504d4dce598e7494e5fe56f33a54d03cedc61bbf54d48dc68f6"",""0xe5ecae235c072b0d9441adcf860679092fcca7857047561a06f49649793f3001"",""0x4feffcd1822aac4917801fa166946af6d6a03938638e96f75b64f78af2d00ed9"",""0x89de293badb6e8ef2691d811ef98dd0c56e75d703141b55b672c6e4871cab4f1"",""0x22cffee120b9fef6e183355806151510b8fbe72aad105bd57256f3009248a074"",""0xe2f12dcaf7d2e6820b42df7b1d09b421258c275035e2e4ddf615a73496f5ebb9"",""0xfc083120a8feee1d0e6b43f830cba5e438a319d4980811114ad255bdb0f158c3""]","[""0x89de293badb6e8ef2691d811ef98dd0c56e75d703141b55b672c6e4871cab4f1"",""0x93cccc9ddb2c07147c7775f32275ffe610eae9dac4a0b0e0c03c37e1c0bd53f5"",""0x888905a0a534ce554b87552efa11982058f2bd78d7cd30f22878b95f388290f8"",""0x2bed620b53fb262419044820898d7dd1a83109bdd26079eb97a00f66fd19e50b"",""0x4075b1c1a48c332b84b4ca094e3b13c917ba819a5b04ff83479afdd4ca43c354"",""0xbc27e5eeae8d24741e37498174c18b7be391ae0403b6218c92734f8c2f6a975a"",""0x47399756da88a59616696c5337a59aaeb941e2d81c4f4caaf921c282c55c6263"",""0xc23952c378a4c56a3ccefad166600f45f6a804220be6ee2ff45beb77fe1e1a80"",""0x2c6ff6fd5988e48779fe9d7205881d59036eb530a80d7b3473f99cf9a1983500"",""0x9c6819fd248cd16a3fc17004ca2b67e87f5cc68986602147590293056036e6e5""]","[""0x89de293badb6e8ef2691d811ef98dd0c56e75d703141b55b672c6e4871cab4f1""]",0,0,1,0,0,0,0.1
dedudes311m87a0e423,valid,,3,1,1,m87a0e423,100,10,10,"[""0x12b10840af76dae24935c28d98e8bcd4783afd7ed0d83ab1ed972536b18bf82e"",""0x48bcc597a4fa707c2d615b32c129a4069ac4c0120947d0afdb5e897b83ad9128"",""0xa07e1bb4b31aae6683e1158eadb7ceefe76575d47e5c5475ade42c4fdf34acd7"",""0x4ecdf3e02d13c9fe32db547b16d4703e37fffadfff94ccccafba5d3492270e84"",""0x60b4be27c72f7952b0b6b9bea5ac61f7e8696a302ff5c4ae98e7f96cab5c7a83"",""0x8372a168f80223301a841ccd20e1d78bfa5e76f99dd804a3b347c99d9b4792c1"",""0xd6a2f9c2214c12267b75d28bf053ca981c2e4d1166258c80b31d62a9b2553c2b"",""0x6fba408e22eec7c548af58eafaa30b19c288e277ca56c93fc10599e1738f98d9"",""0x6cec17c15f975a0c2c5010ded2db37c1c91e6bb5d35e7a4d07a843a76bd9fafb"",""0xa5fcac3b6200c8a4eef6478c386b35a7a0f848fc4e4ebaba3ac5ea92f2720222""]","[""0x4ecdf3e02d13c9fe32db547b16d4703e37fffadfff94ccccafba5d3492270e84"",""0xd247cd5ac6d6b3dc844de66d61eb913737ab441ca94132664b1e1abf058db54f"",""0x8fa0c2d99bbdc01f3af5867614abefa0c4ddc6da838698d9c9c816368a4c68ba"",""0x7321022e3cb70e0ca5419929854423847ec5986fac6ab928bccba76d1f95085f"",""0x4b34d937794e2a40aa0e0b2cab3894d84cc5ca50772ada5dd00d3bdd255111bd"",""0x9472b1c0afb7c6751ad0c546dcd2b1fd4d72269eeb6eec0590ae3ea255789880"",""0x57137b2edd3af8ab8e1a99ca842ae3d78f905ad42c4f079677b2656f7cc647da"",""0x4feffcd1822aac4917801fa166946af6d6a03938638e96f75b64f78af2d00ed9"",""0x6cec17c15f975a0c2c5010ded2db37c1c91e6bb5d35e7a4d07a843a76bd9fafb"",""0x11c6ce9371279a26939a5cbfa91e968d27cbd7f2d8cc288ee357c306c820b030""]","[""0x4ecdf3e02d13c9fe32db547b16d4703e37fffadfff94ccccafba5d3492270e84"",""0x6cec17c15f975a0c2c5010ded2db37c1c91e6bb5d35e7a4d07a843a76bd9fafb""]",0,0,1,0,0,0,0.2
dedudes311m92034409,valid,,3,1,1,m92034409,100,10,10,"[""0x139327ab62bbd4934b7cfc70645861896cb17522dd93377e162859737ea6d3ae"",""0xec5694704d88b9d8110cbdb1eb4a9c4b2a036acea4f55b393c0e4ca8f6238d20"",""0xa92224ce4b7dda50fab4450bf4c8ff480c9c16e371a6cbbf4875632f481d1494"",""0x74e7be8b32e08c0943c3f357ddc428139bf197e2d2871fa7255a72393adaea53"",""0x83e3b0998b66120f052c7011ac7fbc31cb77b9e864091293e141f1df231ff2a7"",""0xa353c2146e9a243fb7360a35428d933c411fa272574b61ad2a7e5bb90c5877ce"",""0xa21c58439ba76498112a9dd59801d9eb71d2b8e004ee265c9369fa2383ba8578"",""0xe2d9f6ed2ad0b01e6a7da20c6ad257cdcb875d010863e437299eae66a07a4a83"",""0xdfd080e6d5625036af3e0326c7a63a6a701a1b110406427479510f5d022293da"",""0xd5da447f1639752766f412123b8cb8bc0de68f74b45fe65fccccf4a366c25bf6""]","[""0x52f959174b3d5e4a9c601c8be94fb382d572ca485eca8cb636993fb300b8dd2e"",""0xb8b2866e059e96f8e2a4becbcb056bf746394665af6a4d7332d712015aab77a3"",""0xc4ec954ae50a47e6f4dc94c797d002b53e75a54561cfebd8ca67b32879cec36b"",""0xd640fc571224b43933da64febedeeafadc7979499fd0e6564fb7d8d00ca2b2d6"",""0xbc0dfb81cf9e22d2d366e0efd4ce5db0ee3ed857f9bb36b8dd7cccc3bbad7d3d"",""0xed645af593084ee81eafa1aa8b6951ddddbe81a8fdede6bda5e069b77a70b1ab"",""0xac71cf4c6d1b0b6ecf72b81901d1e7b92d55b1424c93743d83a5a6c3a2a95112"",""0x0026d3f471982cd447ef47a2f259ea569aed62b3822c41c4b317797fe231a5dc"",""0xa85a50d3fbda3680b262cdba8344aa00eccd23094f7e17385e88cbdb6c045853"",""0xafaf37138b574609e2b3a5e1aa3234f080ad70ad5676fad40b19895a078d7dee""]",[],0,0,1,0,0,0,0
dedudes311m9a581345,valid,,3,1,1,m9a581345,100,10,10,"[""0x9f0a3a8d25a45639ae098d31cf4d9b0b878f2554dc75dce680d565515a32136c"",""0xe3518c539249e19284d9ecf920f9253c5f48a52e01c01c383a78c92121870ffc"",""0x0b11176ffd279cf4e1fc5f4d0afa222f064ee56dcbfaf089a9abf5597195b176"",""0x15418becc3a38294b44abffeb029c97bf246f89f0679daa94e431a72b8d79af7"",""0xa077d467da14848d18e59e8577d5713ebe983a7a361998d6825c5db70368f0b1"",""0xac5ecac7d584cbd45b73f675f718039e84bddf088049e6157bdfbfa30bb637af"",""0x8d98f7816fcb639524d773e5e55d56bbeaf3f4600fb96198b9db450d832e956d"",""0x124965f4295b430e31600aff8339d9e8d948b45552f88d1931428fec081af241"",""0xab3434f8b5ebbe9ed39e209cdbaf610d2b92816d62634fe264263410bc2a31ff"",""0xf805dbff6348742ab14cf679e7f8361efca863743fdfdec50829ae45981920a9""]","[""0x29faba369a9df31c5cb9e6bc1c5e33037f979b47cee76339e986f878271fa5dd"",""0x8d569616a01ff7b6f8c3e29a5d33273ab6c86c53037cae27ef6cc51c67113f78"",""0x6e6d758c129baedd88101292ed8a6478f9e421eb01f679a57b3c644f3876f468"",""0xa5354f7310ed91f59b1c345e39c21b3b0a760f554e1c86015d34b20bf1573fff"",""0xe942f44aef93d4afb3cbaf854f82604034c778e957f217525c0d5b8745fc0e1b"",""0xddb3d9f3dee573b1be47b97205b1dad6937e2aa63171287104d449baee27f61b"",""0xcdf69590102e2120a0699bb0bb4b1e9ded25e4d2f24f7526b1cb67c97658534d"",""0xabd36aa877f84ff262365e67d8bc106b156ff7a8b05109e7be64388152ff0974"",""0xe32ad4d2b4c5e2a403429a97e94d1115a2a6746b5eefeefffbb697694fa1d4f2"",""0x7c5a5789f21eba5040da4d9395aefc688a0f120e2e3c76700e30461d0c31c47b""]",[],0,0,1,0,0,0,0
dedudes311m9f25cc42,valid,,3,1,1,m9f25cc42,100,10,10,"[""0xa52341e05fdb6a81cf1caa591fe1e05c71018324a4fe74d32a338787220793ba"",""0xb54d31f2e89f6e1d3d1d659f1ffec1aa642d4fbf8e6dc52863e208aea5410ec1"",""0x3151cf1f6245ad1f95925a7c6ca997a55c4df051b87283ae86e2233718593879"",""0x4ac00df2e8e7ebd5d0c84d61568a0ac2e4504fc1371ad1292ed28f3f57f5391b"",""0x8788939ddccdf8e78e57c0735229a8e72ba044b2830d252589de113f575b9c91"",""0x560a3a1989194c2252f21688e120be2ccd659c75fe1edf11e3657c036f6b97b0"",""0xda4e65390f5a56d4d12deb6f0eab1bc6c76312ca72441fb19d514dc8a972574e"",""0xf1a5d828a3c76d090fde663f9d5301f508996cd8bcd369bee7f8d22b8a7aee2d"",""0x6ca26056104de6a9637fabafb1922d5f2f87e552b8a56e1e2bf5f3f18c17a1fc"",""0x6f36db2e89512e0d23a9d0d6aabccd47dabad6c24d86f4ed3e2f34d2f18b5970""]","[""0xa52341e05fdb6a81cf1caa591fe1e05c71018324a4fe74d32a338787220793ba"",""0x560a3a1989194c2252f21688e120be2ccd659c75fe1edf11e3657c036f6b97b0"",""0x012f7a5533aa10df03f81882585c8519379e85aff6b3795e78345287a76146de"",""0x6ca26056104de6a9637fabafb1922d5f2f87e552b8a56e1e2bf5f3f18c17a1fc"",""0x76a481cda16a9b51383887ded51afb2739c0bd85e7cd613c6454f2556d72b108"",""0xf1a5d828a3c76d090fde663f9d5301f508996cd8bcd369bee7f8d22b8a7aee2d"",""0xa57a419d14e97fbd6f66deae8d60b09b35e6b3eb57fdb74ddab9d88b42a9f182"",""0x679a4b7500e218a9148e881a0eb0c30fa15405ad10fcb785ca882ce2b28dcc69"",""0x13ad2aaa30aa2c9cf95c2a9bf238b1c9dbf105d72ea30521868af92a2d943b6a"",""0xa8f6645926614e855e9e5410950b0d978447966aa63f119579ee2f9f1f815372""]","[""0xa52341e05fdb6a81cf1caa591fe1e05c71018324a4fe74d32a338787220793ba"",""0x560a3a1989194c2252f21688e120be2ccd659c75fe1edf11e3657c036f6b97b0"",""0xf1a5d828a3c76d090fde663f9d5301f508996cd8bcd369bee7f8d22b8a7aee2d"",""0x6ca26056104de6a9637fabafb1922d5f2f87e552b8a56e1e2bf5f3f18c17a1fc""]",0,0,1,0,0,0,0.4
dedudes311m9fd952b2,valid,,3,1,1,m9fd952b2,100,10,10,"[""0x036a595e716e8da3a4c46e58a85df4d19113dc842a6238e934316df99832c1dd"",""0x3728d769a0e94a8d7bb4206065a99b977cc27b6e56b6936abfdfa99c2fc0e994"",""0x15375c29885ba8ec082167b98e385179d2cde641aadf61f7df0b498c97135d9e"",""0x73a62e998c49c44eff7b8e8609b7f88c311aa6782b8fc9bdbfacdc626d2fcdcb"",""0xe555525c3bc0d80fca0e2317606c1ab1989cd0197928ebf012343945772b3b11"",""0x36325be2c7f69c9601387ed100bf79870de4c555a64c0db295caf22d19ea7635"",""0x0f2a92e8313992d89e001ed36f44bb9617d65da086386b11ea9fe18d2fdfb106"",""0x977290baf6f2ff71e6f26b4bad22e0ec62100e1a2f5ac2b4e2b7c506d3d8b3b2"",""0xf8373f96b98e85231c4fd0c76442671e3b6c949cba09350c4bb05e5bb4910097"",""0xb0f182a6fb1a12d29d8b7f5a6d67e5571b130acb3f2fa1450cd9a73599401acd""]","[""0x0248d2cb7fdf2a7095b7715c24e053f0425e97a94dbba26f5fbee48dddd62335"",""0x52f959174b3d5e4a9c601c8be94fb382d572ca485eca8cb636993fb300b8dd2e"",""0x370782400b6be3d398463e29ac2e7fce9b87893f1222016aba1dd78c3be96568"",""0x13b6d9bdd6ca06f426dc0d41746324c9ce628d54eb8c6f7585171d54489105b2"",""0xd7d653f7f8e66eb593bc9b749e14270025b9d8fa3c3b79c90eee945e199c8d4d"",""0x2bed620b53fb262419044820898d7dd1a83109bdd26079eb97a00f66fd19e50b"",""0xac71cf4c6d1b0b6ecf72b81901d1e7b92d55b1424c93743d83a5a6c3a2a95112"",""0xb608421e38e36743f8fbd8f6ecfada1c05dfd5091e111c5bca9db9c42a39324c"",""0x51ca5ceea8865e68fea76905e36eaf9b1307c13e80e084abd7c08edfc103c620"",""0xf96bf5d3cfccc96a356555adc13fcc7edbfa81afc78a5fa4043f3dcc47ae4323""]",[],0,0,1,0,0,0,0
dedudes311ma13a9811,valid,,3,1,1,ma13a9811,100,10,10,"[""0xaec5f3d8354072d281f62bcf5bb667d28adf2707c88750a1fcac78122226a936"",""0xef7983386c52f2e3fd86953cb396f63925a347990bc0788e13470bba1246a1a6"",""0x4d26cdd7c14317b28683534f1a6b0eef1e503cf2c0dc83905a7255717c75ec00"",""0xd6123c9172358a6d7a877304cb9b7311be7ee4684008057c0434f3bc871f49e1"",""0xdaecba2ed12f5a5b70fa12804a2e95989f00d20797517e0792bbbe0eb9fa7798"",""0x08409c88ced795e923586fc7541cd01415324e0c0ccb6ceff805c6a07281896d"",""0xaf3d313a9660b78d41374e9625c0998b95a35b34aa64d466d29942912711d3cd"",""0x8788939ddccdf8e78e57c0735229a8e72ba044b2830d252589de113f575b9c91"",""0xc5c2cb86131f9e87776a8803ffd32d0cd607c48d0d8417a53e9e914dcb7b7f8d"",""0xf0c29128cb7d3f53c7a18463c1f5c4a9282a88704dca8ea3bd7f099c7d9bf553""]","[""0xef1c682a96f426ceffe117ba429fc06fc879a35e191eaec5c199908f2c665b34"",""0x39dabafc64c5c5eff56582e8508223dee7f3a8041728d30970cf81a4d1e0be46"",""0x609b958fedcadd17d8814bf0281fbcd474cb57d80d9499dfbe8dc94438a4ca9c"",""0x022d2f24e20eecc4054c519000a7e45043cf9f7e0fd1afee78279de75da5f9e7"",""0xaf3d313a9660b78d41374e9625c0998b95a35b34aa64d466d29942912711d3cd"",""0x5cade3332a7dec40ebd048efab16eefe3f0e6f3b468acbd31aceb93ae5b85d6e"",""0x27ea82588e84c8f07bd0ada1a20ca6b092985d021be143ad1979036c018adddd"",""0x6f36db2e89512e0d23a9d0d6aabccd47dabad6c24d86f4ed3e2f34d2f18b5970"",""0x972cfa2de1c4f801959ffadb7e6ad7fb4c8add483fce5ec5824eb11e38544b16"",""0xc5c2cb86131f9e87776a8803ffd32d0cd607c48d0d8417a53e9e914dcb7b7f8d""]","[""0xaf3d313a9660b78d41374e9625c0998b95a35b34aa64d466d29942912711d3cd"",""0xc5c2cb86131f9e87776a8803ffd32d0cd607c48d0d8417a53e9e914dcb7b7f8d""]",0,0,1,0,0,0,0.2
dedudes311mab0bf37a,valid,,3,1,1,mab0bf37a,100,10,10,"[""0x9aed8bfb07987e63232962f5af76c2ad8c132a6703f223afdb4de05c67ab77cb"",""0x8c37ac7cc1279806c1ded6a839ffca45e0e549d7c2e0d4fb43a1327571a967e7"",""0x77a7f4a4cec4923effc14efbb46c65759f6a150fc825f497ed29505d1ad374ee"",""0xeaa45f721f0193234674afd501aafbc171cb87d7a5e5b4dbc0bd41dcbcec9e77"",""0x6fd17a652fd42f0b032ad8a397412ff25dae2c10400f4666f1f6bfc8ad48d915"",""0x719e6a425a231987c5d6ebd8283d24fd26d7958ee98c919192853e016c7933ff"",""0xb90e214485cb1ed527c7dbdc3b770b5e34699f5254f221755f60c626c1fbe677"",""0xb9f590d88d6c9146671e5137d6a502bcf8d653ee9aed7ce5928670a7a618cd4d"",""0xb6352a671bfe3368a1003e88b7edd7d6bc65b709430a7d2bef1be970c057f813"",""0x750594cfa7290e9f2116794afbbaacdf646fe7e2d2e510c001bb665f28e47ed9""]","[""0x2432cfe4f9353b1ba5658ab99af0b32f44ac9b15ec481b90164d7045e845a019"",""0x94cc8dd56cb47a38c5fde48ab4da2f2d7a22afa57cd4737cbb3ea216ae681034"",""0x037a73ab9a72306dc8ebecdf80a2ab16d414d96cf2f63c7fb32feb92bf9a5b6d"",""0x3728d769a0e94a8d7bb4206065a99b977cc27b6e56b6936abfdfa99c2fc0e994"",""0x88ce248d0afdcbdb05816c4e2b41523403adb46f31d661e6aa300f6254b8d800"",""0x6ef4bc7397209ca22235b99ccf40dcaebfde72aaa515cc2878e92594219cfd1c"",""0x39b18f99686017920bc59b0c772f4d47d87cbbe371ee08db66be4c9837fe57a6"",""0x3151cf1f6245ad1f95925a7c6ca997a55c4df051b87283ae86e2233718593879"",""0xae344a42798a222d1914b1cb70cd1dad6397e19b0a3608362b5b5f2aeb02772b"",""0x4aee22d2ce86d209c5c30927446358b8b9f135060ae67977c95ce8c029f89aa6""]",[],0,0,1,0,0,0,0
dedudes311mb8cb04ea,valid,,3,1,1,mb8cb04ea,100,10,10,"[""0x8b07cc9cd4fbfd615d3e52d1c35b63fc5d64a682d5120a3db6d1d91970d0d794"",""0xaed8518e8290ba77e2c3751a919b37635189f51df6200ec4dc85d803f77c577b"",""0x8f04feceeeafb4b38ff43f8d5232b1bc6aa0490e4de92a67b3e7fc9e2f7f8232"",""0x47bfcbf258c53c0001cbedd45b0e664916106636b82ed2d3afa34c76dd555a3a"",""0x5f3cd4cb79de3a0e14f1da49f6bb031c06a2378c43b198e0e368b4e8b8764243"",""0xc05ca9c89c31d935e983a93ca76e5c5bce8e8f1119b409eaf47715b2f9a60ab4"",""0xe63e2c269971e74b53d28366ab0f97aa8abe54de17097a543041aa6f1aef67c5"",""0xddc8a0d4673d1ce329c6876bba52904788357efd9dc9e6a34f141cdbe74005f6"",""0x52f1daa49da9bb01c2eaf602a56a61152b52332947efec47b3dc6c008fbda404"",""0x9d5c8596dcc710f181db4528baa8d6600791ae9dfc7d96e60f73f34cc6de4fda""]","[""0x29c02eefa13b389c7de0218a34632eb93019200b921bd22dc7c6c42f9112b76d"",""0x9822e8750b69266bf123039815e7c7debfb278e6d07197ee125e1482633a49a4"",""0x4763c32c1e649afb2ab46d1ce5e7891c848aedd9ae897db2ee4649bacfb9b707"",""0xdfd080e6d5625036af3e0326c7a63a6a701a1b110406427479510f5d022293da"",""0x4b0222fbaafed533465fde16e92bb2d156becc43115ff346c51481937cb2ba3e"",""0xdd90815cca98f1110bdd2ed20ca96dd581c2178f9d2d8d5ad452484cccb34bf8"",""0x29faba369a9df31c5cb9e6bc1c5e33037f979b47cee76339e986f878271fa5dd"",""0x129000e4093321a868285d2903488aa7b940a0eb1357e3a264c688acabe9afa8"",""0x047056a4db8bc397a2311e162c6c84c92e428d210fad778e565a69407c2480ff"",""0x1d6e3452d8c14ba8ad0da5768f4e893379ad5195191614ad63a148e604464086""]",[],0,0,1,0,0,0,0
dedudes311mb925a6f5,valid,,3,1,1,mb925a6f5,100,10,10,"[""0xa353c2146e9a243fb7360a35428d933c411fa272574b61ad2a7e5bb90c5877ce"",""0x58a1c325755d0a61c9d5c5ecc8e5b1a3db351be2f7ed0586b3f4c827cb2c5199"",""0xd07dcd945ac0aa1fbce15f81f2f1057f33d924b5942b074332c1ff7ad8a9da00"",""0xe031eefb83fbac3f912e01bd186ab428a6106a2e1da9d24510ac2df9edc04e92"",""0x039e21128fb774df525e96211f7416810399021fb9fd597495338d0fe777fbe0"",""0xb4303322b711e6762ae2090a8f30b0a3b1c3052a59b4e7d100215f146825bb98"",""0x560a3a1989194c2252f21688e120be2ccd659c75fe1edf11e3657c036f6b97b0"",""0x1051a010e28907f5830f47dd61b48d799c07a62579e5d39cd09a23a9bd2d9b2f"",""0xec1820e120ea32497bc4151cec1c2a1a74c506883244eed9e8c84b63b649b05c"",""0x2270c09584ff34309d9c951ade049db876c4e56549fc7cafaaf3003678bde7aa""]","[""0xa353c2146e9a243fb7360a35428d933c411fa272574b61ad2a7e5bb90c5877ce"",""0x9e0035c857436bf9a94b0c1f19742d65d3462a5bff4e25d177ebf09586ead800"",""0xc05ca9c89c31d935e983a93ca76e5c5bce8e8f1119b409eaf47715b2f9a60ab4"",""0x9c6819fd248cd16a3fc17004ca2b67e87f5cc68986602147590293056036e6e5"",""0xa8c3c7e57cf6c6713678487ba19f25122b93fae36f6ca5c7e9cf0bcaaebe2be3"",""0x560a3a1989194c2252f21688e120be2ccd659c75fe1edf11e3657c036f6b97b0"",""0x7c2efe492501a633d48b1f5befc513201a40bcd9179017831de762365f9fb0bc"",""0x85fb9a6bcb387ec3dd49674beb0f8f9b2314b34426021f771fb5b9843a3dedd6"",""0x08a53f92c6c09bad8332e30c9d75fbebcf2d11886157685b3dade47a75dde95a"",""0x0313e2439d3f04048546ca2621a685786bc28d32f81734049f4df72a1d29a9e8""]","[""0xa353c2146e9a243fb7360a35428d933c411fa272574b61ad2a7e5bb90c5877ce"",""0x560a3a1989194c2252f21688e120be2ccd659c75fe1edf11e3657c036f6b97b0""]",0,0,1,0,0,0,0.2
dedudes311mba695eef,valid,,3,1,1,mba695eef,100,10,10,"[""0x13454aafbc4e37e9cec57f23a7668d44e38a4dfaf40f9d43cc8fdda8c1a87fb0"",""0xa9a8b3d41055d0bc65f9c61ebf60a0558b65208450595b48ae10a7cba0f34aa3"",""0xe9082b011d954d90121830a8a30ac910553bca2090b0e3d49fc435ebe1d4348e"",""0x52e59647643c2c01810310d0fb72eff319a0677526b5333726b2c120f3b8d851"",""0x573e584c93cf55c214a4f7070d04e40f91a3acf77fc0194788ebc5697c71eb35"",""0xf8a96c5296d71cb7df796ee93098e61ca8e9d53f66eaa524a521d50214b867bc"",""0xdee91e079a46afa37dd1b51f13c6705acc2d9cdbe739f7de9d49f8537b69376d"",""0x925069f6d3cee94c1ef4eeb24cc361a40fe654a18deeb403756a8ee0e9c6958d"",""0x6dc835c072a566da9bc6b37d954b4a2c41ff45ba38a897c1c5711f1bd682215d"",""0x123421fba87e405fdee46786a28e20b9b78b711dadb27905c22345cc2e576bac""]","[""0xf76e1e06753c8a4e15491a4e3b5413f180e6aa9fdad03e81d4979d2ce56ecffc"",""0x44543bfcc1209f569e163db7d9f5b43eb42702bdcfc9c51ffe418f6bc59d8241"",""0x7c5a5789f21eba5040da4d9395aefc688a0f120e2e3c76700e30461d0c31c47b"",""0x8de6a75e281e848e359cdd72e5c738793171e2faf5cbca33bc8b8d13f2e2241d"",""0xed645af593084ee81eafa1aa8b6951ddddbe81a8fdede6bda5e069b77a70b1ab"",""0x8dbc33bb09de968685fbd0241a07b9b02f51c04ad7594fb15973d8ba426e3d5f"",""0x976a3f857cd3a4a1018329ed8be8c0a1f59eee36120abec15f17a08fe82a805d"",""0x3b6a509781748d255a28c100c6ba5cd5fb219f8af55024ed4323ee34595b86d1"",""0xb608421e38e36743f8fbd8f6ecfada1c05dfd5091e111c5bca9db9c42a39324c"",""0x6efffd26351366aee73474dcc96b09d416d5c182f8ceed91333f1f985b889978""]",[],0,0,1,0,0,0,0
dedudes311mbc92d998,valid,,3,1,1,mbc92d998,100,10,10,"[""0x016d5dd462c2b3cfbd87d2cfa5eb72a91b1427e57ccb72c3afbdef557a9686f6"",""0x8cee6940d18414f933eafe6b3a15e6d018e5375bf3a54d7554fe86ad647cafb8"",""0x4756b4d7a8a8a1d4d1916bdecd6badb5988b5a5dce79c72ed78523fad868ede0"",""0xfabad93febc057a98a5ec8aba14cc4a16dc75d830d5af1f5045a211c7c00ff4d"",""0x18b671d6a201213fc16ef497dfbf6b9072381b742fc28877789a81b873717bb8"",""0x50a36a45b1d8a772a690b19570fdc0faaad3c0858f58d515cf56372ebff101c3"",""0x541ec553513e461d285619ca4e2d29ab8dc603ff499d549f39236dfa94bf5e90"",""0x6d26162320a21a58a4b1551f88457aee2210e084010831bae04426f5cd0c0125"",""0x4224d15005153eb2188816942499c577e95d999d7c6709657db4f2b36c6b38c1"",""0xc533c492ef7108a952a115b8e31867dbdb42a5e64e221354840dcd02e0885279""]","[""0x3b6a509781748d255a28c100c6ba5cd5fb219f8af55024ed4323ee34595b86d1"",""0x7caa6118b59fdaf813a4754af425ac2e46912311827867fcb29bab268a11ab74"",""0xa2768aee9c99fab0f52e085695c2373eff29dcb97f88834346cad088b73812bd"",""0x3728d769a0e94a8d7bb4206065a99b977cc27b6e56b6936abfdfa99c2fc0e994"",""0x44543bfcc1209f569e163db7d9f5b43eb42702bdcfc9c51ffe418f6bc59d8241"",""0xd83117a66902557710ac877d5a6e5420420b22d06e9ecafd3d0d0d54852a5c3c"",""0xf76f66f2e5747083914ae51a7831de7c7b137775223781208a4327e1e4e5b32a"",""0x85498ce22dc34407fc0a29f1e8eb808a3362a108eb39e5ed3b3cda0b38363d56"",""0x44db1f41b36ed2fcb23bcdcb49f6b2aa63f0a0f30e97b2afded92dfc1e7ba7e9"",""0xa18a585af6564044287e7941dae389fa30ab6892d4e29cc1cf6b38431a0e1f30""]",[],0,0,1,0,0,0,0
dedudes311mc1398e4b,valid,,3,1,1,mc1398e4b,100,10,10,"[""0xd247cd5ac6d6b3dc844de66d61eb913737ab441ca94132664b1e1abf058db54f"",""0xee44e9a5c296407f08941d710bdcacc333132651d9553b2f7275da139847a3ce"",""0xaad56189e897be2df32052ea70ebca2c667d5cea0eb911ef1beaf299a81f8970"",""0x04ad85ab8c285a3a04aef9708866be0b1dd8858889925563852717ba11338535"",""0x12cc8fa3318fdcda586bc7cb1b16db09a022aab66dd770be516db73c7b3fffcf"",""0xa3b08c6ec03c186424e9f899adbf951d8cf5194f026fbfffa70b3c03ddab30f8"",""0x32ec065571a21ef8e55882976beda8a273c1fe40f600b0ef1718e56a593baee0"",""0x4df5be4acbe8b6a253f38cbf6156ce185bb75f3d60155a1303e97394a7c8ff5e"",""0x0edd199fb776ce1e94af4061882d39f0da1363826f9102562c07802a0219c49f"",""0xad2898c43972294460b62676b8b07615b49016371f37fe1ebb194096f41d8cd4""]","[""0xd247cd5ac6d6b3dc844de66d61eb913737ab441ca94132664b1e1abf058db54f"",""0xcf96dd76f4aa4ca4703718c3cfe96dca4621f3af34560e257ca9bc0f23c5bf7a"",""0xaad56189e897be2df32052ea70ebca2c667d5cea0eb911ef1beaf299a81f8970"",""0x5d149705a332b4acace1ac24e2948e4eedb296b952a6f19787b4d2613f697e8f"",""0x9736a810837b9591485904f217e1bc53edc3bcc2cf45c3d6443fd0efc3899eb5"",""0x12cc8fa3318fdcda586bc7cb1b16db09a022aab66dd770be516db73c7b3fffcf"",""0x7019a4c261b27fda2ba8dfbeebc1a3c6fb1acb30397ab9d206b9d2518047eb23"",""0x0edd199fb776ce1e94af4061882d39f0da1363826f9102562c07802a0219c49f"",""0x44083458e64996202def47bd1b24957a168d8fbac5ab9c5f9b78cd79ac54876f"",""0x4df5be4acbe8b6a253f38cbf6156ce185bb75f3d60155a1303e97394a7c8ff5e""]","[""0xd247cd5ac6d6b3dc844de66d61eb913737ab441ca94132664b1e1abf058db54f"",""0xaad56189e897be2df32052ea70ebca2c667d5cea0eb911ef1beaf299a81f8970"",""0x12cc8fa3318fdcda586bc7cb1b16db09a022aab66dd770be516db73c7b3fffcf"",""0x4df5be4acbe8b6a253f38cbf6156ce185bb75f3d60155a1303e97394a7c8ff5e"",""0x0edd199fb776ce1e94af4061882d39f0da1363826f9102562c07802a0219c49f""]",0,0,1,0,0,0,0.5
dedudes311mc33fe544,valid,,3,1,1,mc33fe544,100,10,10,"[""0x5cd33f468d6cb3191f93eb6c34cbbe9b3f16d778569b94851821feedb1cc47dc"",""0x3915078eaaef4b3b01c483c9298f24226b2468429c7879b10161f34f702c69b2"",""0x34ab092d53c6d7ddbdb8d867290de66b967de57609b3017b62fc675fb47b30f4"",""0xddb04f49c37e79d04e91d067dee2f24fc36d5dd9f3e3ef13a7371ac377b7d3df"",""0xc46dcb68dfb73f6b48146b814468030b7b03c72955c6d352350e1a888a32adc3"",""0x0e673614d0b628f68769ee787eb3e568d6d7cc91410cd20bf4448155cc909d8c"",""0x1c9b8c67671e3735934469063297cb8844ccdf90c3dc450b72aaf6b6265db4f7"",""0x2dd52f080f94af843d07afa005dc2e962bab5ca24e649ac857f3aec1389684d5"",""0xf3d04e0336a5316b6c403292248ec67c40b663969db759a26953afbc1ea1bb50"",""0x49b280439e187981df432e2900f6e08a5aa024a22bd5db29b2acaf5dc8b23e17""]","[""0x2c48158b05801927cc42a3bea77abed8b4f0883611b741cf6a1de9b1733a32ba"",""0x43bf4d97b7c4b375640d244dfffd470737f3f60cb567a6692a8cbc45fe781e35"",""0x4c5a0971e57f16e191cb754bd02a477f11ac1549992b208b983d7ed0ebcb80fb"",""0xba43dc1fee7635c8ac3640bd49f486f7d217a475a123803af63389b831328443"",""0xe63e2c269971e74b53d28366ab0f97aa8abe54de17097a543041aa6f1aef67c5"",""0xac8b80036991313f0d9991aa483a95a9c01079cd33e372b5d4f6225deb94ebe3"",""0xab1f3b5c76e3df878e5156589a69a4dda5467364bbaf9120630b0690ac8ff7c0"",""0xc337e70c9bf8f6b05a64463a28977c43c79df4f14ceab4ed6a1ce6ae2e6869f0"",""0x652b6fcd81e14af4fd262e0d06da33720918f4c750a0306b36ef9b9d3c91f451"",""0x6bb857cac119501e85dfcae81b8287d1afb5a12e1d4fb0784c8b00b2b3ca2b4a""]",[],0,0,1,0,0,0,0
dedudes311mc8cff790,valid,,3,1,1,mc8cff790,100,10,10,"[""0xe03f52b78bc8e9eab84e177e513ae005b06cbe60597e3fbbb3f6cbce41404793"",""0x4947d0ddb8adfa3d0b40fd2414ad0e6c130130f981a1feb92b851b0d747cbd94"",""0x44db1f41b36ed2fcb23bcdcb49f6b2aa63f0a0f30e97b2afded92dfc1e7ba7e9"",""0x612930bb80ad2d9ef97fe5057df586170d8fcd1e1b05169edb9afad58e5b801a"",""0x1ce2000d19183a439276d735ea6c2190b0681a0d867462abeb010fad3c1fc152"",""0x492230e93b426215913042fe17f1e4c3058defa7c4c60f621a9cb9bd1ccde123"",""0xa21c58439ba76498112a9dd59801d9eb71d2b8e004ee265c9369fa2383ba8578"",""0x92eafba32425f5cc3390b89fa225ed09020ad155ce9b508737bf1fa0dfe5e6a5"",""0x022d2f24e20eecc4054c519000a7e45043cf9f7e0fd1afee78279de75da5f9e7"",""0xd868b210f941bd8fd28c1c4712cccc7f23ac7c739ca934fb8809925e3a2e2d97""]","[""0x44db1f41b36ed2fcb23bcdcb49f6b2aa63f0a0f30e97b2afded92dfc1e7ba7e9"",""0x1ce2000d19183a439276d735ea6c2190b0681a0d867462abeb010fad3c1fc152"",""0x8998161122af777b1fb738b1835d8ebcc9f48893ccf82d61ac2fda90d56365a6"",""0xbaba60f08c5c4c146fc2d4544fe25a2d6c9c69db876b69b284afae0f138c34b9"",""0x492230e93b426215913042fe17f1e4c3058defa7c4c60f621a9cb9bd1ccde123"",""0xa077d467da14848d18e59e8577d5713ebe983a7a361998d6825c5db70368f0b1"",""0x82fcd452b99b91dfe9774519d4370744e58fb0506ae4415458cf3521d2764eab"",""0xd07dcd945ac0aa1fbce15f81f2f1057f33d924b5942b074332c1ff7ad8a9da00"",""0x7dc6b8ba90b164cdeda9462c5094100181c311a7d80c30e054ffa58ddc9be8a4"",""0xd868b210f941bd8fd28c1c4712cccc7f23ac7c739ca934fb8809925e3a2e2d97""]","[""0x44db1f41b36ed2fcb23bcdcb49f6b2aa63f0a0f30e97b2afded92dfc1e7ba7e9"",""0x1ce2000d19183a439276d735ea6c2190b0681a0d867462abeb010fad3c1fc152"",""0x492230e93b426215913042fe17f1e4c3058defa7c4c60f621a9cb9bd1ccde123"",""0xd868b210f941bd8fd28c1c4712cccc7f23ac7c739ca934fb8809925e3a2e2d97""]",0,0,1,0,0,0,0.4
dedudes311md0160e8c,valid,,3,1,1,md0160e8c,100,10,10,"[""0xbc6c2a3d2d97b8c8c01eb4a39c1dd24a420ffd106b43d2a0cd0ff29c281c61b0"",""0x8af62fbfe6188bece52f705db8da5dffd9e7c57457854eac4ef37f967269c2ab"",""0x0823967d6ac9ee428aefae4d108c0423193b7d64cb6a4f605ab79fa5b0d03424"",""0x1a9eabff5b62475b9fa7c2ecc66cf7c3e4d5f7cbf1bedd77507418a722a7ad7e"",""0x3f401e9564971216a45cb0800193cb271f1c053823f4b45d7e5f786adab1a855"",""0x67bbf067b6d54d6c85e0e1397d4571a7f322dc7d94c40efcfb2db189829bc069"",""0x9ab0a55ffb01e91b5126774af527a2e0260f91d790d6e3503d89a14e9e9ad45f"",""0x6b2c9fda043382613364f0758a07dce77ac78a12b8498896fea8f57e2ee468b0"",""0x89ecd27493e57e003bb34f1ecc1a53dfcc2fe9c138cd7b00d7211dfb9b531768"",""0xb96cc338ef1d5f788608dd19b168a70d414856edf9317eb359c43116f5d285a6""]","[""0x02bb46077ad6d2140559ed07610045289035f3d63aa4b75e85abeade824262c3"",""0x8b08bd16fdfc682c01c8e5902a9ecb016da4dbcb29c8bdafa014073b9bc90e19"",""0xdaecba2ed12f5a5b70fa12804a2e95989f00d20797517e0792bbbe0eb9fa7798"",""0x3965ddc195cd9ffad54a5e8f2c792515e1503e381bd6b8ffe1dc086362d61382"",""0x9c41003aaee06f398090c01fe5a3b3c440d3968bb30dc4359bc666cf9f99a2bc"",""0x64b68fc2945ffdaf60010830669bda0627be83db1d7e5a8d5a38842f00e5325c"",""0xac5ecac7d584cbd45b73f675f718039e84bddf088049e6157bdfbfa30bb637af"",""0x73647254e06e3db62604fdd9e5b53bf4e2f4a3b10c5e5e037c701c0ecb606fe4"",""0xc336d40f84e39d1872d54720801feb80618a9cb638aec12ecdf600a358a81565"",""0x012f7a5533aa10df03f81882585c8519379e85aff6b3795e78345287a76146de""]",[],0,0,1,0,0,0,0
dedudes311md267eac0,valid,,3,1,1,md267eac0,100,10,10,"[""0xf00ee07d9c2e9d8dd6f8b1d798ca4e10a196864aed4acb8a760521cf09d1abdb"",""0xa43a9e125a3f12a0f2c6a39532b7689f53b084e499aad45d6db4e10d9a088309"",""0x08939b851e03b00635bb9e31f3801e64b9909b4392d92e16dfbf63a1caa30c67"",""0x670e2d7440cda92474993e4b6026d56d466f9dd2f5cd4c2bdb3ed4e4fb225e6c"",""0xb43cdbe7c0d75fbb5bdecbc4fc447328fbca784b288014e3122a86ef6748f74b"",""0xd72cf2bb2008b6608fd41fe207b5608fee57614acfdd12c73df4d7c32871abfc"",""0xafaf37138b574609e2b3a5e1aa3234f080ad70ad5676fad40b19895a078d7dee"",""0xd122ec81ea65594ca917ef923c9ac2d7dae60526aa4df16af8002a61555bbea5"",""0x63bd96c60728db5d8730e3e6abb66cc8a88404e13b1c2c242206b7923c42b6be"",""0xce16ef353d6b3ca65ff0dabccc65712652a7558520b056796f69a0e83c7ef681""]","[""0x04e650beefefc57c681b80135dcc75deaa5559de35ae3b4c78d8355b76749b21"",""0xf97a47c58feb90efff6cf68b45d05b3895cb44755e34e57068c0c1a3e96428c1"",""0xf17977fa95300b063107d404d43f286bd64a604cd07dddd552d35eda9081efa9"",""0x2b6bb3b55ba3430f21baa0135148d463cea0bdd8145a6b25cf64ee91a6302350"",""0x29c02eefa13b389c7de0218a34632eb93019200b921bd22dc7c6c42f9112b76d"",""0x0026d3f471982cd447ef47a2f259ea569aed62b3822c41c4b317797fe231a5dc"",""0x4e20376d1da11c9e1f1d90c95dda5d888cc4afaf92514bcf2dce9c5d0ed6f72d"",""0x037a73ab9a72306dc8ebecdf80a2ab16d414d96cf2f63c7fb32feb92bf9a5b6d"",""0xd07dcd945ac0aa1fbce15f81f2f1057f33d924b5942b074332c1ff7ad8a9da00"",""0xa8f6645926614e855e9e5410950b0d978447966aa63f119579ee2f9f1f815372""]",[],0,0,1,0,0,0,0
dedudes311md2809ae0,valid,,3,1,1,md2809ae0,100,10,10,"[""0x5ec22cff95ce1393f970eaa09b547bc5defdad802a7b86480894817e835cf4d2"",""0x740df38e44be02d0ec1a151f34094c277858b3616e2946ad313f24ae66d2ef07"",""0x5b8e7419a8ec40a80aba582b4f43717969bf8cf80d560d46e48877e6f2e9598f"",""0xb4303322b711e6762ae2090a8f30b0a3b1c3052a59b4e7d100215f146825bb98"",""0x9f0a3a8d25a45639ae098d31cf4d9b0b878f2554dc75dce680d565515a32136c"",""0xc3176e00a6204b852d9c68642a10c7423787cda47c88ecd0b1df058500d4be21"",""0xb736cea3f808bb58a422c23f69b71802f85ca7c6d85a322d25ad5514d2fdec07"",""0xae344a42798a222d1914b1cb70cd1dad6397e19b0a3608362b5b5f2aeb02772b"",""0x427b720a9454f6ee584a1ef9e5035b3e438f150cc81e15066d085a6fbbab522d"",""0xb32cad88e11d49bb9b32de56810ca6a8221e6e8f7151ec10bdae3165f71eb30e""]","[""0x5b8e7419a8ec40a80aba582b4f43717969bf8cf80d560d46e48877e6f2e9598f"",""0x7f0726ec9f0780b8eb9b1a6a4d8fde6c3afcc3267195077759e0112e374e3807"",""0x8254f8390981941c34866e9f7d9e1ba513eb68390624e80c126ee571456fadcd"",""0xe25b6c81cc4686460aaf17ffc24e2ac388650a848630cba962550bd62b760a4e"",""0xd06a42d72cfbb96ba643618224587534b89ed6d8fc280e2b48ed9c6c13cd6972"",""0xae344a42798a222d1914b1cb70cd1dad6397e19b0a3608362b5b5f2aeb02772b"",""0x18f5f9c890a949af883bc6ae01b055690c4c4da075998fb495d5404a18ca572c"",""0xe3545e6599a6ecf65bf8f351a7d25a78ffbbd83ac3ff97766b76ed78dcf18a3a"",""0x1cb4757891963a7cb555160f3d9ee005fbe1b67635f8fc5b4db9ab9b3deb1c16"",""0x33398d3210b02fd6bdff84655d55cd3e84ca8436888d70edc5eb3e3071d139c3""]","[""0x5b8e7419a8ec40a80aba582b4f43717969bf8cf80d560d46e48877e6f2e9598f"",""0xae344a42798a222d1914b1cb70cd1dad6397e19b0a3608362b5b5f2aeb02772b""]",0,0,1,0,0,0,0.2
dedudes311md679647c,valid,,3,1,1,md679647c,100,10,10,"[""0x0d1d14b126c9cd4822af2fa53ce6a21cdb935d969bd87e497d8f611724f04c59"",""0x7af1853321ba68840018ee2753cfbe9f94e471cbb25d6d548d0bb01deb601193"",""0x45541de4501b2a94117631c24fabb07f752f0a76c8ac9b1d90f9711bcf34b53c"",""0x826d057ba637e393543ce1968c948066c5671c841cf0b633423370e488b88b88"",""0x4b9b84ca8910d57afe75be29751592bdf1635402d571a0d418cbbcce431015c4"",""0x129000e4093321a868285d2903488aa7b940a0eb1357e3a264c688acabe9afa8"",""0xb6343af272cf576e45074aeb6acbf5c7e754ed35a3ee8612f6d28879654fdbc0"",""0xe481e6732d9cab4a1295b47e9d24f63619aabe54b3def88c6262c06dc5638d7e"",""0x80aeab856f399458dae7fc1263890759cab51583366148fb6e923347fdd97652"",""0xd07dcd945ac0aa1fbce15f81f2f1057f33d924b5942b074332c1ff7ad8a9da00""]","[""0xae212251bf7256512a4a9af0b279c3792a9c5c0cdf73f3fd29955527462b8c12"",""0x45541de4501b2a94117631c24fabb07f752f0a76c8ac9b1d90f9711bcf34b53c"",""0x75232ef6746d01e9b8c3c4fe3f6d217fbc13928d20867b00a929dcd7d5749bd6"",""0xe481e6732d9cab4a1295b47e9d24f63619aabe54b3def88c6262c06dc5638d7e"",""0xba43dc1fee7635c8ac3640bd49f486f7d217a475a123803af63389b831328443"",""0xa353c2146e9a243fb7360a35428d933c411fa272574b61ad2a7e5bb90c5877ce"",""0xa5354f7310ed91f59b1c345e39c21b3b0a760f554e1c86015d34b20bf1573fff"",""0x6ca26056104de6a9637fabafb1922d5f2f87e552b8a56e1e2bf5f3f18c17a1fc"",""0xe73354790507ea53673c67d57b9a4e38a7c891a6f1eba2fd7509eafe56356b74"",""0xd07dcd945ac0aa1fbce15f81f2f1057f33d924b5942b074332c1ff7ad8a9da00""]","[""0x45541de4501b2a94117631c24fabb07f752f0a76c8ac9b1d90f9711bcf34b53c"",""0xe481e6732d9cab4a1295b47e9d24f63619aabe54b3def88c6262c06dc5638d7e"",""0xd07dcd945ac0aa1fbce15f81f2f1057f33d924b5942b074332c1ff7ad8a9da00""]",0,0,1,0,0,0,0.3
dedudes311md73dd74c,valid,,3,1,1,md73dd74c,100,10,10,"[""0x725e4ffde4438936fbd1cce6ef007c792cc2fcbcf183094f688ea895fbb76573"",""0x7847e51b231029c39b20be3245a18fab1b159755d42c48a9d667579cd8369110"",""0x1659922f2719c055f0065cf86fd257d17a21b7da2fd9943c3c7d671384991eb6"",""0x10174ccc186d1f01377fb8fcdc2ea86c5d1938f3e3ce90187b5a94a6e168f50d"",""0x9a0b15053695120bc6900578f622b3876f4e60021794e4dc43be233adcbe47a4"",""0x06f1767fe48b30b1b8d28ae04d13e706f4126d718047ff24de37167a9125eb24"",""0x4af2f147bffd23d7cf8e07c6701fbf298d85f0cf45a774fed7bbd76a787e5222"",""0x571101245c559b6be8dbb1d2f3c7888ce457f191684696ebcc527168cc3712a5"",""0xc81b924786d751073bcad0d11128f8d2aae32075f7d5860c029cce447d40a98c"",""0x6d06be0d2d1175a02629aec10f5a3e93e3139b2d3c3c4dde1fe4e11cb27b74dd""]","[""0x1659922f2719c055f0065cf86fd257d17a21b7da2fd9943c3c7d671384991eb6"",""0x10174ccc186d1f01377fb8fcdc2ea86c5d1938f3e3ce90187b5a94a6e168f50d"",""0x9a0b15053695120bc6900578f622b3876f4e60021794e4dc43be233adcbe47a4"",""0x4af2f147bffd23d7cf8e07c6701fbf298d85f0cf45a774fed7bbd76a787e5222"",""0x83e3b0998b66120f052c7011ac7fbc31cb77b9e864091293e141f1df231ff2a7"",""0xc02015173666ee97a6d7bd726d27e09df176696cfff548215ea0a2e91e323871"",""0x44db1f41b36ed2fcb23bcdcb49f6b2aa63f0a0f30e97b2afded92dfc1e7ba7e9"",""0xc81b924786d751073bcad0d11128f8d2aae32075f7d5860c029cce447d40a98c"",""0xf76e1e06753c8a4e15491a4e3b5413f180e6aa9fdad03e81d4979d2ce56ecffc"",""0x2b7bf8536bf3848c686b35671da7328803c3b75398ab119d87e166a9ba872e8e""]","[""0x1659922f2719c055f0065cf86fd257d17a21b7da2fd9943c3c7d671384991eb6"",""0x10174ccc186d1f01377fb8fcdc2ea86c5d1938f3e3ce90187b5a94a6e168f50d"",""0x9a0b15053695120bc6900578f622b3876f4e60021794e4dc43be233adcbe47a4"",""0x4af2f147bffd23d7cf8e07c6701fbf298d85f0cf45a774fed7bbd76a787e5222"",""0xc81b924786d751073bcad0d11128f8d2aae32075f7d5860c029cce447d40a98c""]",0,0,1,0,0,0,0.5
dedudes311md85b3e78,valid,,3,1,1,md85b3e78,100,10,10,"[""0x46bdaad5874ebfa0892c51f5ef0db222dff6fbf0d1b2433aac7173fecf165500"",""0x621c1ff0003d6ddb024efe72099de0ccaf65a791c28c2f5f9c8d765fdec6b361"",""0x5b353a9ec8080820cf2c6e3e261fe74169906894817cc2099a27bfaf6d5fd9fc"",""0xc5c2cb86131f9e87776a8803ffd32d0cd607c48d0d8417a53e9e914dcb7b7f8d"",""0x3fcf1a22cecca469a31c11f18b9ca75f30f498a4a30e4e6e09046ba4ec474500"",""0x2432cfe4f9353b1ba5658ab99af0b32f44ac9b15ec481b90164d7045e845a019"",""0xf805dbff6348742ab14cf679e7f8361efca863743fdfdec50829ae45981920a9"",""0x103b9dee8103acb597cc0b6923ca9814b7b4c475a9fb155da526a8984448edfc"",""0x080df3fb43fec5db590183dc21df48209429b7253e39c26305345b8634e7b480"",""0x08a97229361f9d2378a57864f3292bc7354b3d1727e3e3cbc4d31fa388deca90""]","[""0x2bed620b53fb262419044820898d7dd1a83109bdd26079eb97a00f66fd19e50b"",""0xcdf69590102e2120a0699bb0bb4b1e9ded25e4d2f24f7526b1cb67c97658534d"",""0xac71cf4c6d1b0b6ecf72b81901d1e7b92d55b1424c93743d83a5a6c3a2a95112"",""0xf805dbff6348742ab14cf679e7f8361efca863743fdfdec50829ae45981920a9"",""0xa79b998f79699d11b4f12c5472c7ae2ce658f690ff070100aa8cbbb0cec325c0"",""0x80e8fbcc08caa1dd06a1a7aed25697a96c8a47b4d645291144324189e0073967"",""0x5fd6c47c7099a110886aa6e55400c92c8d19f181da37201010934f1879e5c342"",""0x52d38e45620787b4976e0570b4c462e4cf69fba1d3a3e08a406addf07dfac90a"",""0xb4f5558b4bdc7e589b5bba34f2bf39509badb2657bcf2700cffd119deee1b1df"",""0x096fb1c675dcd80ba1d8d7bd732300f0be6419e4c872cfa71a9898a2e737ef42""]","[""0xf805dbff6348742ab14cf679e7f8361efca863743fdfdec50829ae45981920a9""]",0,0,1,0,0,0,0.1
dedudes311mdf6261f9,valid,,3,1,1,mdf6261f9,100,10,10,"[""0xeb040071410cb36727fa9adc4aaaff64c251972071302a74f30f357d6e0ee7ad"",""0x85fb9a6bcb387ec3dd49674beb0f8f9b2314b34426021f771fb5b9843a3dedd6"",""0x6efffd26351366aee73474dcc96b09d416d5c182f8ceed91333f1f985b889978"",""0xeea69e947ee3a88aacd4d6699c70c119dd6750f8a5c7290cb0466ec4e8ae243c"",""0x53e7e201be6ea3e2a60dbac2451e9c3783b10f7b65548ef66919f0dbe2a7cc23"",""0x7019a4c261b27fda2ba8dfbeebc1a3c6fb1acb30397ab9d206b9d2518047eb23"",""0xe1d755d2bf660617b3ca4f28c4cd47b24edcdf39019fc36bd3e9ab3763cc38c4"",""0x3c6c711398ab7d8a6f28f8f15fb54f57c48d4c0a5a0ed17400f442bad4f185ad"",""0x3fe9683c0e77ca5d1c545a47a22db2070f92b786ef071a3bea362ae0ae8b76d4"",""0xe54a0d9599f4a911acffcd430f630f622609790e2c1e16e7316e36b5396d8efc""]","[""0xc4c66c87758566d11daba0f759ec447f962a9ffe9e4ecbfc99b48b6a8458e723"",""0x96066476fea3949719914409cfca4f333dd56c06875c4cb6be7161a9df28ec5b"",""0x039e21128fb774df525e96211f7416810399021fb9fd597495338d0fe777fbe0"",""0xbc0dfb81cf9e22d2d366e0efd4ce5db0ee3ed857f9bb36b8dd7cccc3bbad7d3d"",""0x9c6819fd248cd16a3fc17004ca2b67e87f5cc68986602147590293056036e6e5"",""0xab58b9907d0218646605951a37a38307528978618ef01a598905f9eea1137c91"",""0xd4dc0506bb2e84fb9262f7234c910634d3fc043d0edcbb05d46c6eb6d6c73e9d"",""0x629d8756b0c6d742238515bd47e77333fd827c52ccc143a58c680da9794db8ac"",""0x1c0420567499644eb79e43bb0e2de2482eb94f68d62492fc10eb1b3b33873871"",""0x474e9085ef9b0fc6ca2a16d2fa92978e1bea062a446b6dcb8159da20a9ca6569""]",[],0,0,1,0,0,0,0
dedudes311mdfbe43b8,valid,,3,1,1,mdfbe43b8,100,10,10,"[""0x6447bd86e650afcaa2e4e7e2b81339310af662e1a9aa4ef906b4efd1192bcadf"",""0x88895e298787070b3a7a89c73a140c020e5d7b1986b58fd479451d62a0a16518"",""0x385c2832ade7a9e114b755352dcd738ad884267a76a467af87419052a47e8739"",""0xf753cdb4750238eebb2710939be41aec7da5c28d5812cc16ccbcf95421e17a65"",""0x03afda2981bc12d754fc7a641a84a2e55ca64a7e7ccd07b789a26d221df13ef9"",""0x129233d33da25de89e7d9c842f38484da50aa08605daf58d950d014d1998b062"",""0xa927b8e5afa613b23143ec00582e5d0147e22538781d7399559dcdd49f6de749"",""0x0d1d14b126c9cd4822af2fa53ce6a21cdb935d969bd87e497d8f611724f04c59"",""0x08e97409e94dc96f481069021cc78b5317f47e4e4aac618845594360beeb00f2"",""0x7d385b59d76141b0b2fb313c11e1113fd4d70b1d3d9134abc66cdf5caa7bd8ab""]","[""0x0d1d14b126c9cd4822af2fa53ce6a21cdb935d969bd87e497d8f611724f04c59"",""0xbe4fb6057c8c5f006f1f992efc176f60e7db5fc16faa3276dc0d2e8c53c17f34"",""0x35cc0b2887fc2830bbf5808ea0a989765e7782c174e0814faf016ee547ab40fb"",""0x7d385b59d76141b0b2fb313c11e1113fd4d70b1d3d9134abc66cdf5caa7bd8ab"",""0xb566333f866e1259515fb5247d00e0ccbecbf5d079219a7d6317d1732d73a396"",""0x4ac00df2e8e7ebd5d0c84d61568a0ac2e4504fc1371ad1292ed28f3f57f5391b"",""0x2b7bf8536bf3848c686b35671da7328803c3b75398ab119d87e166a9ba872e8e"",""0x645335b805d619da688278ba81f30fba8c9b32c4180e6b831b209be762fcae15"",""0xc8b6680acf6f6491b5e4fd810a44cbad229729371da8bc7a38d8cc8d2273b83f"",""0xc02015173666ee97a6d7bd726d27e09df176696cfff548215ea0a2e91e323871""]","[""0x0d1d14b126c9cd4822af2fa53ce6a21cdb935d969bd87e497d8f611724f04c59"",""0x7d385b59d76141b0b2fb313c11e1113fd4d70b1d3d9134abc66cdf5caa7bd8ab""]",0,0,1,0,0,0,0.2
dedudes311me2cd7cad,valid,,3,1,1,me2cd7cad,100,10,10,"[""0xf7e59f787299f4988b4fe498e62f49ec0966b70b1cf0ede87cece49412c07968"",""0x0f2a92e8313992d89e001ed36f44bb9617d65da086386b11ea9fe18d2fdfb106"",""0x129233d33da25de89e7d9c842f38484da50aa08605daf58d950d014d1998b062"",""0x6092f9c63cf3d208baf21be0aebc352ed539202d6f322754404f78aa75e96ca5"",""0x0ba2d96ab674a97ff6e6cf1fbbd59792aaa62ce25cae0e6366cfe9d0394285f3"",""0x3c8efd6f155b6e3f79c54eb66ca50986fb5c55a21968fc49251b125c09db4e07"",""0xc083031920fc72fdb7b9374274f8217ed69d6dbe77331aad26d26b3124a7bf86"",""0xf1480c511ca93719e7c4df2d4a0eb126a32ac678055373f164d046bd55a83beb"",""0x06d9d57053c77f012db6da3ee82776b5f78a3b2c927e0cd0d5203ea2a4373044"",""0xaf141d822083fa1198b654381c599c9cbffe25b8aca28c780ec320bc032c1f12""]","[""0xca98d25e2c93784b286e590ed9febb84ffd6e2da7b007b85ea6748061f8e76ac"",""0x037a73ab9a72306dc8ebecdf80a2ab16d414d96cf2f63c7fb32feb92bf9a5b6d"",""0x74d1366fbe52d8484162e1ed6b49c0c8fa14afa42eba223d4651e6ea03ec4cce"",""0x3c5c7c3cdfde1e6a610fadeb29af0d5bf14b21cc8fd41743407ef8de4c918396"",""0x16afeb00f2747e63a63bab610e5c845716931bc23d09339892635a27fc5ba82c"",""0xe2d9f6ed2ad0b01e6a7da20c6ad257cdcb875d010863e437299eae66a07a4a83"",""0xc5c2cb86131f9e87776a8803ffd32d0cd607c48d0d8417a53e9e914dcb7b7f8d"",""0x04e650beefefc57c681b80135dcc75deaa5559de35ae3b4c78d8355b76749b21"",""0x234516a5fb1345f9d7e1dfefa9376d8f3ed00e4b06d5ffa782126225422c39f6"",""0xea2bd6b9a540fc7cb658c0eba77aa94b50680b24ede84c9aa4220903d173a40e""]",[],0,0,1,0,0,0,0
dedudes311me74c87a2,valid,,3,1,1,me74c87a2,100,10,10,"[""0xe54a0d9599f4a911acffcd430f630f622609790e2c1e16e7316e36b5396d8efc"",""0xe338841190d5e54b835dc1bda44aa8d0a4627b1ed5940e72c7c50aacf0658fd5"",""0xa18a585af6564044287e7941dae389fa30ab6892d4e29cc1cf6b38431a0e1f30"",""0x486e177c1643a1337538bc68306e08e1485f4f54e5028b4a7a98fb0f6a72af96"",""0x9e14eb9b0b4d79e8a0f857e9e859cdf595c612dae2bb3851332b3220d3f2aded"",""0x7a395d86909d7bc142ec6085502bf2081c027b3ed692c9ab2587558a4bca94b9"",""0x9e91a0bfc4a5bc971e0c99c92682c664d4d7444a348f894de91ed405b36f75c2"",""0xd63307e9d3fc7eabf82261a14e1b516f98d0e5e926376dde2bbac9473c874bd5"",""0xae344a42798a222d1914b1cb70cd1dad6397e19b0a3608362b5b5f2aeb02772b"",""0x0a63b4cf419fd53196acfa6005d15a73c364b7a252199846f5e28a54f49add2d""]","[""0xa18a585af6564044287e7941dae389fa30ab6892d4e29cc1cf6b38431a0e1f30"",""0x9e14eb9b0b4d79e8a0f857e9e859cdf595c612dae2bb3851332b3220d3f2aded"",""0xd9d81c410fa0ea1d20889ef47b16f886682f4f9ba2e8027913ed50c3fe682b88"",""0x1fd25841265433ac2e3659c6e73226111c654fd3688b82c9f78369b12668d297"",""0x56ef3e1015ebff4706ed1c5fc7a7b86f7326b0d2610d59b2c56a0d46860dd49a"",""0x3728d769a0e94a8d7bb4206065a99b977cc27b6e56b6936abfdfa99c2fc0e994"",""0xae344a42798a222d1914b1cb70cd1dad6397e19b0a3608362b5b5f2aeb02772b"",""0xec5694704d88b9d8110cbdb1eb4a9c4b2a036acea4f55b393c0e4ca8f6238d20"",""0x7c5a5789f21eba5040da4d9395aefc688a0f120e2e3c76700e30461d0c31c47b"",""0x3befd8aeded3c32a27eba3e01bf239697a166dc076ce1634e0c9c0328e7a44ea""]","[""0xa18a585af6564044287e7941dae389fa30ab6892d4e29cc1cf6b38431a0e1f30"",""0x9e14eb9b0b4d79e8a0f857e9e859cdf595c612dae2bb3851332b3220d3f2aded"",""0xae344a42798a222d1914b1cb70cd1dad6397e19b0a3608362b5b5f2aeb02772b""]",0,0,1,0,0,0,0.3
dedudes311mea543351,valid,,3,1,1,mea543351,100,10,10,"[""0x877547128f33acf04cdb21f25825b450680e5ac2db2a0d155e2bbc89ff8dae92"",""0xdba45f29ef37596ce75c379e00e2cee7b6b9cf22b9f86e39577f4deb63287fc3"",""0xa643637309347abb2eb78bd431ba0504374e2f99ab32a5ca293acefe9733ce69"",""0x33a5eedc78e8e2e00fe1a31a59418160292b39d3dff6a49cd513e2437cca5293"",""0x17b0c83a5ee9597d3bee31023ec5a535713973f1b23b7aa37214d6316455010d"",""0x20dd80302732eaf7bdaade0e0ade88357a634d1a075dcc12c95de47479678994"",""0x259449c15abc34a40b92bdfa1a656c7917dd3da92c7399ff1dc0a46a8bc32263"",""0x33945e42e74e3550cd1e193eabd2c56cc2590a278cc9f2ba82179d179cbe7149"",""0xde7ed4936a12288cd81670fc45e5da026f5fb7314a637be457e23bc230c044fe"",""0xb4a633a4ef05fb1c4ab7929f5e596ba16461758e18d4f8fcf8cb0f7f9bb77838""]","[""0xf4895c2e65fd77f15896acb2e6e88a6985aa4e66b710660c51649dfa142ef08f"",""0x08325ff1f8c90c1056bac7913d895321573da8e77ff5de8eeac46e1ad75aa774"",""0x0248d2cb7fdf2a7095b7715c24e053f0425e97a94dbba26f5fbee48dddd62335"",""0x4ac00df2e8e7ebd5d0c84d61568a0ac2e4504fc1371ad1292ed28f3f57f5391b"",""0xf0d5087a2733853510586e08e2a0d5ac1b0d61ac9cca66bddd0322ae42dd2294"",""0xc4c66c87758566d11daba0f759ec447f962a9ffe9e4ecbfc99b48b6a8458e723"",""0xb3073716ca6507c1e78222d02502caea417253f55b4cb4cfcb0c41b3b612423d"",""0xb566333f866e1259515fb5247d00e0ccbecbf5d079219a7d6317d1732d73a396"",""0x2ada7d81283eed776c54f99e09a98efd06cfecb91ea394014312565d23bcd0fb"",""0x6dadcd3304088ed9827a3ad5f8fae5510a1020d45d927eb3984edba06dcc2165""]",[],0,0,1,0,0,0,0
dedudes311meae7e272,valid,,3,1,1,meae7e272,100,10,10,"[""0x2b830bd2b7b0e59b0bc60ee61ea34feea247ca38a6dc1b52edd727855a6b2084"",""0xdaecba2ed12f5a5b70fa12804a2e95989f00d20797517e0792bbbe0eb9fa7798"",""0xe0af3ae528b720df7db331772a439a72d9b7c2a23d74b9a816247e89fca57021"",""0xea2bd6b9a540fc7cb658c0eba77aa94b50680b24ede84c9aa4220903d173a40e"",""0xa18a585af6564044287e7941dae389fa30ab6892d4e29cc1cf6b38431a0e1f30"",""0xc05ca9c89c31d935e983a93ca76e5c5bce8e8f1119b409eaf47715b2f9a60ab4"",""0x6d451aeb8775b1f2eff6760b042dcbb5c604eb17b155708687b924ee1a9f62b5"",""0x7065c95ce2be969592aca05d7b39baf836a549ea29435b85a40e1d0467eb913f"",""0x43634c590b08a8f438d92e05b8ee9c4d1499c0e2206981f71e948ee4724e677a"",""0x04ad85ab8c285a3a04aef9708866be0b1dd8858889925563852717ba11338535""]","[""0xdaecba2ed12f5a5b70fa12804a2e95989f00d20797517e0792bbbe0eb9fa7798"",""0xea2bd6b9a540fc7cb658c0eba77aa94b50680b24ede84c9aa4220903d173a40e"",""0xa79b998f79699d11b4f12c5472c7ae2ce658f690ff070100aa8cbbb0cec325c0"",""0xa95ffd0d5bc70611f706e681fdd001a7128aecc863f1fd30af5959c525cebce3"",""0xec5694704d88b9d8110cbdb1eb4a9c4b2a036acea4f55b393c0e4ca8f6238d20"",""0x04ad85ab8c285a3a04aef9708866be0b1dd8858889925563852717ba11338535"",""0x012f7a5533aa10df03f81882585c8519379e85aff6b3795e78345287a76146de"",""0xc4ec954ae50a47e6f4dc94c797d002b53e75a54561cfebd8ca67b32879cec36b"",""0x45ae843574074a3f4a2c1ca0acde905169694bb10599b0d3696a4f6f56d956b7"",""0xb80f9a6c487f678e44c385af9b93651ca7c8789901ef5143a923fdd75fa34594""]","[""0xdaecba2ed12f5a5b70fa12804a2e95989f00d20797517e0792bbbe0eb9fa7798"",""0xea2bd6b9a540fc7cb658c0eba77aa94b50680b24ede84c9aa4220903d173a40e"",""0x04ad85ab8c285a3a04aef9708866be0b1dd8858889925563852717ba11338535""]",0,0,1,0,0,0,0.3
dedudes311mef93eb4b,valid,,3,1,1,mef93eb4b,100,10,10,"[""0x1408aa1b0bf56fea1c8d0a564f254982f3e9253b26979043d6949e536b51648e"",""0xfb8bc2f44032dfa1d9f258c8382fbbbed2612f63d0914fe066563cbefb689a53"",""0x5f342e22fdc7a6f789d4dcf56c0ad2f235a48039e796070d00a94fa5c89c9f30"",""0xa23f3af7f8a5ee5a14afac20cc2a40c5a6d0b1a111a101024b117d417709a634"",""0xe3545e6599a6ecf65bf8f351a7d25a78ffbbd83ac3ff97766b76ed78dcf18a3a"",""0x2270c09584ff34309d9c951ade049db876c4e56549fc7cafaaf3003678bde7aa"",""0xe9381872cebc79e2531bf12c0fe048554f36507b472ec98795ffc2d25b24bf44"",""0xbfccd0c1b9f3f130151965e4107bb487449b8d1e48c0da7e358f28486767d4ca"",""0xdb5e5d76b1d0a022cdde951305c077283a6612821f90a9fd1b566499bc776dd4"",""0x11c6ce9371279a26939a5cbfa91e968d27cbd7f2d8cc288ee357c306c820b030""]","[""0x8dbc33bb09de968685fbd0241a07b9b02f51c04ad7594fb15973d8ba426e3d5f"",""0xe468d8edc4a54c19537f2de145f9b8e65cb9f043cd1aa27e1549c2d8471701b3"",""0xe3545e6599a6ecf65bf8f351a7d25a78ffbbd83ac3ff97766b76ed78dcf18a3a"",""0x4e20376d1da11c9e1f1d90c95dda5d888cc4afaf92514bcf2dce9c5d0ed6f72d"",""0x703dc0cf5b4fea7c1ec8b76d0f2cb74750672c711e8128ec067718125ca92340"",""0x4aee22d2ce86d209c5c30927446358b8b9f135060ae67977c95ce8c029f89aa6"",""0x85b60ca2f58ee6f06cf2e1e61d7abee6ba7c11252f5c1d390a7f13a6f5fdc4d8"",""0x0498e72cbb35cfcceb5ab5e28ff9e3193ec3396d08350f0d371f94b24e66dd8d"",""0x646db217199cafad3c95616f3c8b68ac61fb92cf045d6e50fae31bd18ff3ae91"",""0x2350d1c4dcb50ead155d92b600a28ed52cec4e946a60274d5b989965634a6a1a""]","[""0xe3545e6599a6ecf65bf8f351a7d25a78ffbbd83ac3ff97766b76ed78dcf18a3a""]",0,0,1,0,0,0,0.1
dedudes312m034e6fc6,valid,,3,1,2,m034e6fc6,100,10,10,"[""0x39393156b8d1cfca792cce898be346812ce223c58b1141cea75c21e4183e9d05"",""0x3e1ea371858322638031295155e12d3211a96f3cfa54c6b021a7ee3ff806457f"",""0x73647254e06e3db62604fdd9e5b53bf4e2f4a3b10c5e5e037c701c0ecb606fe4"",""0x5f342e22fdc7a6f789d4dcf56c0ad2f235a48039e796070d00a94fa5c89c9f30"",""0xb0ccb82c9bd6286c0293447ee0f0dd360ef483f7df8de5e34b81d525afd81af2"",""0x85053ffcbcdb93a2adfe5c2690defd214cab444e59cb28d72d2403a005e7e52b"",""0xe990b48760a33d3980ed663d2924f8f0409a3dc94d02fd68bb2101eb71e0289d"",""0xe61c79a28c846efdda2b7ffc661829ab40c7bb6fd66fdb61c459330caa712ac6"",""0x514e863fad114b451ce08389d8c0d35190380e08dabf69fe9845898c23933f56"",""0x9d97d9bc925cf0899eecf009fb6c4f97ff7a9532e93b11844e49a715e4cd3248""]","[""0xa79b998f79699d11b4f12c5472c7ae2ce658f690ff070100aa8cbbb0cec325c0"",""0x1c0420567499644eb79e43bb0e2de2482eb94f68d62492fc10eb1b3b33873871"",""0x370782400b6be3d398463e29ac2e7fce9b87893f1222016aba1dd78c3be96568"",""0x7c5a5789f21eba5040da4d9395aefc688a0f120e2e3c76700e30461d0c31c47b"",""0x89de293badb6e8ef2691d811ef98dd0c56e75d703141b55b672c6e4871cab4f1"",""0xb3073716ca6507c1e78222d02502caea417253f55b4cb4cfcb0c41b3b612423d"",""0xbc0dfb81cf9e22d2d366e0efd4ce5db0ee3ed857f9bb36b8dd7cccc3bbad7d3d"",""0xae212251bf7256512a4a9af0b279c3792a9c5c0cdf73f3fd29955527462b8c12"",""0x5cade3332a7dec40ebd048efab16eefe3f0e6f3b468acbd31aceb93ae5b85d6e"",""0x39dabafc64c5c5eff56582e8508223dee7f3a8041728d30970cf81a4d1e0be46""]",[],0,0,1,0,0,0,0
dedudes312m0ff0953c,valid,,3,1,2,m0ff0953c,100,10,10,"[""0x765d52f21619492597e96bf708c6f038dfdb4a7bf22b86e57551684dce9e676b"",""0x514e863fad114b451ce08389d8c0d35190380e08dabf69fe9845898c23933f56"",""0x0f3abeb156c2c78f8d6903bb725cb1de4b6d19227e5372ed037f9e2266ea3411"",""0x7630383fcb078291139296d78a141030b8622d7edd053e8fc6f38e847ddd67ec"",""0x71ab94c13c743a10ff59c33fce6c6c7e60644c829d79f4c3a18f8312be2eb1c6"",""0x9a360976bba2e89f0452b5504aa15a2a3d788f5279077f4971b22af6cc9e9338"",""0x85b78314a68cd6325e4a20591a10182f11d27f570fabc55e59013380496a4264"",""0x1ce2000d19183a439276d735ea6c2190b0681a0d867462abeb010fad3c1fc152"",""0xe2993e4a58a59a05c2f565f81da6bd681d8ee870fd0cd5df6405c2c1292c9b9d"",""0x44db1f41b36ed2fcb23bcdcb49f6b2aa63f0a0f30e97b2afded92dfc1e7ba7e9""]","[""0x765d52f21619492597e96bf708c6f038dfdb4a7bf22b86e57551684dce9e676b"",""0x71ab94c13c743a10ff59c33fce6c6c7e60644c829d79f4c3a18f8312be2eb1c6"",""0x628db294c688c4eec9f9c520278fab7789c6527927a822fca0c4df6fac2c7d52"",""0xa0951cebd37c052f77e6eb1f4ef491edbab78b2372a965d8b12f0cd2b384e20b"",""0x6a5a76b0c7b5a9ff0299b7cbe23ff0da94842d1be952c745bd0ea6815c4081cc"",""0x7762576bbe68bbf9edaed9c498946a1b92679b32c7b35899edd1ac48d61cad26"",""0x9ae658816f2cd9f9d93df26417e64b8206f18140199ccd1dc16ed9aabded2ef5"",""0x0f1f4219ee00c1666ac598c4ed9b73e8f5930e6f76d323712d4bed1a9bb0d89a"",""0x764bcc5941ba5a44d289d87d1fe02888fc912e1cd264062a64fef5461284e6f8"",""0x3a51e57a7788e54e0e0c36ac50908651d664712bc2ef1475a492710a1ff778b8""]","[""0x765d52f21619492597e96bf708c6f038dfdb4a7bf22b86e57551684dce9e676b"",""0x71ab94c13c743a10ff59c33fce6c6c7e60644c829d79f4c3a18f8312be2eb1c6""]",0,0,1,0,0,0,0.2
dedudes312m1329b005,valid,,3,1,2,m1329b005,100,10,10,"[""0xdcfedf9398802f73f7a2d1f72b60b444883576207709d51805aef8e9c2bd9006"",""0x31a2b52f44df29174ae0553d59320819c6eefeeeb55c1b611779c8c9fae7f1cb"",""0x9d716eb6580a5f8cf4c06e97a7b1e66050be34e61e88318e4a4bb1ec3d5c0a5c"",""0x3c5c7c3cdfde1e6a610fadeb29af0d5bf14b21cc8fd41743407ef8de4c918396"",""0x2a5e128e330fed4bfaf57c8cc78efa89f132d2cebc6157cf9a34861d0134811f"",""0x8ee95062b0413c9536ac1a4b342c37513eb43467344d8b67b668c574f0609c0f"",""0x5796a0b1e94dfa0abee5664ffb9bb988c07e65e1c29ba94cbbe2dfb72c1dab4c"",""0x419f5eb4fcec7160e1077f363a6abb859b5bc048752d788c5c2b14575dd4f8ea"",""0x0ba5c5fd145d9b0afbb3466978375105c43268c9ab04587514e1e4c324e87bbf"",""0xe6d20d39251491a0654ecaa8ca5b0d89a6334c795dabc2dc1ec0cab786a8bdfb""]","[""0x3c5c7c3cdfde1e6a610fadeb29af0d5bf14b21cc8fd41743407ef8de4c918396"",""0x9a83470f7fb314a3cfe2949cf7872a1b868d565fb7587189e4774901aa31e5b8"",""0xb1590d9042f1c9448f94de9acd0f4ff6270a18ecbe4ed2591313a4b052794ced"",""0xe9d3327a0c1b0f98946fae24d653fc98d80d851747cbf8ffec35ce4fab056c2e"",""0x046a603242429ffda7ad1f536f44c8464256e46136a39a88bbb37e6036461f55"",""0x449a819a683cf90a486faa5a3e69a3eff8527cf1e5d672408382aa66280f9bf2"",""0xe0af3ae528b720df7db331772a439a72d9b7c2a23d74b9a816247e89fca57021"",""0xf794db395623b5ff4392db660d1faa7a3db0b8bbb4c59093df8b7c7ba259dbc9"",""0x37034dcdf67d5da562530e4a81e736eb52d13a96010e9f98afd9681bf2443e14"",""0x9798ac9c171506a18608b78c3c0816154b74e320d9ebec9aef5cf7ee8820befd""]","[""0x3c5c7c3cdfde1e6a610fadeb29af0d5bf14b21cc8fd41743407ef8de4c918396""]",0,0,1,0,0,0,0.1
dedudes312m44fc2bf8,valid,,3,1,2,m44fc2bf8,100,10,10,"[""0x3151cf1f6245ad1f95925a7c6ca997a55c4df051b87283ae86e2233718593879"",""0x9e14eb9b0b4d79e8a0f857e9e859cdf595c612dae2bb3851332b3220d3f2aded"",""0x3a51e57a7788e54e0e0c36ac50908651d664712bc2ef1475a492710a1ff778b8"",""0x271829efde76f2178f0a3dcbb7fbca9019632d040114254516933ade7a37ba84"",""0x8f97525ee4f159262444da888995bedf1a70a931c5074d4b2737666660b70969"",""0x94d63c25ab9d5a384a61b40c47f60022b64aaabb4b71acebcf39002062ce9c8f"",""0x9a360976bba2e89f0452b5504aa15a2a3d788f5279077f4971b22af6cc9e9338"",""0x94cc8dd56cb47a38c5fde48ab4da2f2d7a22afa57cd4737cbb3ea216ae681034"",""0x8dbc33bb09de968685fbd0241a07b9b02f51c04ad7594fb15973d8ba426e3d5f"",""0xf76f66f2e5747083914ae51a7831de7c7b137775223781208a4327e1e4e5b32a""]","[""0x9e14eb9b0b4d79e8a0f857e9e859cdf595c612dae2bb3851332b3220d3f2aded"",""0x1cd1a0af806057cb0041bf01fedcefbdb51d03fd6a0879a16c91c4bae5430ba7"",""0x5236f24fda178ebee1e67f896ba01c7305c09718e74429772f449b40cbc5c735"",""0xba43dc1fee7635c8ac3640bd49f486f7d217a475a123803af63389b831328443"",""0x139327ab62bbd4934b7cfc70645861896cb17522dd93377e162859737ea6d3ae"",""0x427b720a9454f6ee584a1ef9e5035b3e438f150cc81e15066d085a6fbbab522d"",""0xab3434f8b5ebbe9ed39e209cdbaf610d2b92816d62634fe264263410bc2a31ff"",""0x8dbc33bb09de968685fbd0241a07b9b02f51c04ad7594fb15973d8ba426e3d5f"",""0xd83117a66902557710ac877d5a6e5420420b22d06e9ecafd3d0d0d54852a5c3c"",""0xe75fc98815576ee938473e991f0fe07af751336b9957a62588d93fdbc0ee311b""]","[""0x9e14eb9b0b4d79e8a0f857e9e859cdf595c612dae2bb3851332b3220d3f2aded"",""0x8dbc33bb09de968685fbd0241a07b9b02f51c04ad7594fb15973d8ba426e3d5f""]",0,0,1,0,0,0,0.2
dedudes312m58cd743c,valid,,3,1,2,m58cd743c,100,10,10,"[""0xc293cab7efd58dfaad914382f3ec76f4191f2b269d219a47097521bdb63e5444"",""0x832b76355ee1d7de460851489a18c3f3f4ee56683f94d7cde9f8b55220037d75"",""0xb628ae3f63df97bb243964a8d670fe3d79e14ba71d36aab2c72041ec808e913e"",""0xb666f7388daea73afd4e6edc50c33a3b757f26cfb7f524ea95ed4aefce0fd977"",""0x86a9cff02ac139fe841365bc7b8ccf1521c253e827c12c77bb94e4a563e69631"",""0x2b58c6f5e4821d8cb7e90ae30bbc8b543603770c27610f35c66d50d716bdb241"",""0x478c3e3adf74c4cbad602a50e81199167363332778058451b0a4c9eb8a77d6f3"",""0xe90f102fd4f47360120154fbbaaa10cf5c90856c0b98acfaa19f3a049999c18c"",""0xe435f02757e0ec81f185a6ff05a398b0cd3f82342aa645f2a66f7bb0d804d330"",""0xf1fe980f354a9d7d6d000c5a3f86066db02eb4de1e24502fa9c2e1ae1c5288d0""]","[""0x9c6819fd248cd16a3fc17004ca2b67e87f5cc68986602147590293056036e6e5"",""0xe468d8edc4a54c19537f2de145f9b8e65cb9f043cd1aa27e1549c2d8471701b3"",""0x80e8fbcc08caa1dd06a1a7aed25697a96c8a47b4d645291144324189e0073967"",""0x909de760f48ac7e0ec11f7e278bfd2badcc2e1cdceccb1e89cf527196eb328f2"",""0x9148ff50cf94b78f204da5a6297852b12d17e8bc815147d5d8fbc5329d0ba2c4"",""0x8d569616a01ff7b6f8c3e29a5d33273ab6c86c53037cae27ef6cc51c67113f78"",""0xed645af593084ee81eafa1aa8b6951ddddbe81a8fdede6bda5e069b77a70b1ab"",""0xf108d19218ab1d485d94bf7edf808ab93b615d2ebf6bc7a6bb4ee827d1b06712"",""0xfdeb433372442dcc656d51c2e2bab43fef0e012ccb4076ceb0fb6f9ba1eb9b29"",""0x7c5a5789f21eba5040da4d9395aefc688a0f120e2e3c76700e30461d0c31c47b""]",[],0,0,1,0,0,0,0
dedudes312m5f378a26,valid,,3,1,2,m5f378a26,100,10,10,"[""0x9cbb79130a14d3f5d515cc15d95bee0b494d6180db7c5d28086086fc99f5214b"",""0x8c73caff07adb3f63f47af3d7424fca991180a267d5cc7d86f844f2e1ba8f8ef"",""0xa2a46c90bdcbf0a7824d46d8116ee6b7a39331f83d437ca351a71e9aacf3d533"",""0x3ec728f5c1dd490ae1229323fb5217f61c0b4dfe3255fcaa06be8db15e69c0cc"",""0xa5fcac3b6200c8a4eef6478c386b35a7a0f848fc4e4ebaba3ac5ea92f2720222"",""0x478c3e3adf74c4cbad602a50e81199167363332778058451b0a4c9eb8a77d6f3"",""0xbca9cd9c406f176dac7d87ed364a97c88339629f9e888b17396584decde046f7"",""0x333b9e9edd19a072730c42a8dd7f10994f4688902ad7d1fdfdb1e15017ccca71"",""0x0bbef4c745f3085a906c297a79e399a838e17ecaea250c55e4922f2b6148146f"",""0x8536e1340f42b2bb95c963bdeef0cc1ae5e213da46ff6b6a93cb11e387290313""]","[""0xe03f52b78bc8e9eab84e177e513ae005b06cbe60597e3fbbb3f6cbce41404793"",""0x83597780a900e3443f7629c9b0b4181f53c8c3b119b210233befb1421e672e93"",""0x2c6ff6fd5988e48779fe9d7205881d59036eb530a80d7b3473f99cf9a1983500"",""0xd06a42d72cfbb96ba643618224587534b89ed6d8fc280e2b48ed9c6c13cd6972"",""0x29faba369a9df31c5cb9e6bc1c5e33037f979b47cee76339e986f878271fa5dd"",""0x93cccc9ddb2c07147c7775f32275ffe610eae9dac4a0b0e0c03c37e1c0bd53f5"",""0x94ec6120d2be59f3d3989ccd7d85da8a22cde1f056fcb7ac7cd109fc9c493352"",""0x5c922bd085dadc1604adfb84e835cdeb680d47546aebdc5f3cdc700301e4b7c3"",""0x96066476fea3949719914409cfca4f333dd56c06875c4cb6be7161a9df28ec5b"",""0xa79b998f79699d11b4f12c5472c7ae2ce658f690ff070100aa8cbbb0cec325c0""]",[],0,0,1,0,0,0,0
dedudes312m605d61cb,valid,,3,1,2,m605d61cb,100,10,10,"[""0x5a354742fd5b660be04a0326f7e084e2a2e59d132e361028f7dc0613581c139c"",""0x9bdb451523a210226b58d128fc9c31717b88f968f5b955dcf4bbcc316395af4f"",""0x079d0adafe244885f377b00de582a588e308cffbc383afd9dcea817eddf2fd89"",""0x08e97409e94dc96f481069021cc78b5317f47e4e4aac618845594360beeb00f2"",""0x3cdc703e6fd5a4ef444924a804a9e23aff0beddc4f6eaa806e88bd8aa3edacff"",""0xe62709261d7f452aa55c910b9d397187478eb21667ffaa5aa1a69b42ef56a0d8"",""0x06f1767fe48b30b1b8d28ae04d13e706f4126d718047ff24de37167a9125eb24"",""0x3e8bec0f1c4ef02baba2a1e6c1602b14978143e4bff67d4e747559701dac5342"",""0x4799c972997b453ebd835cee78c0e619ea6aab030d36b2c67ad565d6ece7f8e0"",""0x74d1366fbe52d8484162e1ed6b49c0c8fa14afa42eba223d4651e6ea03ec4cce""]","[""0x5236f24fda178ebee1e67f896ba01c7305c09718e74429772f449b40cbc5c735"",""0x7c52680fcfef5c7a792985f3ad5c6f7d89246254102af68608ab10b59e8a1bc8"",""0x6288dcfe5fb2840d2562fff7aa877762bbb68d40fa73a282fffaa9a6f8c8a10c"",""0x17e8c26097d0ff404e51aff2c72019cb18f3aa51e2095995e64b675842e14a11"",""0x97423c55158df9670a689f78b9b25766a67c2206551fcfcd9909eaa2b209fdfa"",""0xf108d19218ab1d485d94bf7edf808ab93b615d2ebf6bc7a6bb4ee827d1b06712"",""0x8d569616a01ff7b6f8c3e29a5d33273ab6c86c53037cae27ef6cc51c67113f78"",""0x47399756da88a59616696c5337a59aaeb941e2d81c4f4caaf921c282c55c6263"",""0x29faba369a9df31c5cb9e6bc1c5e33037f979b47cee76339e986f878271fa5dd"",""0x4e20376d1da11c9e1f1d90c95dda5d888cc4afaf92514bcf2dce9c5d0ed6f72d""]",[],0,0,1,0,0,0,0
dedudes312m61ff8ed9,valid,,3,1,2,m61ff8ed9,100,10,10,"[""0xfc04a19087edbc1da922120d26a7b65619068e66fa34d931b0f1f70c66c0267e"",""0xcdac4b8724f50f65662dfbe63aab4a8c00aba9ff45b3ef54b4624eb092178fd1"",""0xa60061a46e6f3588611ff2e030a8c2739435473882e320556fcfb9df009f9e67"",""0x9d97d9bc925cf0899eecf009fb6c4f97ff7a9532e93b11844e49a715e4cd3248"",""0x8dbc33bb09de968685fbd0241a07b9b02f51c04ad7594fb15973d8ba426e3d5f"",""0x688f27a824d56679de1d4333c475084fa393064714c11e58add899fd8a98a2f1"",""0x6abe5b14e7e5f95462a3451441624c82b5dba83d2cb308d785adbb6c53944f1d"",""0xe94af6de51c16c176b861de4cb1227cb5aac25da9c8b90b4cfd8c4f5c052f8ee"",""0x088e3169a82775127b1e3cb7eda9ffa169aad83cdd26743bd84a1994d710e218"",""0x4bf826ab2189eecdab1715c990f6c4337f03d354ad8962952e43538031a029ca""]","[""0xa5354f7310ed91f59b1c345e39c21b3b0a760f554e1c86015d34b20bf1573fff"",""0xe73354790507ea53673c67d57b9a4e38a7c891a6f1eba2fd7509eafe56356b74"",""0x047056a4db8bc397a2311e162c6c84c92e428d210fad778e565a69407c2480ff"",""0xf753cdb4750238eebb2710939be41aec7da5c28d5812cc16ccbcf95421e17a65"",""0xac8b80036991313f0d9991aa483a95a9c01079cd33e372b5d4f6225deb94ebe3"",""0xabd36aa877f84ff262365e67d8bc106b156ff7a8b05109e7be64388152ff0974"",""0xa17d97abc100dc9f7fd738ca789c4f6db08b3c581ef01cd5161a5f139b8a79e2"",""0xed54d7a9fbadc1c92763a2cd69d632fb026af91e74faa22722bc8981334ce6cf"",""0x4075b1c1a48c332b84b4ca094e3b13c917ba819a5b04ff83479afdd4ca43c354"",""0xa2768aee9c99fab0f52e085695c2373eff29dcb97f88834346cad088b73812bd""]",[],0,0,1,0,0,0,0
dedudes312m62eeb31e,valid,,3,1,2,m62eeb31e,100,10,10,"[""0xd3b4b9f6f6182ab45c2a03bd0e3e5a74c67714cd31fc91ce22d96ec815857918"",""0x645335b805d619da688278ba81f30fba8c9b32c4180e6b831b209be762fcae15"",""0xf96bf5d3cfccc96a356555adc13fcc7edbfa81afc78a5fa4043f3dcc47ae4323"",""0x99c64562defad2f1718b78a3014eb5582221e0ab10d0f8da0d92f8a5e4472d1c"",""0xa0f680ecefd895d9fd933e4eeb021e41ab3693788b90070d8b448e2d300b62f6"",""0x86c0d32d25b2dc1db11f89a2069917b54c5580321108531903df231a979888a9"",""0x63f38a7112e47ee5c2e95d61e4589f58c4a7b0ed0a54653dfe44a8213407c79b"",""0xf36ffa249bf590354898aaf0ebe1f3007a0c588aec5369927e964e5e71192d84"",""0x75232ef6746d01e9b8c3c4fe3f6d217fbc13928d20867b00a929dcd7d5749bd6"",""0xe912236ac1e0fa2314dc68c399351e62211e87c3958e648e380df3554a876137""]","[""0xf96bf5d3cfccc96a356555adc13fcc7edbfa81afc78a5fa4043f3dcc47ae4323"",""0x75232ef6746d01e9b8c3c4fe3f6d217fbc13928d20867b00a929dcd7d5749bd6"",""0xe912236ac1e0fa2314dc68c399351e62211e87c3958e648e380df3554a876137"",""0x0147b80fb439b3c56263507b7354f947f9196fcd5c43632dafe2463a29356c5b"",""0x6e6d758c129baedd88101292ed8a6478f9e421eb01f679a57b3c644f3876f468"",""0x047056a4db8bc397a2311e162c6c84c92e428d210fad778e565a69407c2480ff"",""0xab58b9907d0218646605951a37a38307528978618ef01a598905f9eea1137c91"",""0x2bed620b53fb262419044820898d7dd1a83109bdd26079eb97a00f66fd19e50b"",""0xa5354f7310ed91f59b1c345e39c21b3b0a760f554e1c86015d34b20bf1573fff"",""0x4e20376d1da11c9e1f1d90c95dda5d888cc4afaf92514bcf2dce9c5d0ed6f72d""]","[""0xf96bf5d3cfccc96a356555adc13fcc7edbfa81afc78a5fa4043f3dcc47ae4323"",""0x75232ef6746d01e9b8c3c4fe3f6d217fbc13928d20867b00a929dcd7d5749bd6"",""0xe912236ac1e0fa2314dc68c399351e62211e87c3958e648e380df3554a876137""]",0,0,1,0,0,0,0.3
dedudes312m688ed826,valid,,3,1,2,m688ed826,100,10,10,"[""0xbe40c8792c5e7ae1077cfd035d1031a37da1ba26bc235a9785b8bf1ed27c38b3"",""0x0b8c0325fd06c984bb93986ac7bf335ad1bd0b1607f0981ae6e3e86e5527e3c3"",""0xb086ecc9f1987195e428fbe1e843193148cd10078a32cc801b28d2a1ed5de014"",""0x47a125c76f0bd169a179e23268ad5b1fbec5feb6f700b4381ed6d376d527cfed"",""0x03ff41ce3837d17ef429a10b972d50f45403b7c44e06c77d3b93c92deba5adaf"",""0x839d221d81f1ae2a6b510e74b2e2d3ecb1d1923a5e73e5ce35588c7f49a173c1"",""0xe23af378dd5f48b46bd4772929fb312aef69156bdbfae4b5e9a87a0c335614fc"",""0xbae758a9b835e93f83a4715b4d0b3f8e5e2f3c17b6b72baa0d50ee310925fa9e"",""0xc8b6680acf6f6491b5e4fd810a44cbad229729371da8bc7a38d8cc8d2273b83f"",""0x90d9acf534c8ad2562f8a41d27443d75311ae3a13c21d06b4038e3521663f56a""]","[""0xa6c3685747057209a427117968fe118950aad3eaaf5386b285e0b3b54cef9f87"",""0xbae758a9b835e93f83a4715b4d0b3f8e5e2f3c17b6b72baa0d50ee310925fa9e"",""0x71c27b8547dd4bc5b567c4bdfea30552124c62fef8f8c10781579ba95ad6bb72"",""0xdf68bebf3b276ea37921247bf2bc5d4faccce08b5f9721559030b1e34603f1a0"",""0x3fe9683c0e77ca5d1c545a47a22db2070f92b786ef071a3bea362ae0ae8b76d4"",""0x9e14eb9b0b4d79e8a0f857e9e859cdf595c612dae2bb3851332b3220d3f2aded"",""0x24b3965f185cdbe1fc3727ff2135238ce0ef4e7ee1390c559ac159dbe1d0c04e"",""0x2ca8d5400b3f2a2c1023e937e8cefa19eb7934d6c64e4eb7ccaef4bf420eb203"",""0x910c2fec08f3cbf6278353f88ca09a0d1a2a74f3fe194bcc8e6ec6df84b6e5f9"",""0xd58da8985226932f70603b9da4ec0037387458a6c26bbb78e6f7e2fe68bf86bb""]","[""0xbae758a9b835e93f83a4715b4d0b3f8e5e2f3c17b6b72baa0d50ee310925fa9e""]",0,0,1,0,0,0,0.1
dedudes312m74b51335,valid,,3,1,2,m74b51335,100,10,10,"[""0x83a064fb0c3d929367b562453fd56149325de6ec75b506925731d32e2572c2b0"",""0xe34a9826f7afff98a0f7315f2941cad3a4f3746a2d783f7b4d3a1c52103ac968"",""0x2b2aa943c85f444b73f30ba39f4ba1c0ea5599ee3d455d9029994832f8935d89"",""0x927d988818abf504d4dce598e7494e5fe56f33a54d03cedc61bbf54d48dc68f6"",""0x89de293badb6e8ef2691d811ef98dd0c56e75d703141b55b672c6e4871cab4f1"",""0xe2f12dcaf7d2e6820b42df7b1d09b421258c275035e2e4ddf615a73496f5ebb9"",""0x6efffd26351366aee73474dcc96b09d416d5c182f8ceed91333f1f985b889978"",""0x56d8ac1fdebf5948a8ab0d0b82592c623a63fcebe4c0abec71ec2684604f1721"",""0xfc083120a8feee1d0e6b43f830cba5e438a319d4980811114ad255bdb0f158c3"",""0x9c6819fd248cd16a3fc17004ca2b67e87f5cc68986602147590293056036e6e5""]","[""0x89de293badb6e8ef2691d811ef98dd0c56e75d703141b55b672c6e4871cab4f1"",""0x93cccc9ddb2c07147c7775f32275ffe610eae9dac4a0b0e0c03c37e1c0bd53f5"",""0x888905a0a534ce554b87552efa11982058f2bd78d7cd30f22878b95f388290f8"",""0x2bed620b53fb262419044820898d7dd1a83109bdd26079eb97a00f66fd19e50b"",""0x4075b1c1a48c332b84b4ca094e3b13c917ba819a5b04ff83479afdd4ca43c354"",""0xbc27e5eeae8d24741e37498174c18b7be391ae0403b6218c92734f8c2f6a975a"",""0x47399756da88a59616696c5337a59aaeb941e2d81c4f4caaf921c282c55c6263"",""0xc23952c378a4c56a3ccefad166600f45f6a804220be6ee2ff45beb77fe1e1a80"",""0x2c6ff6fd5988e48779fe9d7205881d59036eb530a80d7b3473f99cf9a1983500"",""0x9c6819fd248cd16a3fc17004ca2b67e87f5cc68986602147590293056036e6e5""]","[""0x89de293badb6e8ef2691d811ef98dd0c56e75d703141b55b672c6e4871cab4f1"",""0x9c6819fd248cd16a3fc17004ca2b67e87f5cc68986602147590293056036e6e5""]",0,0,1,0,0,0,0.2
dedudes312m87a0e423,valid,,3,1,2,m87a0e423,100,10,10,"[""0x12b10840af76dae24935c28d98e8bcd4783afd7ed0d83ab1ed972536b18bf82e"",""0xa07e1bb4b31aae6683e1158eadb7ceefe76575d47e5c5475ade42c4fdf34acd7"",""0x9e11fd1ffb4e9b981f74eab7dc9d69a949d0ad9bf03189f859aba3581ab7e89a"",""0x8372a168f80223301a841ccd20e1d78bfa5e76f99dd804a3b347c99d9b4792c1"",""0x003c8875402e5a71126cbc248ed78d42720d231a02f5d974226359f630fe674e"",""0x6fba408e22eec7c548af58eafaa30b19c288e277ca56c93fc10599e1738f98d9"",""0xa5fcac3b6200c8a4eef6478c386b35a7a0f848fc4e4ebaba3ac5ea92f2720222"",""0x28ff63677970dd8cb593124e45d80ef6a717d1c10500ae9758c1ae9f978dd303"",""0x3ec728f5c1dd490ae1229323fb5217f61c0b4dfe3255fcaa06be8db15e69c0cc"",""0xc662f778c9a04074755760bf0f09ebbc9465c53c8a417b7ff76fe63cd71f1769""]","[""0x4ecdf3e02d13c9fe32db547b16d4703e37fffadfff94ccccafba5d3492270e84"",""0xd247cd5ac6d6b3dc844de66d61eb913737ab441ca94132664b1e1abf058db54f"",""0x8fa0c2d99bbdc01f3af5867614abefa0c4ddc6da838698d9c9c816368a4c68ba"",""0x7321022e3cb70e0ca5419929854423847ec5986fac6ab928bccba76d1f95085f"",""0x4b34d937794e2a40aa0e0b2cab3894d84cc5ca50772ada5dd00d3bdd255111bd"",""0x9472b1c0afb7c6751ad0c546dcd2b1fd4d72269eeb6eec0590ae3ea255789880"",""0x57137b2edd3af8ab8e1a99ca842ae3d78f905ad42c4f079677b2656f7cc647da"",""0x4feffcd1822aac4917801fa166946af6d6a03938638e96f75b64f78af2d00ed9"",""0x6cec17c15f975a0c2c5010ded2db37c1c91e6bb5d35e7a4d07a843a76bd9fafb"",""0x11c6ce9371279a26939a5cbfa91e968d27cbd7f2d8cc288ee357c306c820b030""]",[],0,0,1,0,0,0,0
dedudes312m92034409,valid,,3,1,2,m92034409,100,10,10,"[""0x139327ab62bbd4934b7cfc70645861896cb17522dd93377e162859737ea6d3ae"",""0xec5694704d88b9d8110cbdb1eb4a9c4b2a036acea4f55b393c0e4ca8f6238d20"",""0xa92224ce4b7dda50fab4450bf4c8ff480c9c16e371a6cbbf4875632f481d1494"",""0x74e7be8b32e08c0943c3f357ddc428139bf197e2d2871fa7255a72393adaea53"",""0xa353c2146e9a243fb7360a35428d933c411fa272574b61ad2a7e5bb90c5877ce"",""0xe2d9f6ed2ad0b01e6a7da20c6ad257cdcb875d010863e437299eae66a07a4a83"",""0xa21c58439ba76498112a9dd59801d9eb71d2b8e004ee265c9369fa2383ba8578"",""0xdfd080e6d5625036af3e0326c7a63a6a701a1b110406427479510f5d022293da"",""0xaec5f3d8354072d281f62bcf5bb667d28adf2707c88750a1fcac78122226a936"",""0x83e3b0998b66120f052c7011ac7fbc31cb77b9e864091293e141f1df231ff2a7""]","[""0x52f959174b3d5e4a9c601c8be94fb382d572ca485eca8cb636993fb300b8dd2e"",""0xb8b2866e059e96f8e2a4becbcb056bf746394665af6a4d7332d712015aab77a3"",""0xc4ec954ae50a47e6f4dc94c797d002b53e75a54561cfebd8ca67b32879cec36b"",""0xd640fc571224b43933da64febedeeafadc7979499fd0e6564fb7d8d00ca2b2d6"",""0xbc0dfb81cf9e22d2d366e0efd4ce5db0ee3ed857f9bb36b8dd7cccc3bbad7d3d"",""0xed645af593084ee81eafa1aa8b6951ddddbe81a8fdede6bda5e069b77a70b1ab"",""0xac71cf4c6d1b0b6ecf72b81901d1e7b92d55b1424c93743d83a5a6c3a2a95112"",""0x0026d3f471982cd447ef47a2f259ea569aed62b3822c41c4b317797fe231a5dc"",""0xa85a50d3fbda3680b262cdba8344aa00eccd23094f7e17385e88cbdb6c045853"",""0xafaf37138b574609e2b3a5e1aa3234f080ad70ad5676fad40b19895a078d7dee""]",[],0,0,1,0,0,0,0
dedudes312m9a581345,valid,,3,1,2,m9a581345,100,10,10,"[""0x9f0a3a8d25a45639ae098d31cf4d9b0b878f2554dc75dce680d565515a32136c"",""0xe3518c539249e19284d9ecf920f9253c5f48a52e01c01c383a78c92121870ffc"",""0x0b11176ffd279cf4e1fc5f4d0afa222f064ee56dcbfaf089a9abf5597195b176"",""0x15418becc3a38294b44abffeb029c97bf246f89f0679daa94e431a72b8d79af7"",""0xa077d467da14848d18e59e8577d5713ebe983a7a361998d6825c5db70368f0b1"",""0xac5ecac7d584cbd45b73f675f718039e84bddf088049e6157bdfbfa30bb637af"",""0x8d98f7816fcb639524d773e5e55d56bbeaf3f4600fb96198b9db450d832e956d"",""0x124965f4295b430e31600aff8339d9e8d948b45552f88d1931428fec081af241"",""0xab3434f8b5ebbe9ed39e209cdbaf610d2b92816d62634fe264263410bc2a31ff"",""0xf805dbff6348742ab14cf679e7f8361efca863743fdfdec50829ae45981920a9""]","[""0x29faba369a9df31c5cb9e6bc1c5e33037f979b47cee76339e986f878271fa5dd"",""0x8d569616a01ff7b6f8c3e29a5d33273ab6c86c53037cae27ef6cc51c67113f78"",""0x6e6d758c129baedd88101292ed8a6478f9e421eb01f679a57b3c644f3876f468"",""0xa5354f7310ed91f59b1c345e39c21b3b0a760f554e1c86015d34b20bf1573fff"",""0xe942f44aef93d4afb3cbaf854f82604034c778e957f217525c0d5b8745fc0e1b"",""0xddb3d9f3dee573b1be47b97205b1dad6937e2aa63171287104d449baee27f61b"",""0xcdf69590102e2120a0699bb0bb4b1e9ded25e4d2f24f7526b1cb67c97658534d"",""0xabd36aa877f84ff262365e67d8bc106b156ff7a8b05109e7be64388152ff0974"",""0xe32ad4d2b4c5e2a403429a97e94d1115a2a6746b5eefeefffbb697694fa1d4f2"",""0x7c5a5789f21eba5040da4d9395aefc688a0f120e2e3c76700e30461d0c31c47b""]",[],0,0,1,0,0,0,0
dedudes312m9f25cc42,valid,,3,1,2,m9f25cc42,100,10,10,"[""0xa52341e05fdb6a81cf1caa591fe1e05c71018324a4fe74d32a338787220793ba"",""0xb54d31f2e89f6e1d3d1d659f1ffec1aa642d4fbf8e6dc52863e208aea5410ec1"",""0x3151cf1f6245ad1f95925a7c6ca997a55c4df051b87283ae86e2233718593879"",""0x2ca8d5400b3f2a2c1023e937e8cefa19eb7934d6c64e4eb7ccaef4bf420eb203"",""0x4ac00df2e8e7ebd5d0c84d61568a0ac2e4504fc1371ad1292ed28f3f57f5391b"",""0x8788939ddccdf8e78e57c0735229a8e72ba044b2830d252589de113f575b9c91"",""0x560a3a1989194c2252f21688e120be2ccd659c75fe1edf11e3657c036f6b97b0"",""0xda4e65390f5a56d4d12deb6f0eab1bc6c76312ca72441fb19d514dc8a972574e"",""0x76a481cda16a9b51383887ded51afb2739c0bd85e7cd613c6454f2556d72b108"",""0x6f36db2e89512e0d23a9d0d6aabccd47dabad6c24d86f4ed3e2f34d2f18b5970""]","[""0xa52341e05fdb6a81cf1caa591fe1e05c71018324a4fe74d32a338787220793ba"",""0x560a3a1989194c2252f21688e120be2ccd659c75fe1edf11e3657c036f6b97b0"",""0x012f7a5533aa10df03f81882585c8519379e85aff6b3795e78345287a76146de"",""0x6ca26056104de6a9637fabafb1922d5f2f87e552b8a56e1e2bf5f3f18c17a1fc"",""0x76a481cda16a9b51383887ded51afb2739c0bd85e7cd613c6454f2556d72b108"",""0xf1a5d828a3c76d090fde663f9d5301f508996cd8bcd369bee7f8d22b8a7aee2d"",""0xa57a419d14e97fbd6f66deae8d60b09b35e6b3eb57fdb74ddab9d88b42a9f182"",""0x679a4b7500e218a9148e881a0eb0c30fa15405ad10fcb785ca882ce2b28dcc69"",""0x13ad2aaa30aa2c9cf95c2a9bf238b1c9dbf105d72ea30521868af92a2d943b6a"",""0xa8f6645926614e855e9e5410950b0d978447966aa63f119579ee2f9f1f815372""]","[""0xa52341e05fdb6a81cf1caa591fe1e05c71018324a4fe74d32a338787220793ba"",""0x560a3a1989194c2252f21688e120be2ccd659c75fe1edf11e3657c036f6b97b0"",""0x76a481cda16a9b51383887ded51afb2739c0bd85e7cd613c6454f2556d72b108""]",0,0,1,0,0,0,0.3
dedudes312m9fd952b2,valid,,3,1,2,m9fd952b2,100,10,10,"[""0x036a595e716e8da3a4c46e58a85df4d19113dc842a6238e934316df99832c1dd"",""0x3728d769a0e94a8d7bb4206065a99b977cc27b6e56b6936abfdfa99c2fc0e994"",""0x15375c29885ba8ec082167b98e385179d2cde641aadf61f7df0b498c97135d9e"",""0x36325be2c7f69c9601387ed100bf79870de4c555a64c0db295caf22d19ea7635"",""0x0f2a92e8313992d89e001ed36f44bb9617d65da086386b11ea9fe18d2fdfb106"",""0x977290baf6f2ff71e6f26b4bad22e0ec62100e1a2f5ac2b4e2b7c506d3d8b3b2"",""0x800e5d7bcfd2869baaa48cfd1e0f5c56cf5e91a519e5292bbd95100bbb4b5656"",""0x1a9eabff5b62475b9fa7c2ecc66cf7c3e4d5f7cbf1bedd77507418a722a7ad7e"",""0xf8373f96b98e85231c4fd0c76442671e3b6c949cba09350c4bb05e5bb4910097"",""0xb0f182a6fb1a12d29d8b7f5a6d67e5571b130acb3f2fa1450cd9a73599401acd""]","[""0x0248d2cb7fdf2a7095b7715c24e053f0425e97a94dbba26f5fbee48dddd62335"",""0x52f959174b3d5e4a9c601c8be94fb382d572ca485eca8cb636993fb300b8dd2e"",""0x370782400b6be3d398463e29ac2e7fce9b87893f1222016aba1dd78c3be96568"",""0x13b6d9bdd6ca06f426dc0d41746324c9ce628d54eb8c6f7585171d54489105b2"",""0xd7d653f7f8e66eb593bc9b749e14270025b9d8fa3c3b79c90eee945e199c8d4d"",""0x2bed620b53fb262419044820898d7dd1a83109bdd26079eb97a00f66fd19e50b"",""0xac71cf4c6d1b0b6ecf72b81901d1e7b92d55b1424c93743d83a5a6c3a2a95112"",""0xb608421e38e36743f8fbd8f6ecfada1c05dfd5091e111c5bca9db9c42a39324c"",""0x51ca5ceea8865e68fea76905e36eaf9b1307c13e80e084abd7c08edfc103c620"",""0xf96bf5d3cfccc96a356555adc13fcc7edbfa81afc78a5fa4043f3dcc47ae4323""]",[],0,0,1,0,0,0,0
dedudes312ma13a9811,valid,,3,1,2,ma13a9811,100,10,10,"[""0xaec5f3d8354072d281f62bcf5bb667d28adf2707c88750a1fcac78122226a936"",""0xef7983386c52f2e3fd86953cb396f63925a347990bc0788e13470bba1246a1a6"",""0xd6123c9172358a6d7a877304cb9b7311be7ee4684008057c0434f3bc871f49e1"",""0xdaecba2ed12f5a5b70fa12804a2e95989f00d20797517e0792bbbe0eb9fa7798"",""0x8788939ddccdf8e78e57c0735229a8e72ba044b2830d252589de113f575b9c91"",""0x6f36db2e89512e0d23a9d0d6aabccd47dabad6c24d86f4ed3e2f34d2f18b5970"",""0x2270c09584ff34309d9c951ade049db876c4e56549fc7cafaaf3003678bde7aa"",""0xc5c2cb86131f9e87776a8803ffd32d0cd607c48d0d8417a53e9e914dcb7b7f8d"",""0x914020427e46dfdb433652fa42f8d748194f468299ebb4d21fedcb46d9db0637"",""0xf0c29128cb7d3f53c7a18463c1f5c4a9282a88704dca8ea3bd7f099c7d9bf553""]","[""0xef1c682a96f426ceffe117ba429fc06fc879a35e191eaec5c199908f2c665b34"",""0x39dabafc64c5c5eff56582e8508223dee7f3a8041728d30970cf81a4d1e0be46"",""0x609b958fedcadd17d8814bf0281fbcd474cb57d80d9499dfbe8dc94438a4ca9c"",""0x022d2f24e20eecc4054c519000a7e45043cf9f7e0fd1afee78279de75da5f9e7"",""0xaf3d313a9660b78d41374e9625c0998b95a35b34aa64d466d29942912711d3cd"",""0x5cade3332a7dec40ebd048efab16eefe3f0e6f3b468acbd31aceb93ae5b85d6e"",""0x27ea82588e84c8f07bd0ada1a20ca6b092985d021be143ad1979036c018adddd"",""0x6f36db2e89512e0d23a9d0d6aabccd47dabad6c24d86f4ed3e2f34d2f18b5970"",""0x972cfa2de1c4f801959ffadb7e6ad7fb4c8add483fce5ec5824eb11e38544b16"",""0xc5c2cb86131f9e87776a8803ffd32d0cd607c48d0d8417a53e9e914dcb7b7f8d""]","[""0x6f36db2e89512e0d23a9d0d6aabccd47dabad6c24d86f4ed3e2f34d2f18b5970"",""0xc5c2cb86131f9e87776a8803ffd32d0cd607c48d0d8417a53e9e914dcb7b7f8d""]",0,0,1,0,0,0,0.2
dedudes312mab0bf37a,valid,,3,1,2,mab0bf37a,100,10,10,"[""0x9aed8bfb07987e63232962f5af76c2ad8c132a6703f223afdb4de05c67ab77cb"",""0x8c37ac7cc1279806c1ded6a839ffca45e0e549d7c2e0d4fb43a1327571a967e7"",""0x3f25a18b1897afde5f10e5ae6a5eb4c6c0602ca0caed94b5bbe2ace91d0c8106"",""0x8b23e0bacdd305663faad629c52ba372697ed0a7bdbbf85ccc8a843f53cfb1d8"",""0xeaa45f721f0193234674afd501aafbc171cb87d7a5e5b4dbc0bd41dcbcec9e77"",""0x6fd17a652fd42f0b032ad8a397412ff25dae2c10400f4666f1f6bfc8ad48d915"",""0xa946ea876baa6e8d21a2e52fba85b0997e454da51b47ee52106450c83894be66"",""0xb90e214485cb1ed527c7dbdc3b770b5e34699f5254f221755f60c626c1fbe677"",""0xec7ae91fae735e175818a16afc31968486e1a66154449e6eef8f4d7b6664afe2"",""0xb870383b88c581892fb8afaae581902fa9483eb24e3855dc71949a09ccf53a83""]","[""0x2432cfe4f9353b1ba5658ab99af0b32f44ac9b15ec481b90164d7045e845a019"",""0x94cc8dd56cb47a38c5fde48ab4da2f2d7a22afa57cd4737cbb3ea216ae681034"",""0x037a73ab9a72306dc8ebecdf80a2ab16d414d96cf2f63c7fb32feb92bf9a5b6d"",""0x3728d769a0e94a8d7bb4206065a99b977cc27b6e56b6936abfdfa99c2fc0e994"",""0x88ce248d0afdcbdb05816c4e2b41523403adb46f31d661e6aa300f6254b8d800"",""0x6ef4bc7397209ca22235b99ccf40dcaebfde72aaa515cc2878e92594219cfd1c"",""0x39b18f99686017920bc59b0c772f4d47d87cbbe371ee08db66be4c9837fe57a6"",""0x3151cf1f6245ad1f95925a7c6ca997a55c4df051b87283ae86e2233718593879"",""0xae344a42798a222d1914b1cb70cd1dad6397e19b0a3608362b5b5f2aeb02772b"",""0x4aee22d2ce86d209c5c30927446358b8b9f135060ae67977c95ce8c029f89aa6""]",[],0,0,1,0,0,0,0
dedudes312mb8cb04ea,valid,,3,1,2,mb8cb04ea,100,10,10,"[""0x8b07cc9cd4fbfd615d3e52d1c35b63fc5d64a682d5120a3db6d1d91970d0d794"",""0xaed8518e8290ba77e2c3751a919b37635189f51df6200ec4dc85d803f77c577b"",""0x8f04feceeeafb4b38ff43f8d5232b1bc6aa0490e4de92a67b3e7fc9e2f7f8232"",""0x5f3cd4cb79de3a0e14f1da49f6bb031c06a2378c43b198e0e368b4e8b8764243"",""0x1a8d31aaa763a757d4815df2b63891f7c359e36817494002d0435727f3476aa3"",""0xe63e2c269971e74b53d28366ab0f97aa8abe54de17097a543041aa6f1aef67c5"",""0xddc8a0d4673d1ce329c6876bba52904788357efd9dc9e6a34f141cdbe74005f6"",""0x52f1daa49da9bb01c2eaf602a56a61152b52332947efec47b3dc6c008fbda404"",""0x91d3b595e1cf7028d34681cd1781fabc721fb52781301f0952acaaf65b91c91d"",""0x70149aaad398601ae8e170461a304028b932b228cee8f806936c98c8554bafc9""]","[""0x29c02eefa13b389c7de0218a34632eb93019200b921bd22dc7c6c42f9112b76d"",""0x9822e8750b69266bf123039815e7c7debfb278e6d07197ee125e1482633a49a4"",""0x4763c32c1e649afb2ab46d1ce5e7891c848aedd9ae897db2ee4649bacfb9b707"",""0xdfd080e6d5625036af3e0326c7a63a6a701a1b110406427479510f5d022293da"",""0x4b0222fbaafed533465fde16e92bb2d156becc43115ff346c51481937cb2ba3e"",""0xdd90815cca98f1110bdd2ed20ca96dd581c2178f9d2d8d5ad452484cccb34bf8"",""0x29faba369a9df31c5cb9e6bc1c5e33037f979b47cee76339e986f878271fa5dd"",""0x129000e4093321a868285d2903488aa7b940a0eb1357e3a264c688acabe9afa8"",""0x047056a4db8bc397a2311e162c6c84c92e428d210fad778e565a69407c2480ff"",""0x1d6e3452d8c14ba8ad0da5768f4e893379ad5195191614ad63a148e604464086""]",[],0,0,1,0,0,0,0
dedudes312mb925a6f5,valid,,3,1,2,mb925a6f5,100,10,10,"[""0xa353c2146e9a243fb7360a35428d933c411fa272574b61ad2a7e5bb90c5877ce"",""0x58a1c325755d0a61c9d5c5ecc8e5b1a3db351be2f7ed0586b3f4c827cb2c5199"",""0xd07dcd945ac0aa1fbce15f81f2f1057f33d924b5942b074332c1ff7ad8a9da00"",""0xe031eefb83fbac3f912e01bd186ab428a6106a2e1da9d24510ac2df9edc04e92"",""0x873d0193628e792877af1f2071f47cb7fe512a405dedebe2cadd656642c824b6"",""0xb4303322b711e6762ae2090a8f30b0a3b1c3052a59b4e7d100215f146825bb98"",""0x2270c09584ff34309d9c951ade049db876c4e56549fc7cafaaf3003678bde7aa"",""0x560a3a1989194c2252f21688e120be2ccd659c75fe1edf11e3657c036f6b97b0"",""0x1051a010e28907f5830f47dd61b48d799c07a62579e5d39cd09a23a9bd2d9b2f"",""0xec1820e120ea32497bc4151cec1c2a1a74c506883244eed9e8c84b63b649b05c""]","[""0xa353c2146e9a243fb7360a35428d933c411fa272574b61ad2a7e5bb90c5877ce"",""0x9e0035c857436bf9a94b0c1f19742d65d3462a5bff4e25d177ebf09586ead800"",""0xc05ca9c89c31d935e983a93ca76e5c5bce8e8f1119b409eaf47715b2f9a60ab4"",""0x9c6819fd248cd16a3fc17004ca2b67e87f5cc68986602147590293056036e6e5"",""0xa8c3c7e57cf6c6713678487ba19f25122b93fae36f6ca5c7e9cf0bcaaebe2be3"",""0x560a3a1989194c2252f21688e120be2ccd659c75fe1edf11e3657c036f6b97b0"",""0x7c2efe492501a633d48b1f5befc513201a40bcd9179017831de762365f9fb0bc"",""0x85fb9a6bcb387ec3dd49674beb0f8f9b2314b34426021f771fb5b9843a3dedd6"",""0x08a53f92c6c09bad8332e30c9d75fbebcf2d11886157685b3dade47a75dde95a"",""0x0313e2439d3f04048546ca2621a685786bc28d32f81734049f4df72a1d29a9e8""]","[""0xa353c2146e9a243fb7360a35428d933c411fa272574b61ad2a7e5bb90c5877ce"",""0x560a3a1989194c2252f21688e120be2ccd659c75fe1edf11e3657c036f6b97b0""]",0,0,1,0,0,0,0.2
dedudes312mba695eef,valid,,3,1,2,mba695eef,100,10,10,"[""0x13454aafbc4e37e9cec57f23a7668d44e38a4dfaf40f9d43cc8fdda8c1a87fb0"",""0xa9a8b3d41055d0bc65f9c61ebf60a0558b65208450595b48ae10a7cba0f34aa3"",""0xe9082b011d954d90121830a8a30ac910553bca2090b0e3d49fc435ebe1d4348e"",""0x573e584c93cf55c214a4f7070d04e40f91a3acf77fc0194788ebc5697c71eb35"",""0x90d37143c2ba0eae4756bd231762ef464731a09d89642f1821ca605b8c15c15d"",""0x925069f6d3cee94c1ef4eeb24cc361a40fe654a18deeb403756a8ee0e9c6958d"",""0xf5b80a9a60f16dc8f496ddff020c51112e888fc6dca95892297eeecbb1612e6b"",""0xd4f316751c2cc91137ccb92ad9811c064a751c519d87034d7e45d56080be9838"",""0x7c24fd91193539b910980eab90cf1bac88c1092cde5269b0192f415926d90b6c"",""0x57563a0bc999071a90dc33fab789cff620a1d4c81945ca0b5e7cb7b310a9adf5""]","[""0xf76e1e06753c8a4e15491a4e3b5413f180e6aa9fdad03e81d4979d2ce56ecffc"",""0x44543bfcc1209f569e163db7d9f5b43eb42702bdcfc9c51ffe418f6bc59d8241"",""0x7c5a5789f21eba5040da4d9395aefc688a0f120e2e3c76700e30461d0c31c47b"",""0x8de6a75e281e848e359cdd72e5c738793171e2faf5cbca33bc8b8d13f2e2241d"",""0xed645af593084ee81eafa1aa8b6951ddddbe81a8fdede6bda5e069b77a70b1ab"",""0x8dbc33bb09de968685fbd0241a07b9b02f51c04ad7594fb15973d8ba426e3d5f"",""0x976a3f857cd3a4a1018329ed8be8c0a1f59eee36120abec15f17a08fe82a805d"",""0x3b6a509781748d255a28c100c6ba5cd5fb219f8af55024ed4323ee34595b86d1"",""0xb608421e38e36743f8fbd8f6ecfada1c05dfd5091e111c5bca9db9c42a39324c"",""0x6efffd26351366aee73474dcc96b09d416d5c182f8ceed91333f1f985b889978""]",[],0,0,1,0,0,0,0
dedudes312mbc92d998,valid,,3,1,2,mbc92d998,100,10,10,"[""0x016d5dd462c2b3cfbd87d2cfa5eb72a91b1427e57ccb72c3afbdef557a9686f6"",""0x8cee6940d18414f933eafe6b3a15e6d018e5375bf3a54d7554fe86ad647cafb8"",""0x4756b4d7a8a8a1d4d1916bdecd6badb5988b5a5dce79c72ed78523fad868ede0"",""0xfabad93febc057a98a5ec8aba14cc4a16dc75d830d5af1f5045a211c7c00ff4d"",""0x18b671d6a201213fc16ef497dfbf6b9072381b742fc28877789a81b873717bb8"",""0x50a36a45b1d8a772a690b19570fdc0faaad3c0858f58d515cf56372ebff101c3"",""0x541ec553513e461d285619ca4e2d29ab8dc603ff499d549f39236dfa94bf5e90"",""0x6d26162320a21a58a4b1551f88457aee2210e084010831bae04426f5cd0c0125"",""0xc533c492ef7108a952a115b8e31867dbdb42a5e64e221354840dcd02e0885279"",""0x599e8776513e66a01a947ace8f03ff9aab0d4d52244ffb62d262e00662c64c9c""]","[""0x3b6a509781748d255a28c100c6ba5cd5fb219f8af55024ed4323ee34595b86d1"",""0x7caa6118b59fdaf813a4754af425ac2e46912311827867fcb29bab268a11ab74"",""0xa2768aee9c99fab0f52e085695c2373eff29dcb97f88834346cad088b73812bd"",""0x3728d769a0e94a8d7bb4206065a99b977cc27b6e56b6936abfdfa99c2fc0e994"",""0x44543bfcc1209f569e163db7d9f5b43eb42702bdcfc9c51ffe418f6bc59d8241"",""0xd83117a66902557710ac877d5a6e5420420b22d06e9ecafd3d0d0d54852a5c3c"",""0xf76f66f2e5747083914ae51a7831de7c7b137775223781208a4327e1e4e5b32a"",""0x85498ce22dc34407fc0a29f1e8eb808a3362a108eb39e5ed3b3cda0b38363d56"",""0x44db1f41b36ed2fcb23bcdcb49f6b2aa63f0a0f30e97b2afded92dfc1e7ba7e9"",""0xa18a585af6564044287e7941dae389fa30ab6892d4e29cc1cf6b38431a0e1f30""]",[],0,0,1,0,0,0,0
dedudes312mc1398e4b,valid,,3,1,2,mc1398e4b,100,10,10,"[""0xd247cd5ac6d6b3dc844de66d61eb913737ab441ca94132664b1e1abf058db54f"",""0xee44e9a5c296407f08941d710bdcacc333132651d9553b2f7275da139847a3ce"",""0xaad56189e897be2df32052ea70ebca2c667d5cea0eb911ef1beaf299a81f8970"",""0x04ad85ab8c285a3a04aef9708866be0b1dd8858889925563852717ba11338535"",""0xe61203f1aa29eaf1fbd30522563bf918238db276b8579108a88d185327d1990a"",""0xad2898c43972294460b62676b8b07615b49016371f37fe1ebb194096f41d8cd4"",""0x152e268df20e89e1a61f81f4bbaa1988b1a05b393e0cfbf3ace1149e344949ff"",""0xcf96dd76f4aa4ca4703718c3cfe96dca4621f3af34560e257ca9bc0f23c5bf7a"",""0xd0ec57de42f2a83e53b52dcc61b933a4287465f2212181416ff2c3a6b797b647"",""0x00fb5b68a47b95a5500e52c8f21610b9a833645dc7187d385c7e5ffa7756a8b5""]","[""0xd247cd5ac6d6b3dc844de66d61eb913737ab441ca94132664b1e1abf058db54f"",""0xcf96dd76f4aa4ca4703718c3cfe96dca4621f3af34560e257ca9bc0f23c5bf7a"",""0xaad56189e897be2df32052ea70ebca2c667d5cea0eb911ef1beaf299a81f8970"",""0x5d149705a332b4acace1ac24e2948e4eedb296b952a6f19787b4d2613f697e8f"",""0x9736a810837b9591485904f217e1bc53edc3bcc2cf45c3d6443fd0efc3899eb5"",""0x12cc8fa3318fdcda586bc7cb1b16db09a022aab66dd770be516db73c7b3fffcf"",""0x7019a4c261b27fda2ba8dfbeebc1a3c6fb1acb30397ab9d206b9d2518047eb23"",""0x0edd199fb776ce1e94af4061882d39f0da1363826f9102562c07802a0219c49f"",""0x44083458e64996202def47bd1b24957a168d8fbac5ab9c5f9b78cd79ac54876f"",""0x4df5be4acbe8b6a253f38cbf6156ce185bb75f3d60155a1303e97394a7c8ff5e""]","[""0xd247cd5ac6d6b3dc844de66d61eb913737ab441ca94132664b1e1abf058db54f"",""0xaad56189e897be2df32052ea70ebca2c667d5cea0eb911ef1beaf299a81f8970"",""0xcf96dd76f4aa4ca4703718c3cfe96dca4621f3af34560e257ca9bc0f23c5bf7a""]",0,0,1,0,0,0,0.3
dedudes312mc33fe544,valid,,3,1,2,mc33fe544,100,10,10,"[""0x5cd33f468d6cb3191f93eb6c34cbbe9b3f16d778569b94851821feedb1cc47dc"",""0x3915078eaaef4b3b01c483c9298f24226b2468429c7879b10161f34f702c69b2"",""0x34ab092d53c6d7ddbdb8d867290de66b967de57609b3017b62fc675fb47b30f4"",""0xddb04f49c37e79d04e91d067dee2f24fc36d5dd9f3e3ef13a7371ac377b7d3df"",""0xc46dcb68dfb73f6b48146b814468030b7b03c72955c6d352350e1a888a32adc3"",""0xa8039fa1707629d4854634c483687e973e82116bfbd173a40a59b9cf278ad2c9"",""0xe90f102fd4f47360120154fbbaaa10cf5c90856c0b98acfaa19f3a049999c18c"",""0xe77763c659d0943fcf4c8e41d7fa5a097b66bf9287a844d3346648d6c195b1dd"",""0x1c9b8c67671e3735934469063297cb8844ccdf90c3dc450b72aaf6b6265db4f7"",""0x49b280439e187981df432e2900f6e08a5aa024a22bd5db29b2acaf5dc8b23e17""]","[""0x2c48158b05801927cc42a3bea77abed8b4f0883611b741cf6a1de9b1733a32ba"",""0x43bf4d97b7c4b375640d244dfffd470737f3f60cb567a6692a8cbc45fe781e35"",""0x4c5a0971e57f16e191cb754bd02a477f11ac1549992b208b983d7ed0ebcb80fb"",""0xba43dc1fee7635c8ac3640bd49f486f7d217a475a123803af63389b831328443"",""0xe63e2c269971e74b53d28366ab0f97aa8abe54de17097a543041aa6f1aef67c5"",""0xac8b80036991313f0d9991aa483a95a9c01079cd33e372b5d4f6225deb94ebe3"",""0xab1f3b5c76e3df878e5156589a69a4dda5467364bbaf9120630b0690ac8ff7c0"",""0xc337e70c9bf8f6b05a64463a28977c43c79df4f14ceab4ed6a1ce6ae2e6869f0"",""0x652b6fcd81e14af4fd262e0d06da33720918f4c750a0306b36ef9b9d3c91f451"",""0x6bb857cac119501e85dfcae81b8287d1afb5a12e1d4fb0784c8b00b2b3ca2b4a""]",[],0,0,1,0,0,0,0
dedudes312mc8cff790,valid,,3,1,2,mc8cff790,100,10,10,"[""0xe03f52b78bc8e9eab84e177e513ae005b06cbe60597e3fbbb3f6cbce41404793"",""0x4947d0ddb8adfa3d0b40fd2414ad0e6c130130f981a1feb92b851b0d747cbd94"",""0xa5eb06f5f47e48dd8d45edef03ee2c9308a851a7d3048125c2a4ec9b247d9617"",""0x7af1853321ba68840018ee2753cfbe9f94e471cbb25d6d548d0bb01deb601193"",""0x44db1f41b36ed2fcb23bcdcb49f6b2aa63f0a0f30e97b2afded92dfc1e7ba7e9"",""0x612930bb80ad2d9ef97fe5057df586170d8fcd1e1b05169edb9afad58e5b801a"",""0x1ce2000d19183a439276d735ea6c2190b0681a0d867462abeb010fad3c1fc152"",""0x492230e93b426215913042fe17f1e4c3058defa7c4c60f621a9cb9bd1ccde123"",""0xa21c58439ba76498112a9dd59801d9eb71d2b8e004ee265c9369fa2383ba8578"",""0x022d2f24e20eecc4054c519000a7e45043cf9f7e0fd1afee78279de75da5f9e7""]","[""0x44db1f41b36ed2fcb23bcdcb49f6b2aa63f0a0f30e97b2afded92dfc1e7ba7e9"",""0x1ce2000d19183a439276d735ea6c2190b0681a0d867462abeb010fad3c1fc152"",""0x8998161122af777b1fb738b1835d8ebcc9f48893ccf82d61ac2fda90d56365a6"",""0xbaba60f08c5c4c146fc2d4544fe25a2d6c9c69db876b69b284afae0f138c34b9"",""0x492230e93b426215913042fe17f1e4c3058defa7c4c60f621a9cb9bd1ccde123"",""0xa077d467da14848d18e59e8577d5713ebe983a7a361998d6825c5db70368f0b1"",""0x82fcd452b99b91dfe9774519d4370744e58fb0506ae4415458cf3521d2764eab"",""0xd07dcd945ac0aa1fbce15f81f2f1057f33d924b5942b074332c1ff7ad8a9da00"",""0x7dc6b8ba90b164cdeda9462c5094100181c311a7d80c30e054ffa58ddc9be8a4"",""0xd868b210f941bd8fd28c1c4712cccc7f23ac7c739ca934fb8809925e3a2e2d97""]","[""0x44db1f41b36ed2fcb23bcdcb49f6b2aa63f0a0f30e97b2afded92dfc1e7ba7e9"",""0x1ce2000d19183a439276d735ea6c2190b0681a0d867462abeb010fad3c1fc152"",""0x492230e93b426215913042fe17f1e4c3058defa7c4c60f621a9cb9bd1ccde123""]",0,0,1,0,0,0,0.3
dedudes312md0160e8c,valid,,3,1,2,md0160e8c,100,10,10,"[""0xbc6c2a3d2d97b8c8c01eb4a39c1dd24a420ffd106b43d2a0cd0ff29c281c61b0"",""0x30bdf36659edaf8ad152d36428c2c63069bcea70aeaf5521e3be09457ebcaaf4"",""0x02bb46077ad6d2140559ed07610045289035f3d63aa4b75e85abeade824262c3"",""0x8af62fbfe6188bece52f705db8da5dffd9e7c57457854eac4ef37f967269c2ab"",""0x2e74b5034538e524cd0d0340aca6be4b34fcab84f33eed809fd678cc9b338956"",""0x941a7067fa2310fa8101325f99cd4ead0de6716705723132e4467780830acef6"",""0x0823967d6ac9ee428aefae4d108c0423193b7d64cb6a4f605ab79fa5b0d03424"",""0xdaecba2ed12f5a5b70fa12804a2e95989f00d20797517e0792bbbe0eb9fa7798"",""0xd32c48de77651fcbed92dbe1e7a30d5ed6ee6fb3d3593ec03a2154e01c551544"",""0x3f401e9564971216a45cb0800193cb271f1c053823f4b45d7e5f786adab1a855""]","[""0x02bb46077ad6d2140559ed07610045289035f3d63aa4b75e85abeade824262c3"",""0x8b08bd16fdfc682c01c8e5902a9ecb016da4dbcb29c8bdafa014073b9bc90e19"",""0xdaecba2ed12f5a5b70fa12804a2e95989f00d20797517e0792bbbe0eb9fa7798"",""0x3965ddc195cd9ffad54a5e8f2c792515e1503e381bd6b8ffe1dc086362d61382"",""0x9c41003aaee06f398090c01fe5a3b3c440d3968bb30dc4359bc666cf9f99a2bc"",""0x64b68fc2945ffdaf60010830669bda0627be83db1d7e5a8d5a38842f00e5325c"",""0xac5ecac7d584cbd45b73f675f718039e84bddf088049e6157bdfbfa30bb637af"",""0x73647254e06e3db62604fdd9e5b53bf4e2f4a3b10c5e5e037c701c0ecb606fe4"",""0xc336d40f84e39d1872d54720801feb80618a9cb638aec12ecdf600a358a81565"",""0x012f7a5533aa10df03f81882585c8519379e85aff6b3795e78345287a76146de""]","[""0x02bb46077ad6d2140559ed07610045289035f3d63aa4b75e85abeade824262c3"",""0xdaecba2ed12f5a5b70fa12804a2e95989f00d20797517e0792bbbe0eb9fa7798""]",0,0,1,0,0,0,0.2
dedudes312md267eac0,valid,,3,1,2,md267eac0,100,10,10,"[""0xf00ee07d9c2e9d8dd6f8b1d798ca4e10a196864aed4acb8a760521cf09d1abdb"",""0xa43a9e125a3f12a0f2c6a39532b7689f53b084e499aad45d6db4e10d9a088309"",""0xaf3d313a9660b78d41374e9625c0998b95a35b34aa64d466d29942912711d3cd"",""0x04e650beefefc57c681b80135dcc75deaa5559de35ae3b4c78d8355b76749b21"",""0x670e2d7440cda92474993e4b6026d56d466f9dd2f5cd4c2bdb3ed4e4fb225e6c"",""0xf9a8e2f797b8f86bf388ac72ed466433b30784cddbd1abc502a816fcf18c02f9"",""0xc0f691a0ef89eb403780b98864dd2e0cec35dc3186c6b2272adecd15f95bf2eb"",""0xb43cdbe7c0d75fbb5bdecbc4fc447328fbca784b288014e3122a86ef6748f74b"",""0xd72cf2bb2008b6608fd41fe207b5608fee57614acfdd12c73df4d7c32871abfc"",""0xd122ec81ea65594ca917ef923c9ac2d7dae60526aa4df16af8002a61555bbea5""]","[""0x04e650beefefc57c681b80135dcc75deaa5559de35ae3b4c78d8355b76749b21"",""0xf97a47c58feb90efff6cf68b45d05b3895cb44755e34e57068c0c1a3e96428c1"",""0xf17977fa95300b063107d404d43f286bd64a604cd07dddd552d35eda9081efa9"",""0x2b6bb3b55ba3430f21baa0135148d463cea0bdd8145a6b25cf64ee91a6302350"",""0x29c02eefa13b389c7de0218a34632eb93019200b921bd22dc7c6c42f9112b76d"",""0x0026d3f471982cd447ef47a2f259ea569aed62b3822c41c4b317797fe231a5dc"",""0x4e20376d1da11c9e1f1d90c95dda5d888cc4afaf92514bcf2dce9c5d0ed6f72d"",""0x037a73ab9a72306dc8ebecdf80a2ab16d414d96cf2f63c7fb32feb92bf9a5b6d"",""0xd07dcd945ac0aa1fbce15f81f2f1057f33d924b5942b074332c1ff7ad8a9da00"",""0xa8f6645926614e855e9e5410950b0d978447966aa63f119579ee2f9f1f815372""]","[""0x04e650beefefc57c681b80135dcc75deaa5559de35ae3b4c78d8355b76749b21""]",0,0,1,0,0,0,0.1
dedudes312md2809ae0,valid,,3,1,2,md2809ae0,100,10,10,"[""0x5ec22cff95ce1393f970eaa09b547bc5defdad802a7b86480894817e835cf4d2"",""0x21e2bbc34d8d1d1c3187749ec8072917ebd94747675cee5d49b04a2ce1915935"",""0x740df38e44be02d0ec1a151f34094c277858b3616e2946ad313f24ae66d2ef07"",""0x5b8e7419a8ec40a80aba582b4f43717969bf8cf80d560d46e48877e6f2e9598f"",""0xb566333f866e1259515fb5247d00e0ccbecbf5d079219a7d6317d1732d73a396"",""0xb4303322b711e6762ae2090a8f30b0a3b1c3052a59b4e7d100215f146825bb98"",""0x7f0726ec9f0780b8eb9b1a6a4d8fde6c3afcc3267195077759e0112e374e3807"",""0x9f0a3a8d25a45639ae098d31cf4d9b0b878f2554dc75dce680d565515a32136c"",""0xe25b6c81cc4686460aaf17ffc24e2ac388650a848630cba962550bd62b760a4e"",""0xc3176e00a6204b852d9c68642a10c7423787cda47c88ecd0b1df058500d4be21""]","[""0x5b8e7419a8ec40a80aba582b4f43717969bf8cf80d560d46e48877e6f2e9598f"",""0x7f0726ec9f0780b8eb9b1a6a4d8fde6c3afcc3267195077759e0112e374e3807"",""0x8254f8390981941c34866e9f7d9e1ba513eb68390624e80c126ee571456fadcd"",""0xe25b6c81cc4686460aaf17ffc24e2ac388650a848630cba962550bd62b760a4e"",""0xd06a42d72cfbb96ba643618224587534b89ed6d8fc280e2b48ed9c6c13cd6972"",""0xae344a42798a222d1914b1cb70cd1dad6397e19b0a3608362b5b5f2aeb02772b"",""0x18f5f9c890a949af883bc6ae01b055690c4c4da075998fb495d5404a18ca572c"",""0xe3545e6599a6ecf65bf8f351a7d25a78ffbbd83ac3ff97766b76ed78dcf18a3a"",""0x1cb4757891963a7cb555160f3d9ee005fbe1b67635f8fc5b4db9ab9b3deb1c16"",""0x33398d3210b02fd6bdff84655d55cd3e84ca8436888d70edc5eb3e3071d139c3""]","[""0x5b8e7419a8ec40a80aba582b4f43717969bf8cf80d560d46e48877e6f2e9598f"",""0x7f0726ec9f0780b8eb9b1a6a4d8fde6c3afcc3267195077759e0112e374e3807"",""0xe25b6c81cc4686460aaf17ffc24e2ac388650a848630cba962550bd62b760a4e""]",0,0,1,0,0,0,0.3
dedudes312md679647c,valid,,3,1,2,md679647c,100,10,10,"[""0xa8e7a7c3e4fbacad11a8884ec96eb9ca1fc5655ee5a68fcf27d9f68e39bbacb8"",""0x0d1d14b126c9cd4822af2fa53ce6a21cdb935d969bd87e497d8f611724f04c59"",""0x7af1853321ba68840018ee2753cfbe9f94e471cbb25d6d548d0bb01deb601193"",""0xae212251bf7256512a4a9af0b279c3792a9c5c0cdf73f3fd29955527462b8c12"",""0x45541de4501b2a94117631c24fabb07f752f0a76c8ac9b1d90f9711bcf34b53c"",""0x826d057ba637e393543ce1968c948066c5671c841cf0b633423370e488b88b88"",""0x4b9b84ca8910d57afe75be29751592bdf1635402d571a0d418cbbcce431015c4"",""0x129000e4093321a868285d2903488aa7b940a0eb1357e3a264c688acabe9afa8"",""0xb6343af272cf576e45074aeb6acbf5c7e754ed35a3ee8612f6d28879654fdbc0"",""0x37b72a913ca644b06130129e7705895b3d9826a7074bdab5e3b4b33f410763de""]","[""0xae212251bf7256512a4a9af0b279c3792a9c5c0cdf73f3fd29955527462b8c12"",""0x45541de4501b2a94117631c24fabb07f752f0a76c8ac9b1d90f9711bcf34b53c"",""0x75232ef6746d01e9b8c3c4fe3f6d217fbc13928d20867b00a929dcd7d5749bd6"",""0xe481e6732d9cab4a1295b47e9d24f63619aabe54b3def88c6262c06dc5638d7e"",""0xba43dc1fee7635c8ac3640bd49f486f7d217a475a123803af63389b831328443"",""0xa353c2146e9a243fb7360a35428d933c411fa272574b61ad2a7e5bb90c5877ce"",""0xa5354f7310ed91f59b1c345e39c21b3b0a760f554e1c86015d34b20bf1573fff"",""0x6ca26056104de6a9637fabafb1922d5f2f87e552b8a56e1e2bf5f3f18c17a1fc"",""0xe73354790507ea53673c67d57b9a4e38a7c891a6f1eba2fd7509eafe56356b74"",""0xd07dcd945ac0aa1fbce15f81f2f1057f33d924b5942b074332c1ff7ad8a9da00""]","[""0xae212251bf7256512a4a9af0b279c3792a9c5c0cdf73f3fd29955527462b8c12"",""0x45541de4501b2a94117631c24fabb07f752f0a76c8ac9b1d90f9711bcf34b53c""]",0,0,1,0,0,0,0.2
dedudes312md73dd74c,valid,,3,1,2,md73dd74c,100,10,10,"[""0x725e4ffde4438936fbd1cce6ef007c792cc2fcbcf183094f688ea895fbb76573"",""0x7847e51b231029c39b20be3245a18fab1b159755d42c48a9d667579cd8369110"",""0x1659922f2719c055f0065cf86fd257d17a21b7da2fd9943c3c7d671384991eb6"",""0x10174ccc186d1f01377fb8fcdc2ea86c5d1938f3e3ce90187b5a94a6e168f50d"",""0x9a0b15053695120bc6900578f622b3876f4e60021794e4dc43be233adcbe47a4"",""0x7798cee741eb57f8788577a08518c56556076bcec3831f952ce42969b969fc2e"",""0xc81b924786d751073bcad0d11128f8d2aae32075f7d5860c029cce447d40a98c"",""0x06f1767fe48b30b1b8d28ae04d13e706f4126d718047ff24de37167a9125eb24"",""0xae04745fcad991adddbd9b51562626dbe5dcc00992f466c312e9e107a862908c"",""0x4674bf08444098924ee00c95eb685311596bcbbb273a2bb89d78b38c2e490efe""]","[""0x1659922f2719c055f0065cf86fd257d17a21b7da2fd9943c3c7d671384991eb6"",""0x10174ccc186d1f01377fb8fcdc2ea86c5d1938f3e3ce90187b5a94a6e168f50d"",""0x9a0b15053695120bc6900578f622b3876f4e60021794e4dc43be233adcbe47a4"",""0x4af2f147bffd23d7cf8e07c6701fbf298d85f0cf45a774fed7bbd76a787e5222"",""0x83e3b0998b66120f052c7011ac7fbc31cb77b9e864091293e141f1df231ff2a7"",""0xc02015173666ee97a6d7bd726d27e09df176696cfff548215ea0a2e91e323871"",""0x44db1f41b36ed2fcb23bcdcb49f6b2aa63f0a0f30e97b2afded92dfc1e7ba7e9"",""0xc81b924786d751073bcad0d11128f8d2aae32075f7d5860c029cce447d40a98c"",""0xf76e1e06753c8a4e15491a4e3b5413f180e6aa9fdad03e81d4979d2ce56ecffc"",""0x2b7bf8536bf3848c686b35671da7328803c3b75398ab119d87e166a9ba872e8e""]","[""0x1659922f2719c055f0065cf86fd257d17a21b7da2fd9943c3c7d671384991eb6"",""0x10174ccc186d1f01377fb8fcdc2ea86c5d1938f3e3ce90187b5a94a6e168f50d"",""0x9a0b15053695120bc6900578f622b3876f4e60021794e4dc43be233adcbe47a4"",""0xc81b924786d751073bcad0d11128f8d2aae32075f7d5860c029cce447d40a98c""]",0,0,1,0,0,0,0.4
dedudes312md85b3e78,valid,,3,1,2,md85b3e78,100,10,10,"[""0x46bdaad5874ebfa0892c51f5ef0db222dff6fbf0d1b2433aac7173fecf165500"",""0x621c1ff0003d6ddb024efe72099de0ccaf65a791c28c2f5f9c8d765fdec6b361"",""0x29855cb7d9c101ffd09fe1689ba3ac703ad1bd4f1aa100c4434849f31a55da3d"",""0x2bed620b53fb262419044820898d7dd1a83109bdd26079eb97a00f66fd19e50b"",""0xc5c2cb86131f9e87776a8803ffd32d0cd607c48d0d8417a53e9e914dcb7b7f8d"",""0x3fcf1a22cecca469a31c11f18b9ca75f30f498a4a30e4e6e09046ba4ec474500"",""0xf805dbff6348742ab14cf679e7f8361efca863743fdfdec50829ae45981920a9"",""0x103b9dee8103acb597cc0b6923ca9814b7b4c475a9fb155da526a8984448edfc"",""0x63fd6164eab126dfe6b8b87654bed22548bd19475b58bc992aa43585d92fd8e3"",""0x98ae210edf8069ae64423cf68a88b729f35e1a68073573fd2bc8bf3250945b4d""]","[""0x2bed620b53fb262419044820898d7dd1a83109bdd26079eb97a00f66fd19e50b"",""0xcdf69590102e2120a0699bb0bb4b1e9ded25e4d2f24f7526b1cb67c97658534d"",""0xac71cf4c6d1b0b6ecf72b81901d1e7b92d55b1424c93743d83a5a6c3a2a95112"",""0xf805dbff6348742ab14cf679e7f8361efca863743fdfdec50829ae45981920a9"",""0xa79b998f79699d11b4f12c5472c7ae2ce658f690ff070100aa8cbbb0cec325c0"",""0x80e8fbcc08caa1dd06a1a7aed25697a96c8a47b4d645291144324189e0073967"",""0x5fd6c47c7099a110886aa6e55400c92c8d19f181da37201010934f1879e5c342"",""0x52d38e45620787b4976e0570b4c462e4cf69fba1d3a3e08a406addf07dfac90a"",""0xb4f5558b4bdc7e589b5bba34f2bf39509badb2657bcf2700cffd119deee1b1df"",""0x096fb1c675dcd80ba1d8d7bd732300f0be6419e4c872cfa71a9898a2e737ef42""]","[""0x2bed620b53fb262419044820898d7dd1a83109bdd26079eb97a00f66fd19e50b"",""0xf805dbff6348742ab14cf679e7f8361efca863743fdfdec50829ae45981920a9""]",0,0,1,0,0,0,0.2
dedudes312mdf6261f9,valid,,3,1,2,mdf6261f9,100,10,10,"[""0xeb040071410cb36727fa9adc4aaaff64c251972071302a74f30f357d6e0ee7ad"",""0xc662f778c9a04074755760bf0f09ebbc9465c53c8a417b7ff76fe63cd71f1769"",""0xeea69e947ee3a88aacd4d6699c70c119dd6750f8a5c7290cb0466ec4e8ae243c"",""0x7019a4c261b27fda2ba8dfbeebc1a3c6fb1acb30397ab9d206b9d2518047eb23"",""0xe1d755d2bf660617b3ca4f28c4cd47b24edcdf39019fc36bd3e9ab3763cc38c4"",""0xf4a1e58249fef2283219650b704727aaa215df0e5c0f0b30add2f28e5e3c22ba"",""0x56ef3e1015ebff4706ed1c5fc7a7b86f7326b0d2610d59b2c56a0d46860dd49a"",""0x3fe9683c0e77ca5d1c545a47a22db2070f92b786ef071a3bea362ae0ae8b76d4"",""0x943d561513a86d58b40df106c2e6d7e588281f8432002197c1059346ff782cb2"",""0x08e97409e94dc96f481069021cc78b5317f47e4e4aac618845594360beeb00f2""]","[""0xc4c66c87758566d11daba0f759ec447f962a9ffe9e4ecbfc99b48b6a8458e723"",""0x96066476fea3949719914409cfca4f333dd56c06875c4cb6be7161a9df28ec5b"",""0x039e21128fb774df525e96211f7416810399021fb9fd597495338d0fe777fbe0"",""0xbc0dfb81cf9e22d2d366e0efd4ce5db0ee3ed857f9bb36b8dd7cccc3bbad7d3d"",""0x9c6819fd248cd16a3fc17004ca2b67e87f5cc68986602147590293056036e6e5"",""0xab58b9907d0218646605951a37a38307528978618ef01a598905f9eea1137c91"",""0xd4dc0506bb2e84fb9262f7234c910634d3fc043d0edcbb05d46c6eb6d6c73e9d"",""0x629d8756b0c6d742238515bd47e77333fd827c52ccc143a58c680da9794db8ac"",""0x1c0420567499644eb79e43bb0e2de2482eb94f68d62492fc10eb1b3b33873871"",""0x474e9085ef9b0fc6ca2a16d2fa92978e1bea062a446b6dcb8159da20a9ca6569""]",[],0,0,1,0,0,0,0
dedudes312mdfbe43b8,valid,,3,1,2,mdfbe43b8,100,10,10,"[""0x6447bd86e650afcaa2e4e7e2b81339310af662e1a9aa4ef906b4efd1192bcadf"",""0xa927b8e5afa613b23143ec00582e5d0147e22538781d7399559dcdd49f6de749"",""0x88895e298787070b3a7a89c73a140c020e5d7b1986b58fd479451d62a0a16518"",""0x4719db01b390514f7a52aac5ea9bbd337f000107b921e2726d902c75149cfd61"",""0x08e97409e94dc96f481069021cc78b5317f47e4e4aac618845594360beeb00f2"",""0x0b11176ffd279cf4e1fc5f4d0afa222f064ee56dcbfaf089a9abf5597195b176"",""0x774d81d587a2f015e31e0c81043f8f7a4198693b83facac0a26c31278dfe0f05"",""0x7a6e2700f47e3900c08b2d071cdc7697d454a38d0912e5e1eb300b5ce044ec75"",""0x7d385b59d76141b0b2fb313c11e1113fd4d70b1d3d9134abc66cdf5caa7bd8ab"",""0xed1bd6c902932bb516dab6c664fbc443ce4fbde3aaf48a2ea3cf2c81c40405de""]","[""0x0d1d14b126c9cd4822af2fa53ce6a21cdb935d969bd87e497d8f611724f04c59"",""0xbe4fb6057c8c5f006f1f992efc176f60e7db5fc16faa3276dc0d2e8c53c17f34"",""0x35cc0b2887fc2830bbf5808ea0a989765e7782c174e0814faf016ee547ab40fb"",""0x7d385b59d76141b0b2fb313c11e1113fd4d70b1d3d9134abc66cdf5caa7bd8ab"",""0xb566333f866e1259515fb5247d00e0ccbecbf5d079219a7d6317d1732d73a396"",""0x4ac00df2e8e7ebd5d0c84d61568a0ac2e4504fc1371ad1292ed28f3f57f5391b"",""0x2b7bf8536bf3848c686b35671da7328803c3b75398ab119d87e166a9ba872e8e"",""0x645335b805d619da688278ba81f30fba8c9b32c4180e6b831b209be762fcae15"",""0xc8b6680acf6f6491b5e4fd810a44cbad229729371da8bc7a38d8cc8d2273b83f"",""0xc02015173666ee97a6d7bd726d27e09df176696cfff548215ea0a2e91e323871""]","[""0x7d385b59d76141b0b2fb313c11e1113fd4d70b1d3d9134abc66cdf5caa7bd8ab""]",0,0,1,0,0,0,0.1
dedudes312me2cd7cad,valid,,3,1,2,me2cd7cad,100,10,10,"[""0xf7e59f787299f4988b4fe498e62f49ec0966b70b1cf0ede87cece49412c07968"",""0x0f2a92e8313992d89e001ed36f44bb9617d65da086386b11ea9fe18d2fdfb106"",""0x129233d33da25de89e7d9c842f38484da50aa08605daf58d950d014d1998b062"",""0x6092f9c63cf3d208baf21be0aebc352ed539202d6f322754404f78aa75e96ca5"",""0x0ba2d96ab674a97ff6e6cf1fbbd59792aaa62ce25cae0e6366cfe9d0394285f3"",""0x3c8efd6f155b6e3f79c54eb66ca50986fb5c55a21968fc49251b125c09db4e07"",""0xf1480c511ca93719e7c4df2d4a0eb126a32ac678055373f164d046bd55a83beb"",""0x06d9d57053c77f012db6da3ee82776b5f78a3b2c927e0cd0d5203ea2a4373044"",""0x5d18a9260705d78d748ba7194d32c78889379e2e0fb33a7ab74733caa386073d"",""0xcdac4b8724f50f65662dfbe63aab4a8c00aba9ff45b3ef54b4624eb092178fd1""]","[""0xca98d25e2c93784b286e590ed9febb84ffd6e2da7b007b85ea6748061f8e76ac"",""0x037a73ab9a72306dc8ebecdf80a2ab16d414d96cf2f63c7fb32feb92bf9a5b6d"",""0x74d1366fbe52d8484162e1ed6b49c0c8fa14afa42eba223d4651e6ea03ec4cce"",""0x3c5c7c3cdfde1e6a610fadeb29af0d5bf14b21cc8fd41743407ef8de4c918396"",""0x16afeb00f2747e63a63bab610e5c845716931bc23d09339892635a27fc5ba82c"",""0xe2d9f6ed2ad0b01e6a7da20c6ad257cdcb875d010863e437299eae66a07a4a83"",""0xc5c2cb86131f9e87776a8803ffd32d0cd607c48d0d8417a53e9e914dcb7b7f8d"",""0x04e650beefefc57c681b80135dcc75deaa5559de35ae3b4c78d8355b76749b21"",""0x234516a5fb1345f9d7e1dfefa9376d8f3ed00e4b06d5ffa782126225422c39f6"",""0xea2bd6b9a540fc7cb658c0eba77aa94b50680b24ede84c9aa4220903d173a40e""]",[],0,0,1,0,0,0,0
dedudes312me74c87a2,valid,,3,1,2,me74c87a2,100,10,10,"[""0xe54a0d9599f4a911acffcd430f630f622609790e2c1e16e7316e36b5396d8efc"",""0x764d7d955a830dfc76a9cef60c03f1d32acbd04f89f73a8d17b4dfc0eb2e9cec"",""0xa18a585af6564044287e7941dae389fa30ab6892d4e29cc1cf6b38431a0e1f30"",""0x486e177c1643a1337538bc68306e08e1485f4f54e5028b4a7a98fb0f6a72af96"",""0xb6d01a84cc9057fbb430eaba773982d428e92f84e754cca7e87b6b2102d1173a"",""0x7a395d86909d7bc142ec6085502bf2081c027b3ed692c9ab2587558a4bca94b9"",""0x9e91a0bfc4a5bc971e0c99c92682c664d4d7444a348f894de91ed405b36f75c2"",""0x27276524fa1e58fdc5f2a9900ea742a57e279a131e8beb68b9588d476593e928"",""0xd63307e9d3fc7eabf82261a14e1b516f98d0e5e926376dde2bbac9473c874bd5"",""0xa0eb7bd51a718323ba3be09dc166cc7f2a92b7890c0bf3d5f5cc1ea523b97d9b""]","[""0xa18a585af6564044287e7941dae389fa30ab6892d4e29cc1cf6b38431a0e1f30"",""0x9e14eb9b0b4d79e8a0f857e9e859cdf595c612dae2bb3851332b3220d3f2aded"",""0xd9d81c410fa0ea1d20889ef47b16f886682f4f9ba2e8027913ed50c3fe682b88"",""0x1fd25841265433ac2e3659c6e73226111c654fd3688b82c9f78369b12668d297"",""0x56ef3e1015ebff4706ed1c5fc7a7b86f7326b0d2610d59b2c56a0d46860dd49a"",""0x3728d769a0e94a8d7bb4206065a99b977cc27b6e56b6936abfdfa99c2fc0e994"",""0xae344a42798a222d1914b1cb70cd1dad6397e19b0a3608362b5b5f2aeb02772b"",""0xec5694704d88b9d8110cbdb1eb4a9c4b2a036acea4f55b393c0e4ca8f6238d20"",""0x7c5a5789f21eba5040da4d9395aefc688a0f120e2e3c76700e30461d0c31c47b"",""0x3befd8aeded3c32a27eba3e01bf239697a166dc076ce1634e0c9c0328e7a44ea""]","[""0xa18a585af6564044287e7941dae389fa30ab6892d4e29cc1cf6b38431a0e1f30""]",0,0,1,0,0,0,0.1
dedudes312mea543351,valid,,3,1,2,mea543351,100,10,10,"[""0x877547128f33acf04cdb21f25825b450680e5ac2db2a0d155e2bbc89ff8dae92"",""0xdba45f29ef37596ce75c379e00e2cee7b6b9cf22b9f86e39577f4deb63287fc3"",""0xa643637309347abb2eb78bd431ba0504374e2f99ab32a5ca293acefe9733ce69"",""0x33a5eedc78e8e2e00fe1a31a59418160292b39d3dff6a49cd513e2437cca5293"",""0x17b0c83a5ee9597d3bee31023ec5a535713973f1b23b7aa37214d6316455010d"",""0x20dd80302732eaf7bdaade0e0ade88357a634d1a075dcc12c95de47479678994"",""0x259449c15abc34a40b92bdfa1a656c7917dd3da92c7399ff1dc0a46a8bc32263"",""0x33945e42e74e3550cd1e193eabd2c56cc2590a278cc9f2ba82179d179cbe7149"",""0xde7ed4936a12288cd81670fc45e5da026f5fb7314a637be457e23bc230c044fe"",""0xb26c1149cd9eb443d973bcdbe15e2b5cdadefea1aed59815397582553902363b""]","[""0xf4895c2e65fd77f15896acb2e6e88a6985aa4e66b710660c51649dfa142ef08f"",""0x08325ff1f8c90c1056bac7913d895321573da8e77ff5de8eeac46e1ad75aa774"",""0x0248d2cb7fdf2a7095b7715c24e053f0425e97a94dbba26f5fbee48dddd62335"",""0x4ac00df2e8e7ebd5d0c84d61568a0ac2e4504fc1371ad1292ed28f3f57f5391b"",""0xf0d5087a2733853510586e08e2a0d5ac1b0d61ac9cca66bddd0322ae42dd2294"",""0xc4c66c87758566d11daba0f759ec447f962a9ffe9e4ecbfc99b48b6a8458e723"",""0xb3073716ca6507c1e78222d02502caea417253f55b4cb4cfcb0c41b3b612423d"",""0xb566333f866e1259515fb5247d00e0ccbecbf5d079219a7d6317d1732d73a396"",""0x2ada7d81283eed776c54f99e09a98efd06cfecb91ea394014312565d23bcd0fb"",""0x6dadcd3304088ed9827a3ad5f8fae5510a1020d45d927eb3984edba06dcc2165""]",[],0,0,1,0,0,0,0
dedudes312meae7e272,valid,,3,1,2,meae7e272,100,10,10,"[""0x2b830bd2b7b0e59b0bc60ee61ea34feea247ca38a6dc1b52edd727855a6b2084"",""0x047b2ed8fe83b21750e7e61ebd4c21500fb7ce6526e3bfbac6de35acbc116a09"",""0xd4f316751c2cc91137ccb92ad9811c064a751c519d87034d7e45d56080be9838"",""0xfe82580bdfc903803120e052cd1a2f1f55cf7540dc87ddccbb795e111ae43445"",""0x4b9b84ca8910d57afe75be29751592bdf1635402d571a0d418cbbcce431015c4"",""0x7a488176cb090c0eb40fe7c4bcda55063b1d61a9ff67dbcb0d711972085a5b69"",""0x42fc0ca533f77f063e4f5e36553efe8343036a63a3ad51140f5c1dca39a69e10"",""0xe6d20d39251491a0654ecaa8ca5b0d89a6334c795dabc2dc1ec0cab786a8bdfb"",""0xdba2123fdc306d9a4a17aa1111b368b175913527e7e4c65b151c1f5c79a2bfca"",""0x7ebc6a4daa665765fd36833730e2a178cefdaefec3accd3460442bd5b37a93bb""]","[""0xdaecba2ed12f5a5b70fa12804a2e95989f00d20797517e0792bbbe0eb9fa7798"",""0xea2bd6b9a540fc7cb658c0eba77aa94b50680b24ede84c9aa4220903d173a40e"",""0xa79b998f79699d11b4f12c5472c7ae2ce658f690ff070100aa8cbbb0cec325c0"",""0xa95ffd0d5bc70611f706e681fdd001a7128aecc863f1fd30af5959c525cebce3"",""0xec5694704d88b9d8110cbdb1eb4a9c4b2a036acea4f55b393c0e4ca8f6238d20"",""0x04ad85ab8c285a3a04aef9708866be0b1dd8858889925563852717ba11338535"",""0x012f7a5533aa10df03f81882585c8519379e85aff6b3795e78345287a76146de"",""0xc4ec954ae50a47e6f4dc94c797d002b53e75a54561cfebd8ca67b32879cec36b"",""0x45ae843574074a3f4a2c1ca0acde905169694bb10599b0d3696a4f6f56d956b7"",""0xb80f9a6c487f678e44c385af9b93651ca7c8789901ef5143a923fdd75fa34594""]",[],0,0,1,0,0,0,0
dedudes312mef93eb4b,valid,,3,1,2,mef93eb4b,100,10,10,"[""0x1408aa1b0bf56fea1c8d0a564f254982f3e9253b26979043d6949e536b51648e"",""0xfb8bc2f44032dfa1d9f258c8382fbbbed2612f63d0914fe066563cbefb689a53"",""0x5f342e22fdc7a6f789d4dcf56c0ad2f235a48039e796070d00a94fa5c89c9f30"",""0xd9554d516e8fc2f88fa404f40cb980a0aa42e728adee362d9e6d8b347d0a9f4f"",""0xa23f3af7f8a5ee5a14afac20cc2a40c5a6d0b1a111a101024b117d417709a634"",""0x2270c09584ff34309d9c951ade049db876c4e56549fc7cafaaf3003678bde7aa"",""0xe9381872cebc79e2531bf12c0fe048554f36507b472ec98795ffc2d25b24bf44"",""0xbfccd0c1b9f3f130151965e4107bb487449b8d1e48c0da7e358f28486767d4ca"",""0xdb5e5d76b1d0a022cdde951305c077283a6612821f90a9fd1b566499bc776dd4"",""0x11c6ce9371279a26939a5cbfa91e968d27cbd7f2d8cc288ee357c306c820b030""]","[""0x8dbc33bb09de968685fbd0241a07b9b02f51c04ad7594fb15973d8ba426e3d5f"",""0xe468d8edc4a54c19537f2de145f9b8e65cb9f043cd1aa27e1549c2d8471701b3"",""0xe3545e6599a6ecf65bf8f351a7d25a78ffbbd83ac3ff97766b76ed78dcf18a3a"",""0x4e20376d1da11c9e1f1d90c95dda5d888cc4afaf92514bcf2dce9c5d0ed6f72d"",""0x703dc0cf5b4fea7c1ec8b76d0f2cb74750672c711e8128ec067718125ca92340"",""0x4aee22d2ce86d209c5c30927446358b8b9f135060ae67977c95ce8c029f89aa6"",""0x85b60ca2f58ee6f06cf2e1e61d7abee6ba7c11252f5c1d390a7f13a6f5fdc4d8"",""0x0498e72cbb35cfcceb5ab5e28ff9e3193ec3396d08350f0d371f94b24e66dd8d"",""0x646db217199cafad3c95616f3c8b68ac61fb92cf045d6e50fae31bd18ff3ae91"",""0x2350d1c4dcb50ead155d92b600a28ed52cec4e946a60274d5b989965634a6a1a""]",[],0,0,1,0,0,0,0
dedudes313m034e6fc6,valid,,3,1,3,m034e6fc6,100,10,10,"[""0x39393156b8d1cfca792cce898be346812ce223c58b1141cea75c21e4183e9d05"",""0x3e1ea371858322638031295155e12d3211a96f3cfa54c6b021a7ee3ff806457f"",""0xb0ccb82c9bd6286c0293447ee0f0dd360ef483f7df8de5e34b81d525afd81af2"",""0x85053ffcbcdb93a2adfe5c2690defd214cab444e59cb28d72d2403a005e7e52b"",""0xe990b48760a33d3980ed663d2924f8f0409a3dc94d02fd68bb2101eb71e0289d"",""0xe61c79a28c846efdda2b7ffc661829ab40c7bb6fd66fdb61c459330caa712ac6"",""0x7dc99136cb65d68a1111e27fe21ab47b05377336bb9e85b05c034b5f31ee1481"",""0x87eb4bc8cbffc0b9e09ab692fa704bfbcea68fc4219ce22c38194be3f4a829db"",""0x9d97d9bc925cf0899eecf009fb6c4f97ff7a9532e93b11844e49a715e4cd3248"",""0x1a8d31aaa763a757d4815df2b63891f7c359e36817494002d0435727f3476aa3""]","[""0xa79b998f79699d11b4f12c5472c7ae2ce658f690ff070100aa8cbbb0cec325c0"",""0x1c0420567499644eb79e43bb0e2de2482eb94f68d62492fc10eb1b3b33873871"",""0x370782400b6be3d398463e29ac2e7fce9b87893f1222016aba1dd78c3be96568"",""0x7c5a5789f21eba5040da4d9395aefc688a0f120e2e3c76700e30461d0c31c47b"",""0x89de293badb6e8ef2691d811ef98dd0c56e75d703141b55b672c6e4871cab4f1"",""0xb3073716ca6507c1e78222d02502caea417253f55b4cb4cfcb0c41b3b612423d"",""0xbc0dfb81cf9e22d2d366e0efd4ce5db0ee3ed857f9bb36b8dd7cccc3bbad7d3d"",""0xae212251bf7256512a4a9af0b279c3792a9c5c0cdf73f3fd29955527462b8c12"",""0x5cade3332a7dec40ebd048efab16eefe3f0e6f3b468acbd31aceb93ae5b85d6e"",""0x39dabafc64c5c5eff56582e8508223dee7f3a8041728d30970cf81a4d1e0be46""]",[],0,0,1,0,0,0,0
dedudes313m0ff0953c,valid,,3,1,3,m0ff0953c,100,10,10,"[""0x765d52f21619492597e96bf708c6f038dfdb4a7bf22b86e57551684dce9e676b"",""0x514e863fad114b451ce08389d8c0d35190380e08dabf69fe9845898c23933f56"",""0x0f3abeb156c2c78f8d6903bb725cb1de4b6d19227e5372ed037f9e2266ea3411"",""0x047b2ed8fe83b21750e7e61ebd4c21500fb7ce6526e3bfbac6de35acbc116a09"",""0x7630383fcb078291139296d78a141030b8622d7edd053e8fc6f38e847ddd67ec"",""0x9a360976bba2e89f0452b5504aa15a2a3d788f5279077f4971b22af6cc9e9338"",""0xf1a5d828a3c76d090fde663f9d5301f508996cd8bcd369bee7f8d22b8a7aee2d"",""0x1ce2000d19183a439276d735ea6c2190b0681a0d867462abeb010fad3c1fc152"",""0xc525037a87e7014d839b6e7a0e1bb6e4ca5e2c993dd51d34afd16a24cbe8dd1a"",""0x44db1f41b36ed2fcb23bcdcb49f6b2aa63f0a0f30e97b2afded92dfc1e7ba7e9""]","[""0x765d52f21619492597e96bf708c6f038dfdb4a7bf22b86e57551684dce9e676b"",""0x71ab94c13c743a10ff59c33fce6c6c7e60644c829d79f4c3a18f8312be2eb1c6"",""0x628db294c688c4eec9f9c520278fab7789c6527927a822fca0c4df6fac2c7d52"",""0xa0951cebd37c052f77e6eb1f4ef491edbab78b2372a965d8b12f0cd2b384e20b"",""0x6a5a76b0c7b5a9ff0299b7cbe23ff0da94842d1be952c745bd0ea6815c4081cc"",""0x7762576bbe68bbf9edaed9c498946a1b92679b32c7b35899edd1ac48d61cad26"",""0x9ae658816f2cd9f9d93df26417e64b8206f18140199ccd1dc16ed9aabded2ef5"",""0x0f1f4219ee00c1666ac598c4ed9b73e8f5930e6f76d323712d4bed1a9bb0d89a"",""0x764bcc5941ba5a44d289d87d1fe02888fc912e1cd264062a64fef5461284e6f8"",""0x3a51e57a7788e54e0e0c36ac50908651d664712bc2ef1475a492710a1ff778b8""]","[""0x765d52f21619492597e96bf708c6f038dfdb4a7bf22b86e57551684dce9e676b""]",0,0,1,0,0,0,0.1
dedudes313m1329b005,valid,,3,1,3,m1329b005,100,10,10,"[""0xdcfedf9398802f73f7a2d1f72b60b444883576207709d51805aef8e9c2bd9006"",""0x9d716eb6580a5f8cf4c06e97a7b1e66050be34e61e88318e4a4bb1ec3d5c0a5c"",""0x3c5c7c3cdfde1e6a610fadeb29af0d5bf14b21cc8fd41743407ef8de4c918396"",""0x2f6dd35cced06155ab1ec71da5e76557f32ab489d997c7e3fe70c33191a90a5b"",""0x5796a0b1e94dfa0abee5664ffb9bb988c07e65e1c29ba94cbbe2dfb72c1dab4c"",""0x5e0e4d29aa13d65bbad29368b9c1c504f8d5b110c0d49f41d38560c8241976f1"",""0x0ba5c5fd145d9b0afbb3466978375105c43268c9ab04587514e1e4c324e87bbf"",""0xb4a633a4ef05fb1c4ab7929f5e596ba16461758e18d4f8fcf8cb0f7f9bb77838"",""0x8f97525ee4f159262444da888995bedf1a70a931c5074d4b2737666660b70969"",""0x1791e035bf1b57859cae5a8a6c79a7f8d0509f9f710ec06ed51f37e46373aa4b""]","[""0x3c5c7c3cdfde1e6a610fadeb29af0d5bf14b21cc8fd41743407ef8de4c918396"",""0x9a83470f7fb314a3cfe2949cf7872a1b868d565fb7587189e4774901aa31e5b8"",""0xb1590d9042f1c9448f94de9acd0f4ff6270a18ecbe4ed2591313a4b052794ced"",""0xe9d3327a0c1b0f98946fae24d653fc98d80d851747cbf8ffec35ce4fab056c2e"",""0x046a603242429ffda7ad1f536f44c8464256e46136a39a88bbb37e6036461f55"",""0x449a819a683cf90a486faa5a3e69a3eff8527cf1e5d672408382aa66280f9bf2"",""0xe0af3ae528b720df7db331772a439a72d9b7c2a23d74b9a816247e89fca57021"",""0xf794db395623b5ff4392db660d1faa7a3db0b8bbb4c59093df8b7c7ba259dbc9"",""0x37034dcdf67d5da562530e4a81e736eb52d13a96010e9f98afd9681bf2443e14"",""0x9798ac9c171506a18608b78c3c0816154b74e320d9ebec9aef5cf7ee8820befd""]","[""0x3c5c7c3cdfde1e6a610fadeb29af0d5bf14b21cc8fd41743407ef8de4c918396""]",0,0,1,0,0,0,0.1
dedudes313m44fc2bf8,valid,,3,1,3,m44fc2bf8,100,10,10,"[""0x3151cf1f6245ad1f95925a7c6ca997a55c4df051b87283ae86e2233718593879"",""0x9e14eb9b0b4d79e8a0f857e9e859cdf595c612dae2bb3851332b3220d3f2aded"",""0x9a360976bba2e89f0452b5504aa15a2a3d788f5279077f4971b22af6cc9e9338"",""0xf1a5d828a3c76d090fde663f9d5301f508996cd8bcd369bee7f8d22b8a7aee2d"",""0x94cc8dd56cb47a38c5fde48ab4da2f2d7a22afa57cd4737cbb3ea216ae681034"",""0x8dbc33bb09de968685fbd0241a07b9b02f51c04ad7594fb15973d8ba426e3d5f"",""0x85ff37b4e72c8a75621b51f4663b8e7212df70fb07bb8c71504b7ac483bc8feb"",""0x8e334b5c9ae395939e1d6661ea1e9a380e2ed29149278909c2e3540ff62d1ade"",""0x58a1c325755d0a61c9d5c5ecc8e5b1a3db351be2f7ed0586b3f4c827cb2c5199"",""0x04a6512dca3acde8fcda8a28ddb210e1134e8422e85daca831e11812f50f304c""]","[""0x9e14eb9b0b4d79e8a0f857e9e859cdf595c612dae2bb3851332b3220d3f2aded"",""0x1cd1a0af806057cb0041bf01fedcefbdb51d03fd6a0879a16c91c4bae5430ba7"",""0x5236f24fda178ebee1e67f896ba01c7305c09718e74429772f449b40cbc5c735"",""0xba43dc1fee7635c8ac3640bd49f486f7d217a475a123803af63389b831328443"",""0x139327ab62bbd4934b7cfc70645861896cb17522dd93377e162859737ea6d3ae"",""0x427b720a9454f6ee584a1ef9e5035b3e438f150cc81e15066d085a6fbbab522d"",""0xab3434f8b5ebbe9ed39e209cdbaf610d2b92816d62634fe264263410bc2a31ff"",""0x8dbc33bb09de968685fbd0241a07b9b02f51c04ad7594fb15973d8ba426e3d5f"",""0xd83117a66902557710ac877d5a6e5420420b22d06e9ecafd3d0d0d54852a5c3c"",""0xe75fc98815576ee938473e991f0fe07af751336b9957a62588d93fdbc0ee311b""]","[""0x9e14eb9b0b4d79e8a0f857e9e859cdf595c612dae2bb3851332b3220d3f2aded"",""0x8dbc33bb09de968685fbd0241a07b9b02f51c04ad7594fb15973d8ba426e3d5f""]",0,0,1,0,0,0,0.2
dedudes313m58cd743c,valid,,3,1,3,m58cd743c,100,10,10,"[""0xc293cab7efd58dfaad914382f3ec76f4191f2b269d219a47097521bdb63e5444"",""0x832b76355ee1d7de460851489a18c3f3f4ee56683f94d7cde9f8b55220037d75"",""0xb628ae3f63df97bb243964a8d670fe3d79e14ba71d36aab2c72041ec808e913e"",""0xb666f7388daea73afd4e6edc50c33a3b757f26cfb7f524ea95ed4aefce0fd977"",""0x86a9cff02ac139fe841365bc7b8ccf1521c253e827c12c77bb94e4a563e69631"",""0x2b58c6f5e4821d8cb7e90ae30bbc8b543603770c27610f35c66d50d716bdb241"",""0x6ac6a552cf341bbdcc500c223c9ac3221f29ed0346b76dec83d8aceebfe5d637"",""0x43543990128eb7a3134fe62c156ca892c55d10e79a0ba4e57f0c39799d2e21cc"",""0x478c3e3adf74c4cbad602a50e81199167363332778058451b0a4c9eb8a77d6f3"",""0x3c8efd6f155b6e3f79c54eb66ca50986fb5c55a21968fc49251b125c09db4e07""]","[""0x9c6819fd248cd16a3fc17004ca2b67e87f5cc68986602147590293056036e6e5"",""0xe468d8edc4a54c19537f2de145f9b8e65cb9f043cd1aa27e1549c2d8471701b3"",""0x80e8fbcc08caa1dd06a1a7aed25697a96c8a47b4d645291144324189e0073967"",""0x909de760f48ac7e0ec11f7e278bfd2badcc2e1cdceccb1e89cf527196eb328f2"",""0x9148ff50cf94b78f204da5a6297852b12d17e8bc815147d5d8fbc5329d0ba2c4"",""0x8d569616a01ff7b6f8c3e29a5d33273ab6c86c53037cae27ef6cc51c67113f78"",""0xed645af593084ee81eafa1aa8b6951ddddbe81a8fdede6bda5e069b77a70b1ab"",""0xf108d19218ab1d485d94bf7edf808ab93b615d2ebf6bc7a6bb4ee827d1b06712"",""0xfdeb433372442dcc656d51c2e2bab43fef0e012ccb4076ceb0fb6f9ba1eb9b29"",""0x7c5a5789f21eba5040da4d9395aefc688a0f120e2e3c76700e30461d0c31c47b""]",[],0,0,1,0,0,0,0
dedudes313m5f378a26,valid,,3,1,3,m5f378a26,100,10,10,"[""0x9cbb79130a14d3f5d515cc15d95bee0b494d6180db7c5d28086086fc99f5214b"",""0x8c73caff07adb3f63f47af3d7424fca991180a267d5cc7d86f844f2e1ba8f8ef"",""0xa2a46c90bdcbf0a7824d46d8116ee6b7a39331f83d437ca351a71e9aacf3d533"",""0x3ec728f5c1dd490ae1229323fb5217f61c0b4dfe3255fcaa06be8db15e69c0cc"",""0xb0f1aaee4e691db8018778d1e0cf9b337c5c3290d716d6a1c0d05e1ce0e86d4e"",""0xbca9cd9c406f176dac7d87ed364a97c88339629f9e888b17396584decde046f7"",""0x333b9e9edd19a072730c42a8dd7f10994f4688902ad7d1fdfdb1e15017ccca71"",""0x0bbef4c745f3085a906c297a79e399a838e17ecaea250c55e4922f2b6148146f"",""0x90cbe598b0ce1b4c037e463ab17d2d9a50ee452c60aecaa68f839f864a619875"",""0x764d7d955a830dfc76a9cef60c03f1d32acbd04f89f73a8d17b4dfc0eb2e9cec""]","[""0xe03f52b78bc8e9eab84e177e513ae005b06cbe60597e3fbbb3f6cbce41404793"",""0x83597780a900e3443f7629c9b0b4181f53c8c3b119b210233befb1421e672e93"",""0x2c6ff6fd5988e48779fe9d7205881d59036eb530a80d7b3473f99cf9a1983500"",""0xd06a42d72cfbb96ba643618224587534b89ed6d8fc280e2b48ed9c6c13cd6972"",""0x29faba369a9df31c5cb9e6bc1c5e33037f979b47cee76339e986f878271fa5dd"",""0x93cccc9ddb2c07147c7775f32275ffe610eae9dac4a0b0e0c03c37e1c0bd53f5"",""0x94ec6120d2be59f3d3989ccd7d85da8a22cde1f056fcb7ac7cd109fc9c493352"",""0x5c922bd085dadc1604adfb84e835cdeb680d47546aebdc5f3cdc700301e4b7c3"",""0x96066476fea3949719914409cfca4f333dd56c06875c4cb6be7161a9df28ec5b"",""0xa79b998f79699d11b4f12c5472c7ae2ce658f690ff070100aa8cbbb0cec325c0""]",[],0,0,1,0,0,0,0
dedudes313m605d61cb,valid,,3,1,3,m605d61cb,100,10,10,"[""0x5a354742fd5b660be04a0326f7e084e2a2e59d132e361028f7dc0613581c139c"",""0x9bdb451523a210226b58d128fc9c31717b88f968f5b955dcf4bbcc316395af4f"",""0x079d0adafe244885f377b00de582a588e308cffbc383afd9dcea817eddf2fd89"",""0x08e97409e94dc96f481069021cc78b5317f47e4e4aac618845594360beeb00f2"",""0xe284c5c02eebee8ae866cfca0f2669201d86bf2e9c8049ea300dd20d90850384"",""0x5173ac3aa34a34b00b3025d28c96a9d17c96de83edf784d43bbfe79325c7e602"",""0x3cdc703e6fd5a4ef444924a804a9e23aff0beddc4f6eaa806e88bd8aa3edacff"",""0xe62709261d7f452aa55c910b9d397187478eb21667ffaa5aa1a69b42ef56a0d8"",""0x3c5c7c3cdfde1e6a610fadeb29af0d5bf14b21cc8fd41743407ef8de4c918396"",""0x9e6c1086f0aefe1579355ae315ca3c5e3e52c0bd5e7470bf695e436359bf1ba7""]","[""0x5236f24fda178ebee1e67f896ba01c7305c09718e74429772f449b40cbc5c735"",""0x7c52680fcfef5c7a792985f3ad5c6f7d89246254102af68608ab10b59e8a1bc8"",""0x6288dcfe5fb2840d2562fff7aa877762bbb68d40fa73a282fffaa9a6f8c8a10c"",""0x17e8c26097d0ff404e51aff2c72019cb18f3aa51e2095995e64b675842e14a11"",""0x97423c55158df9670a689f78b9b25766a67c2206551fcfcd9909eaa2b209fdfa"",""0xf108d19218ab1d485d94bf7edf808ab93b615d2ebf6bc7a6bb4ee827d1b06712"",""0x8d569616a01ff7b6f8c3e29a5d33273ab6c86c53037cae27ef6cc51c67113f78"",""0x47399756da88a59616696c5337a59aaeb941e2d81c4f4caaf921c282c55c6263"",""0x29faba369a9df31c5cb9e6bc1c5e33037f979b47cee76339e986f878271fa5dd"",""0x4e20376d1da11c9e1f1d90c95dda5d888cc4afaf92514bcf2dce9c5d0ed6f72d""]",[],0,0,1,0,0,0,0
dedudes313m61ff8ed9,valid,,3,1,3,m61ff8ed9,100,10,10,"[""0xfc04a19087edbc1da922120d26a7b65619068e66fa34d931b0f1f70c66c0267e"",""0xcdac4b8724f50f65662dfbe63aab4a8c00aba9ff45b3ef54b4624eb092178fd1"",""0x688f27a824d56679de1d4333c475084fa393064714c11e58add899fd8a98a2f1"",""0xe94af6de51c16c176b861de4cb1227cb5aac25da9c8b90b4cfd8c4f5c052f8ee"",""0x088e3169a82775127b1e3cb7eda9ffa169aad83cdd26743bd84a1994d710e218"",""0x5cf9f21447c66641ffaea0cc37e049ae0342a6b1bb6d2f8de881c7eb5aad682b"",""0xf32d74c31b82b81858df12b876f06435d6fdda4b2baa54375d68ab04feb7b264"",""0x748229c2c7358a63e97ab1a7bb8bd9e2a33d76e44db27ec13151574c68b58af4"",""0x00d5cb95389773abe085be9c8f9cbb15326163cda6e8666e9bccfbcad5a94fd7"",""0x4bf826ab2189eecdab1715c990f6c4337f03d354ad8962952e43538031a029ca""]","[""0xa5354f7310ed91f59b1c345e39c21b3b0a760f554e1c86015d34b20bf1573fff"",""0xe73354790507ea53673c67d57b9a4e38a7c891a6f1eba2fd7509eafe56356b74"",""0x047056a4db8bc397a2311e162c6c84c92e428d210fad778e565a69407c2480ff"",""0xf753cdb4750238eebb2710939be41aec7da5c28d5812cc16ccbcf95421e17a65"",""0xac8b80036991313f0d9991aa483a95a9c01079cd33e372b5d4f6225deb94ebe3"",""0xabd36aa877f84ff262365e67d8bc106b156ff7a8b05109e7be64388152ff0974"",""0xa17d97abc100dc9f7fd738ca789c4f6db08b3c581ef01cd5161a5f139b8a79e2"",""0xed54d7a9fbadc1c92763a2cd69d632fb026af91e74faa22722bc8981334ce6cf"",""0x4075b1c1a48c332b84b4ca094e3b13c917ba819a5b04ff83479afdd4ca43c354"",""0xa2768aee9c99fab0f52e085695c2373eff29dcb97f88834346cad088b73812bd""]",[],0,0,1,0,0,0,0
dedudes313m62eeb31e,valid,,3,1,3,m62eeb31e,100,10,10,"[""0xd3b4b9f6f6182ab45c2a03bd0e3e5a74c67714cd31fc91ce22d96ec815857918"",""0xf36ffa249bf590354898aaf0ebe1f3007a0c588aec5369927e964e5e71192d84"",""0x06695fb5641c3680e85f19e4d7d309e0ef749b92d03eade667b86019e3d0853f"",""0x75232ef6746d01e9b8c3c4fe3f6d217fbc13928d20867b00a929dcd7d5749bd6"",""0xe912236ac1e0fa2314dc68c399351e62211e87c3958e648e380df3554a876137"",""0x99c64562defad2f1718b78a3014eb5582221e0ab10d0f8da0d92f8a5e4472d1c"",""0xa0f680ecefd895d9fd933e4eeb021e41ab3693788b90070d8b448e2d300b62f6"",""0x63f38a7112e47ee5c2e95d61e4589f58c4a7b0ed0a54653dfe44a8213407c79b"",""0x7305efcada23bf932b1d643271d54b895f0d82a3a43ff08b0480680d54366384"",""0x9d21f7c8177175b4b017f567f2eb23d549e7bba245e7b971f5a42e5a55da7acb""]","[""0xf96bf5d3cfccc96a356555adc13fcc7edbfa81afc78a5fa4043f3dcc47ae4323"",""0x75232ef6746d01e9b8c3c4fe3f6d217fbc13928d20867b00a929dcd7d5749bd6"",""0xe912236ac1e0fa2314dc68c399351e62211e87c3958e648e380df3554a876137"",""0x0147b80fb439b3c56263507b7354f947f9196fcd5c43632dafe2463a29356c5b"",""0x6e6d758c129baedd88101292ed8a6478f9e421eb01f679a57b3c644f3876f468"",""0x047056a4db8bc397a2311e162c6c84c92e428d210fad778e565a69407c2480ff"",""0xab58b9907d0218646605951a37a38307528978618ef01a598905f9eea1137c91"",""0x2bed620b53fb262419044820898d7dd1a83109bdd26079eb97a00f66fd19e50b"",""0xa5354f7310ed91f59b1c345e39c21b3b0a760f554e1c86015d34b20bf1573fff"",""0x4e20376d1da11c9e1f1d90c95dda5d888cc4afaf92514bcf2dce9c5d0ed6f72d""]","[""0x75232ef6746d01e9b8c3c4fe3f6d217fbc13928d20867b00a929dcd7d5749bd6"",""0xe912236ac1e0fa2314dc68c399351e62211e87c3958e648e380df3554a876137""]",0,0,1,0,0,0,0.2
dedudes313m688ed826,valid,,3,1,3,m688ed826,100,10,10,"[""0xbe40c8792c5e7ae1077cfd035d1031a37da1ba26bc235a9785b8bf1ed27c38b3"",""0x0b8c0325fd06c984bb93986ac7bf335ad1bd0b1607f0981ae6e3e86e5527e3c3"",""0x839d221d81f1ae2a6b510e74b2e2d3ecb1d1923a5e73e5ce35588c7f49a173c1"",""0xb086ecc9f1987195e428fbe1e843193148cd10078a32cc801b28d2a1ed5de014"",""0x47a125c76f0bd169a179e23268ad5b1fbec5feb6f700b4381ed6d376d527cfed"",""0x03ff41ce3837d17ef429a10b972d50f45403b7c44e06c77d3b93c92deba5adaf"",""0x599e8776513e66a01a947ace8f03ff9aab0d4d52244ffb62d262e00662c64c9c"",""0xfaf37b28fcbcc7f2f02f71d4be535feaf714927490883908a2c93821686054c1"",""0x20dd80302732eaf7bdaade0e0ade88357a634d1a075dcc12c95de47479678994"",""0xf913286991dc35d59075233b4970a8964f5294e455ee2ebbf92b1b59a8b764b9""]","[""0xa6c3685747057209a427117968fe118950aad3eaaf5386b285e0b3b54cef9f87"",""0xbae758a9b835e93f83a4715b4d0b3f8e5e2f3c17b6b72baa0d50ee310925fa9e"",""0x71c27b8547dd4bc5b567c4bdfea30552124c62fef8f8c10781579ba95ad6bb72"",""0xdf68bebf3b276ea37921247bf2bc5d4faccce08b5f9721559030b1e34603f1a0"",""0x3fe9683c0e77ca5d1c545a47a22db2070f92b786ef071a3bea362ae0ae8b76d4"",""0x9e14eb9b0b4d79e8a0f857e9e859cdf595c612dae2bb3851332b3220d3f2aded"",""0x24b3965f185cdbe1fc3727ff2135238ce0ef4e7ee1390c559ac159dbe1d0c04e"",""0x2ca8d5400b3f2a2c1023e937e8cefa19eb7934d6c64e4eb7ccaef4bf420eb203"",""0x910c2fec08f3cbf6278353f88ca09a0d1a2a74f3fe194bcc8e6ec6df84b6e5f9"",""0xd58da8985226932f70603b9da4ec0037387458a6c26bbb78e6f7e2fe68bf86bb""]",[],0,0,1,0,0,0,0
dedudes313m74b51335,valid,,3,1,3,m74b51335,100,10,10,"[""0x83a064fb0c3d929367b562453fd56149325de6ec75b506925731d32e2572c2b0"",""0xfa053fe51ce4177e6f87e25a509dd4939dfde8a74dfc08ead6e8efdf07bc418c"",""0xe34a9826f7afff98a0f7315f2941cad3a4f3746a2d783f7b4d3a1c52103ac968"",""0x2b2aa943c85f444b73f30ba39f4ba1c0ea5599ee3d455d9029994832f8935d89"",""0x927d988818abf504d4dce598e7494e5fe56f33a54d03cedc61bbf54d48dc68f6"",""0x89de293badb6e8ef2691d811ef98dd0c56e75d703141b55b672c6e4871cab4f1"",""0x22cffee120b9fef6e183355806151510b8fbe72aad105bd57256f3009248a074"",""0xe2f12dcaf7d2e6820b42df7b1d09b421258c275035e2e4ddf615a73496f5ebb9"",""0x6efffd26351366aee73474dcc96b09d416d5c182f8ceed91333f1f985b889978"",""0x9c6819fd248cd16a3fc17004ca2b67e87f5cc68986602147590293056036e6e5""]","[""0x89de293badb6e8ef2691d811ef98dd0c56e75d703141b55b672c6e4871cab4f1"",""0x93cccc9ddb2c07147c7775f32275ffe610eae9dac4a0b0e0c03c37e1c0bd53f5"",""0x888905a0a534ce554b87552efa11982058f2bd78d7cd30f22878b95f388290f8"",""0x2bed620b53fb262419044820898d7dd1a83109bdd26079eb97a00f66fd19e50b"",""0x4075b1c1a48c332b84b4ca094e3b13c917ba819a5b04ff83479afdd4ca43c354"",""0xbc27e5eeae8d24741e37498174c18b7be391ae0403b6218c92734f8c2f6a975a"",""0x47399756da88a59616696c5337a59aaeb941e2d81c4f4caaf921c282c55c6263"",""0xc23952c378a4c56a3ccefad166600f45f6a804220be6ee2ff45beb77fe1e1a80"",""0x2c6ff6fd5988e48779fe9d7205881d59036eb530a80d7b3473f99cf9a1983500"",""0x9c6819fd248cd16a3fc17004ca2b67e87f5cc68986602147590293056036e6e5""]","[""0x89de293badb6e8ef2691d811ef98dd0c56e75d703141b55b672c6e4871cab4f1"",""0x9c6819fd248cd16a3fc17004ca2b67e87f5cc68986602147590293056036e6e5""]",0,0,1,0,0,0,0.2
dedudes313m87a0e423,valid,,3,1,3,m87a0e423,100,10,10,"[""0x12b10840af76dae24935c28d98e8bcd4783afd7ed0d83ab1ed972536b18bf82e"",""0x48bcc597a4fa707c2d615b32c129a4069ac4c0120947d0afdb5e897b83ad9128"",""0xa07e1bb4b31aae6683e1158eadb7ceefe76575d47e5c5475ade42c4fdf34acd7"",""0x4ecdf3e02d13c9fe32db547b16d4703e37fffadfff94ccccafba5d3492270e84"",""0x9e11fd1ffb4e9b981f74eab7dc9d69a949d0ad9bf03189f859aba3581ab7e89a"",""0x8372a168f80223301a841ccd20e1d78bfa5e76f99dd804a3b347c99d9b4792c1"",""0x6fba408e22eec7c548af58eafaa30b19c288e277ca56c93fc10599e1738f98d9"",""0x83fba2e2426cda470e64a101e6579313942001542387a5c1b31e663057b6a9e8"",""0xa5fcac3b6200c8a4eef6478c386b35a7a0f848fc4e4ebaba3ac5ea92f2720222"",""0x28ff63677970dd8cb593124e45d80ef6a717d1c10500ae9758c1ae9f978dd303""]","[""0x4ecdf3e02d13c9fe32db547b16d4703e37fffadfff94ccccafba5d3492270e84"",""0xd247cd5ac6d6b3dc844de66d61eb913737ab441ca94132664b1e1abf058db54f"",""0x8fa0c2d99bbdc01f3af5867614abefa0c4ddc6da838698d9c9c816368a4c68ba"",""0x7321022e3cb70e0ca5419929854423847ec5986fac6ab928bccba76d1f95085f"",""0x4b34d937794e2a40aa0e0b2cab3894d84cc5ca50772ada5dd00d3bdd255111bd"",""0x9472b1c0afb7c6751ad0c546dcd2b1fd4d72269eeb6eec0590ae3ea255789880"",""0x57137b2edd3af8ab8e1a99ca842ae3d78f905ad42c4f079677b2656f7cc647da"",""0x4feffcd1822aac4917801fa166946af6d6a03938638e96f75b64f78af2d00ed9"",""0x6cec17c15f975a0c2c5010ded2db37c1c91e6bb5d35e7a4d07a843a76bd9fafb"",""0x11c6ce9371279a26939a5cbfa91e968d27cbd7f2d8cc288ee357c306c820b030""]","[""0x4ecdf3e02d13c9fe32db547b16d4703e37fffadfff94ccccafba5d3492270e84""]",0,0,1,0,0,0,0.1
dedudes313m92034409,valid,,3,1,3,m92034409,100,10,10,"[""0x139327ab62bbd4934b7cfc70645861896cb17522dd93377e162859737ea6d3ae"",""0xec5694704d88b9d8110cbdb1eb4a9c4b2a036acea4f55b393c0e4ca8f6238d20"",""0xa92224ce4b7dda50fab4450bf4c8ff480c9c16e371a6cbbf4875632f481d1494"",""0x74e7be8b32e08c0943c3f357ddc428139bf197e2d2871fa7255a72393adaea53"",""0xa353c2146e9a243fb7360a35428d933c411fa272574b61ad2a7e5bb90c5877ce"",""0xdfd080e6d5625036af3e0326c7a63a6a701a1b110406427479510f5d022293da"",""0xd5da447f1639752766f412123b8cb8bc0de68f74b45fe65fccccf4a366c25bf6"",""0xc4ec954ae50a47e6f4dc94c797d002b53e75a54561cfebd8ca67b32879cec36b"",""0x7798cee741eb57f8788577a08518c56556076bcec3831f952ce42969b969fc2e"",""0x83e3b0998b66120f052c7011ac7fbc31cb77b9e864091293e141f1df231ff2a7""]","[""0x52f959174b3d5e4a9c601c8be94fb382d572ca485eca8cb636993fb300b8dd2e"",""0xb8b2866e059e96f8e2a4becbcb056bf746394665af6a4d7332d712015aab77a3"",""0xc4ec954ae50a47e6f4dc94c797d002b53e75a54561cfebd8ca67b32879cec36b"",""0xd640fc571224b43933da64febedeeafadc7979499fd0e6564fb7d8d00ca2b2d6"",""0xbc0dfb81cf9e22d2d366e0efd4ce5db0ee3ed857f9bb36b8dd7cccc3bbad7d3d"",""0xed645af593084ee81eafa1aa8b6951ddddbe81a8fdede6bda5e069b77a70b1ab"",""0xac71cf4c6d1b0b6ecf72b81901d1e7b92d55b1424c93743d83a5a6c3a2a95112"",""0x0026d3f471982cd447ef47a2f259ea569aed62b3822c41c4b317797fe231a5dc"",""0xa85a50d3fbda3680b262cdba8344aa00eccd23094f7e17385e88cbdb6c045853"",""0xafaf37138b574609e2b3a5e1aa3234f080ad70ad5676fad40b19895a078d7dee""]","[""0xc4ec954ae50a47e6f4dc94c797d002b53e75a54561cfebd8ca67b32879cec36b""]",0,0,1,0,0,0,0.1
dedudes313m9a581345,valid,,3,1,3,m9a581345,100,10,10,"[""0x9f0a3a8d25a45639ae098d31cf4d9b0b878f2554dc75dce680d565515a32136c"",""0xe3518c539249e19284d9ecf920f9253c5f48a52e01c01c383a78c92121870ffc"",""0x0b11176ffd279cf4e1fc5f4d0afa222f064ee56dcbfaf089a9abf5597195b176"",""0x15418becc3a38294b44abffeb029c97bf246f89f0679daa94e431a72b8d79af7"",""0xa077d467da14848d18e59e8577d5713ebe983a7a361998d6825c5db70368f0b1"",""0x124965f4295b430e31600aff8339d9e8d948b45552f88d1931428fec081af241"",""0xab3434f8b5ebbe9ed39e209cdbaf610d2b92816d62634fe264263410bc2a31ff"",""0x0506b67e31ff28e1f276f36619f77ace6b2af67d58a6c6342dfcb7468c56c888"",""0xdaecba2ed12f5a5b70fa12804a2e95989f00d20797517e0792bbbe0eb9fa7798"",""0xf805dbff6348742ab14cf679e7f8361efca863743fdfdec50829ae45981920a9""]","[""0x29faba369a9df31c5cb9e6bc1c5e33037f979b47cee76339e986f878271fa5dd"",""0x8d569616a01ff7b6f8c3e29a5d33273ab6c86c53037cae27ef6cc51c67113f78"",""0x6e6d758c129baedd88101292ed8a6478f9e421eb01f679a57b3c644f3876f468"",""0xa5354f7310ed91f59b1c345e39c21b3b0a760f554e1c86015d34b20bf1573fff"",""0xe942f44aef93d4afb3cbaf854f82604034c778e957f217525c0d5b8745fc0e1b"",""0xddb3d9f3dee573b1be47b97205b1dad6937e2aa63171287104d449baee27f61b"",""0xcdf69590102e2120a0699bb0bb4b1e9ded25e4d2f24f7526b1cb67c97658534d"",""0xabd36aa877f84ff262365e67d8bc106b156ff7a8b05109e7be64388152ff0974"",""0xe32ad4d2b4c5e2a403429a97e94d1115a2a6746b5eefeefffbb697694fa1d4f2"",""0x7c5a5789f21eba5040da4d9395aefc688a0f120e2e3c76700e30461d0c31c47b""]",[],0,0,1,0,0,0,0
dedudes313m9f25cc42,valid,,3,1,3,m9f25cc42,100,10,10,"[""0xa52341e05fdb6a81cf1caa591fe1e05c71018324a4fe74d32a338787220793ba"",""0xb54d31f2e89f6e1d3d1d659f1ffec1aa642d4fbf8e6dc52863e208aea5410ec1"",""0x3151cf1f6245ad1f95925a7c6ca997a55c4df051b87283ae86e2233718593879"",""0x90cbe598b0ce1b4c037e463ab17d2d9a50ee452c60aecaa68f839f864a619875"",""0x4ac00df2e8e7ebd5d0c84d61568a0ac2e4504fc1371ad1292ed28f3f57f5391b"",""0x2ca8d5400b3f2a2c1023e937e8cefa19eb7934d6c64e4eb7ccaef4bf420eb203"",""0xcf1a70becead9ca09ea5d7634810f36adfe0e0168298a03d045246592d8414bc"",""0x8788939ddccdf8e78e57c0735229a8e72ba044b2830d252589de113f575b9c91"",""0x560a3a1989194c2252f21688e120be2ccd659c75fe1edf11e3657c036f6b97b0"",""0x183024567646d96ff64f83d96f5c0b63d3a2d6d1174c58fc7f8211823ef47aaa""]","[""0xa52341e05fdb6a81cf1caa591fe1e05c71018324a4fe74d32a338787220793ba"",""0x560a3a1989194c2252f21688e120be2ccd659c75fe1edf11e3657c036f6b97b0"",""0x012f7a5533aa10df03f81882585c8519379e85aff6b3795e78345287a76146de"",""0x6ca26056104de6a9637fabafb1922d5f2f87e552b8a56e1e2bf5f3f18c17a1fc"",""0x76a481cda16a9b51383887ded51afb2739c0bd85e7cd613c6454f2556d72b108"",""0xf1a5d828a3c76d090fde663f9d5301f508996cd8bcd369bee7f8d22b8a7aee2d"",""0xa57a419d14e97fbd6f66deae8d60b09b35e6b3eb57fdb74ddab9d88b42a9f182"",""0x679a4b7500e218a9148e881a0eb0c30fa15405ad10fcb785ca882ce2b28dcc69"",""0x13ad2aaa30aa2c9cf95c2a9bf238b1c9dbf105d72ea30521868af92a2d943b6a"",""0xa8f6645926614e855e9e5410950b0d978447966aa63f119579ee2f9f1f815372""]","[""0xa52341e05fdb6a81cf1caa591fe1e05c71018324a4fe74d32a338787220793ba"",""0x560a3a1989194c2252f21688e120be2ccd659c75fe1edf11e3657c036f6b97b0""]",0,0,1,0,0,0,0.2
dedudes313m9fd952b2,valid,,3,1,3,m9fd952b2,100,10,10,"[""0x036a595e716e8da3a4c46e58a85df4d19113dc842a6238e934316df99832c1dd"",""0xe555525c3bc0d80fca0e2317606c1ab1989cd0197928ebf012343945772b3b11"",""0x36325be2c7f69c9601387ed100bf79870de4c555a64c0db295caf22d19ea7635"",""0x0f2a92e8313992d89e001ed36f44bb9617d65da086386b11ea9fe18d2fdfb106"",""0x977290baf6f2ff71e6f26b4bad22e0ec62100e1a2f5ac2b4e2b7c506d3d8b3b2"",""0x800e5d7bcfd2869baaa48cfd1e0f5c56cf5e91a519e5292bbd95100bbb4b5656"",""0x8b07cc9cd4fbfd615d3e52d1c35b63fc5d64a682d5120a3db6d1d91970d0d794"",""0xabeb0beb2386bd2d85682f239fa7daf32142343b113021270cdd3653d1db883c"",""0xf8373f96b98e85231c4fd0c76442671e3b6c949cba09350c4bb05e5bb4910097"",""0xb0f182a6fb1a12d29d8b7f5a6d67e5571b130acb3f2fa1450cd9a73599401acd""]","[""0x0248d2cb7fdf2a7095b7715c24e053f0425e97a94dbba26f5fbee48dddd62335"",""0x52f959174b3d5e4a9c601c8be94fb382d572ca485eca8cb636993fb300b8dd2e"",""0x370782400b6be3d398463e29ac2e7fce9b87893f1222016aba1dd78c3be96568"",""0x13b6d9bdd6ca06f426dc0d41746324c9ce628d54eb8c6f7585171d54489105b2"",""0xd7d653f7f8e66eb593bc9b749e14270025b9d8fa3c3b79c90eee945e199c8d4d"",""0x2bed620b53fb262419044820898d7dd1a83109bdd26079eb97a00f66fd19e50b"",""0xac71cf4c6d1b0b6ecf72b81901d1e7b92d55b1424c93743d83a5a6c3a2a95112"",""0xb608421e38e36743f8fbd8f6ecfada1c05dfd5091e111c5bca9db9c42a39324c"",""0x51ca5ceea8865e68fea76905e36eaf9b1307c13e80e084abd7c08edfc103c620"",""0xf96bf5d3cfccc96a356555adc13fcc7edbfa81afc78a5fa4043f3dcc47ae4323""]",[],0,0,1,0,0,0,0
dedudes313ma13a9811,valid,,3,1,3,ma13a9811,100,10,10,"[""0xaec5f3d8354072d281f62bcf5bb667d28adf2707c88750a1fcac78122226a936"",""0xef7983386c52f2e3fd86953cb396f63925a347990bc0788e13470bba1246a1a6"",""0xd6123c9172358a6d7a877304cb9b7311be7ee4684008057c0434f3bc871f49e1"",""0x8788939ddccdf8e78e57c0735229a8e72ba044b2830d252589de113f575b9c91"",""0xc5c2cb86131f9e87776a8803ffd32d0cd607c48d0d8417a53e9e914dcb7b7f8d"",""0x0506b67e31ff28e1f276f36619f77ace6b2af67d58a6c6342dfcb7468c56c888"",""0xaf3d313a9660b78d41374e9625c0998b95a35b34aa64d466d29942912711d3cd"",""0x08409c88ced795e923586fc7541cd01415324e0c0ccb6ceff805c6a07281896d"",""0xf76f66f2e5747083914ae51a7831de7c7b137775223781208a4327e1e4e5b32a"",""0x2270c09584ff34309d9c951ade049db876c4e56549fc7cafaaf3003678bde7aa""]","[""0xef1c682a96f426ceffe117ba429fc06fc879a35e191eaec5c199908f2c665b34"",""0x39dabafc64c5c5eff56582e8508223dee7f3a8041728d30970cf81a4d1e0be46"",""0x609b958fedcadd17d8814bf0281fbcd474cb57d80d9499dfbe8dc94438a4ca9c"",""0x022d2f24e20eecc4054c519000a7e45043cf9f7e0fd1afee78279de75da5f9e7"",""0xaf3d313a9660b78d41374e9625c0998b95a35b34aa64d466d29942912711d3cd"",""0x5cade3332a7dec40ebd048efab16eefe3f0e6f3b468acbd31aceb93ae5b85d6e"",""0x27ea82588e84c8f07bd0ada1a20ca6b092985d021be143ad1979036c018adddd"",""0x6f36db2e89512e0d23a9d0d6aabccd47dabad6c24d86f4ed3e2f34d2f18b5970"",""0x972cfa2de1c4f801959ffadb7e6ad7fb4c8add483fce5ec5824eb11e38544b16"",""0xc5c2cb86131f9e87776a8803ffd32d0cd607c48d0d8417a53e9e914dcb7b7f8d""]","[""0xc5c2cb86131f9e87776a8803ffd32d0cd607c48d0d8417a53e9e914dcb7b7f8d"",""0xaf3d313a9660b78d41374e9625c0998b95a35b34aa64d466d29942912711d3cd""]",0,0,1,0,0,0,0.2
dedudes313mab0bf37a,valid,,3,1,3,mab0bf37a,100,10,10,"[""0x9aed8bfb07987e63232962f5af76c2ad8c132a6703f223afdb4de05c67ab77cb"",""0x8c37ac7cc1279806c1ded6a839ffca45e0e549d7c2e0d4fb43a1327571a967e7"",""0x8b23e0bacdd305663faad629c52ba372697ed0a7bdbbf85ccc8a843f53cfb1d8"",""0xeaa45f721f0193234674afd501aafbc171cb87d7a5e5b4dbc0bd41dcbcec9e77"",""0x6fd17a652fd42f0b032ad8a397412ff25dae2c10400f4666f1f6bfc8ad48d915"",""0x0f2a92e8313992d89e001ed36f44bb9617d65da086386b11ea9fe18d2fdfb106"",""0xa578330622430a4ae7ead3b005ada82daa2880436868415957888ea2711ddd67"",""0x9bd934aa2ab3f5be0e927d48082b55d819c8562a01055b22212619cb167480dc"",""0xec7ae91fae735e175818a16afc31968486e1a66154449e6eef8f4d7b6664afe2"",""0xb870383b88c581892fb8afaae581902fa9483eb24e3855dc71949a09ccf53a83""]","[""0x2432cfe4f9353b1ba5658ab99af0b32f44ac9b15ec481b90164d7045e845a019"",""0x94cc8dd56cb47a38c5fde48ab4da2f2d7a22afa57cd4737cbb3ea216ae681034"",""0x037a73ab9a72306dc8ebecdf80a2ab16d414d96cf2f63c7fb32feb92bf9a5b6d"",""0x3728d769a0e94a8d7bb4206065a99b977cc27b6e56b6936abfdfa99c2fc0e994"",""0x88ce248d0afdcbdb05816c4e2b41523403adb46f31d661e6aa300f6254b8d800"",""0x6ef4bc7397209ca22235b99ccf40dcaebfde72aaa515cc2878e92594219cfd1c"",""0x39b18f99686017920bc59b0c772f4d47d87cbbe371ee08db66be4c9837fe57a6"",""0x3151cf1f6245ad1f95925a7c6ca997a55c4df051b87283ae86e2233718593879"",""0xae344a42798a222d1914b1cb70cd1dad6397e19b0a3608362b5b5f2aeb02772b"",""0x4aee22d2ce86d209c5c30927446358b8b9f135060ae67977c95ce8c029f89aa6""]",[],0,0,1,0,0,0,0
dedudes313mb8cb04ea,valid,,3,1,3,mb8cb04ea,100,10,10,"[""0xaed8518e8290ba77e2c3751a919b37635189f51df6200ec4dc85d803f77c577b"",""0x8f04feceeeafb4b38ff43f8d5232b1bc6aa0490e4de92a67b3e7fc9e2f7f8232"",""0x47bfcbf258c53c0001cbedd45b0e664916106636b82ed2d3afa34c76dd555a3a"",""0x5f3cd4cb79de3a0e14f1da49f6bb031c06a2378c43b198e0e368b4e8b8764243"",""0xc05ca9c89c31d935e983a93ca76e5c5bce8e8f1119b409eaf47715b2f9a60ab4"",""0xe63e2c269971e74b53d28366ab0f97aa8abe54de17097a543041aa6f1aef67c5"",""0xddc8a0d4673d1ce329c6876bba52904788357efd9dc9e6a34f141cdbe74005f6"",""0x358e2cbadc27a9a0538c87c34a47990c4725b291ab0495c5cf31f258a40dc266"",""0x52f1daa49da9bb01c2eaf602a56a61152b52332947efec47b3dc6c008fbda404"",""0x9d5c8596dcc710f181db4528baa8d6600791ae9dfc7d96e60f73f34cc6de4fda""]","[""0x29c02eefa13b389c7de0218a34632eb93019200b921bd22dc7c6c42f9112b76d"",""0x9822e8750b69266bf123039815e7c7debfb278e6d07197ee125e1482633a49a4"",""0x4763c32c1e649afb2ab46d1ce5e7891c848aedd9ae897db2ee4649bacfb9b707"",""0xdfd080e6d5625036af3e0326c7a63a6a701a1b110406427479510f5d022293da"",""0x4b0222fbaafed533465fde16e92bb2d156becc43115ff346c51481937cb2ba3e"",""0xdd90815cca98f1110bdd2ed20ca96dd581c2178f9d2d8d5ad452484cccb34bf8"",""0x29faba369a9df31c5cb9e6bc1c5e33037f979b47cee76339e986f878271fa5dd"",""0x129000e4093321a868285d2903488aa7b940a0eb1357e3a264c688acabe9afa8"",""0x047056a4db8bc397a2311e162c6c84c92e428d210fad778e565a69407c2480ff"",""0x1d6e3452d8c14ba8ad0da5768f4e893379ad5195191614ad63a148e604464086""]",[],0,0,1,0,0,0,0
dedudes313mb925a6f5,valid,,3,1,3,mb925a6f5,100,10,10,"[""0xa353c2146e9a243fb7360a35428d933c411fa272574b61ad2a7e5bb90c5877ce"",""0x58a1c325755d0a61c9d5c5ecc8e5b1a3db351be2f7ed0586b3f4c827cb2c5199"",""0xd07dcd945ac0aa1fbce15f81f2f1057f33d924b5942b074332c1ff7ad8a9da00"",""0xe031eefb83fbac3f912e01bd186ab428a6106a2e1da9d24510ac2df9edc04e92"",""0x873d0193628e792877af1f2071f47cb7fe512a405dedebe2cadd656642c824b6"",""0xb4303322b711e6762ae2090a8f30b0a3b1c3052a59b4e7d100215f146825bb98"",""0x560a3a1989194c2252f21688e120be2ccd659c75fe1edf11e3657c036f6b97b0"",""0x5acd9724de98d803578e4cc358b4e7bacbd8dbca189b663efedf1deda3862779"",""0xc05ca9c89c31d935e983a93ca76e5c5bce8e8f1119b409eaf47715b2f9a60ab4"",""0xec1820e120ea32497bc4151cec1c2a1a74c506883244eed9e8c84b63b649b05c""]","[""0xa353c2146e9a243fb7360a35428d933c411fa272574b61ad2a7e5bb90c5877ce"",""0x9e0035c857436bf9a94b0c1f19742d65d3462a5bff4e25d177ebf09586ead800"",""0xc05ca9c89c31d935e983a93ca76e5c5bce8e8f1119b409eaf47715b2f9a60ab4"",""0x9c6819fd248cd16a3fc17004ca2b67e87f5cc68986602147590293056036e6e5"",""0xa8c3c7e57cf6c6713678487ba19f25122b93fae36f6ca5c7e9cf0bcaaebe2be3"",""0x560a3a1989194c2252f21688e120be2ccd659c75fe1edf11e3657c036f6b97b0"",""0x7c2efe492501a633d48b1f5befc513201a40bcd9179017831de762365f9fb0bc"",""0x85fb9a6bcb387ec3dd49674beb0f8f9b2314b34426021f771fb5b9843a3dedd6"",""0x08a53f92c6c09bad8332e30c9d75fbebcf2d11886157685b3dade47a75dde95a"",""0x0313e2439d3f04048546ca2621a685786bc28d32f81734049f4df72a1d29a9e8""]","[""0xa353c2146e9a243fb7360a35428d933c411fa272574b61ad2a7e5bb90c5877ce"",""0x560a3a1989194c2252f21688e120be2ccd659c75fe1edf11e3657c036f6b97b0"",""0xc05ca9c89c31d935e983a93ca76e5c5bce8e8f1119b409eaf47715b2f9a60ab4""]",0,0,1,0,0,0,0.3
dedudes313mba695eef,valid,,3,1,3,mba695eef,100,10,10,"[""0x13454aafbc4e37e9cec57f23a7668d44e38a4dfaf40f9d43cc8fdda8c1a87fb0"",""0xa9a8b3d41055d0bc65f9c61ebf60a0558b65208450595b48ae10a7cba0f34aa3"",""0xe9082b011d954d90121830a8a30ac910553bca2090b0e3d49fc435ebe1d4348e"",""0x52e59647643c2c01810310d0fb72eff319a0677526b5333726b2c120f3b8d851"",""0x573e584c93cf55c214a4f7070d04e40f91a3acf77fc0194788ebc5697c71eb35"",""0x90d37143c2ba0eae4756bd231762ef464731a09d89642f1821ca605b8c15c15d"",""0x925069f6d3cee94c1ef4eeb24cc361a40fe654a18deeb403756a8ee0e9c6958d"",""0x47bfcbf258c53c0001cbedd45b0e664916106636b82ed2d3afa34c76dd555a3a"",""0xd4f316751c2cc91137ccb92ad9811c064a751c519d87034d7e45d56080be9838"",""0xda9135c2a940c63b5b313ed658dec7b545aa5e81d817c0510fef6f74d6b07c51""]","[""0xf76e1e06753c8a4e15491a4e3b5413f180e6aa9fdad03e81d4979d2ce56ecffc"",""0x44543bfcc1209f569e163db7d9f5b43eb42702bdcfc9c51ffe418f6bc59d8241"",""0x7c5a5789f21eba5040da4d9395aefc688a0f120e2e3c76700e30461d0c31c47b"",""0x8de6a75e281e848e359cdd72e5c738793171e2faf5cbca33bc8b8d13f2e2241d"",""0xed645af593084ee81eafa1aa8b6951ddddbe81a8fdede6bda5e069b77a70b1ab"",""0x8dbc33bb09de968685fbd0241a07b9b02f51c04ad7594fb15973d8ba426e3d5f"",""0x976a3f857cd3a4a1018329ed8be8c0a1f59eee36120abec15f17a08fe82a805d"",""0x3b6a509781748d255a28c100c6ba5cd5fb219f8af55024ed4323ee34595b86d1"",""0xb608421e38e36743f8fbd8f6ecfada1c05dfd5091e111c5bca9db9c42a39324c"",""0x6efffd26351366aee73474dcc96b09d416d5c182f8ceed91333f1f985b889978""]",[],0,0,1,0,0,0,0
dedudes313mbc92d998,valid,,3,1,3,mbc92d998,100,10,10,"[""0x016d5dd462c2b3cfbd87d2cfa5eb72a91b1427e57ccb72c3afbdef557a9686f6"",""0x8cee6940d18414f933eafe6b3a15e6d018e5375bf3a54d7554fe86ad647cafb8"",""0x4756b4d7a8a8a1d4d1916bdecd6badb5988b5a5dce79c72ed78523fad868ede0"",""0xfabad93febc057a98a5ec8aba14cc4a16dc75d830d5af1f5045a211c7c00ff4d"",""0x18b671d6a201213fc16ef497dfbf6b9072381b742fc28877789a81b873717bb8"",""0x50a36a45b1d8a772a690b19570fdc0faaad3c0858f58d515cf56372ebff101c3"",""0x541ec553513e461d285619ca4e2d29ab8dc603ff499d549f39236dfa94bf5e90"",""0x6d26162320a21a58a4b1551f88457aee2210e084010831bae04426f5cd0c0125"",""0x4224d15005153eb2188816942499c577e95d999d7c6709657db4f2b36c6b38c1"",""0xc533c492ef7108a952a115b8e31867dbdb42a5e64e221354840dcd02e0885279""]","[""0x3b6a509781748d255a28c100c6ba5cd5fb219f8af55024ed4323ee34595b86d1"",""0x7caa6118b59fdaf813a4754af425ac2e46912311827867fcb29bab268a11ab74"",""0xa2768aee9c99fab0f52e085695c2373eff29dcb97f88834346cad088b73812bd"",""0x3728d769a0e94a8d7bb4206065a99b977cc27b6e56b6936abfdfa99c2fc0e994"",""0x44543bfcc1209f569e163db7d9f5b43eb42702bdcfc9c51ffe418f6bc59d8241"",""0xd83117a66902557710ac877d5a6e5420420b22d06e9ecafd3d0d0d54852a5c3c"",""0xf76f66f2e5747083914ae51a7831de7c7b137775223781208a4327e1e4e5b32a"",""0x85498ce22dc34407fc0a29f1e8eb808a3362a108eb39e5ed3b3cda0b38363d56"",""0x44db1f41b36ed2fcb23bcdcb49f6b2aa63f0a0f30e97b2afded92dfc1e7ba7e9"",""0xa18a585af6564044287e7941dae389fa30ab6892d4e29cc1cf6b38431a0e1f30""]",[],0,0,1,0,0,0,0
dedudes313mc1398e4b,valid,,3,1,3,mc1398e4b,100,10,10,"[""0xd247cd5ac6d6b3dc844de66d61eb913737ab441ca94132664b1e1abf058db54f"",""0xee44e9a5c296407f08941d710bdcacc333132651d9553b2f7275da139847a3ce"",""0xaad56189e897be2df32052ea70ebca2c667d5cea0eb911ef1beaf299a81f8970"",""0x04ad85ab8c285a3a04aef9708866be0b1dd8858889925563852717ba11338535"",""0x12cc8fa3318fdcda586bc7cb1b16db09a022aab66dd770be516db73c7b3fffcf"",""0xa3b08c6ec03c186424e9f899adbf951d8cf5194f026fbfffa70b3c03ddab30f8"",""0x4df5be4acbe8b6a253f38cbf6156ce185bb75f3d60155a1303e97394a7c8ff5e"",""0x00fb5b68a47b95a5500e52c8f21610b9a833645dc7187d385c7e5ffa7756a8b5"",""0x152e268df20e89e1a61f81f4bbaa1988b1a05b393e0cfbf3ace1149e344949ff"",""0xad2898c43972294460b62676b8b07615b49016371f37fe1ebb194096f41d8cd4""]","[""0xd247cd5ac6d6b3dc844de66d61eb913737ab441ca94132664b1e1abf058db54f"",""0xcf96dd76f4aa4ca4703718c3cfe96dca4621f3af34560e257ca9bc0f23c5bf7a"",""0xaad56189e897be2df32052ea70ebca2c667d5cea0eb911ef1beaf299a81f8970"",""0x5d149705a332b4acace1ac24e2948e4eedb296b952a6f19787b4d2613f697e8f"",""0x9736a810837b9591485904f217e1bc53edc3bcc2cf45c3d6443fd0efc3899eb5"",""0x12cc8fa3318fdcda586bc7cb1b16db09a022aab66dd770be516db73c7b3fffcf"",""0x7019a4c261b27fda2ba8dfbeebc1a3c6fb1acb30397ab9d206b9d2518047eb23"",""0x0edd199fb776ce1e94af4061882d39f0da1363826f9102562c07802a0219c49f"",""0x44083458e64996202def47bd1b24957a168d8fbac5ab9c5f9b78cd79ac54876f"",""0x4df5be4acbe8b6a253f38cbf6156ce185bb75f3d60155a1303e97394a7c8ff5e""]","[""0xd247cd5ac6d6b3dc844de66d61eb913737ab441ca94132664b1e1abf058db54f"",""0xaad56189e897be2df32052ea70ebca2c667d5cea0eb911ef1beaf299a81f8970"",""0x12cc8fa3318fdcda586bc7cb1b16db09a022aab66dd770be516db73c7b3fffcf"",""0x4df5be4acbe8b6a253f38cbf6156ce185bb75f3d60155a1303e97394a7c8ff5e""]",0,0,1,0,0,0,0.4
dedudes313mc33fe544,valid,,3,1,3,mc33fe544,100,10,10,"[""0x5cd33f468d6cb3191f93eb6c34cbbe9b3f16d778569b94851821feedb1cc47dc"",""0x3915078eaaef4b3b01c483c9298f24226b2468429c7879b10161f34f702c69b2"",""0x34ab092d53c6d7ddbdb8d867290de66b967de57609b3017b62fc675fb47b30f4"",""0xddb04f49c37e79d04e91d067dee2f24fc36d5dd9f3e3ef13a7371ac377b7d3df"",""0xc46dcb68dfb73f6b48146b814468030b7b03c72955c6d352350e1a888a32adc3"",""0xe90f102fd4f47360120154fbbaaa10cf5c90856c0b98acfaa19f3a049999c18c"",""0xe77763c659d0943fcf4c8e41d7fa5a097b66bf9287a844d3346648d6c195b1dd"",""0x1c9b8c67671e3735934469063297cb8844ccdf90c3dc450b72aaf6b6265db4f7"",""0x2dd52f080f94af843d07afa005dc2e962bab5ca24e649ac857f3aec1389684d5"",""0x49b280439e187981df432e2900f6e08a5aa024a22bd5db29b2acaf5dc8b23e17""]","[""0x2c48158b05801927cc42a3bea77abed8b4f0883611b741cf6a1de9b1733a32ba"",""0x43bf4d97b7c4b375640d244dfffd470737f3f60cb567a6692a8cbc45fe781e35"",""0x4c5a0971e57f16e191cb754bd02a477f11ac1549992b208b983d7ed0ebcb80fb"",""0xba43dc1fee7635c8ac3640bd49f486f7d217a475a123803af63389b831328443"",""0xe63e2c269971e74b53d28366ab0f97aa8abe54de17097a543041aa6f1aef67c5"",""0xac8b80036991313f0d9991aa483a95a9c01079cd33e372b5d4f6225deb94ebe3"",""0xab1f3b5c76e3df878e5156589a69a4dda5467364bbaf9120630b0690ac8ff7c0"",""0xc337e70c9bf8f6b05a64463a28977c43c79df4f14ceab4ed6a1ce6ae2e6869f0"",""0x652b6fcd81e14af4fd262e0d06da33720918f4c750a0306b36ef9b9d3c91f451"",""0x6bb857cac119501e85dfcae81b8287d1afb5a12e1d4fb0784c8b00b2b3ca2b4a""]",[],0,0,1,0,0,0,0
dedudes313mc8cff790,valid,,3,1,3,mc8cff790,100,10,10,"[""0xe03f52b78bc8e9eab84e177e513ae005b06cbe60597e3fbbb3f6cbce41404793"",""0x5f91ef41d3913e182cb9ecc18f83f9f1fd3ef18ed8057fbd80a58c0b489d97ff"",""0x4947d0ddb8adfa3d0b40fd2414ad0e6c130130f981a1feb92b851b0d747cbd94"",""0x7af1853321ba68840018ee2753cfbe9f94e471cbb25d6d548d0bb01deb601193"",""0x0797d76b30c89f1b523ffeb6e8e303c9d2b6f0ef3bf313da6d0cd542d7c7176b"",""0x44db1f41b36ed2fcb23bcdcb49f6b2aa63f0a0f30e97b2afded92dfc1e7ba7e9"",""0x612930bb80ad2d9ef97fe5057df586170d8fcd1e1b05169edb9afad58e5b801a"",""0x8998161122af777b1fb738b1835d8ebcc9f48893ccf82d61ac2fda90d56365a6"",""0xa21c58439ba76498112a9dd59801d9eb71d2b8e004ee265c9369fa2383ba8578"",""0x022d2f24e20eecc4054c519000a7e45043cf9f7e0fd1afee78279de75da5f9e7""]","[""0x44db1f41b36ed2fcb23bcdcb49f6b2aa63f0a0f30e97b2afded92dfc1e7ba7e9"",""0x1ce2000d19183a439276d735ea6c2190b0681a0d867462abeb010fad3c1fc152"",""0x8998161122af777b1fb738b1835d8ebcc9f48893ccf82d61ac2fda90d56365a6"",""0xbaba60f08c5c4c146fc2d4544fe25a2d6c9c69db876b69b284afae0f138c34b9"",""0x492230e93b426215913042fe17f1e4c3058defa7c4c60f621a9cb9bd1ccde123"",""0xa077d467da14848d18e59e8577d5713ebe983a7a361998d6825c5db70368f0b1"",""0x82fcd452b99b91dfe9774519d4370744e58fb0506ae4415458cf3521d2764eab"",""0xd07dcd945ac0aa1fbce15f81f2f1057f33d924b5942b074332c1ff7ad8a9da00"",""0x7dc6b8ba90b164cdeda9462c5094100181c311a7d80c30e054ffa58ddc9be8a4"",""0xd868b210f941bd8fd28c1c4712cccc7f23ac7c739ca934fb8809925e3a2e2d97""]","[""0x44db1f41b36ed2fcb23bcdcb49f6b2aa63f0a0f30e97b2afded92dfc1e7ba7e9"",""0x8998161122af777b1fb738b1835d8ebcc9f48893ccf82d61ac2fda90d56365a6""]",0,0,1,0,0,0,0.2
dedudes313md0160e8c,valid,,3,1,3,md0160e8c,100,10,10,"[""0xbc6c2a3d2d97b8c8c01eb4a39c1dd24a420ffd106b43d2a0cd0ff29c281c61b0"",""0x8af62fbfe6188bece52f705db8da5dffd9e7c57457854eac4ef37f967269c2ab"",""0x12b70f8443ce0ede6968c5bd173651e6e0e718fb04f5edef0a526609752e6cdc"",""0x0823967d6ac9ee428aefae4d108c0423193b7d64cb6a4f605ab79fa5b0d03424"",""0x1a9eabff5b62475b9fa7c2ecc66cf7c3e4d5f7cbf1bedd77507418a722a7ad7e"",""0x84b2a991d3cc429d06c8c5873c63e398f8d3fddf409a7120c010efb52e3668d4"",""0x3f401e9564971216a45cb0800193cb271f1c053823f4b45d7e5f786adab1a855"",""0x67bbf067b6d54d6c85e0e1397d4571a7f322dc7d94c40efcfb2db189829bc069"",""0x13064367f7f784b851f2cefe01920bf3a41358153fef05e723d6c88205efa337"",""0x5838e16d55650d477205da03b1da94d032f57650f19a89dab504dffd435f188b""]","[""0x02bb46077ad6d2140559ed07610045289035f3d63aa4b75e85abeade824262c3"",""0x8b08bd16fdfc682c01c8e5902a9ecb016da4dbcb29c8bdafa014073b9bc90e19"",""0xdaecba2ed12f5a5b70fa12804a2e95989f00d20797517e0792bbbe0eb9fa7798"",""0x3965ddc195cd9ffad54a5e8f2c792515e1503e381bd6b8ffe1dc086362d61382"",""0x9c41003aaee06f398090c01fe5a3b3c440d3968bb30dc4359bc666cf9f99a2bc"",""0x64b68fc2945ffdaf60010830669bda0627be83db1d7e5a8d5a38842f00e5325c"",""0xac5ecac7d584cbd45b73f675f718039e84bddf088049e6157bdfbfa30bb637af"",""0x73647254e06e3db62604fdd9e5b53bf4e2f4a3b10c5e5e037c701c0ecb606fe4"",""0xc336d40f84e39d1872d54720801feb80618a9cb638aec12ecdf600a358a81565"",""0x012f7a5533aa10df03f81882585c8519379e85aff6b3795e78345287a76146de""]",[],0,0,1,0,0,0,0
dedudes313md267eac0,valid,,3,1,3,md267eac0,100,10,10,"[""0xf00ee07d9c2e9d8dd6f8b1d798ca4e10a196864aed4acb8a760521cf09d1abdb"",""0xa43a9e125a3f12a0f2c6a39532b7689f53b084e499aad45d6db4e10d9a088309"",""0xaf3d313a9660b78d41374e9625c0998b95a35b34aa64d466d29942912711d3cd"",""0x08939b851e03b00635bb9e31f3801e64b9909b4392d92e16dfbf63a1caa30c67"",""0x04e650beefefc57c681b80135dcc75deaa5559de35ae3b4c78d8355b76749b21"",""0x670e2d7440cda92474993e4b6026d56d466f9dd2f5cd4c2bdb3ed4e4fb225e6c"",""0xc0f691a0ef89eb403780b98864dd2e0cec35dc3186c6b2272adecd15f95bf2eb"",""0xb43cdbe7c0d75fbb5bdecbc4fc447328fbca784b288014e3122a86ef6748f74b"",""0xd72cf2bb2008b6608fd41fe207b5608fee57614acfdd12c73df4d7c32871abfc"",""0xd122ec81ea65594ca917ef923c9ac2d7dae60526aa4df16af8002a61555bbea5""]","[""0x04e650beefefc57c681b80135dcc75deaa5559de35ae3b4c78d8355b76749b21"",""0xf97a47c58feb90efff6cf68b45d05b3895cb44755e34e57068c0c1a3e96428c1"",""0xf17977fa95300b063107d404d43f286bd64a604cd07dddd552d35eda9081efa9"",""0x2b6bb3b55ba3430f21baa0135148d463cea0bdd8145a6b25cf64ee91a6302350"",""0x29c02eefa13b389c7de0218a34632eb93019200b921bd22dc7c6c42f9112b76d"",""0x0026d3f471982cd447ef47a2f259ea569aed62b3822c41c4b317797fe231a5dc"",""0x4e20376d1da11c9e1f1d90c95dda5d888cc4afaf92514bcf2dce9c5d0ed6f72d"",""0x037a73ab9a72306dc8ebecdf80a2ab16d414d96cf2f63c7fb32feb92bf9a5b6d"",""0xd07dcd945ac0aa1fbce15f81f2f1057f33d924b5942b074332c1ff7ad8a9da00"",""0xa8f6645926614e855e9e5410950b0d978447966aa63f119579ee2f9f1f815372""]","[""0x04e650beefefc57c681b80135dcc75deaa5559de35ae3b4c78d8355b76749b21""]",0,0,1,0,0,0,0.1
dedudes313md2809ae0,valid,,3,1,3,md2809ae0,100,10,10,"[""0x5ec22cff95ce1393f970eaa09b547bc5defdad802a7b86480894817e835cf4d2"",""0x21e2bbc34d8d1d1c3187749ec8072917ebd94747675cee5d49b04a2ce1915935"",""0x740df38e44be02d0ec1a151f34094c277858b3616e2946ad313f24ae66d2ef07"",""0x5b8e7419a8ec40a80aba582b4f43717969bf8cf80d560d46e48877e6f2e9598f"",""0xb566333f866e1259515fb5247d00e0ccbecbf5d079219a7d6317d1732d73a396"",""0xb4303322b711e6762ae2090a8f30b0a3b1c3052a59b4e7d100215f146825bb98"",""0x7f0726ec9f0780b8eb9b1a6a4d8fde6c3afcc3267195077759e0112e374e3807"",""0xc3176e00a6204b852d9c68642a10c7423787cda47c88ecd0b1df058500d4be21"",""0x427b720a9454f6ee584a1ef9e5035b3e438f150cc81e15066d085a6fbbab522d"",""0xa6363490e59a332a8aa1a1961aaf033d3f451a1a35554cb9a67a3864452ed1a7""]","[""0x5b8e7419a8ec40a80aba582b4f43717969bf8cf80d560d46e48877e6f2e9598f"",""0x7f0726ec9f0780b8eb9b1a6a4d8fde6c3afcc3267195077759e0112e374e3807"",""0x8254f8390981941c34866e9f7d9e1ba513eb68390624e80c126ee571456fadcd"",""0xe25b6c81cc4686460aaf17ffc24e2ac388650a848630cba962550bd62b760a4e"",""0xd06a42d72cfbb96ba643618224587534b89ed6d8fc280e2b48ed9c6c13cd6972"",""0xae344a42798a222d1914b1cb70cd1dad6397e19b0a3608362b5b5f2aeb02772b"",""0x18f5f9c890a949af883bc6ae01b055690c4c4da075998fb495d5404a18ca572c"",""0xe3545e6599a6ecf65bf8f351a7d25a78ffbbd83ac3ff97766b76ed78dcf18a3a"",""0x1cb4757891963a7cb555160f3d9ee005fbe1b67635f8fc5b4db9ab9b3deb1c16"",""0x33398d3210b02fd6bdff84655d55cd3e84ca8436888d70edc5eb3e3071d139c3""]","[""0x5b8e7419a8ec40a80aba582b4f43717969bf8cf80d560d46e48877e6f2e9598f"",""0x7f0726ec9f0780b8eb9b1a6a4d8fde6c3afcc3267195077759e0112e374e3807""]",0,0,1,0,0,0,0.2
dedudes313md679647c,valid,,3,1,3,md679647c,100,10,10,"[""0x0d1d14b126c9cd4822af2fa53ce6a21cdb935d969bd87e497d8f611724f04c59"",""0x45541de4501b2a94117631c24fabb07f752f0a76c8ac9b1d90f9711bcf34b53c"",""0x826d057ba637e393543ce1968c948066c5671c841cf0b633423370e488b88b88"",""0x129000e4093321a868285d2903488aa7b940a0eb1357e3a264c688acabe9afa8"",""0xb6343af272cf576e45074aeb6acbf5c7e754ed35a3ee8612f6d28879654fdbc0"",""0xe481e6732d9cab4a1295b47e9d24f63619aabe54b3def88c6262c06dc5638d7e"",""0x80aeab856f399458dae7fc1263890759cab51583366148fb6e923347fdd97652"",""0x27ea82588e84c8f07bd0ada1a20ca6b092985d021be143ad1979036c018adddd"",""0xa353c2146e9a243fb7360a35428d933c411fa272574b61ad2a7e5bb90c5877ce"",""0xd07dcd945ac0aa1fbce15f81f2f1057f33d924b5942b074332c1ff7ad8a9da00""]","[""0xae212251bf7256512a4a9af0b279c3792a9c5c0cdf73f3fd29955527462b8c12"",""0x45541de4501b2a94117631c24fabb07f752f0a76c8ac9b1d90f9711bcf34b53c"",""0x75232ef6746d01e9b8c3c4fe3f6d217fbc13928d20867b00a929dcd7d5749bd6"",""0xe481e6732d9cab4a1295b47e9d24f63619aabe54b3def88c6262c06dc5638d7e"",""0xba43dc1fee7635c8ac3640bd49f486f7d217a475a123803af63389b831328443"",""0xa353c2146e9a243fb7360a35428d933c411fa272574b61ad2a7e5bb90c5877ce"",""0xa5354f7310ed91f59b1c345e39c21b3b0a760f554e1c86015d34b20bf1573fff"",""0x6ca26056104de6a9637fabafb1922d5f2f87e552b8a56e1e2bf5f3f18c17a1fc"",""0xe73354790507ea53673c67d57b9a4e38a7c891a6f1eba2fd7509eafe56356b74"",""0xd07dcd945ac0aa1fbce15f81f2f1057f33d924b5942b074332c1ff7ad8a9da00""]","[""0x45541de4501b2a94117631c24fabb07f752f0a76c8ac9b1d90f9711bcf34b53c"",""0xe481e6732d9cab4a1295b47e9d24f63619aabe54b3def88c6262c06dc5638d7e"",""0xa353c2146e9a243fb7360a35428d933c411fa272574b61ad2a7e5bb90c5877ce"",""0xd07dcd945ac0aa1fbce15f81f2f1057f33d924b5942b074332c1ff7ad8a9da00""]",0,0,1,0,0,0,0.4
dedudes313md73dd74c,valid,,3,1,3,md73dd74c,100,10,10,"[""0x725e4ffde4438936fbd1cce6ef007c792cc2fcbcf183094f688ea895fbb76573"",""0x7847e51b231029c39b20be3245a18fab1b159755d42c48a9d667579cd8369110"",""0x1659922f2719c055f0065cf86fd257d17a21b7da2fd9943c3c7d671384991eb6"",""0x10174ccc186d1f01377fb8fcdc2ea86c5d1938f3e3ce90187b5a94a6e168f50d"",""0x9a0b15053695120bc6900578f622b3876f4e60021794e4dc43be233adcbe47a4"",""0x06f1767fe48b30b1b8d28ae04d13e706f4126d718047ff24de37167a9125eb24"",""0xb23dfb61a3ab097db033b453c7804f8d92faa9bdcea236a6b60ac0b3ebb94906"",""0xc81b924786d751073bcad0d11128f8d2aae32075f7d5860c029cce447d40a98c"",""0x3f6cc368eaa302b5992da65f102af6fbcda3fb6346f2737506ce18f38f9572cf"",""0x6d06be0d2d1175a02629aec10f5a3e93e3139b2d3c3c4dde1fe4e11cb27b74dd""]","[""0x1659922f2719c055f0065cf86fd257d17a21b7da2fd9943c3c7d671384991eb6"",""0x10174ccc186d1f01377fb8fcdc2ea86c5d1938f3e3ce90187b5a94a6e168f50d"",""0x9a0b15053695120bc6900578f622b3876f4e60021794e4dc43be233adcbe47a4"",""0x4af2f147bffd23d7cf8e07c6701fbf298d85f0cf45a774fed7bbd76a787e5222"",""0x83e3b0998b66120f052c7011ac7fbc31cb77b9e864091293e141f1df231ff2a7"",""0xc02015173666ee97a6d7bd726d27e09df176696cfff548215ea0a2e91e323871"",""0x44db1f41b36ed2fcb23bcdcb49f6b2aa63f0a0f30e97b2afded92dfc1e7ba7e9"",""0xc81b924786d751073bcad0d11128f8d2aae32075f7d5860c029cce447d40a98c"",""0xf76e1e06753c8a4e15491a4e3b5413f180e6aa9fdad03e81d4979d2ce56ecffc"",""0x2b7bf8536bf3848c686b35671da7328803c3b75398ab119d87e166a9ba872e8e""]","[""0x1659922f2719c055f0065cf86fd257d17a21b7da2fd9943c3c7d671384991eb6"",""0x10174ccc186d1f01377fb8fcdc2ea86c5d1938f3e3ce90187b5a94a6e168f50d"",""0x9a0b15053695120bc6900578f622b3876f4e60021794e4dc43be233adcbe47a4"",""0xc81b924786d751073bcad0d11128f8d2aae32075f7d5860c029cce447d40a98c""]",0,0,1,0,0,0,0.4
dedudes313md85b3e78,valid,,3,1,3,md85b3e78,100,10,10,"[""0x46bdaad5874ebfa0892c51f5ef0db222dff6fbf0d1b2433aac7173fecf165500"",""0x621c1ff0003d6ddb024efe72099de0ccaf65a791c28c2f5f9c8d765fdec6b361"",""0x29855cb7d9c101ffd09fe1689ba3ac703ad1bd4f1aa100c4434849f31a55da3d"",""0x5b353a9ec8080820cf2c6e3e261fe74169906894817cc2099a27bfaf6d5fd9fc"",""0xc5c2cb86131f9e87776a8803ffd32d0cd607c48d0d8417a53e9e914dcb7b7f8d"",""0x3fcf1a22cecca469a31c11f18b9ca75f30f498a4a30e4e6e09046ba4ec474500"",""0xf805dbff6348742ab14cf679e7f8361efca863743fdfdec50829ae45981920a9"",""0x103b9dee8103acb597cc0b6923ca9814b7b4c475a9fb155da526a8984448edfc"",""0x63fd6164eab126dfe6b8b87654bed22548bd19475b58bc992aa43585d92fd8e3"",""0x98ae210edf8069ae64423cf68a88b729f35e1a68073573fd2bc8bf3250945b4d""]","[""0x2bed620b53fb262419044820898d7dd1a83109bdd26079eb97a00f66fd19e50b"",""0xcdf69590102e2120a0699bb0bb4b1e9ded25e4d2f24f7526b1cb67c97658534d"",""0xac71cf4c6d1b0b6ecf72b81901d1e7b92d55b1424c93743d83a5a6c3a2a95112"",""0xf805dbff6348742ab14cf679e7f8361efca863743fdfdec50829ae45981920a9"",""0xa79b998f79699d11b4f12c5472c7ae2ce658f690ff070100aa8cbbb0cec325c0"",""0x80e8fbcc08caa1dd06a1a7aed25697a96c8a47b4d645291144324189e0073967"",""0x5fd6c47c7099a110886aa6e55400c92c8d19f181da37201010934f1879e5c342"",""0x52d38e45620787b4976e0570b4c462e4cf69fba1d3a3e08a406addf07dfac90a"",""0xb4f5558b4bdc7e589b5bba34f2bf39509badb2657bcf2700cffd119deee1b1df"",""0x096fb1c675dcd80ba1d8d7bd732300f0be6419e4c872cfa71a9898a2e737ef42""]","[""0xf805dbff6348742ab14cf679e7f8361efca863743fdfdec50829ae45981920a9""]",0,0,1,0,0,0,0.1
dedudes313mdf6261f9,valid,,3,1,3,mdf6261f9,100,10,10,"[""0xeb040071410cb36727fa9adc4aaaff64c251972071302a74f30f357d6e0ee7ad"",""0xc662f778c9a04074755760bf0f09ebbc9465c53c8a417b7ff76fe63cd71f1769"",""0xeea69e947ee3a88aacd4d6699c70c119dd6750f8a5c7290cb0466ec4e8ae243c"",""0x7019a4c261b27fda2ba8dfbeebc1a3c6fb1acb30397ab9d206b9d2518047eb23"",""0xe1d755d2bf660617b3ca4f28c4cd47b24edcdf39019fc36bd3e9ab3763cc38c4"",""0x56ef3e1015ebff4706ed1c5fc7a7b86f7326b0d2610d59b2c56a0d46860dd49a"",""0x3fe9683c0e77ca5d1c545a47a22db2070f92b786ef071a3bea362ae0ae8b76d4"",""0xfcb1836383f449e71c493c00bab0cec37e9fd2e9c849dba5924512443fc571d1"",""0x96066476fea3949719914409cfca4f333dd56c06875c4cb6be7161a9df28ec5b"",""0xef7983386c52f2e3fd86953cb396f63925a347990bc0788e13470bba1246a1a6""]","[""0xc4c66c87758566d11daba0f759ec447f962a9ffe9e4ecbfc99b48b6a8458e723"",""0x96066476fea3949719914409cfca4f333dd56c06875c4cb6be7161a9df28ec5b"",""0x039e21128fb774df525e96211f7416810399021fb9fd597495338d0fe777fbe0"",""0xbc0dfb81cf9e22d2d366e0efd4ce5db0ee3ed857f9bb36b8dd7cccc3bbad7d3d"",""0x9c6819fd248cd16a3fc17004ca2b67e87f5cc68986602147590293056036e6e5"",""0xab58b9907d0218646605951a37a38307528978618ef01a598905f9eea1137c91"",""0xd4dc0506bb2e84fb9262f7234c910634d3fc043d0edcbb05d46c6eb6d6c73e9d"",""0x629d8756b0c6d742238515bd47e77333fd827c52ccc143a58c680da9794db8ac"",""0x1c0420567499644eb79e43bb0e2de2482eb94f68d62492fc10eb1b3b33873871"",""0x474e9085ef9b0fc6ca2a16d2fa92978e1bea062a446b6dcb8159da20a9ca6569""]","[""0x96066476fea3949719914409cfca4f333dd56c06875c4cb6be7161a9df28ec5b""]",0,0,1,0,0,0,0.1
dedudes313mdfbe43b8,valid,,3,1,3,mdfbe43b8,100,10,10,"[""0x6447bd86e650afcaa2e4e7e2b81339310af662e1a9aa4ef906b4efd1192bcadf"",""0xa927b8e5afa613b23143ec00582e5d0147e22538781d7399559dcdd49f6de749"",""0x0d1d14b126c9cd4822af2fa53ce6a21cdb935d969bd87e497d8f611724f04c59"",""0x88895e298787070b3a7a89c73a140c020e5d7b1986b58fd479451d62a0a16518"",""0x4719db01b390514f7a52aac5ea9bbd337f000107b921e2726d902c75149cfd61"",""0x08e97409e94dc96f481069021cc78b5317f47e4e4aac618845594360beeb00f2"",""0x0b11176ffd279cf4e1fc5f4d0afa222f064ee56dcbfaf089a9abf5597195b176"",""0xf753cdb4750238eebb2710939be41aec7da5c28d5812cc16ccbcf95421e17a65"",""0x7d385b59d76141b0b2fb313c11e1113fd4d70b1d3d9134abc66cdf5caa7bd8ab"",""0x0ba2d96ab674a97ff6e6cf1fbbd59792aaa62ce25cae0e6366cfe9d0394285f3""]","[""0x0d1d14b126c9cd4822af2fa53ce6a21cdb935d969bd87e497d8f611724f04c59"",""0xbe4fb6057c8c5f006f1f992efc176f60e7db5fc16faa3276dc0d2e8c53c17f34"",""0x35cc0b2887fc2830bbf5808ea0a989765e7782c174e0814faf016ee547ab40fb"",""0x7d385b59d76141b0b2fb313c11e1113fd4d70b1d3d9134abc66cdf5caa7bd8ab"",""0xb566333f866e1259515fb5247d00e0ccbecbf5d079219a7d6317d1732d73a396"",""0x4ac00df2e8e7ebd5d0c84d61568a0ac2e4504fc1371ad1292ed28f3f57f5391b"",""0x2b7bf8536bf3848c686b35671da7328803c3b75398ab119d87e166a9ba872e8e"",""0x645335b805d619da688278ba81f30fba8c9b32c4180e6b831b209be762fcae15"",""0xc8b6680acf6f6491b5e4fd810a44cbad229729371da8bc7a38d8cc8d2273b83f"",""0xc02015173666ee97a6d7bd726d27e09df176696cfff548215ea0a2e91e323871""]","[""0x0d1d14b126c9cd4822af2fa53ce6a21cdb935d969bd87e497d8f611724f04c59"",""0x7d385b59d76141b0b2fb313c11e1113fd4d70b1d3d9134abc66cdf5caa7bd8ab""]",0,0,1,0,0,0,0.2
dedudes313me2cd7cad,valid,,3,1,3,me2cd7cad,100,10,10,"[""0xf7e59f787299f4988b4fe498e62f49ec0966b70b1cf0ede87cece49412c07968"",""0x0f2a92e8313992d89e001ed36f44bb9617d65da086386b11ea9fe18d2fdfb106"",""0x129233d33da25de89e7d9c842f38484da50aa08605daf58d950d014d1998b062"",""0x6092f9c63cf3d208baf21be0aebc352ed539202d6f322754404f78aa75e96ca5"",""0x0ba2d96ab674a97ff6e6cf1fbbd59792aaa62ce25cae0e6366cfe9d0394285f3"",""0x3c8efd6f155b6e3f79c54eb66ca50986fb5c55a21968fc49251b125c09db4e07"",""0xbc96eecdc3d418bdcff0889396afc318c33344e4cd1b523b24a240bf68dfc014"",""0xf1480c511ca93719e7c4df2d4a0eb126a32ac678055373f164d046bd55a83beb"",""0x06d9d57053c77f012db6da3ee82776b5f78a3b2c927e0cd0d5203ea2a4373044"",""0xaf141d822083fa1198b654381c599c9cbffe25b8aca28c780ec320bc032c1f12""]","[""0xca98d25e2c93784b286e590ed9febb84ffd6e2da7b007b85ea6748061f8e76ac"",""0x037a73ab9a72306dc8ebecdf80a2ab16d414d96cf2f63c7fb32feb92bf9a5b6d"",""0x74d1366fbe52d8484162e1ed6b49c0c8fa14afa42eba223d4651e6ea03ec4cce"",""0x3c5c7c3cdfde1e6a610fadeb29af0d5bf14b21cc8fd41743407ef8de4c918396"",""0x16afeb00f2747e63a63bab610e5c845716931bc23d09339892635a27fc5ba82c"",""0xe2d9f6ed2ad0b01e6a7da20c6ad257cdcb875d010863e437299eae66a07a4a83"",""0xc5c2cb86131f9e87776a8803ffd32d0cd607c48d0d8417a53e9e914dcb7b7f8d"",""0x04e650beefefc57c681b80135dcc75deaa5559de35ae3b4c78d8355b76749b21"",""0x234516a5fb1345f9d7e1dfefa9376d8f3ed00e4b06d5ffa782126225422c39f6"",""0xea2bd6b9a540fc7cb658c0eba77aa94b50680b24ede84c9aa4220903d173a40e""]",[],0,0,1,0,0,0,0
dedudes313me74c87a2,valid,,3,1,3,me74c87a2,100,10,10,"[""0xe54a0d9599f4a911acffcd430f630f622609790e2c1e16e7316e36b5396d8efc"",""0xe338841190d5e54b835dc1bda44aa8d0a4627b1ed5940e72c7c50aacf0658fd5"",""0x89de293badb6e8ef2691d811ef98dd0c56e75d703141b55b672c6e4871cab4f1"",""0xa18a585af6564044287e7941dae389fa30ab6892d4e29cc1cf6b38431a0e1f30"",""0x486e177c1643a1337538bc68306e08e1485f4f54e5028b4a7a98fb0f6a72af96"",""0xb6d01a84cc9057fbb430eaba773982d428e92f84e754cca7e87b6b2102d1173a"",""0x9e14eb9b0b4d79e8a0f857e9e859cdf595c612dae2bb3851332b3220d3f2aded"",""0x7a395d86909d7bc142ec6085502bf2081c027b3ed692c9ab2587558a4bca94b9"",""0xd63307e9d3fc7eabf82261a14e1b516f98d0e5e926376dde2bbac9473c874bd5"",""0xbca9cd9c406f176dac7d87ed364a97c88339629f9e888b17396584decde046f7""]","[""0xa18a585af6564044287e7941dae389fa30ab6892d4e29cc1cf6b38431a0e1f30"",""0x9e14eb9b0b4d79e8a0f857e9e859cdf595c612dae2bb3851332b3220d3f2aded"",""0xd9d81c410fa0ea1d20889ef47b16f886682f4f9ba2e8027913ed50c3fe682b88"",""0x1fd25841265433ac2e3659c6e73226111c654fd3688b82c9f78369b12668d297"",""0x56ef3e1015ebff4706ed1c5fc7a7b86f7326b0d2610d59b2c56a0d46860dd49a"",""0x3728d769a0e94a8d7bb4206065a99b977cc27b6e56b6936abfdfa99c2fc0e994"",""0xae344a42798a222d1914b1cb70cd1dad6397e19b0a3608362b5b5f2aeb02772b"",""0xec5694704d88b9d8110cbdb1eb4a9c4b2a036acea4f55b393c0e4ca8f6238d20"",""0x7c5a5789f21eba5040da4d9395aefc688a0f120e2e3c76700e30461d0c31c47b"",""0x3befd8aeded3c32a27eba3e01bf239697a166dc076ce1634e0c9c0328e7a44ea""]","[""0xa18a585af6564044287e7941dae389fa30ab6892d4e29cc1cf6b38431a0e1f30"",""0x9e14eb9b0b4d79e8a0f857e9e859cdf595c612dae2bb3851332b3220d3f2aded""]",0,0,1,0,0,0,0.2
dedudes313mea543351,valid,,3,1,3,mea543351,100,10,10,"[""0x877547128f33acf04cdb21f25825b450680e5ac2db2a0d155e2bbc89ff8dae92"",""0xdba45f29ef37596ce75c379e00e2cee7b6b9cf22b9f86e39577f4deb63287fc3"",""0x5b327482573f0e193c07879576d305256ee3bdb395c79836878e993e67b20d0a"",""0xa643637309347abb2eb78bd431ba0504374e2f99ab32a5ca293acefe9733ce69"",""0x33a5eedc78e8e2e00fe1a31a59418160292b39d3dff6a49cd513e2437cca5293"",""0xdd90815cca98f1110bdd2ed20ca96dd581c2178f9d2d8d5ad452484cccb34bf8"",""0x914f0aa8ea60013dbdfa0439481aaac3b6591b5a8ad896fef3748d8d6824cce0"",""0x259449c15abc34a40b92bdfa1a656c7917dd3da92c7399ff1dc0a46a8bc32263"",""0x33945e42e74e3550cd1e193eabd2c56cc2590a278cc9f2ba82179d179cbe7149"",""0xde7ed4936a12288cd81670fc45e5da026f5fb7314a637be457e23bc230c044fe""]","[""0xf4895c2e65fd77f15896acb2e6e88a6985aa4e66b710660c51649dfa142ef08f"",""0x08325ff1f8c90c1056bac7913d895321573da8e77ff5de8eeac46e1ad75aa774"",""0x0248d2cb7fdf2a7095b7715c24e053f0425e97a94dbba26f5fbee48dddd62335"",""0x4ac00df2e8e7ebd5d0c84d61568a0ac2e4504fc1371ad1292ed28f3f57f5391b"",""0xf0d5087a2733853510586e08e2a0d5ac1b0d61ac9cca66bddd0322ae42dd2294"",""0xc4c66c87758566d11daba0f759ec447f962a9ffe9e4ecbfc99b48b6a8458e723"",""0xb3073716ca6507c1e78222d02502caea417253f55b4cb4cfcb0c41b3b612423d"",""0xb566333f866e1259515fb5247d00e0ccbecbf5d079219a7d6317d1732d73a396"",""0x2ada7d81283eed776c54f99e09a98efd06cfecb91ea394014312565d23bcd0fb"",""0x6dadcd3304088ed9827a3ad5f8fae5510a1020d45d927eb3984edba06dcc2165""]",[],0,0,1,0,0,0,0
dedudes313meae7e272,valid,,3,1,3,meae7e272,100,10,10,"[""0x2b830bd2b7b0e59b0bc60ee61ea34feea247ca38a6dc1b52edd727855a6b2084"",""0xdaecba2ed12f5a5b70fa12804a2e95989f00d20797517e0792bbbe0eb9fa7798"",""0x047b2ed8fe83b21750e7e61ebd4c21500fb7ce6526e3bfbac6de35acbc116a09"",""0xe0af3ae528b720df7db331772a439a72d9b7c2a23d74b9a816247e89fca57021"",""0xea2bd6b9a540fc7cb658c0eba77aa94b50680b24ede84c9aa4220903d173a40e"",""0x2350d1c4dcb50ead155d92b600a28ed52cec4e946a60274d5b989965634a6a1a"",""0xa18a585af6564044287e7941dae389fa30ab6892d4e29cc1cf6b38431a0e1f30"",""0xc05ca9c89c31d935e983a93ca76e5c5bce8e8f1119b409eaf47715b2f9a60ab4"",""0x8f0af69ca5e7a9aa0e2d68a24cfd63e8d99d67b391d64329e0e64768a9449b1e"",""0x43634c590b08a8f438d92e05b8ee9c4d1499c0e2206981f71e948ee4724e677a""]","[""0xdaecba2ed12f5a5b70fa12804a2e95989f00d20797517e0792bbbe0eb9fa7798"",""0xea2bd6b9a540fc7cb658c0eba77aa94b50680b24ede84c9aa4220903d173a40e"",""0xa79b998f79699d11b4f12c5472c7ae2ce658f690ff070100aa8cbbb0cec325c0"",""0xa95ffd0d5bc70611f706e681fdd001a7128aecc863f1fd30af5959c525cebce3"",""0xec5694704d88b9d8110cbdb1eb4a9c4b2a036acea4f55b393c0e4ca8f6238d20"",""0x04ad85ab8c285a3a04aef9708866be0b1dd8858889925563852717ba11338535"",""0x012f7a5533aa10df03f81882585c8519379e85aff6b3795e78345287a76146de"",""0xc4ec954ae50a47e6f4dc94c797d002b53e75a54561cfebd8ca67b32879cec36b"",""0x45ae843574074a3f4a2c1ca0acde905169694bb10599b0d3696a4f6f56d956b7"",""0xb80f9a6c487f678e44c385af9b93651ca7c8789901ef5143a923fdd75fa34594""]","[""0xdaecba2ed12f5a5b70fa12804a2e95989f00d20797517e0792bbbe0eb9fa7798"",""0xea2bd6b9a540fc7cb658c0eba77aa94b50680b24ede84c9aa4220903d173a40e""]",0,0,1,0,0,0,0.2
dedudes313mef93eb4b,valid,,3,1,3,mef93eb4b,100,10,10,"[""0x1408aa1b0bf56fea1c8d0a564f254982f3e9253b26979043d6949e536b51648e"",""0xfb8bc2f44032dfa1d9f258c8382fbbbed2612f63d0914fe066563cbefb689a53"",""0x5f342e22fdc7a6f789d4dcf56c0ad2f235a48039e796070d00a94fa5c89c9f30"",""0xd9554d516e8fc2f88fa404f40cb980a0aa42e728adee362d9e6d8b347d0a9f4f"",""0xa23f3af7f8a5ee5a14afac20cc2a40c5a6d0b1a111a101024b117d417709a634"",""0x2270c09584ff34309d9c951ade049db876c4e56549fc7cafaaf3003678bde7aa"",""0xe9381872cebc79e2531bf12c0fe048554f36507b472ec98795ffc2d25b24bf44"",""0xdb5e5d76b1d0a022cdde951305c077283a6612821f90a9fd1b566499bc776dd4"",""0xb958f5ca3621e179f57612ebbf1b42ec51ee03b1be8c7df951d64572d43d4e8d"",""0x11c6ce9371279a26939a5cbfa91e968d27cbd7f2d8cc288ee357c306c820b030""]","[""0x8dbc33bb09de968685fbd0241a07b9b02f51c04ad7594fb15973d8ba426e3d5f"",""0xe468d8edc4a54c19537f2de145f9b8e65cb9f043cd1aa27e1549c2d8471701b3"",""0xe3545e6599a6ecf65bf8f351a7d25a78ffbbd83ac3ff97766b76ed78dcf18a3a"",""0x4e20376d1da11c9e1f1d90c95dda5d888cc4afaf92514bcf2dce9c5d0ed6f72d"",""0x703dc0cf5b4fea7c1ec8b76d0f2cb74750672c711e8128ec067718125ca92340"",""0x4aee22d2ce86d209c5c30927446358b8b9f135060ae67977c95ce8c029f89aa6"",""0x85b60ca2f58ee6f06cf2e1e61d7abee6ba7c11252f5c1d390a7f13a6f5fdc4d8"",""0x0498e72cbb35cfcceb5ab5e28ff9e3193ec3396d08350f0d371f94b24e66dd8d"",""0x646db217199cafad3c95616f3c8b68ac61fb92cf045d6e50fae31bd18ff3ae91"",""0x2350d1c4dcb50ead155d92b600a28ed52cec4e946a60274d5b989965634a6a1a""]",[],0,0,1,0,0,0,0
dedudes314m034e6fc6,valid,,3,1,4,m034e6fc6,100,10,10,"[""0x39393156b8d1cfca792cce898be346812ce223c58b1141cea75c21e4183e9d05"",""0x752e86b48de25182085f54c8b72688cf9ab9a35717ae0a01fea3c08aae80a0ff"",""0x3e1ea371858322638031295155e12d3211a96f3cfa54c6b021a7ee3ff806457f"",""0xb0ccb82c9bd6286c0293447ee0f0dd360ef483f7df8de5e34b81d525afd81af2"",""0x85053ffcbcdb93a2adfe5c2690defd214cab444e59cb28d72d2403a005e7e52b"",""0x1d2b2183365b79293d837cba0a844b473195a82dbb6b6939e2dc64e8847a3d58"",""0x385dd3dd832b45c865b7e132d711c40038a99687499c6bb42a9d875a41a7ba85"",""0x469ed73538b4074f9a266db79be0d77fa0880feebd7a3809e179f8506d9bd94d"",""0x7dc99136cb65d68a1111e27fe21ab47b05377336bb9e85b05c034b5f31ee1481"",""0x1a8d31aaa763a757d4815df2b63891f7c359e36817494002d0435727f3476aa3""]","[""0xa79b998f79699d11b4f12c5472c7ae2ce658f690ff070100aa8cbbb0cec325c0"",""0x1c0420567499644eb79e43bb0e2de2482eb94f68d62492fc10eb1b3b33873871"",""0x370782400b6be3d398463e29ac2e7fce9b87893f1222016aba1dd78c3be96568"",""0x7c5a5789f21eba5040da4d9395aefc688a0f120e2e3c76700e30461d0c31c47b"",""0x89de293badb6e8ef2691d811ef98dd0c56e75d703141b55b672c6e4871cab4f1"",""0xb3073716ca6507c1e78222d02502caea417253f55b4cb4cfcb0c41b3b612423d"",""0xbc0dfb81cf9e22d2d366e0efd4ce5db0ee3ed857f9bb36b8dd7cccc3bbad7d3d"",""0xae212251bf7256512a4a9af0b279c3792a9c5c0cdf73f3fd29955527462b8c12"",""0x5cade3332a7dec40ebd048efab16eefe3f0e6f3b468acbd31aceb93ae5b85d6e"",""0x39dabafc64c5c5eff56582e8508223dee7f3a8041728d30970cf81a4d1e0be46""]",[],0,0,1,0,0,0,0
dedudes314m0ff0953c,valid,,3,1,4,m0ff0953c,100,10,10,"[""0x765d52f21619492597e96bf708c6f038dfdb4a7bf22b86e57551684dce9e676b"",""0x514e863fad114b451ce08389d8c0d35190380e08dabf69fe9845898c23933f56"",""0x0f3abeb156c2c78f8d6903bb725cb1de4b6d19227e5372ed037f9e2266ea3411"",""0x047b2ed8fe83b21750e7e61ebd4c21500fb7ce6526e3bfbac6de35acbc116a09"",""0x7630383fcb078291139296d78a141030b8622d7edd053e8fc6f38e847ddd67ec"",""0xe61c79a28c846efdda2b7ffc661829ab40c7bb6fd66fdb61c459330caa712ac6"",""0x9a360976bba2e89f0452b5504aa15a2a3d788f5279077f4971b22af6cc9e9338"",""0x85b78314a68cd6325e4a20591a10182f11d27f570fabc55e59013380496a4264"",""0xaec5f3d8354072d281f62bcf5bb667d28adf2707c88750a1fcac78122226a936"",""0x44db1f41b36ed2fcb23bcdcb49f6b2aa63f0a0f30e97b2afded92dfc1e7ba7e9""]","[""0x765d52f21619492597e96bf708c6f038dfdb4a7bf22b86e57551684dce9e676b"",""0x71ab94c13c743a10ff59c33fce6c6c7e60644c829d79f4c3a18f8312be2eb1c6"",""0x628db294c688c4eec9f9c520278fab7789c6527927a822fca0c4df6fac2c7d52"",""0xa0951cebd37c052f77e6eb1f4ef491edbab78b2372a965d8b12f0cd2b384e20b"",""0x6a5a76b0c7b5a9ff0299b7cbe23ff0da94842d1be952c745bd0ea6815c4081cc"",""0x7762576bbe68bbf9edaed9c498946a1b92679b32c7b35899edd1ac48d61cad26"",""0x9ae658816f2cd9f9d93df26417e64b8206f18140199ccd1dc16ed9aabded2ef5"",""0x0f1f4219ee00c1666ac598c4ed9b73e8f5930e6f76d323712d4bed1a9bb0d89a"",""0x764bcc5941ba5a44d289d87d1fe02888fc912e1cd264062a64fef5461284e6f8"",""0x3a51e57a7788e54e0e0c36ac50908651d664712bc2ef1475a492710a1ff778b8""]","[""0x765d52f21619492597e96bf708c6f038dfdb4a7bf22b86e57551684dce9e676b""]",0,0,1,0,0,0,0.1
dedudes314m1329b005,valid,,3,1,4,m1329b005,100,10,10,"[""0xdcfedf9398802f73f7a2d1f72b60b444883576207709d51805aef8e9c2bd9006"",""0x31a2b52f44df29174ae0553d59320819c6eefeeeb55c1b611779c8c9fae7f1cb"",""0x3c5c7c3cdfde1e6a610fadeb29af0d5bf14b21cc8fd41743407ef8de4c918396"",""0x2a5e128e330fed4bfaf57c8cc78efa89f132d2cebc6157cf9a34861d0134811f"",""0x5796a0b1e94dfa0abee5664ffb9bb988c07e65e1c29ba94cbbe2dfb72c1dab4c"",""0x419f5eb4fcec7160e1077f363a6abb859b5bc048752d788c5c2b14575dd4f8ea"",""0x8249eb48eeb71fdf91d6bb3a7bf796fdac5ed2582a28a72b5b0df909f0dc38ab"",""0x0ba5c5fd145d9b0afbb3466978375105c43268c9ab04587514e1e4c324e87bbf"",""0xb4a633a4ef05fb1c4ab7929f5e596ba16461758e18d4f8fcf8cb0f7f9bb77838"",""0xe6d20d39251491a0654ecaa8ca5b0d89a6334c795dabc2dc1ec0cab786a8bdfb""]","[""0x3c5c7c3cdfde1e6a610fadeb29af0d5bf14b21cc8fd41743407ef8de4c918396"",""0x9a83470f7fb314a3cfe2949cf7872a1b868d565fb7587189e4774901aa31e5b8"",""0xb1590d9042f1c9448f94de9acd0f4ff6270a18ecbe4ed2591313a4b052794ced"",""0xe9d3327a0c1b0f98946fae24d653fc98d80d851747cbf8ffec35ce4fab056c2e"",""0x046a603242429ffda7ad1f536f44c8464256e46136a39a88bbb37e6036461f55"",""0x449a819a683cf90a486faa5a3e69a3eff8527cf1e5d672408382aa66280f9bf2"",""0xe0af3ae528b720df7db331772a439a72d9b7c2a23d74b9a816247e89fca57021"",""0xf794db395623b5ff4392db660d1faa7a3db0b8bbb4c59093df8b7c7ba259dbc9"",""0x37034dcdf67d5da562530e4a81e736eb52d13a96010e9f98afd9681bf2443e14"",""0x9798ac9c171506a18608b78c3c0816154b74e320d9ebec9aef5cf7ee8820befd""]","[""0x3c5c7c3cdfde1e6a610fadeb29af0d5bf14b21cc8fd41743407ef8de4c918396""]",0,0,1,0,0,0,0.1
dedudes314m44fc2bf8,valid,,3,1,4,m44fc2bf8,100,10,10,"[""0x3151cf1f6245ad1f95925a7c6ca997a55c4df051b87283ae86e2233718593879"",""0x9e14eb9b0b4d79e8a0f857e9e859cdf595c612dae2bb3851332b3220d3f2aded"",""0x3a51e57a7788e54e0e0c36ac50908651d664712bc2ef1475a492710a1ff778b8"",""0x271829efde76f2178f0a3dcbb7fbca9019632d040114254516933ade7a37ba84"",""0x1cd1a0af806057cb0041bf01fedcefbdb51d03fd6a0879a16c91c4bae5430ba7"",""0x94d63c25ab9d5a384a61b40c47f60022b64aaabb4b71acebcf39002062ce9c8f"",""0x9a360976bba2e89f0452b5504aa15a2a3d788f5279077f4971b22af6cc9e9338"",""0x74e7be8b32e08c0943c3f357ddc428139bf197e2d2871fa7255a72393adaea53"",""0x8dbc33bb09de968685fbd0241a07b9b02f51c04ad7594fb15973d8ba426e3d5f"",""0xf76f66f2e5747083914ae51a7831de7c7b137775223781208a4327e1e4e5b32a""]","[""0x9e14eb9b0b4d79e8a0f857e9e859cdf595c612dae2bb3851332b3220d3f2aded"",""0x1cd1a0af806057cb0041bf01fedcefbdb51d03fd6a0879a16c91c4bae5430ba7"",""0x5236f24fda178ebee1e67f896ba01c7305c09718e74429772f449b40cbc5c735"",""0xba43dc1fee7635c8ac3640bd49f486f7d217a475a123803af63389b831328443"",""0x139327ab62bbd4934b7cfc70645861896cb17522dd93377e162859737ea6d3ae"",""0x427b720a9454f6ee584a1ef9e5035b3e438f150cc81e15066d085a6fbbab522d"",""0xab3434f8b5ebbe9ed39e209cdbaf610d2b92816d62634fe264263410bc2a31ff"",""0x8dbc33bb09de968685fbd0241a07b9b02f51c04ad7594fb15973d8ba426e3d5f"",""0xd83117a66902557710ac877d5a6e5420420b22d06e9ecafd3d0d0d54852a5c3c"",""0xe75fc98815576ee938473e991f0fe07af751336b9957a62588d93fdbc0ee311b""]","[""0x9e14eb9b0b4d79e8a0f857e9e859cdf595c612dae2bb3851332b3220d3f2aded"",""0x1cd1a0af806057cb0041bf01fedcefbdb51d03fd6a0879a16c91c4bae5430ba7"",""0x8dbc33bb09de968685fbd0241a07b9b02f51c04ad7594fb15973d8ba426e3d5f""]",0,0,1,0,0,0,0.3
dedudes314m58cd743c,valid,,3,1,4,m58cd743c,100,10,10,"[""0xc293cab7efd58dfaad914382f3ec76f4191f2b269d219a47097521bdb63e5444"",""0x832b76355ee1d7de460851489a18c3f3f4ee56683f94d7cde9f8b55220037d75"",""0xb628ae3f63df97bb243964a8d670fe3d79e14ba71d36aab2c72041ec808e913e"",""0xb666f7388daea73afd4e6edc50c33a3b757f26cfb7f524ea95ed4aefce0fd977"",""0x86a9cff02ac139fe841365bc7b8ccf1521c253e827c12c77bb94e4a563e69631"",""0x2b58c6f5e4821d8cb7e90ae30bbc8b543603770c27610f35c66d50d716bdb241"",""0x43543990128eb7a3134fe62c156ca892c55d10e79a0ba4e57f0c39799d2e21cc"",""0x478c3e3adf74c4cbad602a50e81199167363332778058451b0a4c9eb8a77d6f3"",""0x8ea01b76f3782f473f878f44caa0238fe9876e742107c82d14d011f0eb069a17"",""0x3c8efd6f155b6e3f79c54eb66ca50986fb5c55a21968fc49251b125c09db4e07""]","[""0x9c6819fd248cd16a3fc17004ca2b67e87f5cc68986602147590293056036e6e5"",""0xe468d8edc4a54c19537f2de145f9b8e65cb9f043cd1aa27e1549c2d8471701b3"",""0x80e8fbcc08caa1dd06a1a7aed25697a96c8a47b4d645291144324189e0073967"",""0x909de760f48ac7e0ec11f7e278bfd2badcc2e1cdceccb1e89cf527196eb328f2"",""0x9148ff50cf94b78f204da5a6297852b12d17e8bc815147d5d8fbc5329d0ba2c4"",""0x8d569616a01ff7b6f8c3e29a5d33273ab6c86c53037cae27ef6cc51c67113f78"",""0xed645af593084ee81eafa1aa8b6951ddddbe81a8fdede6bda5e069b77a70b1ab"",""0xf108d19218ab1d485d94bf7edf808ab93b615d2ebf6bc7a6bb4ee827d1b06712"",""0xfdeb433372442dcc656d51c2e2bab43fef0e012ccb4076ceb0fb6f9ba1eb9b29"",""0x7c5a5789f21eba5040da4d9395aefc688a0f120e2e3c76700e30461d0c31c47b""]",[],0,0,1,0,0,0,0
dedudes314m5f378a26,valid,,3,1,4,m5f378a26,100,10,10,"[""0x9cbb79130a14d3f5d515cc15d95bee0b494d6180db7c5d28086086fc99f5214b"",""0x8c73caff07adb3f63f47af3d7424fca991180a267d5cc7d86f844f2e1ba8f8ef"",""0xa2a46c90bdcbf0a7824d46d8116ee6b7a39331f83d437ca351a71e9aacf3d533"",""0x3ec728f5c1dd490ae1229323fb5217f61c0b4dfe3255fcaa06be8db15e69c0cc"",""0xa5fcac3b6200c8a4eef6478c386b35a7a0f848fc4e4ebaba3ac5ea92f2720222"",""0x333b9e9edd19a072730c42a8dd7f10994f4688902ad7d1fdfdb1e15017ccca71"",""0x0bbef4c745f3085a906c297a79e399a838e17ecaea250c55e4922f2b6148146f"",""0x8536e1340f42b2bb95c963bdeef0cc1ae5e213da46ff6b6a93cb11e387290313"",""0x90cbe598b0ce1b4c037e463ab17d2d9a50ee452c60aecaa68f839f864a619875"",""0x91671446ed98af5fd06c07b693841ac5c0c5bfa7666a1abe57a2b2eb4aacb703""]","[""0xe03f52b78bc8e9eab84e177e513ae005b06cbe60597e3fbbb3f6cbce41404793"",""0x83597780a900e3443f7629c9b0b4181f53c8c3b119b210233befb1421e672e93"",""0x2c6ff6fd5988e48779fe9d7205881d59036eb530a80d7b3473f99cf9a1983500"",""0xd06a42d72cfbb96ba643618224587534b89ed6d8fc280e2b48ed9c6c13cd6972"",""0x29faba369a9df31c5cb9e6bc1c5e33037f979b47cee76339e986f878271fa5dd"",""0x93cccc9ddb2c07147c7775f32275ffe610eae9dac4a0b0e0c03c37e1c0bd53f5"",""0x94ec6120d2be59f3d3989ccd7d85da8a22cde1f056fcb7ac7cd109fc9c493352"",""0x5c922bd085dadc1604adfb84e835cdeb680d47546aebdc5f3cdc700301e4b7c3"",""0x96066476fea3949719914409cfca4f333dd56c06875c4cb6be7161a9df28ec5b"",""0xa79b998f79699d11b4f12c5472c7ae2ce658f690ff070100aa8cbbb0cec325c0""]",[],0,0,1,0,0,0,0
dedudes314m605d61cb,valid,,3,1,4,m605d61cb,100,10,10,"[""0x5a354742fd5b660be04a0326f7e084e2a2e59d132e361028f7dc0613581c139c"",""0x3e8bec0f1c4ef02baba2a1e6c1602b14978143e4bff67d4e747559701dac5342"",""0x9bdb451523a210226b58d128fc9c31717b88f968f5b955dcf4bbcc316395af4f"",""0x079d0adafe244885f377b00de582a588e308cffbc383afd9dcea817eddf2fd89"",""0x74d1366fbe52d8484162e1ed6b49c0c8fa14afa42eba223d4651e6ea03ec4cce"",""0x08e97409e94dc96f481069021cc78b5317f47e4e4aac618845594360beeb00f2"",""0x3cdc703e6fd5a4ef444924a804a9e23aff0beddc4f6eaa806e88bd8aa3edacff"",""0xe62709261d7f452aa55c910b9d397187478eb21667ffaa5aa1a69b42ef56a0d8"",""0x06f1767fe48b30b1b8d28ae04d13e706f4126d718047ff24de37167a9125eb24"",""0x56b616c48512be4a62504f6d6679ffe210d6be8070cf958d8e57ad0b8e2dfa62""]","[""0x5236f24fda178ebee1e67f896ba01c7305c09718e74429772f449b40cbc5c735"",""0x7c52680fcfef5c7a792985f3ad5c6f7d89246254102af68608ab10b59e8a1bc8"",""0x6288dcfe5fb2840d2562fff7aa877762bbb68d40fa73a282fffaa9a6f8c8a10c"",""0x17e8c26097d0ff404e51aff2c72019cb18f3aa51e2095995e64b675842e14a11"",""0x97423c55158df9670a689f78b9b25766a67c2206551fcfcd9909eaa2b209fdfa"",""0xf108d19218ab1d485d94bf7edf808ab93b615d2ebf6bc7a6bb4ee827d1b06712"",""0x8d569616a01ff7b6f8c3e29a5d33273ab6c86c53037cae27ef6cc51c67113f78"",""0x47399756da88a59616696c5337a59aaeb941e2d81c4f4caaf921c282c55c6263"",""0x29faba369a9df31c5cb9e6bc1c5e33037f979b47cee76339e986f878271fa5dd"",""0x4e20376d1da11c9e1f1d90c95dda5d888cc4afaf92514bcf2dce9c5d0ed6f72d""]",[],0,0,1,0,0,0,0
dedudes314m61ff8ed9,valid,,3,1,4,m61ff8ed9,100,10,10,"[""0xfc04a19087edbc1da922120d26a7b65619068e66fa34d931b0f1f70c66c0267e"",""0xcdac4b8724f50f65662dfbe63aab4a8c00aba9ff45b3ef54b4624eb092178fd1"",""0xa62a958b83f6c5160074f14c3ec7e44184ca730e4dbae5c8895b45992a3b190e"",""0xa60061a46e6f3588611ff2e030a8c2739435473882e320556fcfb9df009f9e67"",""0x67d63531f3cc40537b83d4d01612f8e6285310d27661da535cc65e0dfe79e5a1"",""0x9d97d9bc925cf0899eecf009fb6c4f97ff7a9532e93b11844e49a715e4cd3248"",""0x8dbc33bb09de968685fbd0241a07b9b02f51c04ad7594fb15973d8ba426e3d5f"",""0x976a3f857cd3a4a1018329ed8be8c0a1f59eee36120abec15f17a08fe82a805d"",""0xe94af6de51c16c176b861de4cb1227cb5aac25da9c8b90b4cfd8c4f5c052f8ee"",""0x088e3169a82775127b1e3cb7eda9ffa169aad83cdd26743bd84a1994d710e218""]","[""0xa5354f7310ed91f59b1c345e39c21b3b0a760f554e1c86015d34b20bf1573fff"",""0xe73354790507ea53673c67d57b9a4e38a7c891a6f1eba2fd7509eafe56356b74"",""0x047056a4db8bc397a2311e162c6c84c92e428d210fad778e565a69407c2480ff"",""0xf753cdb4750238eebb2710939be41aec7da5c28d5812cc16ccbcf95421e17a65"",""0xac8b80036991313f0d9991aa483a95a9c01079cd33e372b5d4f6225deb94ebe3"",""0xabd36aa877f84ff262365e67d8bc106b156ff7a8b05109e7be64388152ff0974"",""0xa17d97abc100dc9f7fd738ca789c4f6db08b3c581ef01cd5161a5f139b8a79e2"",""0xed54d7a9fbadc1c92763a2cd69d632fb026af91e74faa22722bc8981334ce6cf"",""0x4075b1c1a48c332b84b4ca094e3b13c917ba819a5b04ff83479afdd4ca43c354"",""0xa2768aee9c99fab0f52e085695c2373eff29dcb97f88834346cad088b73812bd""]",[],0,0,1,0,0,0,0
dedudes314m62eeb31e,valid,,3,1,4,m62eeb31e,100,10,10,"[""0xd3b4b9f6f6182ab45c2a03bd0e3e5a74c67714cd31fc91ce22d96ec815857918"",""0xf36ffa249bf590354898aaf0ebe1f3007a0c588aec5369927e964e5e71192d84"",""0x06695fb5641c3680e85f19e4d7d309e0ef749b92d03eade667b86019e3d0853f"",""0xf96bf5d3cfccc96a356555adc13fcc7edbfa81afc78a5fa4043f3dcc47ae4323"",""0x75232ef6746d01e9b8c3c4fe3f6d217fbc13928d20867b00a929dcd7d5749bd6"",""0xe912236ac1e0fa2314dc68c399351e62211e87c3958e648e380df3554a876137"",""0x99c64562defad2f1718b78a3014eb5582221e0ab10d0f8da0d92f8a5e4472d1c"",""0xa0f680ecefd895d9fd933e4eeb021e41ab3693788b90070d8b448e2d300b62f6"",""0x63f38a7112e47ee5c2e95d61e4589f58c4a7b0ed0a54653dfe44a8213407c79b"",""0x7305efcada23bf932b1d643271d54b895f0d82a3a43ff08b0480680d54366384""]","[""0xf96bf5d3cfccc96a356555adc13fcc7edbfa81afc78a5fa4043f3dcc47ae4323"",""0x75232ef6746d01e9b8c3c4fe3f6d217fbc13928d20867b00a929dcd7d5749bd6"",""0xe912236ac1e0fa2314dc68c399351e62211e87c3958e648e380df3554a876137"",""0x0147b80fb439b3c56263507b7354f947f9196fcd5c43632dafe2463a29356c5b"",""0x6e6d758c129baedd88101292ed8a6478f9e421eb01f679a57b3c644f3876f468"",""0x047056a4db8bc397a2311e162c6c84c92e428d210fad778e565a69407c2480ff"",""0xab58b9907d0218646605951a37a38307528978618ef01a598905f9eea1137c91"",""0x2bed620b53fb262419044820898d7dd1a83109bdd26079eb97a00f66fd19e50b"",""0xa5354f7310ed91f59b1c345e39c21b3b0a760f554e1c86015d34b20bf1573fff"",""0x4e20376d1da11c9e1f1d90c95dda5d888cc4afaf92514bcf2dce9c5d0ed6f72d""]","[""0xf96bf5d3cfccc96a356555adc13fcc7edbfa81afc78a5fa4043f3dcc47ae4323"",""0x75232ef6746d01e9b8c3c4fe3f6d217fbc13928d20867b00a929dcd7d5749bd6"",""0xe912236ac1e0fa2314dc68c399351e62211e87c3958e648e380df3554a876137""]",0,0,1,0,0,0,0.3
dedudes314m688ed826,valid,,3,1,4,m688ed826,100,10,10,"[""0xbe40c8792c5e7ae1077cfd035d1031a37da1ba26bc235a9785b8bf1ed27c38b3"",""0x3d9b4db2bd6bf366e6671c87c321313bb4a06fc40ba3deb2246e03f5e8160df5"",""0x0b8c0325fd06c984bb93986ac7bf335ad1bd0b1607f0981ae6e3e86e5527e3c3"",""0x839d221d81f1ae2a6b510e74b2e2d3ecb1d1923a5e73e5ce35588c7f49a173c1"",""0xb086ecc9f1987195e428fbe1e843193148cd10078a32cc801b28d2a1ed5de014"",""0x47a125c76f0bd169a179e23268ad5b1fbec5feb6f700b4381ed6d376d527cfed"",""0x03ff41ce3837d17ef429a10b972d50f45403b7c44e06c77d3b93c92deba5adaf"",""0x61e230f1f990a8d3a0300bf8a7e09e217b30ad72b19412bec3047aebac8684ee"",""0xc43815b91acd9f75166a440617e406bac4f2abf40d925c2e90b4cd5a49af3afc"",""0xf913286991dc35d59075233b4970a8964f5294e455ee2ebbf92b1b59a8b764b9""]","[""0xa6c3685747057209a427117968fe118950aad3eaaf5386b285e0b3b54cef9f87"",""0xbae758a9b835e93f83a4715b4d0b3f8e5e2f3c17b6b72baa0d50ee310925fa9e"",""0x71c27b8547dd4bc5b567c4bdfea30552124c62fef8f8c10781579ba95ad6bb72"",""0xdf68bebf3b276ea37921247bf2bc5d4faccce08b5f9721559030b1e34603f1a0"",""0x3fe9683c0e77ca5d1c545a47a22db2070f92b786ef071a3bea362ae0ae8b76d4"",""0x9e14eb9b0b4d79e8a0f857e9e859cdf595c612dae2bb3851332b3220d3f2aded"",""0x24b3965f185cdbe1fc3727ff2135238ce0ef4e7ee1390c559ac159dbe1d0c04e"",""0x2ca8d5400b3f2a2c1023e937e8cefa19eb7934d6c64e4eb7ccaef4bf420eb203"",""0x910c2fec08f3cbf6278353f88ca09a0d1a2a74f3fe194bcc8e6ec6df84b6e5f9"",""0xd58da8985226932f70603b9da4ec0037387458a6c26bbb78e6f7e2fe68bf86bb""]",[],0,0,1,0,0,0,0
dedudes314m74b51335,valid,,3,1,4,m74b51335,100,10,10,"[""0x83a064fb0c3d929367b562453fd56149325de6ec75b506925731d32e2572c2b0"",""0xe34a9826f7afff98a0f7315f2941cad3a4f3746a2d783f7b4d3a1c52103ac968"",""0x2b2aa943c85f444b73f30ba39f4ba1c0ea5599ee3d455d9029994832f8935d89"",""0x927d988818abf504d4dce598e7494e5fe56f33a54d03cedc61bbf54d48dc68f6"",""0x89de293badb6e8ef2691d811ef98dd0c56e75d703141b55b672c6e4871cab4f1"",""0x22cffee120b9fef6e183355806151510b8fbe72aad105bd57256f3009248a074"",""0xe2f12dcaf7d2e6820b42df7b1d09b421258c275035e2e4ddf615a73496f5ebb9"",""0x6efffd26351366aee73474dcc96b09d416d5c182f8ceed91333f1f985b889978"",""0x7847e51b231029c39b20be3245a18fab1b159755d42c48a9d667579cd8369110"",""0x9c6819fd248cd16a3fc17004ca2b67e87f5cc68986602147590293056036e6e5""]","[""0x89de293badb6e8ef2691d811ef98dd0c56e75d703141b55b672c6e4871cab4f1"",""0x93cccc9ddb2c07147c7775f32275ffe610eae9dac4a0b0e0c03c37e1c0bd53f5"",""0x888905a0a534ce554b87552efa11982058f2bd78d7cd30f22878b95f388290f8"",""0x2bed620b53fb262419044820898d7dd1a83109bdd26079eb97a00f66fd19e50b"",""0x4075b1c1a48c332b84b4ca094e3b13c917ba819a5b04ff83479afdd4ca43c354"",""0xbc27e5eeae8d24741e37498174c18b7be391ae0403b6218c92734f8c2f6a975a"",""0x47399756da88a59616696c5337a59aaeb941e2d81c4f4caaf921c282c55c6263"",""0xc23952c378a4c56a3ccefad166600f45f6a804220be6ee2ff45beb77fe1e1a80"",""0x2c6ff6fd5988e48779fe9d7205881d59036eb530a80d7b3473f99cf9a1983500"",""0x9c6819fd248cd16a3fc17004ca2b67e87f5cc68986602147590293056036e6e5""]","[""0x89de293badb6e8ef2691d811ef98dd0c56e75d703141b55b672c6e4871cab4f1"",""0x9c6819fd248cd16a3fc17004ca2b67e87f5cc68986602147590293056036e6e5""]",0,0,1,0,0,0,0.2
dedudes314m87a0e423,valid,,3,1,4,m87a0e423,100,10,10,"[""0x12b10840af76dae24935c28d98e8bcd4783afd7ed0d83ab1ed972536b18bf82e"",""0x1afbfb9a52eebf4f2fc0d25ccd9ac78a6d0573270c391bcb6d92c6a76abdbda9"",""0xa07e1bb4b31aae6683e1158eadb7ceefe76575d47e5c5475ade42c4fdf34acd7"",""0x9e11fd1ffb4e9b981f74eab7dc9d69a949d0ad9bf03189f859aba3581ab7e89a"",""0x6fba408e22eec7c548af58eafaa30b19c288e277ca56c93fc10599e1738f98d9"",""0xa5fcac3b6200c8a4eef6478c386b35a7a0f848fc4e4ebaba3ac5ea92f2720222"",""0xfdda2f6babdf3c699896e7f19065242895cc5ed61d78c4a83d22fa204908c478"",""0x28ff63677970dd8cb593124e45d80ef6a717d1c10500ae9758c1ae9f978dd303"",""0x3ec728f5c1dd490ae1229323fb5217f61c0b4dfe3255fcaa06be8db15e69c0cc"",""0xc662f778c9a04074755760bf0f09ebbc9465c53c8a417b7ff76fe63cd71f1769""]","[""0x4ecdf3e02d13c9fe32db547b16d4703e37fffadfff94ccccafba5d3492270e84"",""0xd247cd5ac6d6b3dc844de66d61eb913737ab441ca94132664b1e1abf058db54f"",""0x8fa0c2d99bbdc01f3af5867614abefa0c4ddc6da838698d9c9c816368a4c68ba"",""0x7321022e3cb70e0ca5419929854423847ec5986fac6ab928bccba76d1f95085f"",""0x4b34d937794e2a40aa0e0b2cab3894d84cc5ca50772ada5dd00d3bdd255111bd"",""0x9472b1c0afb7c6751ad0c546dcd2b1fd4d72269eeb6eec0590ae3ea255789880"",""0x57137b2edd3af8ab8e1a99ca842ae3d78f905ad42c4f079677b2656f7cc647da"",""0x4feffcd1822aac4917801fa166946af6d6a03938638e96f75b64f78af2d00ed9"",""0x6cec17c15f975a0c2c5010ded2db37c1c91e6bb5d35e7a4d07a843a76bd9fafb"",""0x11c6ce9371279a26939a5cbfa91e968d27cbd7f2d8cc288ee357c306c820b030""]",[],0,0,1,0,0,0,0
dedudes314m92034409,valid,,3,1,4,m92034409,100,10,10,"[""0x139327ab62bbd4934b7cfc70645861896cb17522dd93377e162859737ea6d3ae"",""0xec5694704d88b9d8110cbdb1eb4a9c4b2a036acea4f55b393c0e4ca8f6238d20"",""0xa92224ce4b7dda50fab4450bf4c8ff480c9c16e371a6cbbf4875632f481d1494"",""0x74e7be8b32e08c0943c3f357ddc428139bf197e2d2871fa7255a72393adaea53"",""0xa353c2146e9a243fb7360a35428d933c411fa272574b61ad2a7e5bb90c5877ce"",""0xb1590d9042f1c9448f94de9acd0f4ff6270a18ecbe4ed2591313a4b052794ced"",""0xd5da447f1639752766f412123b8cb8bc0de68f74b45fe65fccccf4a366c25bf6"",""0xc4ec954ae50a47e6f4dc94c797d002b53e75a54561cfebd8ca67b32879cec36b"",""0x7798cee741eb57f8788577a08518c56556076bcec3831f952ce42969b969fc2e"",""0xdfd080e6d5625036af3e0326c7a63a6a701a1b110406427479510f5d022293da""]","[""0x52f959174b3d5e4a9c601c8be94fb382d572ca485eca8cb636993fb300b8dd2e"",""0xb8b2866e059e96f8e2a4becbcb056bf746394665af6a4d7332d712015aab77a3"",""0xc4ec954ae50a47e6f4dc94c797d002b53e75a54561cfebd8ca67b32879cec36b"",""0xd640fc571224b43933da64febedeeafadc7979499fd0e6564fb7d8d00ca2b2d6"",""0xbc0dfb81cf9e22d2d366e0efd4ce5db0ee3ed857f9bb36b8dd7cccc3bbad7d3d"",""0xed645af593084ee81eafa1aa8b6951ddddbe81a8fdede6bda5e069b77a70b1ab"",""0xac71cf4c6d1b0b6ecf72b81901d1e7b92d55b1424c93743d83a5a6c3a2a95112"",""0x0026d3f471982cd447ef47a2f259ea569aed62b3822c41c4b317797fe231a5dc"",""0xa85a50d3fbda3680b262cdba8344aa00eccd23094f7e17385e88cbdb6c045853"",""0xafaf37138b574609e2b3a5e1aa3234f080ad70ad5676fad40b19895a078d7dee""]","[""0xc4ec954ae50a47e6f4dc94c797d002b53e75a54561cfebd8ca67b32879cec36b""]",0,0,1,0,0,0,0.1
dedudes314m9a581345,valid,,3,1,4,m9a581345,100,10,10,"[""0x9f0a3a8d25a45639ae098d31cf4d9b0b878f2554dc75dce680d565515a32136c"",""0xe3518c539249e19284d9ecf920f9253c5f48a52e01c01c383a78c92121870ffc"",""0x0b11176ffd279cf4e1fc5f4d0afa222f064ee56dcbfaf089a9abf5597195b176"",""0x15418becc3a38294b44abffeb029c97bf246f89f0679daa94e431a72b8d79af7"",""0xa077d467da14848d18e59e8577d5713ebe983a7a361998d6825c5db70368f0b1"",""0x124965f4295b430e31600aff8339d9e8d948b45552f88d1931428fec081af241"",""0xab3434f8b5ebbe9ed39e209cdbaf610d2b92816d62634fe264263410bc2a31ff"",""0x6dadcd3304088ed9827a3ad5f8fae5510a1020d45d927eb3984edba06dcc2165"",""0xdaecba2ed12f5a5b70fa12804a2e95989f00d20797517e0792bbbe0eb9fa7798"",""0xf805dbff6348742ab14cf679e7f8361efca863743fdfdec50829ae45981920a9""]","[""0x29faba369a9df31c5cb9e6bc1c5e33037f979b47cee76339e986f878271fa5dd"",""0x8d569616a01ff7b6f8c3e29a5d33273ab6c86c53037cae27ef6cc51c67113f78"",""0x6e6d758c129baedd88101292ed8a6478f9e421eb01f679a57b3c644f3876f468"",""0xa5354f7310ed91f59b1c345e39c21b3b0a760f554e1c86015d34b20bf1573fff"",""0xe942f44aef93d4afb3cbaf854f82604034c778e957f217525c0d5b8745fc0e1b"",""0xddb3d9f3dee573b1be47b97205b1dad6937e2aa63171287104d449baee27f61b"",""0xcdf69590102e2120a0699bb0bb4b1e9ded25e4d2f24f7526b1cb67c97658534d"",""0xabd36aa877f84ff262365e67d8bc106b156ff7a8b05109e7be64388152ff0974"",""0xe32ad4d2b4c5e2a403429a97e94d1115a2a6746b5eefeefffbb697694fa1d4f2"",""0x7c5a5789f21eba5040da4d9395aefc688a0f120e2e3c76700e30461d0c31c47b""]",[],0,0,1,0,0,0,0
dedudes314m9f25cc42,valid,,3,1,4,m9f25cc42,100,10,10,"[""0xa52341e05fdb6a81cf1caa591fe1e05c71018324a4fe74d32a338787220793ba"",""0xb54d31f2e89f6e1d3d1d659f1ffec1aa642d4fbf8e6dc52863e208aea5410ec1"",""0x3151cf1f6245ad1f95925a7c6ca997a55c4df051b87283ae86e2233718593879"",""0x3d46260e1504f12e9f02027a154300ae18a641e3f2849e6a3830ba9374e86baa"",""0x2ca8d5400b3f2a2c1023e937e8cefa19eb7934d6c64e4eb7ccaef4bf420eb203"",""0x4ac00df2e8e7ebd5d0c84d61568a0ac2e4504fc1371ad1292ed28f3f57f5391b"",""0x8788939ddccdf8e78e57c0735229a8e72ba044b2830d252589de113f575b9c91"",""0x270f61373b2830aa200bec948b801025f0d5465f203a4c38b735028251878aeb"",""0x560a3a1989194c2252f21688e120be2ccd659c75fe1edf11e3657c036f6b97b0"",""0xda4e65390f5a56d4d12deb6f0eab1bc6c76312ca72441fb19d514dc8a972574e""]","[""0xa52341e05fdb6a81cf1caa591fe1e05c71018324a4fe74d32a338787220793ba"",""0x560a3a1989194c2252f21688e120be2ccd659c75fe1edf11e3657c036f6b97b0"",""0x012f7a5533aa10df03f81882585c8519379e85aff6b3795e78345287a76146de"",""0x6ca26056104de6a9637fabafb1922d5f2f87e552b8a56e1e2bf5f3f18c17a1fc"",""0x76a481cda16a9b51383887ded51afb2739c0bd85e7cd613c6454f2556d72b108"",""0xf1a5d828a3c76d090fde663f9d5301f508996cd8bcd369bee7f8d22b8a7aee2d"",""0xa57a419d14e97fbd6f66deae8d60b09b35e6b3eb57fdb74ddab9d88b42a9f182"",""0x679a4b7500e218a9148e881a0eb0c30fa15405ad10fcb785ca882ce2b28dcc69"",""0x13ad2aaa30aa2c9cf95c2a9bf238b1c9dbf105d72ea30521868af92a2d943b6a"",""0xa8f6645926614e855e9e5410950b0d978447966aa63f119579ee2f9f1f815372""]","[""0xa52341e05fdb6a81cf1caa591fe1e05c71018324a4fe74d32a338787220793ba"",""0x560a3a1989194c2252f21688e120be2ccd659c75fe1edf11e3657c036f6b97b0""]",0,0,1,0,0,0,0.2
dedudes314m9fd952b2,valid,,3,1,4,m9fd952b2,100,10,10,"[""0x036a595e716e8da3a4c46e58a85df4d19113dc842a6238e934316df99832c1dd"",""0x3728d769a0e94a8d7bb4206065a99b977cc27b6e56b6936abfdfa99c2fc0e994"",""0x15375c29885ba8ec082167b98e385179d2cde641aadf61f7df0b498c97135d9e"",""0x73a62e998c49c44eff7b8e8609b7f88c311aa6782b8fc9bdbfacdc626d2fcdcb"",""0x36325be2c7f69c9601387ed100bf79870de4c555a64c0db295caf22d19ea7635"",""0x8af62fbfe6188bece52f705db8da5dffd9e7c57457854eac4ef37f967269c2ab"",""0x0f2a92e8313992d89e001ed36f44bb9617d65da086386b11ea9fe18d2fdfb106"",""0x977290baf6f2ff71e6f26b4bad22e0ec62100e1a2f5ac2b4e2b7c506d3d8b3b2"",""0x800e5d7bcfd2869baaa48cfd1e0f5c56cf5e91a519e5292bbd95100bbb4b5656"",""0x9c47835e93c273fd18235cd6bed3e1ba67aec97239fd66718e65b44c10173e72""]","[""0x0248d2cb7fdf2a7095b7715c24e053f0425e97a94dbba26f5fbee48dddd62335"",""0x52f959174b3d5e4a9c601c8be94fb382d572ca485eca8cb636993fb300b8dd2e"",""0x370782400b6be3d398463e29ac2e7fce9b87893f1222016aba1dd78c3be96568"",""0x13b6d9bdd6ca06f426dc0d41746324c9ce628d54eb8c6f7585171d54489105b2"",""0xd7d653f7f8e66eb593bc9b749e14270025b9d8fa3c3b79c90eee945e199c8d4d"",""0x2bed620b53fb262419044820898d7dd1a83109bdd26079eb97a00f66fd19e50b"",""0xac71cf4c6d1b0b6ecf72b81901d1e7b92d55b1424c93743d83a5a6c3a2a95112"",""0xb608421e38e36743f8fbd8f6ecfada1c05dfd5091e111c5bca9db9c42a39324c"",""0x51ca5ceea8865e68fea76905e36eaf9b1307c13e80e084abd7c08edfc103c620"",""0xf96bf5d3cfccc96a356555adc13fcc7edbfa81afc78a5fa4043f3dcc47ae4323""]",[],0,0,1,0,0,0,0
dedudes314ma13a9811,valid,,3,1,4,ma13a9811,100,10,10,"[""0xaec5f3d8354072d281f62bcf5bb667d28adf2707c88750a1fcac78122226a936"",""0xef7983386c52f2e3fd86953cb396f63925a347990bc0788e13470bba1246a1a6"",""0x4d26cdd7c14317b28683534f1a6b0eef1e503cf2c0dc83905a7255717c75ec00"",""0xdaecba2ed12f5a5b70fa12804a2e95989f00d20797517e0792bbbe0eb9fa7798"",""0xaf3d313a9660b78d41374e9625c0998b95a35b34aa64d466d29942912711d3cd"",""0x8788939ddccdf8e78e57c0735229a8e72ba044b2830d252589de113f575b9c91"",""0x27ea82588e84c8f07bd0ada1a20ca6b092985d021be143ad1979036c018adddd"",""0x0506b67e31ff28e1f276f36619f77ace6b2af67d58a6c6342dfcb7468c56c888"",""0xc5c2cb86131f9e87776a8803ffd32d0cd607c48d0d8417a53e9e914dcb7b7f8d"",""0x914020427e46dfdb433652fa42f8d748194f468299ebb4d21fedcb46d9db0637""]","[""0xef1c682a96f426ceffe117ba429fc06fc879a35e191eaec5c199908f2c665b34"",""0x39dabafc64c5c5eff56582e8508223dee7f3a8041728d30970cf81a4d1e0be46"",""0x609b958fedcadd17d8814bf0281fbcd474cb57d80d9499dfbe8dc94438a4ca9c"",""0x022d2f24e20eecc4054c519000a7e45043cf9f7e0fd1afee78279de75da5f9e7"",""0xaf3d313a9660b78d41374e9625c0998b95a35b34aa64d466d29942912711d3cd"",""0x5cade3332a7dec40ebd048efab16eefe3f0e6f3b468acbd31aceb93ae5b85d6e"",""0x27ea82588e84c8f07bd0ada1a20ca6b092985d021be143ad1979036c018adddd"",""0x6f36db2e89512e0d23a9d0d6aabccd47dabad6c24d86f4ed3e2f34d2f18b5970"",""0x972cfa2de1c4f801959ffadb7e6ad7fb4c8add483fce5ec5824eb11e38544b16"",""0xc5c2cb86131f9e87776a8803ffd32d0cd607c48d0d8417a53e9e914dcb7b7f8d""]","[""0xaf3d313a9660b78d41374e9625c0998b95a35b34aa64d466d29942912711d3cd"",""0x27ea82588e84c8f07bd0ada1a20ca6b092985d021be143ad1979036c018adddd"",""0xc5c2cb86131f9e87776a8803ffd32d0cd607c48d0d8417a53e9e914dcb7b7f8d""]",0,0,1,0,0,0,0.3
dedudes314mab0bf37a,valid,,3,1,4,mab0bf37a,100,10,10,"[""0x9aed8bfb07987e63232962f5af76c2ad8c132a6703f223afdb4de05c67ab77cb"",""0x19681da3702ba55a06ca9e10ac0dcc905e025319c6de2fe05bcf92011de04968"",""0x8c37ac7cc1279806c1ded6a839ffca45e0e549d7c2e0d4fb43a1327571a967e7"",""0xeb92703c6469d5c7e31827a33abb93d937be6b1cec96018273d23f40a909703a"",""0x77a7f4a4cec4923effc14efbb46c65759f6a150fc825f497ed29505d1ad374ee"",""0xb653798de4060e7c1c62724bd14b84a6b5f3dc3729762475278708ca2824a265"",""0xeaa45f721f0193234674afd501aafbc171cb87d7a5e5b4dbc0bd41dcbcec9e77"",""0x6fd17a652fd42f0b032ad8a397412ff25dae2c10400f4666f1f6bfc8ad48d915"",""0xec7ae91fae735e175818a16afc31968486e1a66154449e6eef8f4d7b6664afe2"",""0xb870383b88c581892fb8afaae581902fa9483eb24e3855dc71949a09ccf53a83""]","[""0x2432cfe4f9353b1ba5658ab99af0b32f44ac9b15ec481b90164d7045e845a019"",""0x94cc8dd56cb47a38c5fde48ab4da2f2d7a22afa57cd4737cbb3ea216ae681034"",""0x037a73ab9a72306dc8ebecdf80a2ab16d414d96cf2f63c7fb32feb92bf9a5b6d"",""0x3728d769a0e94a8d7bb4206065a99b977cc27b6e56b6936abfdfa99c2fc0e994"",""0x88ce248d0afdcbdb05816c4e2b41523403adb46f31d661e6aa300f6254b8d800"",""0x6ef4bc7397209ca22235b99ccf40dcaebfde72aaa515cc2878e92594219cfd1c"",""0x39b18f99686017920bc59b0c772f4d47d87cbbe371ee08db66be4c9837fe57a6"",""0x3151cf1f6245ad1f95925a7c6ca997a55c4df051b87283ae86e2233718593879"",""0xae344a42798a222d1914b1cb70cd1dad6397e19b0a3608362b5b5f2aeb02772b"",""0x4aee22d2ce86d209c5c30927446358b8b9f135060ae67977c95ce8c029f89aa6""]",[],0,0,1,0,0,0,0
dedudes314mb8cb04ea,valid,,3,1,4,mb8cb04ea,100,10,10,"[""0x8b07cc9cd4fbfd615d3e52d1c35b63fc5d64a682d5120a3db6d1d91970d0d794"",""0xaed8518e8290ba77e2c3751a919b37635189f51df6200ec4dc85d803f77c577b"",""0x8f04feceeeafb4b38ff43f8d5232b1bc6aa0490e4de92a67b3e7fc9e2f7f8232"",""0x47bfcbf258c53c0001cbedd45b0e664916106636b82ed2d3afa34c76dd555a3a"",""0x5f3cd4cb79de3a0e14f1da49f6bb031c06a2378c43b198e0e368b4e8b8764243"",""0xc05ca9c89c31d935e983a93ca76e5c5bce8e8f1119b409eaf47715b2f9a60ab4"",""0xe63e2c269971e74b53d28366ab0f97aa8abe54de17097a543041aa6f1aef67c5"",""0x52f1daa49da9bb01c2eaf602a56a61152b52332947efec47b3dc6c008fbda404"",""0x91d3b595e1cf7028d34681cd1781fabc721fb52781301f0952acaaf65b91c91d"",""0x70149aaad398601ae8e170461a304028b932b228cee8f806936c98c8554bafc9""]","[""0x29c02eefa13b389c7de0218a34632eb93019200b921bd22dc7c6c42f9112b76d"",""0x9822e8750b69266bf123039815e7c7debfb278e6d07197ee125e1482633a49a4"",""0x4763c32c1e649afb2ab46d1ce5e7891c848aedd9ae897db2ee4649bacfb9b707"",""0xdfd080e6d5625036af3e0326c7a63a6a701a1b110406427479510f5d022293da"",""0x4b0222fbaafed533465fde16e92bb2d156becc43115ff346c51481937cb2ba3e"",""0xdd90815cca98f1110bdd2ed20ca96dd581c2178f9d2d8d5ad452484cccb34bf8"",""0x29faba369a9df31c5cb9e6bc1c5e33037f979b47cee76339e986f878271fa5dd"",""0x129000e4093321a868285d2903488aa7b940a0eb1357e3a264c688acabe9afa8"",""0x047056a4db8bc397a2311e162c6c84c92e428d210fad778e565a69407c2480ff"",""0x1d6e3452d8c14ba8ad0da5768f4e893379ad5195191614ad63a148e604464086""]",[],0,0,1,0,0,0,0
dedudes314mb925a6f5,valid,,3,1,4,mb925a6f5,100,10,10,"[""0xa353c2146e9a243fb7360a35428d933c411fa272574b61ad2a7e5bb90c5877ce"",""0x58a1c325755d0a61c9d5c5ecc8e5b1a3db351be2f7ed0586b3f4c827cb2c5199"",""0xd07dcd945ac0aa1fbce15f81f2f1057f33d924b5942b074332c1ff7ad8a9da00"",""0xe031eefb83fbac3f912e01bd186ab428a6106a2e1da9d24510ac2df9edc04e92"",""0xb4303322b711e6762ae2090a8f30b0a3b1c3052a59b4e7d100215f146825bb98"",""0x1051a010e28907f5830f47dd61b48d799c07a62579e5d39cd09a23a9bd2d9b2f"",""0xc05ca9c89c31d935e983a93ca76e5c5bce8e8f1119b409eaf47715b2f9a60ab4"",""0x873d0193628e792877af1f2071f47cb7fe512a405dedebe2cadd656642c824b6"",""0xe9381872cebc79e2531bf12c0fe048554f36507b472ec98795ffc2d25b24bf44"",""0x560a3a1989194c2252f21688e120be2ccd659c75fe1edf11e3657c036f6b97b0""]","[""0xa353c2146e9a243fb7360a35428d933c411fa272574b61ad2a7e5bb90c5877ce"",""0x9e0035c857436bf9a94b0c1f19742d65d3462a5bff4e25d177ebf09586ead800"",""0xc05ca9c89c31d935e983a93ca76e5c5bce8e8f1119b409eaf47715b2f9a60ab4"",""0x9c6819fd248cd16a3fc17004ca2b67e87f5cc68986602147590293056036e6e5"",""0xa8c3c7e57cf6c6713678487ba19f25122b93fae36f6ca5c7e9cf0bcaaebe2be3"",""0x560a3a1989194c2252f21688e120be2ccd659c75fe1edf11e3657c036f6b97b0"",""0x7c2efe492501a633d48b1f5befc513201a40bcd9179017831de762365f9fb0bc"",""0x85fb9a6bcb387ec3dd49674beb0f8f9b2314b34426021f771fb5b9843a3dedd6"",""0x08a53f92c6c09bad8332e30c9d75fbebcf2d11886157685b3dade47a75dde95a"",""0x0313e2439d3f04048546ca2621a685786bc28d32f81734049f4df72a1d29a9e8""]","[""0xa353c2146e9a243fb7360a35428d933c411fa272574b61ad2a7e5bb90c5877ce"",""0xc05ca9c89c31d935e983a93ca76e5c5bce8e8f1119b409eaf47715b2f9a60ab4"",""0x560a3a1989194c2252f21688e120be2ccd659c75fe1edf11e3657c036f6b97b0""]",0,0,1,0,0,0,0.3
dedudes314mba695eef,valid,,3,1,4,mba695eef,100,10,10,"[""0x13454aafbc4e37e9cec57f23a7668d44e38a4dfaf40f9d43cc8fdda8c1a87fb0"",""0xa9a8b3d41055d0bc65f9c61ebf60a0558b65208450595b48ae10a7cba0f34aa3"",""0xe9082b011d954d90121830a8a30ac910553bca2090b0e3d49fc435ebe1d4348e"",""0x573e584c93cf55c214a4f7070d04e40f91a3acf77fc0194788ebc5697c71eb35"",""0x90d37143c2ba0eae4756bd231762ef464731a09d89642f1821ca605b8c15c15d"",""0x925069f6d3cee94c1ef4eeb24cc361a40fe654a18deeb403756a8ee0e9c6958d"",""0xf5b80a9a60f16dc8f496ddff020c51112e888fc6dca95892297eeecbb1612e6b"",""0xd4f316751c2cc91137ccb92ad9811c064a751c519d87034d7e45d56080be9838"",""0x7c24fd91193539b910980eab90cf1bac88c1092cde5269b0192f415926d90b6c"",""0x123421fba87e405fdee46786a28e20b9b78b711dadb27905c22345cc2e576bac""]","[""0xf76e1e06753c8a4e15491a4e3b5413f180e6aa9fdad03e81d4979d2ce56ecffc"",""0x44543bfcc1209f569e163db7d9f5b43eb42702bdcfc9c51ffe418f6bc59d8241"",""0x7c5a5789f21eba5040da4d9395aefc688a0f120e2e3c76700e30461d0c31c47b"",""0x8de6a75e281e848e359cdd72e5c738793171e2faf5cbca33bc8b8d13f2e2241d"",""0xed645af593084ee81eafa1aa8b6951ddddbe81a8fdede6bda5e069b77a70b1ab"",""0x8dbc33bb09de968685fbd0241a07b9b02f51c04ad7594fb15973d8ba426e3d5f"",""0x976a3f857cd3a4a1018329ed8be8c0a1f59eee36120abec15f17a08fe82a805d"",""0x3b6a509781748d255a28c100c6ba5cd5fb219f8af55024ed4323ee34595b86d1"",""0xb608421e38e36743f8fbd8f6ecfada1c05dfd5091e111c5bca9db9c42a39324c"",""0x6efffd26351366aee73474dcc96b09d416d5c182f8ceed91333f1f985b889978""]",[],0,0,1,0,0,0,0
dedudes314mbc92d998,valid,,3,1,4,mbc92d998,100,10,10,"[""0x016d5dd462c2b3cfbd87d2cfa5eb72a91b1427e57ccb72c3afbdef557a9686f6"",""0x8cee6940d18414f933eafe6b3a15e6d018e5375bf3a54d7554fe86ad647cafb8"",""0x4756b4d7a8a8a1d4d1916bdecd6badb5988b5a5dce79c72ed78523fad868ede0"",""0xfabad93febc057a98a5ec8aba14cc4a16dc75d830d5af1f5045a211c7c00ff4d"",""0x18b671d6a201213fc16ef497dfbf6b9072381b742fc28877789a81b873717bb8"",""0x50a36a45b1d8a772a690b19570fdc0faaad3c0858f58d515cf56372ebff101c3"",""0x541ec553513e461d285619ca4e2d29ab8dc603ff499d549f39236dfa94bf5e90"",""0x6d26162320a21a58a4b1551f88457aee2210e084010831bae04426f5cd0c0125"",""0x4224d15005153eb2188816942499c577e95d999d7c6709657db4f2b36c6b38c1"",""0xc533c492ef7108a952a115b8e31867dbdb42a5e64e221354840dcd02e0885279""]","[""0x3b6a509781748d255a28c100c6ba5cd5fb219f8af55024ed4323ee34595b86d1"",""0x7caa6118b59fdaf813a4754af425ac2e46912311827867fcb29bab268a11ab74"",""0xa2768aee9c99fab0f52e085695c2373eff29dcb97f88834346cad088b73812bd"",""0x3728d769a0e94a8d7bb4206065a99b977cc27b6e56b6936abfdfa99c2fc0e994"",""0x44543bfcc1209f569e163db7d9f5b43eb42702bdcfc9c51ffe418f6bc59d8241"",""0xd83117a66902557710ac877d5a6e5420420b22d06e9ecafd3d0d0d54852a5c3c"",""0xf76f66f2e5747083914ae51a7831de7c7b137775223781208a4327e1e4e5b32a"",""0x85498ce22dc34407fc0a29f1e8eb808a3362a108eb39e5ed3b3cda0b38363d56"",""0x44db1f41b36ed2fcb23bcdcb49f6b2aa63f0a0f30e97b2afded92dfc1e7ba7e9"",""0xa18a585af6564044287e7941dae389fa30ab6892d4e29cc1cf6b38431a0e1f30""]",[],0,0,1,0,0,0,0
dedudes314mc1398e4b,valid,,3,1,4,mc1398e4b,100,10,10,"[""0xd247cd5ac6d6b3dc844de66d61eb913737ab441ca94132664b1e1abf058db54f"",""0xee44e9a5c296407f08941d710bdcacc333132651d9553b2f7275da139847a3ce"",""0xaad56189e897be2df32052ea70ebca2c667d5cea0eb911ef1beaf299a81f8970"",""0x04ad85ab8c285a3a04aef9708866be0b1dd8858889925563852717ba11338535"",""0x5d149705a332b4acace1ac24e2948e4eedb296b952a6f19787b4d2613f697e8f"",""0x10a9005978c845963404259f496e9bd71f0428fd747dcac22668a1b62c4d21d2"",""0x0edd199fb776ce1e94af4061882d39f0da1363826f9102562c07802a0219c49f"",""0xe8412edba001700b4e6ef306fc52d177a99ace9e9d47e581f85c6167452eaf7d"",""0xa3b08c6ec03c186424e9f899adbf951d8cf5194f026fbfffa70b3c03ddab30f8"",""0xa946ea876baa6e8d21a2e52fba85b0997e454da51b47ee52106450c83894be66""]","[""0xd247cd5ac6d6b3dc844de66d61eb913737ab441ca94132664b1e1abf058db54f"",""0xcf96dd76f4aa4ca4703718c3cfe96dca4621f3af34560e257ca9bc0f23c5bf7a"",""0xaad56189e897be2df32052ea70ebca2c667d5cea0eb911ef1beaf299a81f8970"",""0x5d149705a332b4acace1ac24e2948e4eedb296b952a6f19787b4d2613f697e8f"",""0x9736a810837b9591485904f217e1bc53edc3bcc2cf45c3d6443fd0efc3899eb5"",""0x12cc8fa3318fdcda586bc7cb1b16db09a022aab66dd770be516db73c7b3fffcf"",""0x7019a4c261b27fda2ba8dfbeebc1a3c6fb1acb30397ab9d206b9d2518047eb23"",""0x0edd199fb776ce1e94af4061882d39f0da1363826f9102562c07802a0219c49f"",""0x44083458e64996202def47bd1b24957a168d8fbac5ab9c5f9b78cd79ac54876f"",""0x4df5be4acbe8b6a253f38cbf6156ce185bb75f3d60155a1303e97394a7c8ff5e""]","[""0xd247cd5ac6d6b3dc844de66d61eb913737ab441ca94132664b1e1abf058db54f"",""0xaad56189e897be2df32052ea70ebca2c667d5cea0eb911ef1beaf299a81f8970"",""0x5d149705a332b4acace1ac24e2948e4eedb296b952a6f19787b4d2613f697e8f"",""0x0edd199fb776ce1e94af4061882d39f0da1363826f9102562c07802a0219c49f""]",0,0,1,0,0,0,0.4
dedudes314mc33fe544,valid,,3,1,4,mc33fe544,100,10,10,"[""0x5cd33f468d6cb3191f93eb6c34cbbe9b3f16d778569b94851821feedb1cc47dc"",""0x3915078eaaef4b3b01c483c9298f24226b2468429c7879b10161f34f702c69b2"",""0x34ab092d53c6d7ddbdb8d867290de66b967de57609b3017b62fc675fb47b30f4"",""0xa8039fa1707629d4854634c483687e973e82116bfbd173a40a59b9cf278ad2c9"",""0xe90f102fd4f47360120154fbbaaa10cf5c90856c0b98acfaa19f3a049999c18c"",""0xe77763c659d0943fcf4c8e41d7fa5a097b66bf9287a844d3346648d6c195b1dd"",""0x0e673614d0b628f68769ee787eb3e568d6d7cc91410cd20bf4448155cc909d8c"",""0x1c9b8c67671e3735934469063297cb8844ccdf90c3dc450b72aaf6b6265db4f7"",""0x2dd52f080f94af843d07afa005dc2e962bab5ca24e649ac857f3aec1389684d5"",""0x49b280439e187981df432e2900f6e08a5aa024a22bd5db29b2acaf5dc8b23e17""]","[""0x2c48158b05801927cc42a3bea77abed8b4f0883611b741cf6a1de9b1733a32ba"",""0x43bf4d97b7c4b375640d244dfffd470737f3f60cb567a6692a8cbc45fe781e35"",""0x4c5a0971e57f16e191cb754bd02a477f11ac1549992b208b983d7ed0ebcb80fb"",""0xba43dc1fee7635c8ac3640bd49f486f7d217a475a123803af63389b831328443"",""0xe63e2c269971e74b53d28366ab0f97aa8abe54de17097a543041aa6f1aef67c5"",""0xac8b80036991313f0d9991aa483a95a9c01079cd33e372b5d4f6225deb94ebe3"",""0xab1f3b5c76e3df878e5156589a69a4dda5467364bbaf9120630b0690ac8ff7c0"",""0xc337e70c9bf8f6b05a64463a28977c43c79df4f14ceab4ed6a1ce6ae2e6869f0"",""0x652b6fcd81e14af4fd262e0d06da33720918f4c750a0306b36ef9b9d3c91f451"",""0x6bb857cac119501e85dfcae81b8287d1afb5a12e1d4fb0784c8b00b2b3ca2b4a""]",[],0,0,1,0,0,0,0
dedudes314mc8cff790,valid,,3,1,4,mc8cff790,100,10,10,"[""0x4947d0ddb8adfa3d0b40fd2414ad0e6c130130f981a1feb92b851b0d747cbd94"",""0x44db1f41b36ed2fcb23bcdcb49f6b2aa63f0a0f30e97b2afded92dfc1e7ba7e9"",""0x612930bb80ad2d9ef97fe5057df586170d8fcd1e1b05169edb9afad58e5b801a"",""0x1ce2000d19183a439276d735ea6c2190b0681a0d867462abeb010fad3c1fc152"",""0x492230e93b426215913042fe17f1e4c3058defa7c4c60f621a9cb9bd1ccde123"",""0xa21c58439ba76498112a9dd59801d9eb71d2b8e004ee265c9369fa2383ba8578"",""0x92eafba32425f5cc3390b89fa225ed09020ad155ce9b508737bf1fa0dfe5e6a5"",""0x94d63c25ab9d5a384a61b40c47f60022b64aaabb4b71acebcf39002062ce9c8f"",""0x022d2f24e20eecc4054c519000a7e45043cf9f7e0fd1afee78279de75da5f9e7"",""0xd868b210f941bd8fd28c1c4712cccc7f23ac7c739ca934fb8809925e3a2e2d97""]","[""0x44db1f41b36ed2fcb23bcdcb49f6b2aa63f0a0f30e97b2afded92dfc1e7ba7e9"",""0x1ce2000d19183a439276d735ea6c2190b0681a0d867462abeb010fad3c1fc152"",""0x8998161122af777b1fb738b1835d8ebcc9f48893ccf82d61ac2fda90d56365a6"",""0xbaba60f08c5c4c146fc2d4544fe25a2d6c9c69db876b69b284afae0f138c34b9"",""0x492230e93b426215913042fe17f1e4c3058defa7c4c60f621a9cb9bd1ccde123"",""0xa077d467da14848d18e59e8577d5713ebe983a7a361998d6825c5db70368f0b1"",""0x82fcd452b99b91dfe9774519d4370744e58fb0506ae4415458cf3521d2764eab"",""0xd07dcd945ac0aa1fbce15f81f2f1057f33d924b5942b074332c1ff7ad8a9da00"",""0x7dc6b8ba90b164cdeda9462c5094100181c311a7d80c30e054ffa58ddc9be8a4"",""0xd868b210f941bd8fd28c1c4712cccc7f23ac7c739ca934fb8809925e3a2e2d97""]","[""0x44db1f41b36ed2fcb23bcdcb49f6b2aa63f0a0f30e97b2afded92dfc1e7ba7e9"",""0x1ce2000d19183a439276d735ea6c2190b0681a0d867462abeb010fad3c1fc152"",""0x492230e93b426215913042fe17f1e4c3058defa7c4c60f621a9cb9bd1ccde123"",""0xd868b210f941bd8fd28c1c4712cccc7f23ac7c739ca934fb8809925e3a2e2d97""]",0,0,1,0,0,0,0.4
dedudes314md0160e8c,valid,,3,1,4,md0160e8c,100,10,10,"[""0xbc6c2a3d2d97b8c8c01eb4a39c1dd24a420ffd106b43d2a0cd0ff29c281c61b0"",""0x8af62fbfe6188bece52f705db8da5dffd9e7c57457854eac4ef37f967269c2ab"",""0x12b70f8443ce0ede6968c5bd173651e6e0e718fb04f5edef0a526609752e6cdc"",""0x0823967d6ac9ee428aefae4d108c0423193b7d64cb6a4f605ab79fa5b0d03424"",""0x1a9eabff5b62475b9fa7c2ecc66cf7c3e4d5f7cbf1bedd77507418a722a7ad7e"",""0x84b2a991d3cc429d06c8c5873c63e398f8d3fddf409a7120c010efb52e3668d4"",""0x67bbf067b6d54d6c85e0e1397d4571a7f322dc7d94c40efcfb2db189829bc069"",""0x9ab0a55ffb01e91b5126774af527a2e0260f91d790d6e3503d89a14e9e9ad45f"",""0x13064367f7f784b851f2cefe01920bf3a41358153fef05e723d6c88205efa337"",""0x5838e16d55650d477205da03b1da94d032f57650f19a89dab504dffd435f188b""]","[""0x02bb46077ad6d2140559ed07610045289035f3d63aa4b75e85abeade824262c3"",""0x8b08bd16fdfc682c01c8e5902a9ecb016da4dbcb29c8bdafa014073b9bc90e19"",""0xdaecba2ed12f5a5b70fa12804a2e95989f00d20797517e0792bbbe0eb9fa7798"",""0x3965ddc195cd9ffad54a5e8f2c792515e1503e381bd6b8ffe1dc086362d61382"",""0x9c41003aaee06f398090c01fe5a3b3c440d3968bb30dc4359bc666cf9f99a2bc"",""0x64b68fc2945ffdaf60010830669bda0627be83db1d7e5a8d5a38842f00e5325c"",""0xac5ecac7d584cbd45b73f675f718039e84bddf088049e6157bdfbfa30bb637af"",""0x73647254e06e3db62604fdd9e5b53bf4e2f4a3b10c5e5e037c701c0ecb606fe4"",""0xc336d40f84e39d1872d54720801feb80618a9cb638aec12ecdf600a358a81565"",""0x012f7a5533aa10df03f81882585c8519379e85aff6b3795e78345287a76146de""]",[],0,0,1,0,0,0,0
dedudes314md267eac0,valid,,3,1,4,md267eac0,100,10,10,"[""0xf00ee07d9c2e9d8dd6f8b1d798ca4e10a196864aed4acb8a760521cf09d1abdb"",""0xa43a9e125a3f12a0f2c6a39532b7689f53b084e499aad45d6db4e10d9a088309"",""0xaf3d313a9660b78d41374e9625c0998b95a35b34aa64d466d29942912711d3cd"",""0x04e650beefefc57c681b80135dcc75deaa5559de35ae3b4c78d8355b76749b21"",""0x670e2d7440cda92474993e4b6026d56d466f9dd2f5cd4c2bdb3ed4e4fb225e6c"",""0xc0f691a0ef89eb403780b98864dd2e0cec35dc3186c6b2272adecd15f95bf2eb"",""0xb43cdbe7c0d75fbb5bdecbc4fc447328fbca784b288014e3122a86ef6748f74b"",""0xd72cf2bb2008b6608fd41fe207b5608fee57614acfdd12c73df4d7c32871abfc"",""0xafaf37138b574609e2b3a5e1aa3234f080ad70ad5676fad40b19895a078d7dee"",""0x4ac00df2e8e7ebd5d0c84d61568a0ac2e4504fc1371ad1292ed28f3f57f5391b""]","[""0x04e650beefefc57c681b80135dcc75deaa5559de35ae3b4c78d8355b76749b21"",""0xf97a47c58feb90efff6cf68b45d05b3895cb44755e34e57068c0c1a3e96428c1"",""0xf17977fa95300b063107d404d43f286bd64a604cd07dddd552d35eda9081efa9"",""0x2b6bb3b55ba3430f21baa0135148d463cea0bdd8145a6b25cf64ee91a6302350"",""0x29c02eefa13b389c7de0218a34632eb93019200b921bd22dc7c6c42f9112b76d"",""0x0026d3f471982cd447ef47a2f259ea569aed62b3822c41c4b317797fe231a5dc"",""0x4e20376d1da11c9e1f1d90c95dda5d888cc4afaf92514bcf2dce9c5d0ed6f72d"",""0x037a73ab9a72306dc8ebecdf80a2ab16d414d96cf2f63c7fb32feb92bf9a5b6d"",""0xd07dcd945ac0aa1fbce15f81f2f1057f33d924b5942b074332c1ff7ad8a9da00"",""0xa8f6645926614e855e9e5410950b0d978447966aa63f119579ee2f9f1f815372""]","[""0x04e650beefefc57c681b80135dcc75deaa5559de35ae3b4c78d8355b76749b21""]",0,0,1,0,0,0,0.1
dedudes314md2809ae0,valid,,3,1,4,md2809ae0,100,10,10,"[""0x5ec22cff95ce1393f970eaa09b547bc5defdad802a7b86480894817e835cf4d2"",""0x740df38e44be02d0ec1a151f34094c277858b3616e2946ad313f24ae66d2ef07"",""0x5b8e7419a8ec40a80aba582b4f43717969bf8cf80d560d46e48877e6f2e9598f"",""0xb566333f866e1259515fb5247d00e0ccbecbf5d079219a7d6317d1732d73a396"",""0xb4303322b711e6762ae2090a8f30b0a3b1c3052a59b4e7d100215f146825bb98"",""0x7f0726ec9f0780b8eb9b1a6a4d8fde6c3afcc3267195077759e0112e374e3807"",""0xc3176e00a6204b852d9c68642a10c7423787cda47c88ecd0b1df058500d4be21"",""0xe526f93df6662ebcf10a1eaf877d86d76c7707c17ce2148b0e4de3ec95ebbea1"",""0x427b720a9454f6ee584a1ef9e5035b3e438f150cc81e15066d085a6fbbab522d"",""0xa6363490e59a332a8aa1a1961aaf033d3f451a1a35554cb9a67a3864452ed1a7""]","[""0x5b8e7419a8ec40a80aba582b4f43717969bf8cf80d560d46e48877e6f2e9598f"",""0x7f0726ec9f0780b8eb9b1a6a4d8fde6c3afcc3267195077759e0112e374e3807"",""0x8254f8390981941c34866e9f7d9e1ba513eb68390624e80c126ee571456fadcd"",""0xe25b6c81cc4686460aaf17ffc24e2ac388650a848630cba962550bd62b760a4e"",""0xd06a42d72cfbb96ba643618224587534b89ed6d8fc280e2b48ed9c6c13cd6972"",""0xae344a42798a222d1914b1cb70cd1dad6397e19b0a3608362b5b5f2aeb02772b"",""0x18f5f9c890a949af883bc6ae01b055690c4c4da075998fb495d5404a18ca572c"",""0xe3545e6599a6ecf65bf8f351a7d25a78ffbbd83ac3ff97766b76ed78dcf18a3a"",""0x1cb4757891963a7cb555160f3d9ee005fbe1b67635f8fc5b4db9ab9b3deb1c16"",""0x33398d3210b02fd6bdff84655d55cd3e84ca8436888d70edc5eb3e3071d139c3""]","[""0x5b8e7419a8ec40a80aba582b4f43717969bf8cf80d560d46e48877e6f2e9598f"",""0x7f0726ec9f0780b8eb9b1a6a4d8fde6c3afcc3267195077759e0112e374e3807""]",0,0,1,0,0,0,0.2
dedudes314md679647c,valid,,3,1,4,md679647c,100,10,10,"[""0x0d1d14b126c9cd4822af2fa53ce6a21cdb935d969bd87e497d8f611724f04c59"",""0x7af1853321ba68840018ee2753cfbe9f94e471cbb25d6d548d0bb01deb601193"",""0x335cca76ff429e21028ad8adabeadccbffce7dfcba03d20871807ccf6a23fd30"",""0x45541de4501b2a94117631c24fabb07f752f0a76c8ac9b1d90f9711bcf34b53c"",""0x826d057ba637e393543ce1968c948066c5671c841cf0b633423370e488b88b88"",""0x129000e4093321a868285d2903488aa7b940a0eb1357e3a264c688acabe9afa8"",""0xb6343af272cf576e45074aeb6acbf5c7e754ed35a3ee8612f6d28879654fdbc0"",""0xe481e6732d9cab4a1295b47e9d24f63619aabe54b3def88c6262c06dc5638d7e"",""0x80aeab856f399458dae7fc1263890759cab51583366148fb6e923347fdd97652"",""0xd07dcd945ac0aa1fbce15f81f2f1057f33d924b5942b074332c1ff7ad8a9da00""]","[""0xae212251bf7256512a4a9af0b279c3792a9c5c0cdf73f3fd29955527462b8c12"",""0x45541de4501b2a94117631c24fabb07f752f0a76c8ac9b1d90f9711bcf34b53c"",""0x75232ef6746d01e9b8c3c4fe3f6d217fbc13928d20867b00a929dcd7d5749bd6"",""0xe481e6732d9cab4a1295b47e9d24f63619aabe54b3def88c6262c06dc5638d7e"",""0xba43dc1fee7635c8ac3640bd49f486f7d217a475a123803af63389b831328443"",""0xa353c2146e9a243fb7360a35428d933c411fa272574b61ad2a7e5bb90c5877ce"",""0xa5354f7310ed91f59b1c345e39c21b3b0a760f554e1c86015d34b20bf1573fff"",""0x6ca26056104de6a9637fabafb1922d5f2f87e552b8a56e1e2bf5f3f18c17a1fc"",""0xe73354790507ea53673c67d57b9a4e38a7c891a6f1eba2fd7509eafe56356b74"",""0xd07dcd945ac0aa1fbce15f81f2f1057f33d924b5942b074332c1ff7ad8a9da00""]","[""0x45541de4501b2a94117631c24fabb07f752f0a76c8ac9b1d90f9711bcf34b53c"",""0xe481e6732d9cab4a1295b47e9d24f63619aabe54b3def88c6262c06dc5638d7e"",""0xd07dcd945ac0aa1fbce15f81f2f1057f33d924b5942b074332c1ff7ad8a9da00""]",0,0,1,0,0,0,0.3
dedudes314md73dd74c,valid,,3,1,4,md73dd74c,100,10,10,"[""0x725e4ffde4438936fbd1cce6ef007c792cc2fcbcf183094f688ea895fbb76573"",""0x7847e51b231029c39b20be3245a18fab1b159755d42c48a9d667579cd8369110"",""0x1659922f2719c055f0065cf86fd257d17a21b7da2fd9943c3c7d671384991eb6"",""0x10174ccc186d1f01377fb8fcdc2ea86c5d1938f3e3ce90187b5a94a6e168f50d"",""0x9a0b15053695120bc6900578f622b3876f4e60021794e4dc43be233adcbe47a4"",""0xbaba60f08c5c4c146fc2d4544fe25a2d6c9c69db876b69b284afae0f138c34b9"",""0x9e11fd1ffb4e9b981f74eab7dc9d69a949d0ad9bf03189f859aba3581ab7e89a"",""0x6092f9c63cf3d208baf21be0aebc352ed539202d6f322754404f78aa75e96ca5"",""0x94cdd084a8519b485ae23e1c23e351bec3bd34c26bea7ec9d13ec536a2e7c700"",""0xe665419d550c3810abde7a1ad358f5d28414d5498f250f8203592093af3b8d31""]","[""0x1659922f2719c055f0065cf86fd257d17a21b7da2fd9943c3c7d671384991eb6"",""0x10174ccc186d1f01377fb8fcdc2ea86c5d1938f3e3ce90187b5a94a6e168f50d"",""0x9a0b15053695120bc6900578f622b3876f4e60021794e4dc43be233adcbe47a4"",""0x4af2f147bffd23d7cf8e07c6701fbf298d85f0cf45a774fed7bbd76a787e5222"",""0x83e3b0998b66120f052c7011ac7fbc31cb77b9e864091293e141f1df231ff2a7"",""0xc02015173666ee97a6d7bd726d27e09df176696cfff548215ea0a2e91e323871"",""0x44db1f41b36ed2fcb23bcdcb49f6b2aa63f0a0f30e97b2afded92dfc1e7ba7e9"",""0xc81b924786d751073bcad0d11128f8d2aae32075f7d5860c029cce447d40a98c"",""0xf76e1e06753c8a4e15491a4e3b5413f180e6aa9fdad03e81d4979d2ce56ecffc"",""0x2b7bf8536bf3848c686b35671da7328803c3b75398ab119d87e166a9ba872e8e""]","[""0x1659922f2719c055f0065cf86fd257d17a21b7da2fd9943c3c7d671384991eb6"",""0x10174ccc186d1f01377fb8fcdc2ea86c5d1938f3e3ce90187b5a94a6e168f50d"",""0x9a0b15053695120bc6900578f622b3876f4e60021794e4dc43be233adcbe47a4""]",0,0,1,0,0,0,0.3
dedudes314md85b3e78,valid,,3,1,4,md85b3e78,100,10,10,"[""0x46bdaad5874ebfa0892c51f5ef0db222dff6fbf0d1b2433aac7173fecf165500"",""0x621c1ff0003d6ddb024efe72099de0ccaf65a791c28c2f5f9c8d765fdec6b361"",""0x29855cb7d9c101ffd09fe1689ba3ac703ad1bd4f1aa100c4434849f31a55da3d"",""0x2bed620b53fb262419044820898d7dd1a83109bdd26079eb97a00f66fd19e50b"",""0xc5c2cb86131f9e87776a8803ffd32d0cd607c48d0d8417a53e9e914dcb7b7f8d"",""0x3fcf1a22cecca469a31c11f18b9ca75f30f498a4a30e4e6e09046ba4ec474500"",""0xf805dbff6348742ab14cf679e7f8361efca863743fdfdec50829ae45981920a9"",""0x103b9dee8103acb597cc0b6923ca9814b7b4c475a9fb155da526a8984448edfc"",""0x080df3fb43fec5db590183dc21df48209429b7253e39c26305345b8634e7b480"",""0x98ae210edf8069ae64423cf68a88b729f35e1a68073573fd2bc8bf3250945b4d""]","[""0x2bed620b53fb262419044820898d7dd1a83109bdd26079eb97a00f66fd19e50b"",""0xcdf69590102e2120a0699bb0bb4b1e9ded25e4d2f24f7526b1cb67c97658534d"",""0xac71cf4c6d1b0b6ecf72b81901d1e7b92d55b1424c93743d83a5a6c3a2a95112"",""0xf805dbff6348742ab14cf679e7f8361efca863743fdfdec50829ae45981920a9"",""0xa79b998f79699d11b4f12c5472c7ae2ce658f690ff070100aa8cbbb0cec325c0"",""0x80e8fbcc08caa1dd06a1a7aed25697a96c8a47b4d645291144324189e0073967"",""0x5fd6c47c7099a110886aa6e55400c92c8d19f181da37201010934f1879e5c342"",""0x52d38e45620787b4976e0570b4c462e4cf69fba1d3a3e08a406addf07dfac90a"",""0xb4f5558b4bdc7e589b5bba34f2bf39509badb2657bcf2700cffd119deee1b1df"",""0x096fb1c675dcd80ba1d8d7bd732300f0be6419e4c872cfa71a9898a2e737ef42""]","[""0x2bed620b53fb262419044820898d7dd1a83109bdd26079eb97a00f66fd19e50b"",""0xf805dbff6348742ab14cf679e7f8361efca863743fdfdec50829ae45981920a9""]",0,0,1,0,0,0,0.2
dedudes314mdf6261f9,valid,,3,1,4,mdf6261f9,100,10,10,"[""0xeb040071410cb36727fa9adc4aaaff64c251972071302a74f30f357d6e0ee7ad"",""0x85fb9a6bcb387ec3dd49674beb0f8f9b2314b34426021f771fb5b9843a3dedd6"",""0x6efffd26351366aee73474dcc96b09d416d5c182f8ceed91333f1f985b889978"",""0xeea69e947ee3a88aacd4d6699c70c119dd6750f8a5c7290cb0466ec4e8ae243c"",""0x53e7e201be6ea3e2a60dbac2451e9c3783b10f7b65548ef66919f0dbe2a7cc23"",""0x7019a4c261b27fda2ba8dfbeebc1a3c6fb1acb30397ab9d206b9d2518047eb23"",""0xe1d755d2bf660617b3ca4f28c4cd47b24edcdf39019fc36bd3e9ab3763cc38c4"",""0x025c01ac06547c0a390a114665c3f50d89b400a8f8633b0a4f5ab95ead7eaf85"",""0x3fe9683c0e77ca5d1c545a47a22db2070f92b786ef071a3bea362ae0ae8b76d4"",""0xe54a0d9599f4a911acffcd430f630f622609790e2c1e16e7316e36b5396d8efc""]","[""0xc4c66c87758566d11daba0f759ec447f962a9ffe9e4ecbfc99b48b6a8458e723"",""0x96066476fea3949719914409cfca4f333dd56c06875c4cb6be7161a9df28ec5b"",""0x039e21128fb774df525e96211f7416810399021fb9fd597495338d0fe777fbe0"",""0xbc0dfb81cf9e22d2d366e0efd4ce5db0ee3ed857f9bb36b8dd7cccc3bbad7d3d"",""0x9c6819fd248cd16a3fc17004ca2b67e87f5cc68986602147590293056036e6e5"",""0xab58b9907d0218646605951a37a38307528978618ef01a598905f9eea1137c91"",""0xd4dc0506bb2e84fb9262f7234c910634d3fc043d0edcbb05d46c6eb6d6c73e9d"",""0x629d8756b0c6d742238515bd47e77333fd827c52ccc143a58c680da9794db8ac"",""0x1c0420567499644eb79e43bb0e2de2482eb94f68d62492fc10eb1b3b33873871"",""0x474e9085ef9b0fc6ca2a16d2fa92978e1bea062a446b6dcb8159da20a9ca6569""]",[],0,0,1,0,0,0,0
dedudes314mdfbe43b8,valid,,3,1,4,mdfbe43b8,100,10,10,"[""0x6447bd86e650afcaa2e4e7e2b81339310af662e1a9aa4ef906b4efd1192bcadf"",""0x88895e298787070b3a7a89c73a140c020e5d7b1986b58fd479451d62a0a16518"",""0x6c986c8c22a14deb3fa7d49d1d9d88ef4e0d4fbb331cb74d2e466aee3eef6417"",""0x385c2832ade7a9e114b755352dcd738ad884267a76a467af87419052a47e8739"",""0xf753cdb4750238eebb2710939be41aec7da5c28d5812cc16ccbcf95421e17a65"",""0x03bf4ae38a90970455665a7d9dbf67a1d7abaa527245062a4a7d80b42868b2f8"",""0xc10babe4d12bf3f1610033265d0d1e69cb1465e5410f43c68541b61c77bea5a4"",""0x657b6e66403a699df26b5be9bf2d5caa0f20c5cb7a1e6bc3ccce77326f6b9f4c"",""0x0d1d14b126c9cd4822af2fa53ce6a21cdb935d969bd87e497d8f611724f04c59"",""0x08e97409e94dc96f481069021cc78b5317f47e4e4aac618845594360beeb00f2""]","[""0x0d1d14b126c9cd4822af2fa53ce6a21cdb935d969bd87e497d8f611724f04c59"",""0xbe4fb6057c8c5f006f1f992efc176f60e7db5fc16faa3276dc0d2e8c53c17f34"",""0x35cc0b2887fc2830bbf5808ea0a989765e7782c174e0814faf016ee547ab40fb"",""0x7d385b59d76141b0b2fb313c11e1113fd4d70b1d3d9134abc66cdf5caa7bd8ab"",""0xb566333f866e1259515fb5247d00e0ccbecbf5d079219a7d6317d1732d73a396"",""0x4ac00df2e8e7ebd5d0c84d61568a0ac2e4504fc1371ad1292ed28f3f57f5391b"",""0x2b7bf8536bf3848c686b35671da7328803c3b75398ab119d87e166a9ba872e8e"",""0x645335b805d619da688278ba81f30fba8c9b32c4180e6b831b209be762fcae15"",""0xc8b6680acf6f6491b5e4fd810a44cbad229729371da8bc7a38d8cc8d2273b83f"",""0xc02015173666ee97a6d7bd726d27e09df176696cfff548215ea0a2e91e323871""]","[""0x0d1d14b126c9cd4822af2fa53ce6a21cdb935d969bd87e497d8f611724f04c59""]",0,0,1,0,0,0,0.1
dedudes314me2cd7cad,valid,,3,1,4,me2cd7cad,100,10,10,"[""0xf7e59f787299f4988b4fe498e62f49ec0966b70b1cf0ede87cece49412c07968"",""0x0f2a92e8313992d89e001ed36f44bb9617d65da086386b11ea9fe18d2fdfb106"",""0x0ba2d96ab674a97ff6e6cf1fbbd59792aaa62ce25cae0e6366cfe9d0394285f3"",""0xbc96eecdc3d418bdcff0889396afc318c33344e4cd1b523b24a240bf68dfc014"",""0x06d9d57053c77f012db6da3ee82776b5f78a3b2c927e0cd0d5203ea2a4373044"",""0x5d18a9260705d78d748ba7194d32c78889379e2e0fb33a7ab74733caa386073d"",""0x7eb4a8b5ed39c0c4bf670fc449e19c44f4a25b4d9cce114d566a9b0a22060271"",""0xfe82580bdfc903803120e052cd1a2f1f55cf7540dc87ddccbb795e111ae43445"",""0xcdac4b8724f50f65662dfbe63aab4a8c00aba9ff45b3ef54b4624eb092178fd1"",""0xc6ccd33debbe213a60bc3916bb6f0903f5b03c331f27187526979ae38747bfa2""]","[""0xca98d25e2c93784b286e590ed9febb84ffd6e2da7b007b85ea6748061f8e76ac"",""0x037a73ab9a72306dc8ebecdf80a2ab16d414d96cf2f63c7fb32feb92bf9a5b6d"",""0x74d1366fbe52d8484162e1ed6b49c0c8fa14afa42eba223d4651e6ea03ec4cce"",""0x3c5c7c3cdfde1e6a610fadeb29af0d5bf14b21cc8fd41743407ef8de4c918396"",""0x16afeb00f2747e63a63bab610e5c845716931bc23d09339892635a27fc5ba82c"",""0xe2d9f6ed2ad0b01e6a7da20c6ad257cdcb875d010863e437299eae66a07a4a83"",""0xc5c2cb86131f9e87776a8803ffd32d0cd607c48d0d8417a53e9e914dcb7b7f8d"",""0x04e650beefefc57c681b80135dcc75deaa5559de35ae3b4c78d8355b76749b21"",""0x234516a5fb1345f9d7e1dfefa9376d8f3ed00e4b06d5ffa782126225422c39f6"",""0xea2bd6b9a540fc7cb658c0eba77aa94b50680b24ede84c9aa4220903d173a40e""]",[],0,0,1,0,0,0,0
dedudes314me74c87a2,valid,,3,1,4,me74c87a2,100,10,10,"[""0xe338841190d5e54b835dc1bda44aa8d0a4627b1ed5940e72c7c50aacf0658fd5"",""0x89de293badb6e8ef2691d811ef98dd0c56e75d703141b55b672c6e4871cab4f1"",""0xb6d01a84cc9057fbb430eaba773982d428e92f84e754cca7e87b6b2102d1173a"",""0xc23952c378a4c56a3ccefad166600f45f6a804220be6ee2ff45beb77fe1e1a80"",""0x764d7d955a830dfc76a9cef60c03f1d32acbd04f89f73a8d17b4dfc0eb2e9cec"",""0x486e177c1643a1337538bc68306e08e1485f4f54e5028b4a7a98fb0f6a72af96"",""0xb75f3ccfa9a6db0d52c6275342968d64b155d110d0f5ae4ea2758779f026f8b4"",""0xa18a585af6564044287e7941dae389fa30ab6892d4e29cc1cf6b38431a0e1f30"",""0x4864a3c0ef7856da3dfb39b6c6055d45f9205fd6f57b8c3ad2c67b9aebbf9359"",""0x6cca3362f022c969b53a9a0b41fa6150517bd2a555eb83904bbd5e95fdaf6208""]","[""0xa18a585af6564044287e7941dae389fa30ab6892d4e29cc1cf6b38431a0e1f30"",""0x9e14eb9b0b4d79e8a0f857e9e859cdf595c612dae2bb3851332b3220d3f2aded"",""0xd9d81c410fa0ea1d20889ef47b16f886682f4f9ba2e8027913ed50c3fe682b88"",""0x1fd25841265433ac2e3659c6e73226111c654fd3688b82c9f78369b12668d297"",""0x56ef3e1015ebff4706ed1c5fc7a7b86f7326b0d2610d59b2c56a0d46860dd49a"",""0x3728d769a0e94a8d7bb4206065a99b977cc27b6e56b6936abfdfa99c2fc0e994"",""0xae344a42798a222d1914b1cb70cd1dad6397e19b0a3608362b5b5f2aeb02772b"",""0xec5694704d88b9d8110cbdb1eb4a9c4b2a036acea4f55b393c0e4ca8f6238d20"",""0x7c5a5789f21eba5040da4d9395aefc688a0f120e2e3c76700e30461d0c31c47b"",""0x3befd8aeded3c32a27eba3e01bf239697a166dc076ce1634e0c9c0328e7a44ea""]","[""0xa18a585af6564044287e7941dae389fa30ab6892d4e29cc1cf6b38431a0e1f30""]",0,0,1,0,0,0,0.1
dedudes314mea543351,valid,,3,1,4,mea543351,100,10,10,"[""0x877547128f33acf04cdb21f25825b450680e5ac2db2a0d155e2bbc89ff8dae92"",""0xdba45f29ef37596ce75c379e00e2cee7b6b9cf22b9f86e39577f4deb63287fc3"",""0x5b327482573f0e193c07879576d305256ee3bdb395c79836878e993e67b20d0a"",""0xa643637309347abb2eb78bd431ba0504374e2f99ab32a5ca293acefe9733ce69"",""0x33a5eedc78e8e2e00fe1a31a59418160292b39d3dff6a49cd513e2437cca5293"",""0x17b0c83a5ee9597d3bee31023ec5a535713973f1b23b7aa37214d6316455010d"",""0x20dd80302732eaf7bdaade0e0ade88357a634d1a075dcc12c95de47479678994"",""0xdd90815cca98f1110bdd2ed20ca96dd581c2178f9d2d8d5ad452484cccb34bf8"",""0x914f0aa8ea60013dbdfa0439481aaac3b6591b5a8ad896fef3748d8d6824cce0"",""0x259449c15abc34a40b92bdfa1a656c7917dd3da92c7399ff1dc0a46a8bc32263""]","[""0xf4895c2e65fd77f15896acb2e6e88a6985aa4e66b710660c51649dfa142ef08f"",""0x08325ff1f8c90c1056bac7913d895321573da8e77ff5de8eeac46e1ad75aa774"",""0x0248d2cb7fdf2a7095b7715c24e053f0425e97a94dbba26f5fbee48dddd62335"",""0x4ac00df2e8e7ebd5d0c84d61568a0ac2e4504fc1371ad1292ed28f3f57f5391b"",""0xf0d5087a2733853510586e08e2a0d5ac1b0d61ac9cca66bddd0322ae42dd2294"",""0xc4c66c87758566d11daba0f759ec447f962a9ffe9e4ecbfc99b48b6a8458e723"",""0xb3073716ca6507c1e78222d02502caea417253f55b4cb4cfcb0c41b3b612423d"",""0xb566333f866e1259515fb5247d00e0ccbecbf5d079219a7d6317d1732d73a396"",""0x2ada7d81283eed776c54f99e09a98efd06cfecb91ea394014312565d23bcd0fb"",""0x6dadcd3304088ed9827a3ad5f8fae5510a1020d45d927eb3984edba06dcc2165""]",[],0,0,1,0,0,0,0
dedudes314meae7e272,valid,,3,1,4,meae7e272,100,10,10,"[""0x2b830bd2b7b0e59b0bc60ee61ea34feea247ca38a6dc1b52edd727855a6b2084"",""0xdaecba2ed12f5a5b70fa12804a2e95989f00d20797517e0792bbbe0eb9fa7798"",""0xe0af3ae528b720df7db331772a439a72d9b7c2a23d74b9a816247e89fca57021"",""0x2350d1c4dcb50ead155d92b600a28ed52cec4e946a60274d5b989965634a6a1a"",""0xa18a585af6564044287e7941dae389fa30ab6892d4e29cc1cf6b38431a0e1f30"",""0xc05ca9c89c31d935e983a93ca76e5c5bce8e8f1119b409eaf47715b2f9a60ab4"",""0x6d451aeb8775b1f2eff6760b042dcbb5c604eb17b155708687b924ee1a9f62b5"",""0x7065c95ce2be969592aca05d7b39baf836a549ea29435b85a40e1d0467eb913f"",""0x43634c590b08a8f438d92e05b8ee9c4d1499c0e2206981f71e948ee4724e677a"",""0x04ad85ab8c285a3a04aef9708866be0b1dd8858889925563852717ba11338535""]","[""0xdaecba2ed12f5a5b70fa12804a2e95989f00d20797517e0792bbbe0eb9fa7798"",""0xea2bd6b9a540fc7cb658c0eba77aa94b50680b24ede84c9aa4220903d173a40e"",""0xa79b998f79699d11b4f12c5472c7ae2ce658f690ff070100aa8cbbb0cec325c0"",""0xa95ffd0d5bc70611f706e681fdd001a7128aecc863f1fd30af5959c525cebce3"",""0xec5694704d88b9d8110cbdb1eb4a9c4b2a036acea4f55b393c0e4ca8f6238d20"",""0x04ad85ab8c285a3a04aef9708866be0b1dd8858889925563852717ba11338535"",""0x012f7a5533aa10df03f81882585c8519379e85aff6b3795e78345287a76146de"",""0xc4ec954ae50a47e6f4dc94c797d002b53e75a54561cfebd8ca67b32879cec36b"",""0x45ae843574074a3f4a2c1ca0acde905169694bb10599b0d3696a4f6f56d956b7"",""0xb80f9a6c487f678e44c385af9b93651ca7c8789901ef5143a923fdd75fa34594""]","[""0xdaecba2ed12f5a5b70fa12804a2e95989f00d20797517e0792bbbe0eb9fa7798"",""0x04ad85ab8c285a3a04aef9708866be0b1dd8858889925563852717ba11338535""]",0,0,1,0,0,0,0.2
dedudes314mef93eb4b,valid,,3,1,4,mef93eb4b,100,10,10,"[""0x1408aa1b0bf56fea1c8d0a564f254982f3e9253b26979043d6949e536b51648e"",""0xfb8bc2f44032dfa1d9f258c8382fbbbed2612f63d0914fe066563cbefb689a53"",""0x5f342e22fdc7a6f789d4dcf56c0ad2f235a48039e796070d00a94fa5c89c9f30"",""0xa23f3af7f8a5ee5a14afac20cc2a40c5a6d0b1a111a101024b117d417709a634"",""0x2270c09584ff34309d9c951ade049db876c4e56549fc7cafaaf3003678bde7aa"",""0x914020427e46dfdb433652fa42f8d748194f468299ebb4d21fedcb46d9db0637"",""0xb958f5ca3621e179f57612ebbf1b42ec51ee03b1be8c7df951d64572d43d4e8d"",""0x12f1b60d25f57f0dff0b695fa5100d117586d765ea71b6e4d180fd62b7e855b0"",""0x11c6ce9371279a26939a5cbfa91e968d27cbd7f2d8cc288ee357c306c820b030"",""0xbfccd0c1b9f3f130151965e4107bb487449b8d1e48c0da7e358f28486767d4ca""]","[""0x8dbc33bb09de968685fbd0241a07b9b02f51c04ad7594fb15973d8ba426e3d5f"",""0xe468d8edc4a54c19537f2de145f9b8e65cb9f043cd1aa27e1549c2d8471701b3"",""0xe3545e6599a6ecf65bf8f351a7d25a78ffbbd83ac3ff97766b76ed78dcf18a3a"",""0x4e20376d1da11c9e1f1d90c95dda5d888cc4afaf92514bcf2dce9c5d0ed6f72d"",""0x703dc0cf5b4fea7c1ec8b76d0f2cb74750672c711e8128ec067718125ca92340"",""0x4aee22d2ce86d209c5c30927446358b8b9f135060ae67977c95ce8c029f89aa6"",""0x85b60ca2f58ee6f06cf2e1e61d7abee6ba7c11252f5c1d390a7f13a6f5fdc4d8"",""0x0498e72cbb35cfcceb5ab5e28ff9e3193ec3396d08350f0d371f94b24e66dd8d"",""0x646db217199cafad3c95616f3c8b68ac61fb92cf045d6e50fae31bd18ff3ae91"",""0x2350d1c4dcb50ead155d92b600a28ed52cec4e946a60274d5b989965634a6a1a""]",[],0,0,1,0,0,0,0
dedudes315m034e6fc6,valid,,3,1,5,m034e6fc6,100,10,10,"[""0x39393156b8d1cfca792cce898be346812ce223c58b1141cea75c21e4183e9d05"",""0x3e1ea371858322638031295155e12d3211a96f3cfa54c6b021a7ee3ff806457f"",""0xb0ccb82c9bd6286c0293447ee0f0dd360ef483f7df8de5e34b81d525afd81af2"",""0x1d2b2183365b79293d837cba0a844b473195a82dbb6b6939e2dc64e8847a3d58"",""0x385dd3dd832b45c865b7e132d711c40038a99687499c6bb42a9d875a41a7ba85"",""0x7dc99136cb65d68a1111e27fe21ab47b05377336bb9e85b05c034b5f31ee1481"",""0x87eb4bc8cbffc0b9e09ab692fa704bfbcea68fc4219ce22c38194be3f4a829db"",""0x1a8d31aaa763a757d4815df2b63891f7c359e36817494002d0435727f3476aa3"",""0xcff01b30b6806bb9eae09fecc57aeb0eb4541dbab1e2a39116d77e4d1aaf3b46"",""0xe5603bcd77aee7f0a14a80717dc662b828469b7e0d7c52645f549cfb52b1bb87""]","[""0xa79b998f79699d11b4f12c5472c7ae2ce658f690ff070100aa8cbbb0cec325c0"",""0x1c0420567499644eb79e43bb0e2de2482eb94f68d62492fc10eb1b3b33873871"",""0x370782400b6be3d398463e29ac2e7fce9b87893f1222016aba1dd78c3be96568"",""0x7c5a5789f21eba5040da4d9395aefc688a0f120e2e3c76700e30461d0c31c47b"",""0x89de293badb6e8ef2691d811ef98dd0c56e75d703141b55b672c6e4871cab4f1"",""0xb3073716ca6507c1e78222d02502caea417253f55b4cb4cfcb0c41b3b612423d"",""0xbc0dfb81cf9e22d2d366e0efd4ce5db0ee3ed857f9bb36b8dd7cccc3bbad7d3d"",""0xae212251bf7256512a4a9af0b279c3792a9c5c0cdf73f3fd29955527462b8c12"",""0x5cade3332a7dec40ebd048efab16eefe3f0e6f3b468acbd31aceb93ae5b85d6e"",""0x39dabafc64c5c5eff56582e8508223dee7f3a8041728d30970cf81a4d1e0be46""]",[],0,0,1,0,0,0,0
dedudes315m0ff0953c,valid,,3,1,5,m0ff0953c,100,10,10,"[""0x765d52f21619492597e96bf708c6f038dfdb4a7bf22b86e57551684dce9e676b"",""0x514e863fad114b451ce08389d8c0d35190380e08dabf69fe9845898c23933f56"",""0x0f3abeb156c2c78f8d6903bb725cb1de4b6d19227e5372ed037f9e2266ea3411"",""0x7630383fcb078291139296d78a141030b8622d7edd053e8fc6f38e847ddd67ec"",""0x9a360976bba2e89f0452b5504aa15a2a3d788f5279077f4971b22af6cc9e9338"",""0xf1a5d828a3c76d090fde663f9d5301f508996cd8bcd369bee7f8d22b8a7aee2d"",""0x039e21128fb774df525e96211f7416810399021fb9fd597495338d0fe777fbe0"",""0xfb8bc2f44032dfa1d9f258c8382fbbbed2612f63d0914fe066563cbefb689a53"",""0x44db1f41b36ed2fcb23bcdcb49f6b2aa63f0a0f30e97b2afded92dfc1e7ba7e9"",""0xea2c3c9dae5e20aae83a334bbe5b5e04b880cc05d3ac2e6c5780c84998ea0dca""]","[""0x765d52f21619492597e96bf708c6f038dfdb4a7bf22b86e57551684dce9e676b"",""0x71ab94c13c743a10ff59c33fce6c6c7e60644c829d79f4c3a18f8312be2eb1c6"",""0x628db294c688c4eec9f9c520278fab7789c6527927a822fca0c4df6fac2c7d52"",""0xa0951cebd37c052f77e6eb1f4ef491edbab78b2372a965d8b12f0cd2b384e20b"",""0x6a5a76b0c7b5a9ff0299b7cbe23ff0da94842d1be952c745bd0ea6815c4081cc"",""0x7762576bbe68bbf9edaed9c498946a1b92679b32c7b35899edd1ac48d61cad26"",""0x9ae658816f2cd9f9d93df26417e64b8206f18140199ccd1dc16ed9aabded2ef5"",""0x0f1f4219ee00c1666ac598c4ed9b73e8f5930e6f76d323712d4bed1a9bb0d89a"",""0x764bcc5941ba5a44d289d87d1fe02888fc912e1cd264062a64fef5461284e6f8"",""0x3a51e57a7788e54e0e0c36ac50908651d664712bc2ef1475a492710a1ff778b8""]","[""0x765d52f21619492597e96bf708c6f038dfdb4a7bf22b86e57551684dce9e676b""]",0,0,1,0,0,0,0.1
dedudes315m1329b005,valid,,3,1,5,m1329b005,100,10,10,"[""0xdcfedf9398802f73f7a2d1f72b60b444883576207709d51805aef8e9c2bd9006"",""0x9d716eb6580a5f8cf4c06e97a7b1e66050be34e61e88318e4a4bb1ec3d5c0a5c"",""0x3c5c7c3cdfde1e6a610fadeb29af0d5bf14b21cc8fd41743407ef8de4c918396"",""0x9a83470f7fb314a3cfe2949cf7872a1b868d565fb7587189e4774901aa31e5b8"",""0x2f6dd35cced06155ab1ec71da5e76557f32ab489d997c7e3fe70c33191a90a5b"",""0x5796a0b1e94dfa0abee5664ffb9bb988c07e65e1c29ba94cbbe2dfb72c1dab4c"",""0x5e0e4d29aa13d65bbad29368b9c1c504f8d5b110c0d49f41d38560c8241976f1"",""0xc55db68435d0aeed700cd4fcb2b0d221a9f9bcfb5cc2cdf8f655f75e1216215a"",""0x0ba5c5fd145d9b0afbb3466978375105c43268c9ab04587514e1e4c324e87bbf"",""0x3789037d39d5005e98d64de45bf9c9e595cbe7b44bf506bba111a9808b394471""]","[""0x3c5c7c3cdfde1e6a610fadeb29af0d5bf14b21cc8fd41743407ef8de4c918396"",""0x9a83470f7fb314a3cfe2949cf7872a1b868d565fb7587189e4774901aa31e5b8"",""0xb1590d9042f1c9448f94de9acd0f4ff6270a18ecbe4ed2591313a4b052794ced"",""0xe9d3327a0c1b0f98946fae24d653fc98d80d851747cbf8ffec35ce4fab056c2e"",""0x046a603242429ffda7ad1f536f44c8464256e46136a39a88bbb37e6036461f55"",""0x449a819a683cf90a486faa5a3e69a3eff8527cf1e5d672408382aa66280f9bf2"",""0xe0af3ae528b720df7db331772a439a72d9b7c2a23d74b9a816247e89fca57021"",""0xf794db395623b5ff4392db660d1faa7a3db0b8bbb4c59093df8b7c7ba259dbc9"",""0x37034dcdf67d5da562530e4a81e736eb52d13a96010e9f98afd9681bf2443e14"",""0x9798ac9c171506a18608b78c3c0816154b74e320d9ebec9aef5cf7ee8820befd""]","[""0x3c5c7c3cdfde1e6a610fadeb29af0d5bf14b21cc8fd41743407ef8de4c918396"",""0x9a83470f7fb314a3cfe2949cf7872a1b868d565fb7587189e4774901aa31e5b8""]",0,0,1,0,0,0,0.2
dedudes315m44fc2bf8,valid,,3,1,5,m44fc2bf8,100,10,10,"[""0x3151cf1f6245ad1f95925a7c6ca997a55c4df051b87283ae86e2233718593879"",""0x94cc8dd56cb47a38c5fde48ab4da2f2d7a22afa57cd4737cbb3ea216ae681034"",""0x8dbc33bb09de968685fbd0241a07b9b02f51c04ad7594fb15973d8ba426e3d5f"",""0x85ff37b4e72c8a75621b51f4663b8e7212df70fb07bb8c71504b7ac483bc8feb"",""0x3a51e57a7788e54e0e0c36ac50908651d664712bc2ef1475a492710a1ff778b8"",""0x8f97525ee4f159262444da888995bedf1a70a931c5074d4b2737666660b70969"",""0x271829efde76f2178f0a3dcbb7fbca9019632d040114254516933ade7a37ba84"",""0x9e14eb9b0b4d79e8a0f857e9e859cdf595c612dae2bb3851332b3220d3f2aded"",""0x9a360976bba2e89f0452b5504aa15a2a3d788f5279077f4971b22af6cc9e9338"",""0xbc5a83be880d7f3171b94822c7b7ca95c64a9a22626724cd7c4652960b2ed6c3""]","[""0x9e14eb9b0b4d79e8a0f857e9e859cdf595c612dae2bb3851332b3220d3f2aded"",""0x1cd1a0af806057cb0041bf01fedcefbdb51d03fd6a0879a16c91c4bae5430ba7"",""0x5236f24fda178ebee1e67f896ba01c7305c09718e74429772f449b40cbc5c735"",""0xba43dc1fee7635c8ac3640bd49f486f7d217a475a123803af63389b831328443"",""0x139327ab62bbd4934b7cfc70645861896cb17522dd93377e162859737ea6d3ae"",""0x427b720a9454f6ee584a1ef9e5035b3e438f150cc81e15066d085a6fbbab522d"",""0xab3434f8b5ebbe9ed39e209cdbaf610d2b92816d62634fe264263410bc2a31ff"",""0x8dbc33bb09de968685fbd0241a07b9b02f51c04ad7594fb15973d8ba426e3d5f"",""0xd83117a66902557710ac877d5a6e5420420b22d06e9ecafd3d0d0d54852a5c3c"",""0xe75fc98815576ee938473e991f0fe07af751336b9957a62588d93fdbc0ee311b""]","[""0x8dbc33bb09de968685fbd0241a07b9b02f51c04ad7594fb15973d8ba426e3d5f"",""0x9e14eb9b0b4d79e8a0f857e9e859cdf595c612dae2bb3851332b3220d3f2aded""]",0,0,1,0,0,0,0.2
dedudes315m58cd743c,valid,,3,1,5,m58cd743c,100,10,10,"[""0xc293cab7efd58dfaad914382f3ec76f4191f2b269d219a47097521bdb63e5444"",""0x832b76355ee1d7de460851489a18c3f3f4ee56683f94d7cde9f8b55220037d75"",""0xb628ae3f63df97bb243964a8d670fe3d79e14ba71d36aab2c72041ec808e913e"",""0xb666f7388daea73afd4e6edc50c33a3b757f26cfb7f524ea95ed4aefce0fd977"",""0x86a9cff02ac139fe841365bc7b8ccf1521c253e827c12c77bb94e4a563e69631"",""0x2b58c6f5e4821d8cb7e90ae30bbc8b543603770c27610f35c66d50d716bdb241"",""0x43543990128eb7a3134fe62c156ca892c55d10e79a0ba4e57f0c39799d2e21cc"",""0x478c3e3adf74c4cbad602a50e81199167363332778058451b0a4c9eb8a77d6f3"",""0x3c8efd6f155b6e3f79c54eb66ca50986fb5c55a21968fc49251b125c09db4e07"",""0xfdda2f6babdf3c699896e7f19065242895cc5ed61d78c4a83d22fa204908c478""]","[""0x9c6819fd248cd16a3fc17004ca2b67e87f5cc68986602147590293056036e6e5"",""0xe468d8edc4a54c19537f2de145f9b8e65cb9f043cd1aa27e1549c2d8471701b3"",""0x80e8fbcc08caa1dd06a1a7aed25697a96c8a47b4d645291144324189e0073967"",""0x909de760f48ac7e0ec11f7e278bfd2badcc2e1cdceccb1e89cf527196eb328f2"",""0x9148ff50cf94b78f204da5a6297852b12d17e8bc815147d5d8fbc5329d0ba2c4"",""0x8d569616a01ff7b6f8c3e29a5d33273ab6c86c53037cae27ef6cc51c67113f78"",""0xed645af593084ee81eafa1aa8b6951ddddbe81a8fdede6bda5e069b77a70b1ab"",""0xf108d19218ab1d485d94bf7edf808ab93b615d2ebf6bc7a6bb4ee827d1b06712"",""0xfdeb433372442dcc656d51c2e2bab43fef0e012ccb4076ceb0fb6f9ba1eb9b29"",""0x7c5a5789f21eba5040da4d9395aefc688a0f120e2e3c76700e30461d0c31c47b""]",[],0,0,1,0,0,0,0
dedudes315m5f378a26,valid,,3,1,5,m5f378a26,100,10,10,"[""0x9cbb79130a14d3f5d515cc15d95bee0b494d6180db7c5d28086086fc99f5214b"",""0x8c73caff07adb3f63f47af3d7424fca991180a267d5cc7d86f844f2e1ba8f8ef"",""0xa2a46c90bdcbf0a7824d46d8116ee6b7a39331f83d437ca351a71e9aacf3d533"",""0x3ec728f5c1dd490ae1229323fb5217f61c0b4dfe3255fcaa06be8db15e69c0cc"",""0xa5fcac3b6200c8a4eef6478c386b35a7a0f848fc4e4ebaba3ac5ea92f2720222"",""0x333b9e9edd19a072730c42a8dd7f10994f4688902ad7d1fdfdb1e15017ccca71"",""0x0bbef4c745f3085a906c297a79e399a838e17ecaea250c55e4922f2b6148146f"",""0x8517aabc740ce245a853f02781813b01a16010b42bc6f428e9b14de18d5a514b"",""0x8536e1340f42b2bb95c963bdeef0cc1ae5e213da46ff6b6a93cb11e387290313"",""0x764d7d955a830dfc76a9cef60c03f1d32acbd04f89f73a8d17b4dfc0eb2e9cec""]","[""0xe03f52b78bc8e9eab84e177e513ae005b06cbe60597e3fbbb3f6cbce41404793"",""0x83597780a900e3443f7629c9b0b4181f53c8c3b119b210233befb1421e672e93"",""0x2c6ff6fd5988e48779fe9d7205881d59036eb530a80d7b3473f99cf9a1983500"",""0xd06a42d72cfbb96ba643618224587534b89ed6d8fc280e2b48ed9c6c13cd6972"",""0x29faba369a9df31c5cb9e6bc1c5e33037f979b47cee76339e986f878271fa5dd"",""0x93cccc9ddb2c07147c7775f32275ffe610eae9dac4a0b0e0c03c37e1c0bd53f5"",""0x94ec6120d2be59f3d3989ccd7d85da8a22cde1f056fcb7ac7cd109fc9c493352"",""0x5c922bd085dadc1604adfb84e835cdeb680d47546aebdc5f3cdc700301e4b7c3"",""0x96066476fea3949719914409cfca4f333dd56c06875c4cb6be7161a9df28ec5b"",""0xa79b998f79699d11b4f12c5472c7ae2ce658f690ff070100aa8cbbb0cec325c0""]",[],0,0,1,0,0,0,0
dedudes315m605d61cb,valid,,3,1,5,m605d61cb,100,10,10,"[""0x5a354742fd5b660be04a0326f7e084e2a2e59d132e361028f7dc0613581c139c"",""0x9bdb451523a210226b58d128fc9c31717b88f968f5b955dcf4bbcc316395af4f"",""0x079d0adafe244885f377b00de582a588e308cffbc383afd9dcea817eddf2fd89"",""0x08e97409e94dc96f481069021cc78b5317f47e4e4aac618845594360beeb00f2"",""0x3cdc703e6fd5a4ef444924a804a9e23aff0beddc4f6eaa806e88bd8aa3edacff"",""0xe62709261d7f452aa55c910b9d397187478eb21667ffaa5aa1a69b42ef56a0d8"",""0x3c5c7c3cdfde1e6a610fadeb29af0d5bf14b21cc8fd41743407ef8de4c918396"",""0x06f1767fe48b30b1b8d28ae04d13e706f4126d718047ff24de37167a9125eb24"",""0x9e6c1086f0aefe1579355ae315ca3c5e3e52c0bd5e7470bf695e436359bf1ba7"",""0x56b616c48512be4a62504f6d6679ffe210d6be8070cf958d8e57ad0b8e2dfa62""]","[""0x5236f24fda178ebee1e67f896ba01c7305c09718e74429772f449b40cbc5c735"",""0x7c52680fcfef5c7a792985f3ad5c6f7d89246254102af68608ab10b59e8a1bc8"",""0x6288dcfe5fb2840d2562fff7aa877762bbb68d40fa73a282fffaa9a6f8c8a10c"",""0x17e8c26097d0ff404e51aff2c72019cb18f3aa51e2095995e64b675842e14a11"",""0x97423c55158df9670a689f78b9b25766a67c2206551fcfcd9909eaa2b209fdfa"",""0xf108d19218ab1d485d94bf7edf808ab93b615d2ebf6bc7a6bb4ee827d1b06712"",""0x8d569616a01ff7b6f8c3e29a5d33273ab6c86c53037cae27ef6cc51c67113f78"",""0x47399756da88a59616696c5337a59aaeb941e2d81c4f4caaf921c282c55c6263"",""0x29faba369a9df31c5cb9e6bc1c5e33037f979b47cee76339e986f878271fa5dd"",""0x4e20376d1da11c9e1f1d90c95dda5d888cc4afaf92514bcf2dce9c5d0ed6f72d""]",[],0,0,1,0,0,0,0
dedudes315m61ff8ed9,valid,,3,1,5,m61ff8ed9,100,10,10,"[""0xfc04a19087edbc1da922120d26a7b65619068e66fa34d931b0f1f70c66c0267e"",""0xcdac4b8724f50f65662dfbe63aab4a8c00aba9ff45b3ef54b4624eb092178fd1"",""0xa62a958b83f6c5160074f14c3ec7e44184ca730e4dbae5c8895b45992a3b190e"",""0xa60061a46e6f3588611ff2e030a8c2739435473882e320556fcfb9df009f9e67"",""0x9d97d9bc925cf0899eecf009fb6c4f97ff7a9532e93b11844e49a715e4cd3248"",""0x8dbc33bb09de968685fbd0241a07b9b02f51c04ad7594fb15973d8ba426e3d5f"",""0x688f27a824d56679de1d4333c475084fa393064714c11e58add899fd8a98a2f1"",""0x6abe5b14e7e5f95462a3451441624c82b5dba83d2cb308d785adbb6c53944f1d"",""0xe94af6de51c16c176b861de4cb1227cb5aac25da9c8b90b4cfd8c4f5c052f8ee"",""0x088e3169a82775127b1e3cb7eda9ffa169aad83cdd26743bd84a1994d710e218""]","[""0xa5354f7310ed91f59b1c345e39c21b3b0a760f554e1c86015d34b20bf1573fff"",""0xe73354790507ea53673c67d57b9a4e38a7c891a6f1eba2fd7509eafe56356b74"",""0x047056a4db8bc397a2311e162c6c84c92e428d210fad778e565a69407c2480ff"",""0xf753cdb4750238eebb2710939be41aec7da5c28d5812cc16ccbcf95421e17a65"",""0xac8b80036991313f0d9991aa483a95a9c01079cd33e372b5d4f6225deb94ebe3"",""0xabd36aa877f84ff262365e67d8bc106b156ff7a8b05109e7be64388152ff0974"",""0xa17d97abc100dc9f7fd738ca789c4f6db08b3c581ef01cd5161a5f139b8a79e2"",""0xed54d7a9fbadc1c92763a2cd69d632fb026af91e74faa22722bc8981334ce6cf"",""0x4075b1c1a48c332b84b4ca094e3b13c917ba819a5b04ff83479afdd4ca43c354"",""0xa2768aee9c99fab0f52e085695c2373eff29dcb97f88834346cad088b73812bd""]",[],0,0,1,0,0,0,0
dedudes315m62eeb31e,valid,,3,1,5,m62eeb31e,100,10,10,"[""0xd3b4b9f6f6182ab45c2a03bd0e3e5a74c67714cd31fc91ce22d96ec815857918"",""0xf36ffa249bf590354898aaf0ebe1f3007a0c588aec5369927e964e5e71192d84"",""0x06695fb5641c3680e85f19e4d7d309e0ef749b92d03eade667b86019e3d0853f"",""0x75232ef6746d01e9b8c3c4fe3f6d217fbc13928d20867b00a929dcd7d5749bd6"",""0x99c64562defad2f1718b78a3014eb5582221e0ab10d0f8da0d92f8a5e4472d1c"",""0xa0f680ecefd895d9fd933e4eeb021e41ab3693788b90070d8b448e2d300b62f6"",""0x63f38a7112e47ee5c2e95d61e4589f58c4a7b0ed0a54653dfe44a8213407c79b"",""0x6ce9b85651a97a73d434110e9976fceaae9891d321a75152161c052e3f6a19fe"",""0x7305efcada23bf932b1d643271d54b895f0d82a3a43ff08b0480680d54366384"",""0x9d21f7c8177175b4b017f567f2eb23d549e7bba245e7b971f5a42e5a55da7acb""]","[""0xf96bf5d3cfccc96a356555adc13fcc7edbfa81afc78a5fa4043f3dcc47ae4323"",""0x75232ef6746d01e9b8c3c4fe3f6d217fbc13928d20867b00a929dcd7d5749bd6"",""0xe912236ac1e0fa2314dc68c399351e62211e87c3958e648e380df3554a876137"",""0x0147b80fb439b3c56263507b7354f947f9196fcd5c43632dafe2463a29356c5b"",""0x6e6d758c129baedd88101292ed8a6478f9e421eb01f679a57b3c644f3876f468"",""0x047056a4db8bc397a2311e162c6c84c92e428d210fad778e565a69407c2480ff"",""0xab58b9907d0218646605951a37a38307528978618ef01a598905f9eea1137c91"",""0x2bed620b53fb262419044820898d7dd1a83109bdd26079eb97a00f66fd19e50b"",""0xa5354f7310ed91f59b1c345e39c21b3b0a760f554e1c86015d34b20bf1573fff"",""0x4e20376d1da11c9e1f1d90c95dda5d888cc4afaf92514bcf2dce9c5d0ed6f72d""]","[""0x75232ef6746d01e9b8c3c4fe3f6d217fbc13928d20867b00a929dcd7d5749bd6""]",0,0,1,0,0,0,0.1
dedudes315m688ed826,valid,,3,1,5,m688ed826,100,10,10,"[""0xbe40c8792c5e7ae1077cfd035d1031a37da1ba26bc235a9785b8bf1ed27c38b3"",""0x0b8c0325fd06c984bb93986ac7bf335ad1bd0b1607f0981ae6e3e86e5527e3c3"",""0xb086ecc9f1987195e428fbe1e843193148cd10078a32cc801b28d2a1ed5de014"",""0x47a125c76f0bd169a179e23268ad5b1fbec5feb6f700b4381ed6d376d527cfed"",""0x839d221d81f1ae2a6b510e74b2e2d3ecb1d1923a5e73e5ce35588c7f49a173c1"",""0x3d9b4db2bd6bf366e6671c87c321313bb4a06fc40ba3deb2246e03f5e8160df5"",""0xb58556c4838c2d32ddd569cbea4b97e78d15005bc4ab4902a71c59ba08ce7163"",""0x03ff41ce3837d17ef429a10b972d50f45403b7c44e06c77d3b93c92deba5adaf"",""0x63d16b55490739509ed86760a47c75286fe35e1ecfd8fc02f0f42bcb36f0bfaf"",""0xfabad93febc057a98a5ec8aba14cc4a16dc75d830d5af1f5045a211c7c00ff4d""]","[""0xa6c3685747057209a427117968fe118950aad3eaaf5386b285e0b3b54cef9f87"",""0xbae758a9b835e93f83a4715b4d0b3f8e5e2f3c17b6b72baa0d50ee310925fa9e"",""0x71c27b8547dd4bc5b567c4bdfea30552124c62fef8f8c10781579ba95ad6bb72"",""0xdf68bebf3b276ea37921247bf2bc5d4faccce08b5f9721559030b1e34603f1a0"",""0x3fe9683c0e77ca5d1c545a47a22db2070f92b786ef071a3bea362ae0ae8b76d4"",""0x9e14eb9b0b4d79e8a0f857e9e859cdf595c612dae2bb3851332b3220d3f2aded"",""0x24b3965f185cdbe1fc3727ff2135238ce0ef4e7ee1390c559ac159dbe1d0c04e"",""0x2ca8d5400b3f2a2c1023e937e8cefa19eb7934d6c64e4eb7ccaef4bf420eb203"",""0x910c2fec08f3cbf6278353f88ca09a0d1a2a74f3fe194bcc8e6ec6df84b6e5f9"",""0xd58da8985226932f70603b9da4ec0037387458a6c26bbb78e6f7e2fe68bf86bb""]",[],0,0,1,0,0,0,0
dedudes315m74b51335,valid,,3,1,5,m74b51335,100,10,10,"[""0x83a064fb0c3d929367b562453fd56149325de6ec75b506925731d32e2572c2b0"",""0xe34a9826f7afff98a0f7315f2941cad3a4f3746a2d783f7b4d3a1c52103ac968"",""0x2b2aa943c85f444b73f30ba39f4ba1c0ea5599ee3d455d9029994832f8935d89"",""0x927d988818abf504d4dce598e7494e5fe56f33a54d03cedc61bbf54d48dc68f6"",""0x89de293badb6e8ef2691d811ef98dd0c56e75d703141b55b672c6e4871cab4f1"",""0x22cffee120b9fef6e183355806151510b8fbe72aad105bd57256f3009248a074"",""0xe2f12dcaf7d2e6820b42df7b1d09b421258c275035e2e4ddf615a73496f5ebb9"",""0x6efffd26351366aee73474dcc96b09d416d5c182f8ceed91333f1f985b889978"",""0x5234d1b9104ba85f3cc22c88e6809a61cb57c002adcc8c3c0551b6f480e9e40e"",""0x9c6819fd248cd16a3fc17004ca2b67e87f5cc68986602147590293056036e6e5""]","[""0x89de293badb6e8ef2691d811ef98dd0c56e75d703141b55b672c6e4871cab4f1"",""0x93cccc9ddb2c07147c7775f32275ffe610eae9dac4a0b0e0c03c37e1c0bd53f5"",""0x888905a0a534ce554b87552efa11982058f2bd78d7cd30f22878b95f388290f8"",""0x2bed620b53fb262419044820898d7dd1a83109bdd26079eb97a00f66fd19e50b"",""0x4075b1c1a48c332b84b4ca094e3b13c917ba819a5b04ff83479afdd4ca43c354"",""0xbc27e5eeae8d24741e37498174c18b7be391ae0403b6218c92734f8c2f6a975a"",""0x47399756da88a59616696c5337a59aaeb941e2d81c4f4caaf921c282c55c6263"",""0xc23952c378a4c56a3ccefad166600f45f6a804220be6ee2ff45beb77fe1e1a80"",""0x2c6ff6fd5988e48779fe9d7205881d59036eb530a80d7b3473f99cf9a1983500"",""0x9c6819fd248cd16a3fc17004ca2b67e87f5cc68986602147590293056036e6e5""]","[""0x89de293badb6e8ef2691d811ef98dd0c56e75d703141b55b672c6e4871cab4f1"",""0x9c6819fd248cd16a3fc17004ca2b67e87f5cc68986602147590293056036e6e5""]",0,0,1,0,0,0,0.2
dedudes315m87a0e423,valid,,3,1,5,m87a0e423,100,10,10,"[""0x12b10840af76dae24935c28d98e8bcd4783afd7ed0d83ab1ed972536b18bf82e"",""0x48bcc597a4fa707c2d615b32c129a4069ac4c0120947d0afdb5e897b83ad9128"",""0xa07e1bb4b31aae6683e1158eadb7ceefe76575d47e5c5475ade42c4fdf34acd7"",""0x41f35ed4bba909a025ed2566481cd052f0e6ad5350134c94ab3f2da0a5197796"",""0x9e11fd1ffb4e9b981f74eab7dc9d69a949d0ad9bf03189f859aba3581ab7e89a"",""0x60b4be27c72f7952b0b6b9bea5ac61f7e8696a302ff5c4ae98e7f96cab5c7a83"",""0x6fba408e22eec7c548af58eafaa30b19c288e277ca56c93fc10599e1738f98d9"",""0xa5fcac3b6200c8a4eef6478c386b35a7a0f848fc4e4ebaba3ac5ea92f2720222"",""0x28ff63677970dd8cb593124e45d80ef6a717d1c10500ae9758c1ae9f978dd303"",""0xc662f778c9a04074755760bf0f09ebbc9465c53c8a417b7ff76fe63cd71f1769""]","[""0x4ecdf3e02d13c9fe32db547b16d4703e37fffadfff94ccccafba5d3492270e84"",""0xd247cd5ac6d6b3dc844de66d61eb913737ab441ca94132664b1e1abf058db54f"",""0x8fa0c2d99bbdc01f3af5867614abefa0c4ddc6da838698d9c9c816368a4c68ba"",""0x7321022e3cb70e0ca5419929854423847ec5986fac6ab928bccba76d1f95085f"",""0x4b34d937794e2a40aa0e0b2cab3894d84cc5ca50772ada5dd00d3bdd255111bd"",""0x9472b1c0afb7c6751ad0c546dcd2b1fd4d72269eeb6eec0590ae3ea255789880"",""0x57137b2edd3af8ab8e1a99ca842ae3d78f905ad42c4f079677b2656f7cc647da"",""0x4feffcd1822aac4917801fa166946af6d6a03938638e96f75b64f78af2d00ed9"",""0x6cec17c15f975a0c2c5010ded2db37c1c91e6bb5d35e7a4d07a843a76bd9fafb"",""0x11c6ce9371279a26939a5cbfa91e968d27cbd7f2d8cc288ee357c306c820b030""]",[],0,0,1,0,0,0,0
dedudes315m92034409,valid,,3,1,5,m92034409,100,10,10,"[""0x139327ab62bbd4934b7cfc70645861896cb17522dd93377e162859737ea6d3ae"",""0xec5694704d88b9d8110cbdb1eb4a9c4b2a036acea4f55b393c0e4ca8f6238d20"",""0xa92224ce4b7dda50fab4450bf4c8ff480c9c16e371a6cbbf4875632f481d1494"",""0x74e7be8b32e08c0943c3f357ddc428139bf197e2d2871fa7255a72393adaea53"",""0xa353c2146e9a243fb7360a35428d933c411fa272574b61ad2a7e5bb90c5877ce"",""0xa21c58439ba76498112a9dd59801d9eb71d2b8e004ee265c9369fa2383ba8578"",""0xe2d9f6ed2ad0b01e6a7da20c6ad257cdcb875d010863e437299eae66a07a4a83"",""0xdfd080e6d5625036af3e0326c7a63a6a701a1b110406427479510f5d022293da"",""0xaec5f3d8354072d281f62bcf5bb667d28adf2707c88750a1fcac78122226a936"",""0xd5da447f1639752766f412123b8cb8bc0de68f74b45fe65fccccf4a366c25bf6""]","[""0x52f959174b3d5e4a9c601c8be94fb382d572ca485eca8cb636993fb300b8dd2e"",""0xb8b2866e059e96f8e2a4becbcb056bf746394665af6a4d7332d712015aab77a3"",""0xc4ec954ae50a47e6f4dc94c797d002b53e75a54561cfebd8ca67b32879cec36b"",""0xd640fc571224b43933da64febedeeafadc7979499fd0e6564fb7d8d00ca2b2d6"",""0xbc0dfb81cf9e22d2d366e0efd4ce5db0ee3ed857f9bb36b8dd7cccc3bbad7d3d"",""0xed645af593084ee81eafa1aa8b6951ddddbe81a8fdede6bda5e069b77a70b1ab"",""0xac71cf4c6d1b0b6ecf72b81901d1e7b92d55b1424c93743d83a5a6c3a2a95112"",""0x0026d3f471982cd447ef47a2f259ea569aed62b3822c41c4b317797fe231a5dc"",""0xa85a50d3fbda3680b262cdba8344aa00eccd23094f7e17385e88cbdb6c045853"",""0xafaf37138b574609e2b3a5e1aa3234f080ad70ad5676fad40b19895a078d7dee""]",[],0,0,1,0,0,0,0
dedudes315m9a581345,valid,,3,1,5,m9a581345,100,10,10,"[""0x9f0a3a8d25a45639ae098d31cf4d9b0b878f2554dc75dce680d565515a32136c"",""0xe3518c539249e19284d9ecf920f9253c5f48a52e01c01c383a78c92121870ffc"",""0x0b11176ffd279cf4e1fc5f4d0afa222f064ee56dcbfaf089a9abf5597195b176"",""0x15418becc3a38294b44abffeb029c97bf246f89f0679daa94e431a72b8d79af7"",""0xa077d467da14848d18e59e8577d5713ebe983a7a361998d6825c5db70368f0b1"",""0x124965f4295b430e31600aff8339d9e8d948b45552f88d1931428fec081af241"",""0xab3434f8b5ebbe9ed39e209cdbaf610d2b92816d62634fe264263410bc2a31ff"",""0x6dadcd3304088ed9827a3ad5f8fae5510a1020d45d927eb3984edba06dcc2165"",""0xdaecba2ed12f5a5b70fa12804a2e95989f00d20797517e0792bbbe0eb9fa7798"",""0xf805dbff6348742ab14cf679e7f8361efca863743fdfdec50829ae45981920a9""]","[""0x29faba369a9df31c5cb9e6bc1c5e33037f979b47cee76339e986f878271fa5dd"",""0x8d569616a01ff7b6f8c3e29a5d33273ab6c86c53037cae27ef6cc51c67113f78"",""0x6e6d758c129baedd88101292ed8a6478f9e421eb01f679a57b3c644f3876f468"",""0xa5354f7310ed91f59b1c345e39c21b3b0a760f554e1c86015d34b20bf1573fff"",""0xe942f44aef93d4afb3cbaf854f82604034c778e957f217525c0d5b8745fc0e1b"",""0xddb3d9f3dee573b1be47b97205b1dad6937e2aa63171287104d449baee27f61b"",""0xcdf69590102e2120a0699bb0bb4b1e9ded25e4d2f24f7526b1cb67c97658534d"",""0xabd36aa877f84ff262365e67d8bc106b156ff7a8b05109e7be64388152ff0974"",""0xe32ad4d2b4c5e2a403429a97e94d1115a2a6746b5eefeefffbb697694fa1d4f2"",""0x7c5a5789f21eba5040da4d9395aefc688a0f120e2e3c76700e30461d0c31c47b""]",[],0,0,1,0,0,0,0
dedudes315m9f25cc42,valid,,3,1,5,m9f25cc42,100,10,10,"[""0xa52341e05fdb6a81cf1caa591fe1e05c71018324a4fe74d32a338787220793ba"",""0xb54d31f2e89f6e1d3d1d659f1ffec1aa642d4fbf8e6dc52863e208aea5410ec1"",""0x3151cf1f6245ad1f95925a7c6ca997a55c4df051b87283ae86e2233718593879"",""0x3d6f12969605dc8d290d2dcd11ee6a8911bed30a90a4a67170e9b2d5a4c49628"",""0x4ac00df2e8e7ebd5d0c84d61568a0ac2e4504fc1371ad1292ed28f3f57f5391b"",""0x2ca8d5400b3f2a2c1023e937e8cefa19eb7934d6c64e4eb7ccaef4bf420eb203"",""0x183024567646d96ff64f83d96f5c0b63d3a2d6d1174c58fc7f8211823ef47aaa"",""0xcf1a70becead9ca09ea5d7634810f36adfe0e0168298a03d045246592d8414bc"",""0x8788939ddccdf8e78e57c0735229a8e72ba044b2830d252589de113f575b9c91"",""0x90cbe598b0ce1b4c037e463ab17d2d9a50ee452c60aecaa68f839f864a619875""]","[""0xa52341e05fdb6a81cf1caa591fe1e05c71018324a4fe74d32a338787220793ba"",""0x560a3a1989194c2252f21688e120be2ccd659c75fe1edf11e3657c036f6b97b0"",""0x012f7a5533aa10df03f81882585c8519379e85aff6b3795e78345287a76146de"",""0x6ca26056104de6a9637fabafb1922d5f2f87e552b8a56e1e2bf5f3f18c17a1fc"",""0x76a481cda16a9b51383887ded51afb2739c0bd85e7cd613c6454f2556d72b108"",""0xf1a5d828a3c76d090fde663f9d5301f508996cd8bcd369bee7f8d22b8a7aee2d"",""0xa57a419d14e97fbd6f66deae8d60b09b35e6b3eb57fdb74ddab9d88b42a9f182"",""0x679a4b7500e218a9148e881a0eb0c30fa15405ad10fcb785ca882ce2b28dcc69"",""0x13ad2aaa30aa2c9cf95c2a9bf238b1c9dbf105d72ea30521868af92a2d943b6a"",""0xa8f6645926614e855e9e5410950b0d978447966aa63f119579ee2f9f1f815372""]","[""0xa52341e05fdb6a81cf1caa591fe1e05c71018324a4fe74d32a338787220793ba""]",0,0,1,0,0,0,0.1
dedudes315m9fd952b2,valid,,3,1,5,m9fd952b2,100,10,10,"[""0x036a595e716e8da3a4c46e58a85df4d19113dc842a6238e934316df99832c1dd"",""0x3728d769a0e94a8d7bb4206065a99b977cc27b6e56b6936abfdfa99c2fc0e994"",""0x15375c29885ba8ec082167b98e385179d2cde641aadf61f7df0b498c97135d9e"",""0x73a62e998c49c44eff7b8e8609b7f88c311aa6782b8fc9bdbfacdc626d2fcdcb"",""0x9478c028042b818e3e9fd611fcd1aa20d65023f1c0989e400fca36791598128f"",""0x0f2a92e8313992d89e001ed36f44bb9617d65da086386b11ea9fe18d2fdfb106"",""0x977290baf6f2ff71e6f26b4bad22e0ec62100e1a2f5ac2b4e2b7c506d3d8b3b2"",""0x1a9eabff5b62475b9fa7c2ecc66cf7c3e4d5f7cbf1bedd77507418a722a7ad7e"",""0xf8373f96b98e85231c4fd0c76442671e3b6c949cba09350c4bb05e5bb4910097"",""0x8cee6940d18414f933eafe6b3a15e6d018e5375bf3a54d7554fe86ad647cafb8""]","[""0x0248d2cb7fdf2a7095b7715c24e053f0425e97a94dbba26f5fbee48dddd62335"",""0x52f959174b3d5e4a9c601c8be94fb382d572ca485eca8cb636993fb300b8dd2e"",""0x370782400b6be3d398463e29ac2e7fce9b87893f1222016aba1dd78c3be96568"",""0x13b6d9bdd6ca06f426dc0d41746324c9ce628d54eb8c6f7585171d54489105b2"",""0xd7d653f7f8e66eb593bc9b749e14270025b9d8fa3c3b79c90eee945e199c8d4d"",""0x2bed620b53fb262419044820898d7dd1a83109bdd26079eb97a00f66fd19e50b"",""0xac71cf4c6d1b0b6ecf72b81901d1e7b92d55b1424c93743d83a5a6c3a2a95112"",""0xb608421e38e36743f8fbd8f6ecfada1c05dfd5091e111c5bca9db9c42a39324c"",""0x51ca5ceea8865e68fea76905e36eaf9b1307c13e80e084abd7c08edfc103c620"",""0xf96bf5d3cfccc96a356555adc13fcc7edbfa81afc78a5fa4043f3dcc47ae4323""]",[],0,0,1,0,0,0,0
dedudes315ma13a9811,valid,,3,1,5,ma13a9811,100,10,10,"[""0xaec5f3d8354072d281f62bcf5bb667d28adf2707c88750a1fcac78122226a936"",""0xef7983386c52f2e3fd86953cb396f63925a347990bc0788e13470bba1246a1a6"",""0x4d26cdd7c14317b28683534f1a6b0eef1e503cf2c0dc83905a7255717c75ec00"",""0xd6123c9172358a6d7a877304cb9b7311be7ee4684008057c0434f3bc871f49e1"",""0x8788939ddccdf8e78e57c0735229a8e72ba044b2830d252589de113f575b9c91"",""0x08409c88ced795e923586fc7541cd01415324e0c0ccb6ceff805c6a07281896d"",""0x6f36db2e89512e0d23a9d0d6aabccd47dabad6c24d86f4ed3e2f34d2f18b5970"",""0x972cfa2de1c4f801959ffadb7e6ad7fb4c8add483fce5ec5824eb11e38544b16"",""0xc5c2cb86131f9e87776a8803ffd32d0cd607c48d0d8417a53e9e914dcb7b7f8d"",""0x914020427e46dfdb433652fa42f8d748194f468299ebb4d21fedcb46d9db0637""]","[""0xef1c682a96f426ceffe117ba429fc06fc879a35e191eaec5c199908f2c665b34"",""0x39dabafc64c5c5eff56582e8508223dee7f3a8041728d30970cf81a4d1e0be46"",""0x609b958fedcadd17d8814bf0281fbcd474cb57d80d9499dfbe8dc94438a4ca9c"",""0x022d2f24e20eecc4054c519000a7e45043cf9f7e0fd1afee78279de75da5f9e7"",""0xaf3d313a9660b78d41374e9625c0998b95a35b34aa64d466d29942912711d3cd"",""0x5cade3332a7dec40ebd048efab16eefe3f0e6f3b468acbd31aceb93ae5b85d6e"",""0x27ea82588e84c8f07bd0ada1a20ca6b092985d021be143ad1979036c018adddd"",""0x6f36db2e89512e0d23a9d0d6aabccd47dabad6c24d86f4ed3e2f34d2f18b5970"",""0x972cfa2de1c4f801959ffadb7e6ad7fb4c8add483fce5ec5824eb11e38544b16"",""0xc5c2cb86131f9e87776a8803ffd32d0cd607c48d0d8417a53e9e914dcb7b7f8d""]","[""0x6f36db2e89512e0d23a9d0d6aabccd47dabad6c24d86f4ed3e2f34d2f18b5970"",""0x972cfa2de1c4f801959ffadb7e6ad7fb4c8add483fce5ec5824eb11e38544b16"",""0xc5c2cb86131f9e87776a8803ffd32d0cd607c48d0d8417a53e9e914dcb7b7f8d""]",0,0,1,0,0,0,0.3
dedudes315mab0bf37a,valid,,3,1,5,mab0bf37a,100,10,10,"[""0x9aed8bfb07987e63232962f5af76c2ad8c132a6703f223afdb4de05c67ab77cb"",""0x8c37ac7cc1279806c1ded6a839ffca45e0e549d7c2e0d4fb43a1327571a967e7"",""0x8b23e0bacdd305663faad629c52ba372697ed0a7bdbbf85ccc8a843f53cfb1d8"",""0xeaa45f721f0193234674afd501aafbc171cb87d7a5e5b4dbc0bd41dcbcec9e77"",""0x6fd17a652fd42f0b032ad8a397412ff25dae2c10400f4666f1f6bfc8ad48d915"",""0x657b6e66403a699df26b5be9bf2d5caa0f20c5cb7a1e6bc3ccce77326f6b9f4c"",""0xb90e214485cb1ed527c7dbdc3b770b5e34699f5254f221755f60c626c1fbe677"",""0xec7ae91fae735e175818a16afc31968486e1a66154449e6eef8f4d7b6664afe2"",""0xb870383b88c581892fb8afaae581902fa9483eb24e3855dc71949a09ccf53a83"",""0x1aa9b6aa36ba1d5e44dde890c1ad816907522f3be86f3d83c2e450b32f1de162""]","[""0x2432cfe4f9353b1ba5658ab99af0b32f44ac9b15ec481b90164d7045e845a019"",""0x94cc8dd56cb47a38c5fde48ab4da2f2d7a22afa57cd4737cbb3ea216ae681034"",""0x037a73ab9a72306dc8ebecdf80a2ab16d414d96cf2f63c7fb32feb92bf9a5b6d"",""0x3728d769a0e94a8d7bb4206065a99b977cc27b6e56b6936abfdfa99c2fc0e994"",""0x88ce248d0afdcbdb05816c4e2b41523403adb46f31d661e6aa300f6254b8d800"",""0x6ef4bc7397209ca22235b99ccf40dcaebfde72aaa515cc2878e92594219cfd1c"",""0x39b18f99686017920bc59b0c772f4d47d87cbbe371ee08db66be4c9837fe57a6"",""0x3151cf1f6245ad1f95925a7c6ca997a55c4df051b87283ae86e2233718593879"",""0xae344a42798a222d1914b1cb70cd1dad6397e19b0a3608362b5b5f2aeb02772b"",""0x4aee22d2ce86d209c5c30927446358b8b9f135060ae67977c95ce8c029f89aa6""]",[],0,0,1,0,0,0,0
dedudes315mb8cb04ea,valid,,3,1,5,mb8cb04ea,100,10,10,"[""0x8b07cc9cd4fbfd615d3e52d1c35b63fc5d64a682d5120a3db6d1d91970d0d794"",""0xaed8518e8290ba77e2c3751a919b37635189f51df6200ec4dc85d803f77c577b"",""0x8f04feceeeafb4b38ff43f8d5232b1bc6aa0490e4de92a67b3e7fc9e2f7f8232"",""0x47bfcbf258c53c0001cbedd45b0e664916106636b82ed2d3afa34c76dd555a3a"",""0x1a8d31aaa763a757d4815df2b63891f7c359e36817494002d0435727f3476aa3"",""0xd71f8edf80a41df1fffef2f3f869acffa9bdf7276f072ad61b632249f73024f0"",""0x52f1daa49da9bb01c2eaf602a56a61152b52332947efec47b3dc6c008fbda404"",""0xe8412edba001700b4e6ef306fc52d177a99ace9e9d47e581f85c6167452eaf7d"",""0x91d3b595e1cf7028d34681cd1781fabc721fb52781301f0952acaaf65b91c91d"",""0x9d5c8596dcc710f181db4528baa8d6600791ae9dfc7d96e60f73f34cc6de4fda""]","[""0x29c02eefa13b389c7de0218a34632eb93019200b921bd22dc7c6c42f9112b76d"",""0x9822e8750b69266bf123039815e7c7debfb278e6d07197ee125e1482633a49a4"",""0x4763c32c1e649afb2ab46d1ce5e7891c848aedd9ae897db2ee4649bacfb9b707"",""0xdfd080e6d5625036af3e0326c7a63a6a701a1b110406427479510f5d022293da"",""0x4b0222fbaafed533465fde16e92bb2d156becc43115ff346c51481937cb2ba3e"",""0xdd90815cca98f1110bdd2ed20ca96dd581c2178f9d2d8d5ad452484cccb34bf8"",""0x29faba369a9df31c5cb9e6bc1c5e33037f979b47cee76339e986f878271fa5dd"",""0x129000e4093321a868285d2903488aa7b940a0eb1357e3a264c688acabe9afa8"",""0x047056a4db8bc397a2311e162c6c84c92e428d210fad778e565a69407c2480ff"",""0x1d6e3452d8c14ba8ad0da5768f4e893379ad5195191614ad63a148e604464086""]",[],0,0,1,0,0,0,0
dedudes315mb925a6f5,valid,,3,1,5,mb925a6f5,100,10,10,"[""0xa353c2146e9a243fb7360a35428d933c411fa272574b61ad2a7e5bb90c5877ce"",""0x58a1c325755d0a61c9d5c5ecc8e5b1a3db351be2f7ed0586b3f4c827cb2c5199"",""0xd07dcd945ac0aa1fbce15f81f2f1057f33d924b5942b074332c1ff7ad8a9da00"",""0xe031eefb83fbac3f912e01bd186ab428a6106a2e1da9d24510ac2df9edc04e92"",""0x873d0193628e792877af1f2071f47cb7fe512a405dedebe2cadd656642c824b6"",""0xb4303322b711e6762ae2090a8f30b0a3b1c3052a59b4e7d100215f146825bb98"",""0x560a3a1989194c2252f21688e120be2ccd659c75fe1edf11e3657c036f6b97b0"",""0x1051a010e28907f5830f47dd61b48d799c07a62579e5d39cd09a23a9bd2d9b2f"",""0xc05ca9c89c31d935e983a93ca76e5c5bce8e8f1119b409eaf47715b2f9a60ab4"",""0x07a0cec29e45a6317fcd5535570c8f72c56467799ba1d1dac1e510d7a56df0c8""]","[""0xa353c2146e9a243fb7360a35428d933c411fa272574b61ad2a7e5bb90c5877ce"",""0x9e0035c857436bf9a94b0c1f19742d65d3462a5bff4e25d177ebf09586ead800"",""0xc05ca9c89c31d935e983a93ca76e5c5bce8e8f1119b409eaf47715b2f9a60ab4"",""0x9c6819fd248cd16a3fc17004ca2b67e87f5cc68986602147590293056036e6e5"",""0xa8c3c7e57cf6c6713678487ba19f25122b93fae36f6ca5c7e9cf0bcaaebe2be3"",""0x560a3a1989194c2252f21688e120be2ccd659c75fe1edf11e3657c036f6b97b0"",""0x7c2efe492501a633d48b1f5befc513201a40bcd9179017831de762365f9fb0bc"",""0x85fb9a6bcb387ec3dd49674beb0f8f9b2314b34426021f771fb5b9843a3dedd6"",""0x08a53f92c6c09bad8332e30c9d75fbebcf2d11886157685b3dade47a75dde95a"",""0x0313e2439d3f04048546ca2621a685786bc28d32f81734049f4df72a1d29a9e8""]","[""0xa353c2146e9a243fb7360a35428d933c411fa272574b61ad2a7e5bb90c5877ce"",""0x560a3a1989194c2252f21688e120be2ccd659c75fe1edf11e3657c036f6b97b0"",""0xc05ca9c89c31d935e983a93ca76e5c5bce8e8f1119b409eaf47715b2f9a60ab4""]",0,0,1,0,0,0,0.3
dedudes315mba695eef,valid,,3,1,5,mba695eef,100,10,10,"[""0x13454aafbc4e37e9cec57f23a7668d44e38a4dfaf40f9d43cc8fdda8c1a87fb0"",""0xa9a8b3d41055d0bc65f9c61ebf60a0558b65208450595b48ae10a7cba0f34aa3"",""0xe9082b011d954d90121830a8a30ac910553bca2090b0e3d49fc435ebe1d4348e"",""0x573e584c93cf55c214a4f7070d04e40f91a3acf77fc0194788ebc5697c71eb35"",""0xf8a96c5296d71cb7df796ee93098e61ca8e9d53f66eaa524a521d50214b867bc"",""0xdee91e079a46afa37dd1b51f13c6705acc2d9cdbe739f7de9d49f8537b69376d"",""0x925069f6d3cee94c1ef4eeb24cc361a40fe654a18deeb403756a8ee0e9c6958d"",""0xf5b80a9a60f16dc8f496ddff020c51112e888fc6dca95892297eeecbb1612e6b"",""0xd4f316751c2cc91137ccb92ad9811c064a751c519d87034d7e45d56080be9838"",""0x123421fba87e405fdee46786a28e20b9b78b711dadb27905c22345cc2e576bac""]","[""0xf76e1e06753c8a4e15491a4e3b5413f180e6aa9fdad03e81d4979d2ce56ecffc"",""0x44543bfcc1209f569e163db7d9f5b43eb42702bdcfc9c51ffe418f6bc59d8241"",""0x7c5a5789f21eba5040da4d9395aefc688a0f120e2e3c76700e30461d0c31c47b"",""0x8de6a75e281e848e359cdd72e5c738793171e2faf5cbca33bc8b8d13f2e2241d"",""0xed645af593084ee81eafa1aa8b6951ddddbe81a8fdede6bda5e069b77a70b1ab"",""0x8dbc33bb09de968685fbd0241a07b9b02f51c04ad7594fb15973d8ba426e3d5f"",""0x976a3f857cd3a4a1018329ed8be8c0a1f59eee36120abec15f17a08fe82a805d"",""0x3b6a509781748d255a28c100c6ba5cd5fb219f8af55024ed4323ee34595b86d1"",""0xb608421e38e36743f8fbd8f6ecfada1c05dfd5091e111c5bca9db9c42a39324c"",""0x6efffd26351366aee73474dcc96b09d416d5c182f8ceed91333f1f985b889978""]",[],0,0,1,0,0,0,0
dedudes315mbc92d998,valid,,3,1,5,mbc92d998,100,10,10,"[""0x016d5dd462c2b3cfbd87d2cfa5eb72a91b1427e57ccb72c3afbdef557a9686f6"",""0x8cee6940d18414f933eafe6b3a15e6d018e5375bf3a54d7554fe86ad647cafb8"",""0x4756b4d7a8a8a1d4d1916bdecd6badb5988b5a5dce79c72ed78523fad868ede0"",""0xfabad93febc057a98a5ec8aba14cc4a16dc75d830d5af1f5045a211c7c00ff4d"",""0x18b671d6a201213fc16ef497dfbf6b9072381b742fc28877789a81b873717bb8"",""0x50a36a45b1d8a772a690b19570fdc0faaad3c0858f58d515cf56372ebff101c3"",""0x7b79e072db6d1eeace47410757e8097cd9ca21e7fb8ee8fa8eae6ae54501dd34"",""0x541ec553513e461d285619ca4e2d29ab8dc603ff499d549f39236dfa94bf5e90"",""0x6d26162320a21a58a4b1551f88457aee2210e084010831bae04426f5cd0c0125"",""0x4224d15005153eb2188816942499c577e95d999d7c6709657db4f2b36c6b38c1""]","[""0x3b6a509781748d255a28c100c6ba5cd5fb219f8af55024ed4323ee34595b86d1"",""0x7caa6118b59fdaf813a4754af425ac2e46912311827867fcb29bab268a11ab74"",""0xa2768aee9c99fab0f52e085695c2373eff29dcb97f88834346cad088b73812bd"",""0x3728d769a0e94a8d7bb4206065a99b977cc27b6e56b6936abfdfa99c2fc0e994"",""0x44543bfcc1209f569e163db7d9f5b43eb42702bdcfc9c51ffe418f6bc59d8241"",""0xd83117a66902557710ac877d5a6e5420420b22d06e9ecafd3d0d0d54852a5c3c"",""0xf76f66f2e5747083914ae51a7831de7c7b137775223781208a4327e1e4e5b32a"",""0x85498ce22dc34407fc0a29f1e8eb808a3362a108eb39e5ed3b3cda0b38363d56"",""0x44db1f41b36ed2fcb23bcdcb49f6b2aa63f0a0f30e97b2afded92dfc1e7ba7e9"",""0xa18a585af6564044287e7941dae389fa30ab6892d4e29cc1cf6b38431a0e1f30""]",[],0,0,1,0,0,0,0
dedudes315mc1398e4b,valid,,3,1,5,mc1398e4b,100,10,10,"[""0xd247cd5ac6d6b3dc844de66d61eb913737ab441ca94132664b1e1abf058db54f"",""0xee44e9a5c296407f08941d710bdcacc333132651d9553b2f7275da139847a3ce"",""0xaad56189e897be2df32052ea70ebca2c667d5cea0eb911ef1beaf299a81f8970"",""0x04ad85ab8c285a3a04aef9708866be0b1dd8858889925563852717ba11338535"",""0x12cc8fa3318fdcda586bc7cb1b16db09a022aab66dd770be516db73c7b3fffcf"",""0xa3b08c6ec03c186424e9f899adbf951d8cf5194f026fbfffa70b3c03ddab30f8"",""0x00fb5b68a47b95a5500e52c8f21610b9a833645dc7187d385c7e5ffa7756a8b5"",""0x5d149705a332b4acace1ac24e2948e4eedb296b952a6f19787b4d2613f697e8f"",""0x0edd199fb776ce1e94af4061882d39f0da1363826f9102562c07802a0219c49f"",""0xc46dcb68dfb73f6b48146b814468030b7b03c72955c6d352350e1a888a32adc3""]","[""0xd247cd5ac6d6b3dc844de66d61eb913737ab441ca94132664b1e1abf058db54f"",""0xcf96dd76f4aa4ca4703718c3cfe96dca4621f3af34560e257ca9bc0f23c5bf7a"",""0xaad56189e897be2df32052ea70ebca2c667d5cea0eb911ef1beaf299a81f8970"",""0x5d149705a332b4acace1ac24e2948e4eedb296b952a6f19787b4d2613f697e8f"",""0x9736a810837b9591485904f217e1bc53edc3bcc2cf45c3d6443fd0efc3899eb5"",""0x12cc8fa3318fdcda586bc7cb1b16db09a022aab66dd770be516db73c7b3fffcf"",""0x7019a4c261b27fda2ba8dfbeebc1a3c6fb1acb30397ab9d206b9d2518047eb23"",""0x0edd199fb776ce1e94af4061882d39f0da1363826f9102562c07802a0219c49f"",""0x44083458e64996202def47bd1b24957a168d8fbac5ab9c5f9b78cd79ac54876f"",""0x4df5be4acbe8b6a253f38cbf6156ce185bb75f3d60155a1303e97394a7c8ff5e""]","[""0xd247cd5ac6d6b3dc844de66d61eb913737ab441ca94132664b1e1abf058db54f"",""0xaad56189e897be2df32052ea70ebca2c667d5cea0eb911ef1beaf299a81f8970"",""0x12cc8fa3318fdcda586bc7cb1b16db09a022aab66dd770be516db73c7b3fffcf"",""0x5d149705a332b4acace1ac24e2948e4eedb296b952a6f19787b4d2613f697e8f"",""0x0edd199fb776ce1e94af4061882d39f0da1363826f9102562c07802a0219c49f""]",0,0,1,0,0,0,0.5
dedudes315mc33fe544,valid,,3,1,5,mc33fe544,100,10,10,"[""0x5cd33f468d6cb3191f93eb6c34cbbe9b3f16d778569b94851821feedb1cc47dc"",""0x3915078eaaef4b3b01c483c9298f24226b2468429c7879b10161f34f702c69b2"",""0x34ab092d53c6d7ddbdb8d867290de66b967de57609b3017b62fc675fb47b30f4"",""0xddb04f49c37e79d04e91d067dee2f24fc36d5dd9f3e3ef13a7371ac377b7d3df"",""0xc46dcb68dfb73f6b48146b814468030b7b03c72955c6d352350e1a888a32adc3"",""0xe90f102fd4f47360120154fbbaaa10cf5c90856c0b98acfaa19f3a049999c18c"",""0xe77763c659d0943fcf4c8e41d7fa5a097b66bf9287a844d3346648d6c195b1dd"",""0x1c9b8c67671e3735934469063297cb8844ccdf90c3dc450b72aaf6b6265db4f7"",""0x2dd52f080f94af843d07afa005dc2e962bab5ca24e649ac857f3aec1389684d5"",""0x49b280439e187981df432e2900f6e08a5aa024a22bd5db29b2acaf5dc8b23e17""]","[""0x2c48158b05801927cc42a3bea77abed8b4f0883611b741cf6a1de9b1733a32ba"",""0x43bf4d97b7c4b375640d244dfffd470737f3f60cb567a6692a8cbc45fe781e35"",""0x4c5a0971e57f16e191cb754bd02a477f11ac1549992b208b983d7ed0ebcb80fb"",""0xba43dc1fee7635c8ac3640bd49f486f7d217a475a123803af63389b831328443"",""0xe63e2c269971e74b53d28366ab0f97aa8abe54de17097a543041aa6f1aef67c5"",""0xac8b80036991313f0d9991aa483a95a9c01079cd33e372b5d4f6225deb94ebe3"",""0xab1f3b5c76e3df878e5156589a69a4dda5467364bbaf9120630b0690ac8ff7c0"",""0xc337e70c9bf8f6b05a64463a28977c43c79df4f14ceab4ed6a1ce6ae2e6869f0"",""0x652b6fcd81e14af4fd262e0d06da33720918f4c750a0306b36ef9b9d3c91f451"",""0x6bb857cac119501e85dfcae81b8287d1afb5a12e1d4fb0784c8b00b2b3ca2b4a""]",[],0,0,1,0,0,0,0
dedudes315mc8cff790,valid,,3,1,5,mc8cff790,100,10,10,"[""0xe03f52b78bc8e9eab84e177e513ae005b06cbe60597e3fbbb3f6cbce41404793"",""0x4947d0ddb8adfa3d0b40fd2414ad0e6c130130f981a1feb92b851b0d747cbd94"",""0xa5eb06f5f47e48dd8d45edef03ee2c9308a851a7d3048125c2a4ec9b247d9617"",""0x7af1853321ba68840018ee2753cfbe9f94e471cbb25d6d548d0bb01deb601193"",""0x44db1f41b36ed2fcb23bcdcb49f6b2aa63f0a0f30e97b2afded92dfc1e7ba7e9"",""0x612930bb80ad2d9ef97fe5057df586170d8fcd1e1b05169edb9afad58e5b801a"",""0x1ce2000d19183a439276d735ea6c2190b0681a0d867462abeb010fad3c1fc152"",""0x492230e93b426215913042fe17f1e4c3058defa7c4c60f621a9cb9bd1ccde123"",""0xa21c58439ba76498112a9dd59801d9eb71d2b8e004ee265c9369fa2383ba8578"",""0x022d2f24e20eecc4054c519000a7e45043cf9f7e0fd1afee78279de75da5f9e7""]","[""0x44db1f41b36ed2fcb23bcdcb49f6b2aa63f0a0f30e97b2afded92dfc1e7ba7e9"",""0x1ce2000d19183a439276d735ea6c2190b0681a0d867462abeb010fad3c1fc152"",""0x8998161122af777b1fb738b1835d8ebcc9f48893ccf82d61ac2fda90d56365a6"",""0xbaba60f08c5c4c146fc2d4544fe25a2d6c9c69db876b69b284afae0f138c34b9"",""0x492230e93b426215913042fe17f1e4c3058defa7c4c60f621a9cb9bd1ccde123"",""0xa077d467da14848d18e59e8577d5713ebe983a7a361998d6825c5db70368f0b1"",""0x82fcd452b99b91dfe9774519d4370744e58fb0506ae4415458cf3521d2764eab"",""0xd07dcd945ac0aa1fbce15f81f2f1057f33d924b5942b074332c1ff7ad8a9da00"",""0x7dc6b8ba90b164cdeda9462c5094100181c311a7d80c30e054ffa58ddc9be8a4"",""0xd868b210f941bd8fd28c1c4712cccc7f23ac7c739ca934fb8809925e3a2e2d97""]","[""0x44db1f41b36ed2fcb23bcdcb49f6b2aa63f0a0f30e97b2afded92dfc1e7ba7e9"",""0x1ce2000d19183a439276d735ea6c2190b0681a0d867462abeb010fad3c1fc152"",""0x492230e93b426215913042fe17f1e4c3058defa7c4c60f621a9cb9bd1ccde123""]",0,0,1,0,0,0,0.3
dedudes315md0160e8c,valid,,3,1,5,md0160e8c,100,10,10,"[""0xbc6c2a3d2d97b8c8c01eb4a39c1dd24a420ffd106b43d2a0cd0ff29c281c61b0"",""0x8af62fbfe6188bece52f705db8da5dffd9e7c57457854eac4ef37f967269c2ab"",""0x12b70f8443ce0ede6968c5bd173651e6e0e718fb04f5edef0a526609752e6cdc"",""0x0823967d6ac9ee428aefae4d108c0423193b7d64cb6a4f605ab79fa5b0d03424"",""0x1a9eabff5b62475b9fa7c2ecc66cf7c3e4d5f7cbf1bedd77507418a722a7ad7e"",""0x84b2a991d3cc429d06c8c5873c63e398f8d3fddf409a7120c010efb52e3668d4"",""0x67bbf067b6d54d6c85e0e1397d4571a7f322dc7d94c40efcfb2db189829bc069"",""0x9ab0a55ffb01e91b5126774af527a2e0260f91d790d6e3503d89a14e9e9ad45f"",""0x13064367f7f784b851f2cefe01920bf3a41358153fef05e723d6c88205efa337"",""0x5838e16d55650d477205da03b1da94d032f57650f19a89dab504dffd435f188b""]","[""0x02bb46077ad6d2140559ed07610045289035f3d63aa4b75e85abeade824262c3"",""0x8b08bd16fdfc682c01c8e5902a9ecb016da4dbcb29c8bdafa014073b9bc90e19"",""0xdaecba2ed12f5a5b70fa12804a2e95989f00d20797517e0792bbbe0eb9fa7798"",""0x3965ddc195cd9ffad54a5e8f2c792515e1503e381bd6b8ffe1dc086362d61382"",""0x9c41003aaee06f398090c01fe5a3b3c440d3968bb30dc4359bc666cf9f99a2bc"",""0x64b68fc2945ffdaf60010830669bda0627be83db1d7e5a8d5a38842f00e5325c"",""0xac5ecac7d584cbd45b73f675f718039e84bddf088049e6157bdfbfa30bb637af"",""0x73647254e06e3db62604fdd9e5b53bf4e2f4a3b10c5e5e037c701c0ecb606fe4"",""0xc336d40f84e39d1872d54720801feb80618a9cb638aec12ecdf600a358a81565"",""0x012f7a5533aa10df03f81882585c8519379e85aff6b3795e78345287a76146de""]",[],0,0,1,0,0,0,0
dedudes315md267eac0,valid,,3,1,5,md267eac0,100,10,10,"[""0xf00ee07d9c2e9d8dd6f8b1d798ca4e10a196864aed4acb8a760521cf09d1abdb"",""0xa43a9e125a3f12a0f2c6a39532b7689f53b084e499aad45d6db4e10d9a088309"",""0xaf3d313a9660b78d41374e9625c0998b95a35b34aa64d466d29942912711d3cd"",""0xc0f691a0ef89eb403780b98864dd2e0cec35dc3186c6b2272adecd15f95bf2eb"",""0xb43cdbe7c0d75fbb5bdecbc4fc447328fbca784b288014e3122a86ef6748f74b"",""0xd72cf2bb2008b6608fd41fe207b5608fee57614acfdd12c73df4d7c32871abfc"",""0xafaf37138b574609e2b3a5e1aa3234f080ad70ad5676fad40b19895a078d7dee"",""0x4ac00df2e8e7ebd5d0c84d61568a0ac2e4504fc1371ad1292ed28f3f57f5391b"",""0x63bd96c60728db5d8730e3e6abb66cc8a88404e13b1c2c242206b7923c42b6be"",""0xdd5544b1fa17f805f43dacc56f5ad84912084fab5c874213c1769c23f57e76ef""]","[""0x04e650beefefc57c681b80135dcc75deaa5559de35ae3b4c78d8355b76749b21"",""0xf97a47c58feb90efff6cf68b45d05b3895cb44755e34e57068c0c1a3e96428c1"",""0xf17977fa95300b063107d404d43f286bd64a604cd07dddd552d35eda9081efa9"",""0x2b6bb3b55ba3430f21baa0135148d463cea0bdd8145a6b25cf64ee91a6302350"",""0x29c02eefa13b389c7de0218a34632eb93019200b921bd22dc7c6c42f9112b76d"",""0x0026d3f471982cd447ef47a2f259ea569aed62b3822c41c4b317797fe231a5dc"",""0x4e20376d1da11c9e1f1d90c95dda5d888cc4afaf92514bcf2dce9c5d0ed6f72d"",""0x037a73ab9a72306dc8ebecdf80a2ab16d414d96cf2f63c7fb32feb92bf9a5b6d"",""0xd07dcd945ac0aa1fbce15f81f2f1057f33d924b5942b074332c1ff7ad8a9da00"",""0xa8f6645926614e855e9e5410950b0d978447966aa63f119579ee2f9f1f815372""]",[],0,0,1,0,0,0,0
dedudes315md2809ae0,valid,,3,1,5,md2809ae0,100,10,10,"[""0x5ec22cff95ce1393f970eaa09b547bc5defdad802a7b86480894817e835cf4d2"",""0x740df38e44be02d0ec1a151f34094c277858b3616e2946ad313f24ae66d2ef07"",""0xb566333f866e1259515fb5247d00e0ccbecbf5d079219a7d6317d1732d73a396"",""0xb4303322b711e6762ae2090a8f30b0a3b1c3052a59b4e7d100215f146825bb98"",""0xc3176e00a6204b852d9c68642a10c7423787cda47c88ecd0b1df058500d4be21"",""0xf56b6ccec7d55f86297e411b282adb4b04fe04c018f30369dfc047e43ffd59f6"",""0xae344a42798a222d1914b1cb70cd1dad6397e19b0a3608362b5b5f2aeb02772b"",""0x427b720a9454f6ee584a1ef9e5035b3e438f150cc81e15066d085a6fbbab522d"",""0x670bc35e215b011f095b344bf4ab9eecc3bacbd9fb365c256c6cbed95c7de128"",""0xa6363490e59a332a8aa1a1961aaf033d3f451a1a35554cb9a67a3864452ed1a7""]","[""0x5b8e7419a8ec40a80aba582b4f43717969bf8cf80d560d46e48877e6f2e9598f"",""0x7f0726ec9f0780b8eb9b1a6a4d8fde6c3afcc3267195077759e0112e374e3807"",""0x8254f8390981941c34866e9f7d9e1ba513eb68390624e80c126ee571456fadcd"",""0xe25b6c81cc4686460aaf17ffc24e2ac388650a848630cba962550bd62b760a4e"",""0xd06a42d72cfbb96ba643618224587534b89ed6d8fc280e2b48ed9c6c13cd6972"",""0xae344a42798a222d1914b1cb70cd1dad6397e19b0a3608362b5b5f2aeb02772b"",""0x18f5f9c890a949af883bc6ae01b055690c4c4da075998fb495d5404a18ca572c"",""0xe3545e6599a6ecf65bf8f351a7d25a78ffbbd83ac3ff97766b76ed78dcf18a3a"",""0x1cb4757891963a7cb555160f3d9ee005fbe1b67635f8fc5b4db9ab9b3deb1c16"",""0x33398d3210b02fd6bdff84655d55cd3e84ca8436888d70edc5eb3e3071d139c3""]","[""0xae344a42798a222d1914b1cb70cd1dad6397e19b0a3608362b5b5f2aeb02772b""]",0,0,1,0,0,0,0.1
dedudes315md679647c,valid,,3,1,5,md679647c,100,10,10,"[""0x0d1d14b126c9cd4822af2fa53ce6a21cdb935d969bd87e497d8f611724f04c59"",""0x7af1853321ba68840018ee2753cfbe9f94e471cbb25d6d548d0bb01deb601193"",""0x335cca76ff429e21028ad8adabeadccbffce7dfcba03d20871807ccf6a23fd30"",""0xae212251bf7256512a4a9af0b279c3792a9c5c0cdf73f3fd29955527462b8c12"",""0x45541de4501b2a94117631c24fabb07f752f0a76c8ac9b1d90f9711bcf34b53c"",""0x826d057ba637e393543ce1968c948066c5671c841cf0b633423370e488b88b88"",""0x129000e4093321a868285d2903488aa7b940a0eb1357e3a264c688acabe9afa8"",""0xb6343af272cf576e45074aeb6acbf5c7e754ed35a3ee8612f6d28879654fdbc0"",""0xe481e6732d9cab4a1295b47e9d24f63619aabe54b3def88c6262c06dc5638d7e"",""0xd07dcd945ac0aa1fbce15f81f2f1057f33d924b5942b074332c1ff7ad8a9da00""]","[""0xae212251bf7256512a4a9af0b279c3792a9c5c0cdf73f3fd29955527462b8c12"",""0x45541de4501b2a94117631c24fabb07f752f0a76c8ac9b1d90f9711bcf34b53c"",""0x75232ef6746d01e9b8c3c4fe3f6d217fbc13928d20867b00a929dcd7d5749bd6"",""0xe481e6732d9cab4a1295b47e9d24f63619aabe54b3def88c6262c06dc5638d7e"",""0xba43dc1fee7635c8ac3640bd49f486f7d217a475a123803af63389b831328443"",""0xa353c2146e9a243fb7360a35428d933c411fa272574b61ad2a7e5bb90c5877ce"",""0xa5354f7310ed91f59b1c345e39c21b3b0a760f554e1c86015d34b20bf1573fff"",""0x6ca26056104de6a9637fabafb1922d5f2f87e552b8a56e1e2bf5f3f18c17a1fc"",""0xe73354790507ea53673c67d57b9a4e38a7c891a6f1eba2fd7509eafe56356b74"",""0xd07dcd945ac0aa1fbce15f81f2f1057f33d924b5942b074332c1ff7ad8a9da00""]","[""0xae212251bf7256512a4a9af0b279c3792a9c5c0cdf73f3fd29955527462b8c12"",""0x45541de4501b2a94117631c24fabb07f752f0a76c8ac9b1d90f9711bcf34b53c"",""0xe481e6732d9cab4a1295b47e9d24f63619aabe54b3def88c6262c06dc5638d7e"",""0xd07dcd945ac0aa1fbce15f81f2f1057f33d924b5942b074332c1ff7ad8a9da00""]",0,0,1,0,0,0,0.4
dedudes315md73dd74c,valid,,3,1,5,md73dd74c,100,10,10,"[""0x725e4ffde4438936fbd1cce6ef007c792cc2fcbcf183094f688ea895fbb76573"",""0x7847e51b231029c39b20be3245a18fab1b159755d42c48a9d667579cd8369110"",""0x1659922f2719c055f0065cf86fd257d17a21b7da2fd9943c3c7d671384991eb6"",""0x10174ccc186d1f01377fb8fcdc2ea86c5d1938f3e3ce90187b5a94a6e168f50d"",""0x9a0b15053695120bc6900578f622b3876f4e60021794e4dc43be233adcbe47a4"",""0xbaba60f08c5c4c146fc2d4544fe25a2d6c9c69db876b69b284afae0f138c34b9"",""0x9e11fd1ffb4e9b981f74eab7dc9d69a949d0ad9bf03189f859aba3581ab7e89a"",""0x6092f9c63cf3d208baf21be0aebc352ed539202d6f322754404f78aa75e96ca5"",""0x39b18f99686017920bc59b0c772f4d47d87cbbe371ee08db66be4c9837fe57a6"",""0xe25b6c81cc4686460aaf17ffc24e2ac388650a848630cba962550bd62b760a4e""]","[""0x1659922f2719c055f0065cf86fd257d17a21b7da2fd9943c3c7d671384991eb6"",""0x10174ccc186d1f01377fb8fcdc2ea86c5d1938f3e3ce90187b5a94a6e168f50d"",""0x9a0b15053695120bc6900578f622b3876f4e60021794e4dc43be233adcbe47a4"",""0x4af2f147bffd23d7cf8e07c6701fbf298d85f0cf45a774fed7bbd76a787e5222"",""0x83e3b0998b66120f052c7011ac7fbc31cb77b9e864091293e141f1df231ff2a7"",""0xc02015173666ee97a6d7bd726d27e09df176696cfff548215ea0a2e91e323871"",""0x44db1f41b36ed2fcb23bcdcb49f6b2aa63f0a0f30e97b2afded92dfc1e7ba7e9"",""0xc81b924786d751073bcad0d11128f8d2aae32075f7d5860c029cce447d40a98c"",""0xf76e1e06753c8a4e15491a4e3b5413f180e6aa9fdad03e81d4979d2ce56ecffc"",""0x2b7bf8536bf3848c686b35671da7328803c3b75398ab119d87e166a9ba872e8e""]","[""0x1659922f2719c055f0065cf86fd257d17a21b7da2fd9943c3c7d671384991eb6"",""0x10174ccc186d1f01377fb8fcdc2ea86c5d1938f3e3ce90187b5a94a6e168f50d"",""0x9a0b15053695120bc6900578f622b3876f4e60021794e4dc43be233adcbe47a4""]",0,0,1,0,0,0,0.3
dedudes315md85b3e78,valid,,3,1,5,md85b3e78,100,10,10,"[""0x46bdaad5874ebfa0892c51f5ef0db222dff6fbf0d1b2433aac7173fecf165500"",""0x621c1ff0003d6ddb024efe72099de0ccaf65a791c28c2f5f9c8d765fdec6b361"",""0x5b353a9ec8080820cf2c6e3e261fe74169906894817cc2099a27bfaf6d5fd9fc"",""0xc5c2cb86131f9e87776a8803ffd32d0cd607c48d0d8417a53e9e914dcb7b7f8d"",""0x3fcf1a22cecca469a31c11f18b9ca75f30f498a4a30e4e6e09046ba4ec474500"",""0xf805dbff6348742ab14cf679e7f8361efca863743fdfdec50829ae45981920a9"",""0x080df3fb43fec5db590183dc21df48209429b7253e39c26305345b8634e7b480"",""0x52f959174b3d5e4a9c601c8be94fb382d572ca485eca8cb636993fb300b8dd2e"",""0x27466c5855e0b14385ed1e50c95ef2ed3093247b50bceee8b082826be559a72f"",""0x08a97229361f9d2378a57864f3292bc7354b3d1727e3e3cbc4d31fa388deca90""]","[""0x2bed620b53fb262419044820898d7dd1a83109bdd26079eb97a00f66fd19e50b"",""0xcdf69590102e2120a0699bb0bb4b1e9ded25e4d2f24f7526b1cb67c97658534d"",""0xac71cf4c6d1b0b6ecf72b81901d1e7b92d55b1424c93743d83a5a6c3a2a95112"",""0xf805dbff6348742ab14cf679e7f8361efca863743fdfdec50829ae45981920a9"",""0xa79b998f79699d11b4f12c5472c7ae2ce658f690ff070100aa8cbbb0cec325c0"",""0x80e8fbcc08caa1dd06a1a7aed25697a96c8a47b4d645291144324189e0073967"",""0x5fd6c47c7099a110886aa6e55400c92c8d19f181da37201010934f1879e5c342"",""0x52d38e45620787b4976e0570b4c462e4cf69fba1d3a3e08a406addf07dfac90a"",""0xb4f5558b4bdc7e589b5bba34f2bf39509badb2657bcf2700cffd119deee1b1df"",""0x096fb1c675dcd80ba1d8d7bd732300f0be6419e4c872cfa71a9898a2e737ef42""]","[""0xf805dbff6348742ab14cf679e7f8361efca863743fdfdec50829ae45981920a9""]",0,0,1,0,0,0,0.1
dedudes315mdf6261f9,valid,,3,1,5,mdf6261f9,100,10,10,"[""0xeb040071410cb36727fa9adc4aaaff64c251972071302a74f30f357d6e0ee7ad"",""0xc662f778c9a04074755760bf0f09ebbc9465c53c8a417b7ff76fe63cd71f1769"",""0x7019a4c261b27fda2ba8dfbeebc1a3c6fb1acb30397ab9d206b9d2518047eb23"",""0x56ef3e1015ebff4706ed1c5fc7a7b86f7326b0d2610d59b2c56a0d46860dd49a"",""0x3f6cc368eaa302b5992da65f102af6fbcda3fb6346f2737506ce18f38f9572cf"",""0x3fe9683c0e77ca5d1c545a47a22db2070f92b786ef071a3bea362ae0ae8b76d4"",""0x96066476fea3949719914409cfca4f333dd56c06875c4cb6be7161a9df28ec5b"",""0x0bbef4c745f3085a906c297a79e399a838e17ecaea250c55e4922f2b6148146f"",""0x664ea781f1194dc21edcc117b06eb8e95710b136a29b7edc39167f0d492b4695"",""0x2d4bc719d68535e3b9093a92340a1407ddf45df73ab0d0eec04c8283fbfb4447""]","[""0xc4c66c87758566d11daba0f759ec447f962a9ffe9e4ecbfc99b48b6a8458e723"",""0x96066476fea3949719914409cfca4f333dd56c06875c4cb6be7161a9df28ec5b"",""0x039e21128fb774df525e96211f7416810399021fb9fd597495338d0fe777fbe0"",""0xbc0dfb81cf9e22d2d366e0efd4ce5db0ee3ed857f9bb36b8dd7cccc3bbad7d3d"",""0x9c6819fd248cd16a3fc17004ca2b67e87f5cc68986602147590293056036e6e5"",""0xab58b9907d0218646605951a37a38307528978618ef01a598905f9eea1137c91"",""0xd4dc0506bb2e84fb9262f7234c910634d3fc043d0edcbb05d46c6eb6d6c73e9d"",""0x629d8756b0c6d742238515bd47e77333fd827c52ccc143a58c680da9794db8ac"",""0x1c0420567499644eb79e43bb0e2de2482eb94f68d62492fc10eb1b3b33873871"",""0x474e9085ef9b0fc6ca2a16d2fa92978e1bea062a446b6dcb8159da20a9ca6569""]","[""0x96066476fea3949719914409cfca4f333dd56c06875c4cb6be7161a9df28ec5b""]",0,0,1,0,0,0,0.1
dedudes315mdfbe43b8,valid,,3,1,5,mdfbe43b8,100,10,10,"[""0x6447bd86e650afcaa2e4e7e2b81339310af662e1a9aa4ef906b4efd1192bcadf"",""0xa927b8e5afa613b23143ec00582e5d0147e22538781d7399559dcdd49f6de749"",""0x0d1d14b126c9cd4822af2fa53ce6a21cdb935d969bd87e497d8f611724f04c59"",""0x88895e298787070b3a7a89c73a140c020e5d7b1986b58fd479451d62a0a16518"",""0x6c986c8c22a14deb3fa7d49d1d9d88ef4e0d4fbb331cb74d2e466aee3eef6417"",""0x4719db01b390514f7a52aac5ea9bbd337f000107b921e2726d902c75149cfd61"",""0x08e97409e94dc96f481069021cc78b5317f47e4e4aac618845594360beeb00f2"",""0x0b11176ffd279cf4e1fc5f4d0afa222f064ee56dcbfaf089a9abf5597195b176"",""0x7a6e2700f47e3900c08b2d071cdc7697d454a38d0912e5e1eb300b5ce044ec75"",""0x7d385b59d76141b0b2fb313c11e1113fd4d70b1d3d9134abc66cdf5caa7bd8ab""]","[""0x0d1d14b126c9cd4822af2fa53ce6a21cdb935d969bd87e497d8f611724f04c59"",""0xbe4fb6057c8c5f006f1f992efc176f60e7db5fc16faa3276dc0d2e8c53c17f34"",""0x35cc0b2887fc2830bbf5808ea0a989765e7782c174e0814faf016ee547ab40fb"",""0x7d385b59d76141b0b2fb313c11e1113fd4d70b1d3d9134abc66cdf5caa7bd8ab"",""0xb566333f866e1259515fb5247d00e0ccbecbf5d079219a7d6317d1732d73a396"",""0x4ac00df2e8e7ebd5d0c84d61568a0ac2e4504fc1371ad1292ed28f3f57f5391b"",""0x2b7bf8536bf3848c686b35671da7328803c3b75398ab119d87e166a9ba872e8e"",""0x645335b805d619da688278ba81f30fba8c9b32c4180e6b831b209be762fcae15"",""0xc8b6680acf6f6491b5e4fd810a44cbad229729371da8bc7a38d8cc8d2273b83f"",""0xc02015173666ee97a6d7bd726d27e09df176696cfff548215ea0a2e91e323871""]","[""0x0d1d14b126c9cd4822af2fa53ce6a21cdb935d969bd87e497d8f611724f04c59"",""0x7d385b59d76141b0b2fb313c11e1113fd4d70b1d3d9134abc66cdf5caa7bd8ab""]",0,0,1,0,0,0,0.2
dedudes315me2cd7cad,valid,,3,1,5,me2cd7cad,100,10,10,"[""0xf7e59f787299f4988b4fe498e62f49ec0966b70b1cf0ede87cece49412c07968"",""0x0f2a92e8313992d89e001ed36f44bb9617d65da086386b11ea9fe18d2fdfb106"",""0x129233d33da25de89e7d9c842f38484da50aa08605daf58d950d014d1998b062"",""0x6092f9c63cf3d208baf21be0aebc352ed539202d6f322754404f78aa75e96ca5"",""0x0ba2d96ab674a97ff6e6cf1fbbd59792aaa62ce25cae0e6366cfe9d0394285f3"",""0x3c8efd6f155b6e3f79c54eb66ca50986fb5c55a21968fc49251b125c09db4e07"",""0x06d9d57053c77f012db6da3ee82776b5f78a3b2c927e0cd0d5203ea2a4373044"",""0x5d18a9260705d78d748ba7194d32c78889379e2e0fb33a7ab74733caa386073d"",""0x7eb4a8b5ed39c0c4bf670fc449e19c44f4a25b4d9cce114d566a9b0a22060271"",""0x3f9b7d3180a5d24fd45e31d04ce31929e33a9086f964c21a103ecf237956f2c6""]","[""0xca98d25e2c93784b286e590ed9febb84ffd6e2da7b007b85ea6748061f8e76ac"",""0x037a73ab9a72306dc8ebecdf80a2ab16d414d96cf2f63c7fb32feb92bf9a5b6d"",""0x74d1366fbe52d8484162e1ed6b49c0c8fa14afa42eba223d4651e6ea03ec4cce"",""0x3c5c7c3cdfde1e6a610fadeb29af0d5bf14b21cc8fd41743407ef8de4c918396"",""0x16afeb00f2747e63a63bab610e5c845716931bc23d09339892635a27fc5ba82c"",""0xe2d9f6ed2ad0b01e6a7da20c6ad257cdcb875d010863e437299eae66a07a4a83"",""0xc5c2cb86131f9e87776a8803ffd32d0cd607c48d0d8417a53e9e914dcb7b7f8d"",""0x04e650beefefc57c681b80135dcc75deaa5559de35ae3b4c78d8355b76749b21"",""0x234516a5fb1345f9d7e1dfefa9376d8f3ed00e4b06d5ffa782126225422c39f6"",""0xea2bd6b9a540fc7cb658c0eba77aa94b50680b24ede84c9aa4220903d173a40e""]",[],0,0,1,0,0,0,0
dedudes315me74c87a2,valid,,3,1,5,me74c87a2,100,10,10,"[""0xe54a0d9599f4a911acffcd430f630f622609790e2c1e16e7316e36b5396d8efc"",""0x89de293badb6e8ef2691d811ef98dd0c56e75d703141b55b672c6e4871cab4f1"",""0x4864a3c0ef7856da3dfb39b6c6055d45f9205fd6f57b8c3ad2c67b9aebbf9359"",""0x6cca3362f022c969b53a9a0b41fa6150517bd2a555eb83904bbd5e95fdaf6208"",""0xc23952c378a4c56a3ccefad166600f45f6a804220be6ee2ff45beb77fe1e1a80"",""0xb6d01a84cc9057fbb430eaba773982d428e92f84e754cca7e87b6b2102d1173a"",""0x4aec4350ec8365dad07dc6ef5c29f1e86e449c9a9bd76b075a8b9489f4ffca52"",""0x6b03a384380ca05dc3ad8999cde8b924dcb20601a85e94c72c54bced6a959625"",""0x4ecdf3e02d13c9fe32db547b16d4703e37fffadfff94ccccafba5d3492270e84"",""0x7c5a5789f21eba5040da4d9395aefc688a0f120e2e3c76700e30461d0c31c47b""]","[""0xa18a585af6564044287e7941dae389fa30ab6892d4e29cc1cf6b38431a0e1f30"",""0x9e14eb9b0b4d79e8a0f857e9e859cdf595c612dae2bb3851332b3220d3f2aded"",""0xd9d81c410fa0ea1d20889ef47b16f886682f4f9ba2e8027913ed50c3fe682b88"",""0x1fd25841265433ac2e3659c6e73226111c654fd3688b82c9f78369b12668d297"",""0x56ef3e1015ebff4706ed1c5fc7a7b86f7326b0d2610d59b2c56a0d46860dd49a"",""0x3728d769a0e94a8d7bb4206065a99b977cc27b6e56b6936abfdfa99c2fc0e994"",""0xae344a42798a222d1914b1cb70cd1dad6397e19b0a3608362b5b5f2aeb02772b"",""0xec5694704d88b9d8110cbdb1eb4a9c4b2a036acea4f55b393c0e4ca8f6238d20"",""0x7c5a5789f21eba5040da4d9395aefc688a0f120e2e3c76700e30461d0c31c47b"",""0x3befd8aeded3c32a27eba3e01bf239697a166dc076ce1634e0c9c0328e7a44ea""]","[""0x7c5a5789f21eba5040da4d9395aefc688a0f120e2e3c76700e30461d0c31c47b""]",0,0,1,0,0,0,0.1
dedudes315mea543351,valid,,3,1,5,mea543351,100,10,10,"[""0x877547128f33acf04cdb21f25825b450680e5ac2db2a0d155e2bbc89ff8dae92"",""0xdba45f29ef37596ce75c379e00e2cee7b6b9cf22b9f86e39577f4deb63287fc3"",""0xa643637309347abb2eb78bd431ba0504374e2f99ab32a5ca293acefe9733ce69"",""0x33a5eedc78e8e2e00fe1a31a59418160292b39d3dff6a49cd513e2437cca5293"",""0x17b0c83a5ee9597d3bee31023ec5a535713973f1b23b7aa37214d6316455010d"",""0x20dd80302732eaf7bdaade0e0ade88357a634d1a075dcc12c95de47479678994"",""0x259449c15abc34a40b92bdfa1a656c7917dd3da92c7399ff1dc0a46a8bc32263"",""0x33945e42e74e3550cd1e193eabd2c56cc2590a278cc9f2ba82179d179cbe7149"",""0xb4a633a4ef05fb1c4ab7929f5e596ba16461758e18d4f8fcf8cb0f7f9bb77838"",""0xe4b9ebf17f7dca2fa6ad6857e3a6d57579f531e5207fea5b69019ee214eadab4""]","[""0xf4895c2e65fd77f15896acb2e6e88a6985aa4e66b710660c51649dfa142ef08f"",""0x08325ff1f8c90c1056bac7913d895321573da8e77ff5de8eeac46e1ad75aa774"",""0x0248d2cb7fdf2a7095b7715c24e053f0425e97a94dbba26f5fbee48dddd62335"",""0x4ac00df2e8e7ebd5d0c84d61568a0ac2e4504fc1371ad1292ed28f3f57f5391b"",""0xf0d5087a2733853510586e08e2a0d5ac1b0d61ac9cca66bddd0322ae42dd2294"",""0xc4c66c87758566d11daba0f759ec447f962a9ffe9e4ecbfc99b48b6a8458e723"",""0xb3073716ca6507c1e78222d02502caea417253f55b4cb4cfcb0c41b3b612423d"",""0xb566333f866e1259515fb5247d00e0ccbecbf5d079219a7d6317d1732d73a396"",""0x2ada7d81283eed776c54f99e09a98efd06cfecb91ea394014312565d23bcd0fb"",""0x6dadcd3304088ed9827a3ad5f8fae5510a1020d45d927eb3984edba06dcc2165""]",[],0,0,1,0,0,0,0
dedudes315meae7e272,valid,,3,1,5,meae7e272,100,10,10,"[""0xdaecba2ed12f5a5b70fa12804a2e95989f00d20797517e0792bbbe0eb9fa7798"",""0xea2bd6b9a540fc7cb658c0eba77aa94b50680b24ede84c9aa4220903d173a40e"",""0x2350d1c4dcb50ead155d92b600a28ed52cec4e946a60274d5b989965634a6a1a"",""0xa18a585af6564044287e7941dae389fa30ab6892d4e29cc1cf6b38431a0e1f30"",""0xc05ca9c89c31d935e983a93ca76e5c5bce8e8f1119b409eaf47715b2f9a60ab4"",""0x6d451aeb8775b1f2eff6760b042dcbb5c604eb17b155708687b924ee1a9f62b5"",""0x7065c95ce2be969592aca05d7b39baf836a549ea29435b85a40e1d0467eb913f"",""0xcd3bc902812d8513a19b62d81d0d3d26f2363908916830af508a3daae6d0b57b"",""0xee67aaec8f9bb10a8d57fd69647051640fce1f18a86d7ffc271141416a35c7c8"",""0x7dc6b8ba90b164cdeda9462c5094100181c311a7d80c30e054ffa58ddc9be8a4""]","[""0xdaecba2ed12f5a5b70fa12804a2e95989f00d20797517e0792bbbe0eb9fa7798"",""0xea2bd6b9a540fc7cb658c0eba77aa94b50680b24ede84c9aa4220903d173a40e"",""0xa79b998f79699d11b4f12c5472c7ae2ce658f690ff070100aa8cbbb0cec325c0"",""0xa95ffd0d5bc70611f706e681fdd001a7128aecc863f1fd30af5959c525cebce3"",""0xec5694704d88b9d8110cbdb1eb4a9c4b2a036acea4f55b393c0e4ca8f6238d20"",""0x04ad85ab8c285a3a04aef9708866be0b1dd8858889925563852717ba11338535"",""0x012f7a5533aa10df03f81882585c8519379e85aff6b3795e78345287a76146de"",""0xc4ec954ae50a47e6f4dc94c797d002b53e75a54561cfebd8ca67b32879cec36b"",""0x45ae843574074a3f4a2c1ca0acde905169694bb10599b0d3696a4f6f56d956b7"",""0xb80f9a6c487f678e44c385af9b93651ca7c8789901ef5143a923fdd75fa34594""]","[""0xdaecba2ed12f5a5b70fa12804a2e95989f00d20797517e0792bbbe0eb9fa7798"",""0xea2bd6b9a540fc7cb658c0eba77aa94b50680b24ede84c9aa4220903d173a40e""]",0,0,1,0,0,0,0.2
dedudes315mef93eb4b,valid,,3,1,5,mef93eb4b,100,10,10,"[""0x1408aa1b0bf56fea1c8d0a564f254982f3e9253b26979043d6949e536b51648e"",""0xfb8bc2f44032dfa1d9f258c8382fbbbed2612f63d0914fe066563cbefb689a53"",""0x5f342e22fdc7a6f789d4dcf56c0ad2f235a48039e796070d00a94fa5c89c9f30"",""0xd9554d516e8fc2f88fa404f40cb980a0aa42e728adee362d9e6d8b347d0a9f4f"",""0xa23f3af7f8a5ee5a14afac20cc2a40c5a6d0b1a111a101024b117d417709a634"",""0x2270c09584ff34309d9c951ade049db876c4e56549fc7cafaaf3003678bde7aa"",""0xe9381872cebc79e2531bf12c0fe048554f36507b472ec98795ffc2d25b24bf44"",""0xbfccd0c1b9f3f130151965e4107bb487449b8d1e48c0da7e358f28486767d4ca"",""0xdb5e5d76b1d0a022cdde951305c077283a6612821f90a9fd1b566499bc776dd4"",""0x11c6ce9371279a26939a5cbfa91e968d27cbd7f2d8cc288ee357c306c820b030""]","[""0x8dbc33bb09de968685fbd0241a07b9b02f51c04ad7594fb15973d8ba426e3d5f"",""0xe468d8edc4a54c19537f2de145f9b8e65cb9f043cd1aa27e1549c2d8471701b3"",""0xe3545e6599a6ecf65bf8f351a7d25a78ffbbd83ac3ff97766b76ed78dcf18a3a"",""0x4e20376d1da11c9e1f1d90c95dda5d888cc4afaf92514bcf2dce9c5d0ed6f72d"",""0x703dc0cf5b4fea7c1ec8b76d0f2cb74750672c711e8128ec067718125ca92340"",""0x4aee22d2ce86d209c5c30927446358b8b9f135060ae67977c95ce8c029f89aa6"",""0x85b60ca2f58ee6f06cf2e1e61d7abee6ba7c11252f5c1d390a7f13a6f5fdc4d8"",""0x0498e72cbb35cfcceb5ab5e28ff9e3193ec3396d08350f0d371f94b24e66dd8d"",""0x646db217199cafad3c95616f3c8b68ac61fb92cf045d6e50fae31bd18ff3ae91"",""0x2350d1c4dcb50ead155d92b600a28ed52cec4e946a60274d5b989965634a6a1a""]",[],0,0,1,0,0,0,0