responseKey,responseStatus,responseTags,presetId,sampleId,repetitionId,mutantHash,n,k,j,selectedHashes,killersInCandidates,killers,FE,HR,GR,UR,OR,RR,KR
dedudes411m034e6fc6,valid,,4,1,1,m034e6fc6,100,10,10,"[""0x1b65966806dbb1f0be4f71ea23866c931ce732fdaf69cc33928719752f37220b"",""0xb6d01a84cc9057fbb430eaba773982d428e92f84e754cca7e87b6b2102d1173a"",""0x9e787d8c20ded4398b04f2d28daaedf40be22f1bfc57e737f900e0705beedd79"",""0x73647254e06e3db62604fdd9e5b53bf4e2f4a3b10c5e5e037c701c0ecb606fe4"",""0x5f342e22fdc7a6f789d4dcf56c0ad2f235a48039e796070d00a94fa5c89c9f30"",""0xe990b48760a33d3980ed663d2924f8f0409a3dc94d02fd68bb2101eb71e0289d"",""0xe61c79a28c846efdda2b7ffc661829ab40c7bb6fd66fdb61c459330caa712ac6"",""0xa95ffd0d5bc70611f706e681fdd001a7128aecc863f1fd30af5959c525cebce3"",""0x04a6512dca3acde8fcda8a28ddb210e1134e8422e85daca831e11812f50f304c"",""0x9d97d9bc925cf0899eecf009fb6c4f97ff7a9532e93b11844e49a715e4cd3248""]","[""0xa79b998f79699d11b4f12c5472c7ae2ce658f690ff070100aa8cbbb0cec325c0"",""0x1c0420567499644eb79e43bb0e2de2482eb94f68d62492fc10eb1b3b33873871"",""0x370782400b6be3d398463e29ac2e7fce9b87893f1222016aba1dd78c3be96568"",""0x7c5a5789f21eba5040da4d9395aefc688a0f120e2e3c76700e30461d0c31c47b"",""0x89de293badb6e8ef2691d811ef98dd0c56e75d703141b55b672c6e4871cab4f1"",""0xb3073716ca6507c1e78222d02502caea417253f55b4cb4cfcb0c41b3b612423d"",""0xbc0dfb81cf9e22d2d366e0efd4ce5db0ee3ed857f9bb36b8dd7cccc3bbad7d3d"",""0xae212251bf7256512a4a9af0b279c3792a9c5c0cdf73f3fd29955527462b8c12"",""0x5cade3332a7dec40ebd048efab16eefe3f0e6f3b468acbd31aceb93ae5b85d6e"",""0x39dabafc64c5c5eff56582e8508223dee7f3a8041728d30970cf81a4d1e0be46""]",[],0,0,1,0,0,0,0
dedudes411m0ff0953c,valid,,4,1,1,m0ff0953c,100,10,10,"[""0x765d52f21619492597e96bf708c6f038dfdb4a7bf22b86e57551684dce9e676b"",""0x71ab94c13c743a10ff59c33fce6c6c7e60644c829d79f4c3a18f8312be2eb1c6"",""0x628db294c688c4eec9f9c520278fab7789c6527927a822fca0c4df6fac2c7d52"",""0xa0951cebd37c052f77e6eb1f4ef491edbab78b2372a965d8b12f0cd2b384e20b"",""0x6a5a76b0c7b5a9ff0299b7cbe23ff0da94842d1be952c745bd0ea6815c4081cc"",""0x7762576bbe68bbf9edaed9c498946a1b92679b32c7b35899edd1ac48d61cad26"",""0x9ae658816f2cd9f9d93df26417e64b8206f18140199ccd1dc16ed9aabded2ef5"",""0x764bcc5941ba5a44d289d87d1fe02888fc912e1cd264062a64fef5461284e6f8"",""0x9a1b4c053605b25fbf475bcb17553dfbe1b10ac9ee2e939a7f1e15537f361bea"",""0x44db1f41b36ed2fcb23bcdcb49f6b2aa63f0a0f30e97b2afded92dfc1e7ba7e9""]","[""0x765d52f21619492597e96bf708c6f038dfdb4a7bf22b86e57551684dce9e676b"",""0x71ab94c13c743a10ff59c33fce6c6c7e60644c829d79f4c3a18f8312be2eb1c6"",""0x628db294c688c4eec9f9c520278fab7789c6527927a822fca0c4df6fac2c7d52"",""0xa0951cebd37c052f77e6eb1f4ef491edbab78b2372a965d8b12f0cd2b384e20b"",""0x6a5a76b0c7b5a9ff0299b7cbe23ff0da94842d1be952c745bd0ea6815c4081cc"",""0x7762576bbe68bbf9edaed9c498946a1b92679b32c7b35899edd1ac48d61cad26"",""0x9ae658816f2cd9f9d93df26417e64b8206f18140199ccd1dc16ed9aabded2ef5"",""0x0f1f4219ee00c1666ac598c4ed9b73e8f5930e6f76d323712d4bed1a9bb0d89a"",""0x764bcc5941ba5a44d289d87d1fe02888fc912e1cd264062a64fef5461284e6f8"",""0x3a51e57a7788e54e0e0c36ac50908651d664712bc2ef1475a492710a1ff778b8""]","[""0x765d52f21619492597e96bf708c6f038dfdb4a7bf22b86e57551684dce9e676b"",""0x71ab94c13c743a10ff59c33fce6c6c7e60644c829d79f4c3a18f8312be2eb1c6"",""0x628db294c688c4eec9f9c520278fab7789c6527927a822fca0c4df6fac2c7d52"",""0xa0951cebd37c052f77e6eb1f4ef491edbab78b2372a965d8b12f0cd2b384e20b"",""0x6a5a76b0c7b5a9ff0299b7cbe23ff0da94842d1be952c745bd0ea6815c4081cc"",""0x7762576bbe68bbf9edaed9c498946a1b92679b32c7b35899edd1ac48d61cad26"",""0x9ae658816f2cd9f9d93df26417e64b8206f18140199ccd1dc16ed9aabded2ef5"",""0x764bcc5941ba5a44d289d87d1fe02888fc912e1cd264062a64fef5461284e6f8""]",0,0,1,0,0,0,0.8
dedudes411m1329b005,valid,,4,1,1,m1329b005,100,10,10,"[""0x9d716eb6580a5f8cf4c06e97a7b1e66050be34e61e88318e4a4bb1ec3d5c0a5c"",""0x3c5c7c3cdfde1e6a610fadeb29af0d5bf14b21cc8fd41743407ef8de4c918396"",""0x9a83470f7fb314a3cfe2949cf7872a1b868d565fb7587189e4774901aa31e5b8"",""0x2f6dd35cced06155ab1ec71da5e76557f32ab489d997c7e3fe70c33191a90a5b"",""0xb8b2866e059e96f8e2a4becbcb056bf746394665af6a4d7332d712015aab77a3"",""0x79343114aaa52ccc092dfad9ee433c0302228016766f3423920055f100e7ea6a"",""0xe9d3327a0c1b0f98946fae24d653fc98d80d851747cbf8ffec35ce4fab056c2e"",""0x046a603242429ffda7ad1f536f44c8464256e46136a39a88bbb37e6036461f55"",""0xb34996e064f706364a59e8f74cc18862b8b46dbbcb7dbc7754aaf1bd1a49493c"",""0x2aebf5cb425ee8cbc3307ff81fdbdca93cf71f5c632b541b16264b7966e33abc""]","[""0x3c5c7c3cdfde1e6a610fadeb29af0d5bf14b21cc8fd41743407ef8de4c918396"",""0x9a83470f7fb314a3cfe2949cf7872a1b868d565fb7587189e4774901aa31e5b8"",""0xb1590d9042f1c9448f94de9acd0f4ff6270a18ecbe4ed2591313a4b052794ced"",""0xe9d3327a0c1b0f98946fae24d653fc98d80d851747cbf8ffec35ce4fab056c2e"",""0x046a603242429ffda7ad1f536f44c8464256e46136a39a88bbb37e6036461f55"",""0x449a819a683cf90a486faa5a3e69a3eff8527cf1e5d672408382aa66280f9bf2"",""0xe0af3ae528b720df7db331772a439a72d9b7c2a23d74b9a816247e89fca57021"",""0xf794db395623b5ff4392db660d1faa7a3db0b8bbb4c59093df8b7c7ba259dbc9"",""0x37034dcdf67d5da562530e4a81e736eb52d13a96010e9f98afd9681bf2443e14"",""0x9798ac9c171506a18608b78c3c0816154b74e320d9ebec9aef5cf7ee8820befd""]","[""0x3c5c7c3cdfde1e6a610fadeb29af0d5bf14b21cc8fd41743407ef8de4c918396"",""0x9a83470f7fb314a3cfe2949cf7872a1b868d565fb7587189e4774901aa31e5b8"",""0xe9d3327a0c1b0f98946fae24d653fc98d80d851747cbf8ffec35ce4fab056c2e"",""0x046a603242429ffda7ad1f536f44c8464256e46136a39a88bbb37e6036461f55""]",0,0,1,0,0,0,0.4
dedudes411m44fc2bf8,valid,,4,1,1,m44fc2bf8,100,10,10,"[""0x9e14eb9b0b4d79e8a0f857e9e859cdf595c612dae2bb3851332b3220d3f2aded"",""0x94d63c25ab9d5a384a61b40c47f60022b64aaabb4b71acebcf39002062ce9c8f"",""0x9a360976bba2e89f0452b5504aa15a2a3d788f5279077f4971b22af6cc9e9338"",""0xf1a5d828a3c76d090fde663f9d5301f508996cd8bcd369bee7f8d22b8a7aee2d"",""0xb580aea6d58b81d2b2f0a622a9e10c78d470784d06110f2989f72d9ccc37f70b"",""0x8e334b5c9ae395939e1d6661ea1e9a380e2ed29149278909c2e3540ff62d1ade"",""0x57e6f0d88a496f9f6c164e6d9a769485fae17981efaf2b58701316232cd0fad4"",""0x6a77c527e86ccefafbc4020a9e9235e9289260c9c32cfbbbc5c4201d69702796"",""0x8ea9ddff9ee7af244605ee3fcf67f2c98c84dd8d88bca23617938138553d38d5"",""0x58a1c325755d0a61c9d5c5ecc8e5b1a3db351be2f7ed0586b3f4c827cb2c5199""]","[""0x9e14eb9b0b4d79e8a0f857e9e859cdf595c612dae2bb3851332b3220d3f2aded"",""0x1cd1a0af806057cb0041bf01fedcefbdb51d03fd6a0879a16c91c4bae5430ba7"",""0x5236f24fda178ebee1e67f896ba01c7305c09718e74429772f449b40cbc5c735"",""0xba43dc1fee7635c8ac3640bd49f486f7d217a475a123803af63389b831328443"",""0x139327ab62bbd4934b7cfc70645861896cb17522dd93377e162859737ea6d3ae"",""0x427b720a9454f6ee584a1ef9e5035b3e438f150cc81e15066d085a6fbbab522d"",""0xab3434f8b5ebbe9ed39e209cdbaf610d2b92816d62634fe264263410bc2a31ff"",""0x8dbc33bb09de968685fbd0241a07b9b02f51c04ad7594fb15973d8ba426e3d5f"",""0xd83117a66902557710ac877d5a6e5420420b22d06e9ecafd3d0d0d54852a5c3c"",""0xe75fc98815576ee938473e991f0fe07af751336b9957a62588d93fdbc0ee311b""]","[""0x9e14eb9b0b4d79e8a0f857e9e859cdf595c612dae2bb3851332b3220d3f2aded""]",0,0,1,0,0,0,0.1
dedudes411m58cd743c,valid,,4,1,1,m58cd743c,100,10,10,"[""0xc4fed2ac503a5dbc763eca6cb57b0f57969026007b35ef9b4a712e377d2c82c6"",""0xa95ffd0d5bc70611f706e681fdd001a7128aecc863f1fd30af5959c525cebce3"",""0x8e77e3ef4e03a1bffa0ce787677aad2d09bc554612a88b278d0fff06718e4a41"",""0x9c41003aaee06f398090c01fe5a3b3c440d3968bb30dc4359bc666cf9f99a2bc"",""0x124965f4295b430e31600aff8339d9e8d948b45552f88d1931428fec081af241"",""0x497a5384577e35db028d797286f77db436d76ade59f14dc7363370fb9c3e88a2"",""0xa0eb7bd51a718323ba3be09dc166cc7f2a92b7890c0bf3d5f5cc1ea523b97d9b"",""0x15418becc3a38294b44abffeb029c97bf246f89f0679daa94e431a72b8d79af7"",""0xec1820e120ea32497bc4151cec1c2a1a74c506883244eed9e8c84b63b649b05c"",""0xfdeb433372442dcc656d51c2e2bab43fef0e012ccb4076ceb0fb6f9ba1eb9b29""]","[""0x9c6819fd248cd16a3fc17004ca2b67e87f5cc68986602147590293056036e6e5"",""0xe468d8edc4a54c19537f2de145f9b8e65cb9f043cd1aa27e1549c2d8471701b3"",""0x80e8fbcc08caa1dd06a1a7aed25697a96c8a47b4d645291144324189e0073967"",""0x909de760f48ac7e0ec11f7e278bfd2badcc2e1cdceccb1e89cf527196eb328f2"",""0x9148ff50cf94b78f204da5a6297852b12d17e8bc815147d5d8fbc5329d0ba2c4"",""0x8d569616a01ff7b6f8c3e29a5d33273ab6c86c53037cae27ef6cc51c67113f78"",""0xed645af593084ee81eafa1aa8b6951ddddbe81a8fdede6bda5e069b77a70b1ab"",""0xf108d19218ab1d485d94bf7edf808ab93b615d2ebf6bc7a6bb4ee827d1b06712"",""0xfdeb433372442dcc656d51c2e2bab43fef0e012ccb4076ceb0fb6f9ba1eb9b29"",""0x7c5a5789f21eba5040da4d9395aefc688a0f120e2e3c76700e30461d0c31c47b""]","[""0xfdeb433372442dcc656d51c2e2bab43fef0e012ccb4076ceb0fb6f9ba1eb9b29""]",0,0,1,0,0,0,0.1
dedudes411m5f378a26,valid,,4,1,1,m5f378a26,100,10,10,"[""0xa353c2146e9a243fb7360a35428d933c411fa272574b61ad2a7e5bb90c5877ce"",""0xb91134e44ac313e01c96c9997d26dffe9ac7b25ec2a81bd7dcbb5fe5a1202d90"",""0x8e564b61aa228f33d5e4494d1f47890f728eb60765051c2ef939f466082585b8"",""0x25874d24e26ae5149358bb4e029d1fbb20b7771a1bb213e50fd450789ecc7099"",""0xa4cfd383a942da2d4cbabce7ce2254b5885c534b3f3df753fde3d8d31fe37426"",""0x7caa6118b59fdaf813a4754af425ac2e46912311827867fcb29bab268a11ab74"",""0x6dd55cdeaf8e0feb87ce8d306a3f378630633f302af5ac0d0f4665890bc15e76"",""0x0f3abeb156c2c78f8d6903bb725cb1de4b6d19227e5372ed037f9e2266ea3411"",""0x3877051f66ce3e6d6bd137ed264eb9aa6bf737749a56ede4bf1c476b96d6558c"",""0xfef108ab2dbfac7267fb94ce630a4b3371ec5978c08766d233e86c7bc5ea0dba""]","[""0xe03f52b78bc8e9eab84e177e513ae005b06cbe60597e3fbbb3f6cbce41404793"",""0x83597780a900e3443f7629c9b0b4181f53c8c3b119b210233befb1421e672e93"",""0x2c6ff6fd5988e48779fe9d7205881d59036eb530a80d7b3473f99cf9a1983500"",""0xd06a42d72cfbb96ba643618224587534b89ed6d8fc280e2b48ed9c6c13cd6972"",""0x29faba369a9df31c5cb9e6bc1c5e33037f979b47cee76339e986f878271fa5dd"",""0x93cccc9ddb2c07147c7775f32275ffe610eae9dac4a0b0e0c03c37e1c0bd53f5"",""0x94ec6120d2be59f3d3989ccd7d85da8a22cde1f056fcb7ac7cd109fc9c493352"",""0x5c922bd085dadc1604adfb84e835cdeb680d47546aebdc5f3cdc700301e4b7c3"",""0x96066476fea3949719914409cfca4f333dd56c06875c4cb6be7161a9df28ec5b"",""0xa79b998f79699d11b4f12c5472c7ae2ce658f690ff070100aa8cbbb0cec325c0""]",[],0,0,1,0,0,0,0
dedudes411m605d61cb,valid,,4,1,1,m605d61cb,100,10,10,"[""0x5a354742fd5b660be04a0326f7e084e2a2e59d132e361028f7dc0613581c139c"",""0x3e8bec0f1c4ef02baba2a1e6c1602b14978143e4bff67d4e747559701dac5342"",""0x4799c972997b453ebd835cee78c0e619ea6aab030d36b2c67ad565d6ece7f8e0"",""0x5236f24fda178ebee1e67f896ba01c7305c09718e74429772f449b40cbc5c735"",""0x7c52680fcfef5c7a792985f3ad5c6f7d89246254102af68608ab10b59e8a1bc8"",""0x7de8a32f380c80ff14c39ad1d70bbdc35f825f1e71d3b5b7940e5235bd285e0a"",""0x5173ac3aa34a34b00b3025d28c96a9d17c96de83edf784d43bbfe79325c7e602"",""0x178df42794815bec2b31a4b63af8ddc9177af487f8210f04c467da77af643d16"",""0xe751e577b9d434d7275c1666ace420ae930d6bf4fda343a6fc3089c29b94acf1"",""0x34389058bce6bf69b89a9cdffc3b9e9d68171d7e85fce6c161fbd86d5036f812""]","[""0x5236f24fda178ebee1e67f896ba01c7305c09718e74429772f449b40cbc5c735"",""0x7c52680fcfef5c7a792985f3ad5c6f7d89246254102af68608ab10b59e8a1bc8"",""0x6288dcfe5fb2840d2562fff7aa877762bbb68d40fa73a282fffaa9a6f8c8a10c"",""0x17e8c26097d0ff404e51aff2c72019cb18f3aa51e2095995e64b675842e14a11"",""0x97423c55158df9670a689f78b9b25766a67c2206551fcfcd9909eaa2b209fdfa"",""0xf108d19218ab1d485d94bf7edf808ab93b615d2ebf6bc7a6bb4ee827d1b06712"",""0x8d569616a01ff7b6f8c3e29a5d33273ab6c86c53037cae27ef6cc51c67113f78"",""0x47399756da88a59616696c5337a59aaeb941e2d81c4f4caaf921c282c55c6263"",""0x29faba369a9df31c5cb9e6bc1c5e33037f979b47cee76339e986f878271fa5dd"",""0x4e20376d1da11c9e1f1d90c95dda5d888cc4afaf92514bcf2dce9c5d0ed6f72d""]","[""0x5236f24fda178ebee1e67f896ba01c7305c09718e74429772f449b40cbc5c735"",""0x7c52680fcfef5c7a792985f3ad5c6f7d89246254102af68608ab10b59e8a1bc8""]",0,0,1,0,0,0,0.2
dedudes411m61ff8ed9,valid,,4,1,1,m61ff8ed9,100,10,10,"[""0xfc04a19087edbc1da922120d26a7b65619068e66fa34d931b0f1f70c66c0267e"",""0xcdac4b8724f50f65662dfbe63aab4a8c00aba9ff45b3ef54b4624eb092178fd1"",""0xa60061a46e6f3588611ff2e030a8c2739435473882e320556fcfb9df009f9e67"",""0x67d63531f3cc40537b83d4d01612f8e6285310d27661da535cc65e0dfe79e5a1"",""0x688f27a824d56679de1d4333c475084fa393064714c11e58add899fd8a98a2f1"",""0x6abe5b14e7e5f95462a3451441624c82b5dba83d2cb308d785adbb6c53944f1d"",""0xe94af6de51c16c176b861de4cb1227cb5aac25da9c8b90b4cfd8c4f5c052f8ee"",""0x088e3169a82775127b1e3cb7eda9ffa169aad83cdd26743bd84a1994d710e218"",""0xa828a8af30f769f40a31ae914a7a3cd806574decba218b92e72b02ee53d25fc2"",""0x4bf826ab2189eecdab1715c990f6c4337f03d354ad8962952e43538031a029ca""]","[""0xa5354f7310ed91f59b1c345e39c21b3b0a760f554e1c86015d34b20bf1573fff"",""0xe73354790507ea53673c67d57b9a4e38a7c891a6f1eba2fd7509eafe56356b74"",""0x047056a4db8bc397a2311e162c6c84c92e428d210fad778e565a69407c2480ff"",""0xf753cdb4750238eebb2710939be41aec7da5c28d5812cc16ccbcf95421e17a65"",""0xac8b80036991313f0d9991aa483a95a9c01079cd33e372b5d4f6225deb94ebe3"",""0xabd36aa877f84ff262365e67d8bc106b156ff7a8b05109e7be64388152ff0974"",""0xa17d97abc100dc9f7fd738ca789c4f6db08b3c581ef01cd5161a5f139b8a79e2"",""0xed54d7a9fbadc1c92763a2cd69d632fb026af91e74faa22722bc8981334ce6cf"",""0x4075b1c1a48c332b84b4ca094e3b13c917ba819a5b04ff83479afdd4ca43c354"",""0xa2768aee9c99fab0f52e085695c2373eff29dcb97f88834346cad088b73812bd""]",[],0,0,1,0,0,0,0
dedudes411m62eeb31e,valid,,4,1,1,m62eeb31e,100,10,10,"[""0xd3b4b9f6f6182ab45c2a03bd0e3e5a74c67714cd31fc91ce22d96ec815857918"",""0xf36ffa249bf590354898aaf0ebe1f3007a0c588aec5369927e964e5e71192d84"",""0x06695fb5641c3680e85f19e4d7d309e0ef749b92d03eade667b86019e3d0853f"",""0xf96bf5d3cfccc96a356555adc13fcc7edbfa81afc78a5fa4043f3dcc47ae4323"",""0xe912236ac1e0fa2314dc68c399351e62211e87c3958e648e380df3554a876137"",""0x99c64562defad2f1718b78a3014eb5582221e0ab10d0f8da0d92f8a5e4472d1c"",""0xa0f680ecefd895d9fd933e4eeb021e41ab3693788b90070d8b448e2d300b62f6"",""0x63f38a7112e47ee5c2e95d61e4589f58c4a7b0ed0a54653dfe44a8213407c79b"",""0x7305efcada23bf932b1d643271d54b895f0d82a3a43ff08b0480680d54366384"",""0x5c922bd085dadc1604adfb84e835cdeb680d47546aebdc5f3cdc700301e4b7c3""]","[""0xf96bf5d3cfccc96a356555adc13fcc7edbfa81afc78a5fa4043f3dcc47ae4323"",""0x75232ef6746d01e9b8c3c4fe3f6d217fbc13928d20867b00a929dcd7d5749bd6"",""0xe912236ac1e0fa2314dc68c399351e62211e87c3958e648e380df3554a876137"",""0x0147b80fb439b3c56263507b7354f947f9196fcd5c43632dafe2463a29356c5b"",""0x6e6d758c129baedd88101292ed8a6478f9e421eb01f679a57b3c644f3876f468"",""0x047056a4db8bc397a2311e162c6c84c92e428d210fad778e565a69407c2480ff"",""0xab58b9907d0218646605951a37a38307528978618ef01a598905f9eea1137c91"",""0x2bed620b53fb262419044820898d7dd1a83109bdd26079eb97a00f66fd19e50b"",""0xa5354f7310ed91f59b1c345e39c21b3b0a760f554e1c86015d34b20bf1573fff"",""0x4e20376d1da11c9e1f1d90c95dda5d888cc4afaf92514bcf2dce9c5d0ed6f72d""]","[""0xf96bf5d3cfccc96a356555adc13fcc7edbfa81afc78a5fa4043f3dcc47ae4323"",""0xe912236ac1e0fa2314dc68c399351e62211e87c3958e648e380df3554a876137""]",0,0,1,0,0,0,0.2
dedudes411m688ed826,valid,,4,1,1,m688ed826,100,10,10,"[""0xa6c3685747057209a427117968fe118950aad3eaaf5386b285e0b3b54cef9f87"",""0x9e14eb9b0b4d79e8a0f857e9e859cdf595c612dae2bb3851332b3220d3f2aded"",""0x24b3965f185cdbe1fc3727ff2135238ce0ef4e7ee1390c559ac159dbe1d0c04e"",""0xbae758a9b835e93f83a4715b4d0b3f8e5e2f3c17b6b72baa0d50ee310925fa9e"",""0xdf68bebf3b276ea37921247bf2bc5d4faccce08b5f9721559030b1e34603f1a0"",""0x3fe9683c0e77ca5d1c545a47a22db2070f92b786ef071a3bea362ae0ae8b76d4"",""0x910c2fec08f3cbf6278353f88ca09a0d1a2a74f3fe194bcc8e6ec6df84b6e5f9"",""0xd58da8985226932f70603b9da4ec0037387458a6c26bbb78e6f7e2fe68bf86bb"",""0x2ca8d5400b3f2a2c1023e937e8cefa19eb7934d6c64e4eb7ccaef4bf420eb203"",""0x3d9b4db2bd6bf366e6671c87c321313bb4a06fc40ba3deb2246e03f5e8160df5""]","[""0xa6c3685747057209a427117968fe118950aad3eaaf5386b285e0b3b54cef9f87"",""0xbae758a9b835e93f83a4715b4d0b3f8e5e2f3c17b6b72baa0d50ee310925fa9e"",""0x71c27b8547dd4bc5b567c4bdfea30552124c62fef8f8c10781579ba95ad6bb72"",""0xdf68bebf3b276ea37921247bf2bc5d4faccce08b5f9721559030b1e34603f1a0"",""0x3fe9683c0e77ca5d1c545a47a22db2070f92b786ef071a3bea362ae0ae8b76d4"",""0x9e14eb9b0b4d79e8a0f857e9e859cdf595c612dae2bb3851332b3220d3f2aded"",""0x24b3965f185cdbe1fc3727ff2135238ce0ef4e7ee1390c559ac159dbe1d0c04e"",""0x2ca8d5400b3f2a2c1023e937e8cefa19eb7934d6c64e4eb7ccaef4bf420eb203"",""0x910c2fec08f3cbf6278353f88ca09a0d1a2a74f3fe194bcc8e6ec6df84b6e5f9"",""0xd58da8985226932f70603b9da4ec0037387458a6c26bbb78e6f7e2fe68bf86bb""]","[""0xa6c3685747057209a427117968fe118950aad3eaaf5386b285e0b3b54cef9f87"",""0x9e14eb9b0b4d79e8a0f857e9e859cdf595c612dae2bb3851332b3220d3f2aded"",""0x24b3965f185cdbe1fc3727ff2135238ce0ef4e7ee1390c559ac159dbe1d0c04e"",""0xbae758a9b835e93f83a4715b4d0b3f8e5e2f3c17b6b72baa0d50ee310925fa9e"",""0xdf68bebf3b276ea37921247bf2bc5d4faccce08b5f9721559030b1e34603f1a0"",""0x3fe9683c0e77ca5d1c545a47a22db2070f92b786ef071a3bea362ae0ae8b76d4"",""0x910c2fec08f3cbf6278353f88ca09a0d1a2a74f3fe194bcc8e6ec6df84b6e5f9"",""0xd58da8985226932f70603b9da4ec0037387458a6c26bbb78e6f7e2fe68bf86bb"",""0x2ca8d5400b3f2a2c1023e937e8cefa19eb7934d6c64e4eb7ccaef4bf420eb203""]",0,0,1,0,0,0,0.9
dedudes411m74b51335,valid,,4,1,1,m74b51335,100,10,10,"[""0x83a064fb0c3d929367b562453fd56149325de6ec75b506925731d32e2572c2b0"",""0xd34b17cabffa509cdf016810a9183f9a8b608157bda3158cedaa6fc8efcfcc54"",""0xe34a9826f7afff98a0f7315f2941cad3a4f3746a2d783f7b4d3a1c52103ac968"",""0x2b2aa943c85f444b73f30ba39f4ba1c0ea5599ee3d455d9029994832f8935d89"",""0x927d988818abf504d4dce598e7494e5fe56f33a54d03cedc61bbf54d48dc68f6"",""0x89de293badb6e8ef2691d811ef98dd0c56e75d703141b55b672c6e4871cab4f1"",""0x93cccc9ddb2c07147c7775f32275ffe610eae9dac4a0b0e0c03c37e1c0bd53f5"",""0xe2f12dcaf7d2e6820b42df7b1d09b421258c275035e2e4ddf615a73496f5ebb9"",""0x6efffd26351366aee73474dcc96b09d416d5c182f8ceed91333f1f985b889978"",""0x56d8ac1fdebf5948a8ab0d0b82592c623a63fcebe4c0abec71ec2684604f1721""]","[""0x89de293badb6e8ef2691d811ef98dd0c56e75d703141b55b672c6e4871cab4f1"",""0x93cccc9ddb2c07147c7775f32275ffe610eae9dac4a0b0e0c03c37e1c0bd53f5"",""0x888905a0a534ce554b87552efa11982058f2bd78d7cd30f22878b95f388290f8"",""0x2bed620b53fb262419044820898d7dd1a83109bdd26079eb97a00f66fd19e50b"",""0x4075b1c1a48c332b84b4ca094e3b13c917ba819a5b04ff83479afdd4ca43c354"",""0xbc27e5eeae8d24741e37498174c18b7be391ae0403b6218c92734f8c2f6a975a"",""0x47399756da88a59616696c5337a59aaeb941e2d81c4f4caaf921c282c55c6263"",""0xc23952c378a4c56a3ccefad166600f45f6a804220be6ee2ff45beb77fe1e1a80"",""0x2c6ff6fd5988e48779fe9d7205881d59036eb530a80d7b3473f99cf9a1983500"",""0x9c6819fd248cd16a3fc17004ca2b67e87f5cc68986602147590293056036e6e5""]","[""0x89de293badb6e8ef2691d811ef98dd0c56e75d703141b55b672c6e4871cab4f1"",""0x93cccc9ddb2c07147c7775f32275ffe610eae9dac4a0b0e0c03c37e1c0bd53f5""]",0,0,1,0,0,0,0.2
dedudes411m87a0e423,valid,,4,1,1,m87a0e423,100,10,10,"[""0x4ecdf3e02d13c9fe32db547b16d4703e37fffadfff94ccccafba5d3492270e84"",""0xd247cd5ac6d6b3dc844de66d61eb913737ab441ca94132664b1e1abf058db54f"",""0x7321022e3cb70e0ca5419929854423847ec5986fac6ab928bccba76d1f95085f"",""0x4feffcd1822aac4917801fa166946af6d6a03938638e96f75b64f78af2d00ed9"",""0x6cec17c15f975a0c2c5010ded2db37c1c91e6bb5d35e7a4d07a843a76bd9fafb"",""0x8fa0c2d99bbdc01f3af5867614abefa0c4ddc6da838698d9c9c816368a4c68ba"",""0x11c6ce9371279a26939a5cbfa91e968d27cbd7f2d8cc288ee357c306c820b030"",""0x48bcc597a4fa707c2d615b32c129a4069ac4c0120947d0afdb5e897b83ad9128"",""0xb54d31f2e89f6e1d3d1d659f1ffec1aa642d4fbf8e6dc52863e208aea5410ec1"",""0xf1480c511ca93719e7c4df2d4a0eb126a32ac678055373f164d046bd55a83beb""]","[""0x4ecdf3e02d13c9fe32db547b16d4703e37fffadfff94ccccafba5d3492270e84"",""0xd247cd5ac6d6b3dc844de66d61eb913737ab441ca94132664b1e1abf058db54f"",""0x8fa0c2d99bbdc01f3af5867614abefa0c4ddc6da838698d9c9c816368a4c68ba"",""0x7321022e3cb70e0ca5419929854423847ec5986fac6ab928bccba76d1f95085f"",""0x4b34d937794e2a40aa0e0b2cab3894d84cc5ca50772ada5dd00d3bdd255111bd"",""0x9472b1c0afb7c6751ad0c546dcd2b1fd4d72269eeb6eec0590ae3ea255789880"",""0x57137b2edd3af8ab8e1a99ca842ae3d78f905ad42c4f079677b2656f7cc647da"",""0x4feffcd1822aac4917801fa166946af6d6a03938638e96f75b64f78af2d00ed9"",""0x6cec17c15f975a0c2c5010ded2db37c1c91e6bb5d35e7a4d07a843a76bd9fafb"",""0x11c6ce9371279a26939a5cbfa91e968d27cbd7f2d8cc288ee357c306c820b030""]","[""0x4ecdf3e02d13c9fe32db547b16d4703e37fffadfff94ccccafba5d3492270e84"",""0xd247cd5ac6d6b3dc844de66d61eb913737ab441ca94132664b1e1abf058db54f"",""0x7321022e3cb70e0ca5419929854423847ec5986fac6ab928bccba76d1f95085f"",""0x4feffcd1822aac4917801fa166946af6d6a03938638e96f75b64f78af2d00ed9"",""0x6cec17c15f975a0c2c5010ded2db37c1c91e6bb5d35e7a4d07a843a76bd9fafb"",""0x8fa0c2d99bbdc01f3af5867614abefa0c4ddc6da838698d9c9c816368a4c68ba"",""0x11c6ce9371279a26939a5cbfa91e968d27cbd7f2d8cc288ee357c306c820b030""]",0,0,1,0,0,0,0.7
dedudes411m92034409,valid,,4,1,1,m92034409,100,10,10,"[""0xc4ec954ae50a47e6f4dc94c797d002b53e75a54561cfebd8ca67b32879cec36b"",""0xa85a50d3fbda3680b262cdba8344aa00eccd23094f7e17385e88cbdb6c045853"",""0xafaf37138b574609e2b3a5e1aa3234f080ad70ad5676fad40b19895a078d7dee"",""0x139327ab62bbd4934b7cfc70645861896cb17522dd93377e162859737ea6d3ae"",""0xa92224ce4b7dda50fab4450bf4c8ff480c9c16e371a6cbbf4875632f481d1494"",""0xa353c2146e9a243fb7360a35428d933c411fa272574b61ad2a7e5bb90c5877ce"",""0x83e3b0998b66120f052c7011ac7fbc31cb77b9e864091293e141f1df231ff2a7"",""0xa21c58439ba76498112a9dd59801d9eb71d2b8e004ee265c9369fa2383ba8578"",""0x74e7be8b32e08c0943c3f357ddc428139bf197e2d2871fa7255a72393adaea53"",""0xdfd080e6d5625036af3e0326c7a63a6a701a1b110406427479510f5d022293da""]","[""0x52f959174b3d5e4a9c601c8be94fb382d572ca485eca8cb636993fb300b8dd2e"",""0xb8b2866e059e96f8e2a4becbcb056bf746394665af6a4d7332d712015aab77a3"",""0xc4ec954ae50a47e6f4dc94c797d002b53e75a54561cfebd8ca67b32879cec36b"",""0xd640fc571224b43933da64febedeeafadc7979499fd0e6564fb7d8d00ca2b2d6"",""0xbc0dfb81cf9e22d2d366e0efd4ce5db0ee3ed857f9bb36b8dd7cccc3bbad7d3d"",""0xed645af593084ee81eafa1aa8b6951ddddbe81a8fdede6bda5e069b77a70b1ab"",""0xac71cf4c6d1b0b6ecf72b81901d1e7b92d55b1424c93743d83a5a6c3a2a95112"",""0x0026d3f471982cd447ef47a2f259ea569aed62b3822c41c4b317797fe231a5dc"",""0xa85a50d3fbda3680b262cdba8344aa00eccd23094f7e17385e88cbdb6c045853"",""0xafaf37138b574609e2b3a5e1aa3234f080ad70ad5676fad40b19895a078d7dee""]","[""0xc4ec954ae50a47e6f4dc94c797d002b53e75a54561cfebd8ca67b32879cec36b"",""0xa85a50d3fbda3680b262cdba8344aa00eccd23094f7e17385e88cbdb6c045853"",""0xafaf37138b574609e2b3a5e1aa3234f080ad70ad5676fad40b19895a078d7dee""]",0,0,1,0,0,0,0.3
dedudes411m9a581345,valid,,4,1,1,m9a581345,100,10,10,"[""0x9f0a3a8d25a45639ae098d31cf4d9b0b878f2554dc75dce680d565515a32136c"",""0xe3518c539249e19284d9ecf920f9253c5f48a52e01c01c383a78c92121870ffc"",""0x0b11176ffd279cf4e1fc5f4d0afa222f064ee56dcbfaf089a9abf5597195b176"",""0x15418becc3a38294b44abffeb029c97bf246f89f0679daa94e431a72b8d79af7"",""0xa077d467da14848d18e59e8577d5713ebe983a7a361998d6825c5db70368f0b1"",""0x124965f4295b430e31600aff8339d9e8d948b45552f88d1931428fec081af241"",""0xab3434f8b5ebbe9ed39e209cdbaf610d2b92816d62634fe264263410bc2a31ff"",""0x0506b67e31ff28e1f276f36619f77ace6b2af67d58a6c6342dfcb7468c56c888"",""0xcbf648955ce2153bc9449a990acf3e321e9cfd4928c7fb5b683e58caed33b5e6"",""0xf805dbff6348742ab14cf679e7f8361efca863743fdfdec50829ae45981920a9""]","[""0x29faba369a9df31c5cb9e6bc1c5e33037f979b47cee76339e986f878271fa5dd"",""0x8d569616a01ff7b6f8c3e29a5d33273ab6c86c53037cae27ef6cc51c67113f78"",""0x6e6d758c129baedd88101292ed8a6478f9e421eb01f679a57b3c644f3876f468"",""0xa5354f7310ed91f59b1c345e39c21b3b0a760f554e1c86015d34b20bf1573fff"",""0xe942f44aef93d4afb3cbaf854f82604034c778e957f217525c0d5b8745fc0e1b"",""0xddb3d9f3dee573b1be47b97205b1dad6937e2aa63171287104d449baee27f61b"",""0xcdf69590102e2120a0699bb0bb4b1e9ded25e4d2f24f7526b1cb67c97658534d"",""0xabd36aa877f84ff262365e67d8bc106b156ff7a8b05109e7be64388152ff0974"",""0xe32ad4d2b4c5e2a403429a97e94d1115a2a6746b5eefeefffbb697694fa1d4f2"",""0x7c5a5789f21eba5040da4d9395aefc688a0f120e2e3c76700e30461d0c31c47b""]",[],0,0,1,0,0,0,0
dedudes411m9f25cc42,valid,,4,1,1,m9f25cc42,100,10,10,"[""0x8788939ddccdf8e78e57c0735229a8e72ba044b2830d252589de113f575b9c91"",""0x270f61373b2830aa200bec948b801025f0d5465f203a4c38b735028251878aeb"",""0x560a3a1989194c2252f21688e120be2ccd659c75fe1edf11e3657c036f6b97b0"",""0xda4e65390f5a56d4d12deb6f0eab1bc6c76312ca72441fb19d514dc8a972574e"",""0x012f7a5533aa10df03f81882585c8519379e85aff6b3795e78345287a76146de"",""0x6ca26056104de6a9637fabafb1922d5f2f87e552b8a56e1e2bf5f3f18c17a1fc"",""0x76a481cda16a9b51383887ded51afb2739c0bd85e7cd613c6454f2556d72b108"",""0xf1a5d828a3c76d090fde663f9d5301f508996cd8bcd369bee7f8d22b8a7aee2d"",""0xec5694704d88b9d8110cbdb1eb4a9c4b2a036acea4f55b393c0e4ca8f6238d20"",""0x4fdd1f8f5e10e66120a16cf0cb41f30337eb24a60bff2361a93c784d64645267""]","[""0xa52341e05fdb6a81cf1caa591fe1e05c71018324a4fe74d32a338787220793ba"",""0x560a3a1989194c2252f21688e120be2ccd659c75fe1edf11e3657c036f6b97b0"",""0x012f7a5533aa10df03f81882585c8519379e85aff6b3795e78345287a76146de"",""0x6ca26056104de6a9637fabafb1922d5f2f87e552b8a56e1e2bf5f3f18c17a1fc"",""0x76a481cda16a9b51383887ded51afb2739c0bd85e7cd613c6454f2556d72b108"",""0xf1a5d828a3c76d090fde663f9d5301f508996cd8bcd369bee7f8d22b8a7aee2d"",""0xa57a419d14e97fbd6f66deae8d60b09b35e6b3eb57fdb74ddab9d88b42a9f182"",""0x679a4b7500e218a9148e881a0eb0c30fa15405ad10fcb785ca882ce2b28dcc69"",""0x13ad2aaa30aa2c9cf95c2a9bf238b1c9dbf105d72ea30521868af92a2d943b6a"",""0xa8f6645926614e855e9e5410950b0d978447966aa63f119579ee2f9f1f815372""]","[""0x560a3a1989194c2252f21688e120be2ccd659c75fe1edf11e3657c036f6b97b0"",""0x012f7a5533aa10df03f81882585c8519379e85aff6b3795e78345287a76146de"",""0x6ca26056104de6a9637fabafb1922d5f2f87e552b8a56e1e2bf5f3f18c17a1fc"",""0x76a481cda16a9b51383887ded51afb2739c0bd85e7cd613c6454f2556d72b108"",""0xf1a5d828a3c76d090fde663f9d5301f508996cd8bcd369bee7f8d22b8a7aee2d""]",0,0,1,0,0,0,0.5
dedudes411m9fd952b2,valid,,4,1,1,m9fd952b2,100,10,10,"[""0x3728d769a0e94a8d7bb4206065a99b977cc27b6e56b6936abfdfa99c2fc0e994"",""0x15375c29885ba8ec082167b98e385179d2cde641aadf61f7df0b498c97135d9e"",""0x9478c028042b818e3e9fd611fcd1aa20d65023f1c0989e400fca36791598128f"",""0x3151cf1f6245ad1f95925a7c6ca997a55c4df051b87283ae86e2233718593879"",""0xb34d0672d82ca835755d6954e21baa97d9d084b440996acb30739ea2c258da7d"",""0x8ea9ddff9ee7af244605ee3fcf67f2c98c84dd8d88bca23617938138553d38d5"",""0x0f3abeb156c2c78f8d6903bb725cb1de4b6d19227e5372ed037f9e2266ea3411"",""0x177146b16d55a1d391948de43fb53262b93e6941e44421a8f72da6c2dfb3094b"",""0xa0eb7bd51a718323ba3be09dc166cc7f2a92b7890c0bf3d5f5cc1ea523b97d9b"",""0x036a595e716e8da3a4c46e58a85df4d19113dc842a6238e934316df99832c1dd""]","[""0x0248d2cb7fdf2a7095b7715c24e053f0425e97a94dbba26f5fbee48dddd62335"",""0x52f959174b3d5e4a9c601c8be94fb382d572ca485eca8cb636993fb300b8dd2e"",""0x370782400b6be3d398463e29ac2e7fce9b87893f1222016aba1dd78c3be96568"",""0x13b6d9bdd6ca06f426dc0d41746324c9ce628d54eb8c6f7585171d54489105b2"",""0xd7d653f7f8e66eb593bc9b749e14270025b9d8fa3c3b79c90eee945e199c8d4d"",""0x2bed620b53fb262419044820898d7dd1a83109bdd26079eb97a00f66fd19e50b"",""0xac71cf4c6d1b0b6ecf72b81901d1e7b92d55b1424c93743d83a5a6c3a2a95112"",""0xb608421e38e36743f8fbd8f6ecfada1c05dfd5091e111c5bca9db9c42a39324c"",""0x51ca5ceea8865e68fea76905e36eaf9b1307c13e80e084abd7c08edfc103c620"",""0xf96bf5d3cfccc96a356555adc13fcc7edbfa81afc78a5fa4043f3dcc47ae4323""]",[],0,0,1,0,0,0,0
dedudes411ma13a9811,valid,,4,1,1,ma13a9811,100,10,10,"[""0xaec5f3d8354072d281f62bcf5bb667d28adf2707c88750a1fcac78122226a936"",""0xef7983386c52f2e3fd86953cb396f63925a347990bc0788e13470bba1246a1a6"",""0x4d26cdd7c14317b28683534f1a6b0eef1e503cf2c0dc83905a7255717c75ec00"",""0xd6123c9172358a6d7a877304cb9b7311be7ee4684008057c0434f3bc871f49e1"",""0x8788939ddccdf8e78e57c0735229a8e72ba044b2830d252589de113f575b9c91"",""0x08409c88ced795e923586fc7541cd01415324e0c0ccb6ceff805c6a07281896d"",""0xaf3d313a9660b78d41374e9625c0998b95a35b34aa64d466d29942912711d3cd"",""0x6f36db2e89512e0d23a9d0d6aabccd47dabad6c24d86f4ed3e2f34d2f18b5970"",""0x0506b67e31ff28e1f276f36619f77ace6b2af67d58a6c6342dfcb7468c56c888"",""0xc5c2cb86131f9e87776a8803ffd32d0cd607c48d0d8417a53e9e914dcb7b7f8d""]","[""0xef1c682a96f426ceffe117ba429fc06fc879a35e191eaec5c199908f2c665b34"",""0x39dabafc64c5c5eff56582e8508223dee7f3a8041728d30970cf81a4d1e0be46"",""0x609b958fedcadd17d8814bf0281fbcd474cb57d80d9499dfbe8dc94438a4ca9c"",""0x022d2f24e20eecc4054c519000a7e45043cf9f7e0fd1afee78279de75da5f9e7"",""0xaf3d313a9660b78d41374e9625c0998b95a35b34aa64d466d29942912711d3cd"",""0x5cade3332a7dec40ebd048efab16eefe3f0e6f3b468acbd31aceb93ae5b85d6e"",""0x27ea82588e84c8f07bd0ada1a20ca6b092985d021be143ad1979036c018adddd"",""0x6f36db2e89512e0d23a9d0d6aabccd47dabad6c24d86f4ed3e2f34d2f18b5970"",""0x972cfa2de1c4f801959ffadb7e6ad7fb4c8add483fce5ec5824eb11e38544b16"",""0xc5c2cb86131f9e87776a8803ffd32d0cd607c48d0d8417a53e9e914dcb7b7f8d""]","[""0xaf3d313a9660b78d41374e9625c0998b95a35b34aa64d466d29942912711d3cd"",""0x6f36db2e89512e0d23a9d0d6aabccd47dabad6c24d86f4ed3e2f34d2f18b5970"",""0xc5c2cb86131f9e87776a8803ffd32d0cd607c48d0d8417a53e9e914dcb7b7f8d""]",0,0,1,0,0,0,0.3
dedudes411mab0bf37a,invalid,error_duplicates,4,1,1,mab0bf37a,100,10,10,"[""0x94cc8dd56cb47a38c5fde48ab4da2f2d7a22afa57cd4737cbb3ea216ae681034"",""0x037a73ab9a72306dc8ebecdf80a2ab16d414d96cf2f63c7fb32feb92bf9a5b6d"",""0x88ce248d0afdcbdb05816c4e2b41523403adb46f31d661e6aa300f6254b8d800"",""0x3151cf1f6245ad1f95925a7c6ca997a55c4df051b87283ae86e2233718593879"",""0x6ef4bc7397209ca22235b99ccf40dcaebfde72aaa515cc2878e92594219cfd1c"",""0x4aee22d2ce86d209c5c30927446358b8b9f135060ae67977c95ce8c029f89aa6"",""0x88ce248d0afdcbdb05816c4e2b41523403adb46f31d661e6aa300f6254b8d800"",""0x037a73ab9a72306dc8ebecdf80a2ab16d414d96cf2f63c7fb32feb92bf9a5b6d"",""0x94cc8dd56cb47a38c5fde48ab4da2f2d7a22afa57cd4737cbb3ea216ae681034"",""0x3151cf1f6245ad1f95925a7c6ca997a55c4df051b87283ae86e2233718593879""]","[""0x2432cfe4f9353b1ba5658ab99af0b32f44ac9b15ec481b90164d7045e845a019"",""0x94cc8dd56cb47a38c5fde48ab4da2f2d7a22afa57cd4737cbb3ea216ae681034"",""0x037a73ab9a72306dc8ebecdf80a2ab16d414d96cf2f63c7fb32feb92bf9a5b6d"",""0x3728d769a0e94a8d7bb4206065a99b977cc27b6e56b6936abfdfa99c2fc0e994"",""0x88ce248d0afdcbdb05816c4e2b41523403adb46f31d661e6aa300f6254b8d800"",""0x6ef4bc7397209ca22235b99ccf40dcaebfde72aaa515cc2878e92594219cfd1c"",""0x39b18f99686017920bc59b0c772f4d47d87cbbe371ee08db66be4c9837fe57a6"",""0x3151cf1f6245ad1f95925a7c6ca997a55c4df051b87283ae86e2233718593879"",""0xae344a42798a222d1914b1cb70cd1dad6397e19b0a3608362b5b5f2aeb02772b"",""0x4aee22d2ce86d209c5c30927446358b8b9f135060ae67977c95ce8c029f89aa6""]","[""0x94cc8dd56cb47a38c5fde48ab4da2f2d7a22afa57cd4737cbb3ea216ae681034"",""0x037a73ab9a72306dc8ebecdf80a2ab16d414d96cf2f63c7fb32feb92bf9a5b6d"",""0x88ce248d0afdcbdb05816c4e2b41523403adb46f31d661e6aa300f6254b8d800"",""0x3151cf1f6245ad1f95925a7c6ca997a55c4df051b87283ae86e2233718593879"",""0x6ef4bc7397209ca22235b99ccf40dcaebfde72aaa515cc2878e92594219cfd1c"",""0x4aee22d2ce86d209c5c30927446358b8b9f135060ae67977c95ce8c029f89aa6"",""0x88ce248d0afdcbdb05816c4e2b41523403adb46f31d661e6aa300f6254b8d800"",""0x037a73ab9a72306dc8ebecdf80a2ab16d414d96cf2f63c7fb32feb92bf9a5b6d"",""0x94cc8dd56cb47a38c5fde48ab4da2f2d7a22afa57cd4737cbb3ea216ae681034"",""0x3151cf1f6245ad1f95925a7c6ca997a55c4df051b87283ae86e2233718593879""]",0,0,1,0,0,0.4,1
dedudes411mb8cb04ea,valid,,4,1,1,mb8cb04ea,100,10,10,"[""0x5f3cd4cb79de3a0e14f1da49f6bb031c06a2378c43b198e0e368b4e8b8764243"",""0xc05ca9c89c31d935e983a93ca76e5c5bce8e8f1119b409eaf47715b2f9a60ab4"",""0xe63e2c269971e74b53d28366ab0f97aa8abe54de17097a543041aa6f1aef67c5"",""0xddc8a0d4673d1ce329c6876bba52904788357efd9dc9e6a34f141cdbe74005f6"",""0x9822e8750b69266bf123039815e7c7debfb278e6d07197ee125e1482633a49a4"",""0xdfd080e6d5625036af3e0326c7a63a6a701a1b110406427479510f5d022293da"",""0x4b0222fbaafed533465fde16e92bb2d156becc43115ff346c51481937cb2ba3e"",""0x7caa6118b59fdaf813a4754af425ac2e46912311827867fcb29bab268a11ab74"",""0xe3976d514ada12522fdc50897d19a0216486c2fc5724559c3aaf6e9587f47730"",""0x8fa0c2d99bbdc01f3af5867614abefa0c4ddc6da838698d9c9c816368a4c68ba""]","[""0x29c02eefa13b389c7de0218a34632eb93019200b921bd22dc7c6c42f9112b76d"",""0x9822e8750b69266bf123039815e7c7debfb278e6d07197ee125e1482633a49a4"",""0x4763c32c1e649afb2ab46d1ce5e7891c848aedd9ae897db2ee4649bacfb9b707"",""0xdfd080e6d5625036af3e0326c7a63a6a701a1b110406427479510f5d022293da"",""0x4b0222fbaafed533465fde16e92bb2d156becc43115ff346c51481937cb2ba3e"",""0xdd90815cca98f1110bdd2ed20ca96dd581c2178f9d2d8d5ad452484cccb34bf8"",""0x29faba369a9df31c5cb9e6bc1c5e33037f979b47cee76339e986f878271fa5dd"",""0x129000e4093321a868285d2903488aa7b940a0eb1357e3a264c688acabe9afa8"",""0x047056a4db8bc397a2311e162c6c84c92e428d210fad778e565a69407c2480ff"",""0x1d6e3452d8c14ba8ad0da5768f4e893379ad5195191614ad63a148e604464086""]","[""0x9822e8750b69266bf123039815e7c7debfb278e6d07197ee125e1482633a49a4"",""0xdfd080e6d5625036af3e0326c7a63a6a701a1b110406427479510f5d022293da"",""0x4b0222fbaafed533465fde16e92bb2d156becc43115ff346c51481937cb2ba3e""]",0,0,1,0,0,0,0.3
dedudes411mb925a6f5,valid,,4,1,1,mb925a6f5,100,10,10,"[""0xa353c2146e9a243fb7360a35428d933c411fa272574b61ad2a7e5bb90c5877ce"",""0x58a1c325755d0a61c9d5c5ecc8e5b1a3db351be2f7ed0586b3f4c827cb2c5199"",""0x4d4e5bbfe4208c7ff112f714ace4f8925ac8c1defeb7dc81663c68a04d7d48ec"",""0xd07dcd945ac0aa1fbce15f81f2f1057f33d924b5942b074332c1ff7ad8a9da00"",""0xe031eefb83fbac3f912e01bd186ab428a6106a2e1da9d24510ac2df9edc04e92"",""0x873d0193628e792877af1f2071f47cb7fe512a405dedebe2cadd656642c824b6"",""0xc05ca9c89c31d935e983a93ca76e5c5bce8e8f1119b409eaf47715b2f9a60ab4"",""0x7ff8fd236ec1c51880c8b1f897bca91b40a59481d3a7ceb869716b1b792f8cdb"",""0x560a3a1989194c2252f21688e120be2ccd659c75fe1edf11e3657c036f6b97b0"",""0x5acd9724de98d803578e4cc358b4e7bacbd8dbca189b663efedf1deda3862779""]","[""0xa353c2146e9a243fb7360a35428d933c411fa272574b61ad2a7e5bb90c5877ce"",""0x9e0035c857436bf9a94b0c1f19742d65d3462a5bff4e25d177ebf09586ead800"",""0xc05ca9c89c31d935e983a93ca76e5c5bce8e8f1119b409eaf47715b2f9a60ab4"",""0x9c6819fd248cd16a3fc17004ca2b67e87f5cc68986602147590293056036e6e5"",""0xa8c3c7e57cf6c6713678487ba19f25122b93fae36f6ca5c7e9cf0bcaaebe2be3"",""0x560a3a1989194c2252f21688e120be2ccd659c75fe1edf11e3657c036f6b97b0"",""0x7c2efe492501a633d48b1f5befc513201a40bcd9179017831de762365f9fb0bc"",""0x85fb9a6bcb387ec3dd49674beb0f8f9b2314b34426021f771fb5b9843a3dedd6"",""0x08a53f92c6c09bad8332e30c9d75fbebcf2d11886157685b3dade47a75dde95a"",""0x0313e2439d3f04048546ca2621a685786bc28d32f81734049f4df72a1d29a9e8""]","[""0xa353c2146e9a243fb7360a35428d933c411fa272574b61ad2a7e5bb90c5877ce"",""0xc05ca9c89c31d935e983a93ca76e5c5bce8e8f1119b409eaf47715b2f9a60ab4"",""0x560a3a1989194c2252f21688e120be2ccd659c75fe1edf11e3657c036f6b97b0""]",0,0,1,0,0,0,0.3
dedudes411mba695eef,valid,,4,1,1,mba695eef,100,10,10,"[""0x01ec57c08ca34a7b1899ad303401924050394b3fee982ebcdd43e14992e5a7a2"",""0x0a63b4cf419fd53196acfa6005d15a73c364b7a252199846f5e28a54f49add2d"",""0x9c6819fd248cd16a3fc17004ca2b67e87f5cc68986602147590293056036e6e5"",""0x7215572aba5beaec4f23d5ec295dfc837e1766e8c4eb8719b7f961f6a778e16d"",""0x85498ce22dc34407fc0a29f1e8eb808a3362a108eb39e5ed3b3cda0b38363d56"",""0xd85f4387cee442d4e59a7abf9e6832111e98d315faceb074d480e748e3ffd0df"",""0xb3e9af8250054825a84a673945eaf1b63a06021287a1d74937dbfab8ebebf040"",""0xd8586f69eee44bc8d7ebe055cfd0ffc381de685c4036c6295da6d4b2fff73ae7"",""0x17aa543a536b5592a2ca2cb04bdcaacae8ae8b64e4d389163db85f4d65c0d1a8"",""0xfec44882b6630d9dded08546475c16f20b610b9647581087e2ad60ac3b1a49d8""]","[""0xf76e1e06753c8a4e15491a4e3b5413f180e6aa9fdad03e81d4979d2ce56ecffc"",""0x44543bfcc1209f569e163db7d9f5b43eb42702bdcfc9c51ffe418f6bc59d8241"",""0x7c5a5789f21eba5040da4d9395aefc688a0f120e2e3c76700e30461d0c31c47b"",""0x8de6a75e281e848e359cdd72e5c738793171e2faf5cbca33bc8b8d13f2e2241d"",""0xed645af593084ee81eafa1aa8b6951ddddbe81a8fdede6bda5e069b77a70b1ab"",""0x8dbc33bb09de968685fbd0241a07b9b02f51c04ad7594fb15973d8ba426e3d5f"",""0x976a3f857cd3a4a1018329ed8be8c0a1f59eee36120abec15f17a08fe82a805d"",""0x3b6a509781748d255a28c100c6ba5cd5fb219f8af55024ed4323ee34595b86d1"",""0xb608421e38e36743f8fbd8f6ecfada1c05dfd5091e111c5bca9db9c42a39324c"",""0x6efffd26351366aee73474dcc96b09d416d5c182f8ceed91333f1f985b889978""]",[],0,0,1,0,0,0,0
dedudes411mbc92d998,valid,,4,1,1,mbc92d998,100,10,10,"[""0x016d5dd462c2b3cfbd87d2cfa5eb72a91b1427e57ccb72c3afbdef557a9686f6"",""0x8cee6940d18414f933eafe6b3a15e6d018e5375bf3a54d7554fe86ad647cafb8"",""0x4756b4d7a8a8a1d4d1916bdecd6badb5988b5a5dce79c72ed78523fad868ede0"",""0xfabad93febc057a98a5ec8aba14cc4a16dc75d830d5af1f5045a211c7c00ff4d"",""0x50a36a45b1d8a772a690b19570fdc0faaad3c0858f58d515cf56372ebff101c3"",""0x541ec553513e461d285619ca4e2d29ab8dc603ff499d549f39236dfa94bf5e90"",""0x4224d15005153eb2188816942499c577e95d999d7c6709657db4f2b36c6b38c1"",""0xc533c492ef7108a952a115b8e31867dbdb42a5e64e221354840dcd02e0885279"",""0x60b4be27c72f7952b0b6b9bea5ac61f7e8696a302ff5c4ae98e7f96cab5c7a83"",""0x599e8776513e66a01a947ace8f03ff9aab0d4d52244ffb62d262e00662c64c9c""]","[""0x3b6a509781748d255a28c100c6ba5cd5fb219f8af55024ed4323ee34595b86d1"",""0x7caa6118b59fdaf813a4754af425ac2e46912311827867fcb29bab268a11ab74"",""0xa2768aee9c99fab0f52e085695c2373eff29dcb97f88834346cad088b73812bd"",""0x3728d769a0e94a8d7bb4206065a99b977cc27b6e56b6936abfdfa99c2fc0e994"",""0x44543bfcc1209f569e163db7d9f5b43eb42702bdcfc9c51ffe418f6bc59d8241"",""0xd83117a66902557710ac877d5a6e5420420b22d06e9ecafd3d0d0d54852a5c3c"",""0xf76f66f2e5747083914ae51a7831de7c7b137775223781208a4327e1e4e5b32a"",""0x85498ce22dc34407fc0a29f1e8eb808a3362a108eb39e5ed3b3cda0b38363d56"",""0x44db1f41b36ed2fcb23bcdcb49f6b2aa63f0a0f30e97b2afded92dfc1e7ba7e9"",""0xa18a585af6564044287e7941dae389fa30ab6892d4e29cc1cf6b38431a0e1f30""]",[],0,0,1,0,0,0,0
dedudes411mc1398e4b,valid,,4,1,1,mc1398e4b,100,10,10,"[""0xd247cd5ac6d6b3dc844de66d61eb913737ab441ca94132664b1e1abf058db54f"",""0xcf96dd76f4aa4ca4703718c3cfe96dca4621f3af34560e257ca9bc0f23c5bf7a"",""0x00fb5b68a47b95a5500e52c8f21610b9a833645dc7187d385c7e5ffa7756a8b5"",""0x5d149705a332b4acace1ac24e2948e4eedb296b952a6f19787b4d2613f697e8f"",""0x9736a810837b9591485904f217e1bc53edc3bcc2cf45c3d6443fd0efc3899eb5"",""0x7019a4c261b27fda2ba8dfbeebc1a3c6fb1acb30397ab9d206b9d2518047eb23"",""0x4df5be4acbe8b6a253f38cbf6156ce185bb75f3d60155a1303e97394a7c8ff5e"",""0x647107c7b200f7719b02ee164c42746661ea6b5634df263df915a94e062530de"",""0xd0ec57de42f2a83e53b52dcc61b933a4287465f2212181416ff2c3a6b797b647"",""0xe61203f1aa29eaf1fbd30522563bf918238db276b8579108a88d185327d1990a""]","[""0xd247cd5ac6d6b3dc844de66d61eb913737ab441ca94132664b1e1abf058db54f"",""0xcf96dd76f4aa4ca4703718c3cfe96dca4621f3af34560e257ca9bc0f23c5bf7a"",""0xaad56189e897be2df32052ea70ebca2c667d5cea0eb911ef1beaf299a81f8970"",""0x5d149705a332b4acace1ac24e2948e4eedb296b952a6f19787b4d2613f697e8f"",""0x9736a810837b9591485904f217e1bc53edc3bcc2cf45c3d6443fd0efc3899eb5"",""0x12cc8fa3318fdcda586bc7cb1b16db09a022aab66dd770be516db73c7b3fffcf"",""0x7019a4c261b27fda2ba8dfbeebc1a3c6fb1acb30397ab9d206b9d2518047eb23"",""0x0edd199fb776ce1e94af4061882d39f0da1363826f9102562c07802a0219c49f"",""0x44083458e64996202def47bd1b24957a168d8fbac5ab9c5f9b78cd79ac54876f"",""0x4df5be4acbe8b6a253f38cbf6156ce185bb75f3d60155a1303e97394a7c8ff5e""]","[""0xd247cd5ac6d6b3dc844de66d61eb913737ab441ca94132664b1e1abf058db54f"",""0xcf96dd76f4aa4ca4703718c3cfe96dca4621f3af34560e257ca9bc0f23c5bf7a"",""0x5d149705a332b4acace1ac24e2948e4eedb296b952a6f19787b4d2613f697e8f"",""0x9736a810837b9591485904f217e1bc53edc3bcc2cf45c3d6443fd0efc3899eb5"",""0x7019a4c261b27fda2ba8dfbeebc1a3c6fb1acb30397ab9d206b9d2518047eb23"",""0x4df5be4acbe8b6a253f38cbf6156ce185bb75f3d60155a1303e97394a7c8ff5e""]",0,0,1,0,0,0,0.6
dedudes411mc33fe544,valid,,4,1,1,mc33fe544,100,10,10,"[""0x5cd33f468d6cb3191f93eb6c34cbbe9b3f16d778569b94851821feedb1cc47dc"",""0x34ab092d53c6d7ddbdb8d867290de66b967de57609b3017b62fc675fb47b30f4"",""0xddb04f49c37e79d04e91d067dee2f24fc36d5dd9f3e3ef13a7371ac377b7d3df"",""0xa8039fa1707629d4854634c483687e973e82116bfbd173a40a59b9cf278ad2c9"",""0xe90f102fd4f47360120154fbbaaa10cf5c90856c0b98acfaa19f3a049999c18c"",""0x0e673614d0b628f68769ee787eb3e568d6d7cc91410cd20bf4448155cc909d8c"",""0x1c9b8c67671e3735934469063297cb8844ccdf90c3dc450b72aaf6b6265db4f7"",""0xe40808863078acfc193d96a0487bdedf48c899cdb7fd3e7687d1f0aacfb8fac7"",""0x8b37cb9f75c6e3a9c7a4811a739e9d5e8a43e241acd61d27ac55675899a7b17c"",""0x49b280439e187981df432e2900f6e08a5aa024a22bd5db29b2acaf5dc8b23e17""]","[""0x2c48158b05801927cc42a3bea77abed8b4f0883611b741cf6a1de9b1733a32ba"",""0x43bf4d97b7c4b375640d244dfffd470737f3f60cb567a6692a8cbc45fe781e35"",""0x4c5a0971e57f16e191cb754bd02a477f11ac1549992b208b983d7ed0ebcb80fb"",""0xba43dc1fee7635c8ac3640bd49f486f7d217a475a123803af63389b831328443"",""0xe63e2c269971e74b53d28366ab0f97aa8abe54de17097a543041aa6f1aef67c5"",""0xac8b80036991313f0d9991aa483a95a9c01079cd33e372b5d4f6225deb94ebe3"",""0xab1f3b5c76e3df878e5156589a69a4dda5467364bbaf9120630b0690ac8ff7c0"",""0xc337e70c9bf8f6b05a64463a28977c43c79df4f14ceab4ed6a1ce6ae2e6869f0"",""0x652b6fcd81e14af4fd262e0d06da33720918f4c750a0306b36ef9b9d3c91f451"",""0x6bb857cac119501e85dfcae81b8287d1afb5a12e1d4fb0784c8b00b2b3ca2b4a""]",[],0,0,1,0,0,0,0
dedudes411mc8cff790,valid,,4,1,1,mc8cff790,100,10,10,"[""0xe03f52b78bc8e9eab84e177e513ae005b06cbe60597e3fbbb3f6cbce41404793"",""0x5f91ef41d3913e182cb9ecc18f83f9f1fd3ef18ed8057fbd80a58c0b489d97ff"",""0x7af1853321ba68840018ee2753cfbe9f94e471cbb25d6d548d0bb01deb601193"",""0x0797d76b30c89f1b523ffeb6e8e303c9d2b6f0ef3bf313da6d0cd542d7c7176b"",""0x9798ac9c171506a18608b78c3c0816154b74e320d9ebec9aef5cf7ee8820befd"",""0xc25dcb1251df77639fa1d4d876497a42f9f555771964327c4704d4e802355c48"",""0xdaba959d9e92a1c3d956d2764093b5a81cbadcbab8fd9f017f43c61818b6b0c4"",""0x8e749b4ca18919e8717b3482f4f7e153a777b71aa3bc5e73ff54e70c55986795"",""0xa4645e136999b3cdd1edfda3ac080463a82c9af5ec59ee3412ed4afc9bd55d77"",""0x9b0ef9719ba655dcb38b2d1c254626487139e9bc8110fcf0976e5a920820b204""]","[""0x44db1f41b36ed2fcb23bcdcb49f6b2aa63f0a0f30e97b2afded92dfc1e7ba7e9"",""0x1ce2000d19183a439276d735ea6c2190b0681a0d867462abeb010fad3c1fc152"",""0x8998161122af777b1fb738b1835d8ebcc9f48893ccf82d61ac2fda90d56365a6"",""0xbaba60f08c5c4c146fc2d4544fe25a2d6c9c69db876b69b284afae0f138c34b9"",""0x492230e93b426215913042fe17f1e4c3058defa7c4c60f621a9cb9bd1ccde123"",""0xa077d467da14848d18e59e8577d5713ebe983a7a361998d6825c5db70368f0b1"",""0x82fcd452b99b91dfe9774519d4370744e58fb0506ae4415458cf3521d2764eab"",""0xd07dcd945ac0aa1fbce15f81f2f1057f33d924b5942b074332c1ff7ad8a9da00"",""0x7dc6b8ba90b164cdeda9462c5094100181c311a7d80c30e054ffa58ddc9be8a4"",""0xd868b210f941bd8fd28c1c4712cccc7f23ac7c739ca934fb8809925e3a2e2d97""]",[],0,0,1,0,0,0,0
dedudes411md0160e8c,valid,,4,1,1,md0160e8c,100,10,10,"[""0x30bdf36659edaf8ad152d36428c2c63069bcea70aeaf5521e3be09457ebcaaf4"",""0x02bb46077ad6d2140559ed07610045289035f3d63aa4b75e85abeade824262c3"",""0x2e74b5034538e524cd0d0340aca6be4b34fcab84f33eed809fd678cc9b338956"",""0x8b08bd16fdfc682c01c8e5902a9ecb016da4dbcb29c8bdafa014073b9bc90e19"",""0xdaecba2ed12f5a5b70fa12804a2e95989f00d20797517e0792bbbe0eb9fa7798"",""0x9bdb451523a210226b58d128fc9c31717b88f968f5b955dcf4bbcc316395af4f"",""0xe3518c539249e19284d9ecf920f9253c5f48a52e01c01c383a78c92121870ffc"",""0x3877051f66ce3e6d6bd137ed264eb9aa6bf737749a56ede4bf1c476b96d6558c"",""0x64b68fc2945ffdaf60010830669bda0627be83db1d7e5a8d5a38842f00e5325c"",""0x39c9fa281b69385e472c14782d670ce10170a7a3208a4497fe6155c17d89043b""]","[""0x02bb46077ad6d2140559ed07610045289035f3d63aa4b75e85abeade824262c3"",""0x8b08bd16fdfc682c01c8e5902a9ecb016da4dbcb29c8bdafa014073b9bc90e19"",""0xdaecba2ed12f5a5b70fa12804a2e95989f00d20797517e0792bbbe0eb9fa7798"",""0x3965ddc195cd9ffad54a5e8f2c792515e1503e381bd6b8ffe1dc086362d61382"",""0x9c41003aaee06f398090c01fe5a3b3c440d3968bb30dc4359bc666cf9f99a2bc"",""0x64b68fc2945ffdaf60010830669bda0627be83db1d7e5a8d5a38842f00e5325c"",""0xac5ecac7d584cbd45b73f675f718039e84bddf088049e6157bdfbfa30bb637af"",""0x73647254e06e3db62604fdd9e5b53bf4e2f4a3b10c5e5e037c701c0ecb606fe4"",""0xc336d40f84e39d1872d54720801feb80618a9cb638aec12ecdf600a358a81565"",""0x012f7a5533aa10df03f81882585c8519379e85aff6b3795e78345287a76146de""]","[""0x02bb46077ad6d2140559ed07610045289035f3d63aa4b75e85abeade824262c3"",""0x8b08bd16fdfc682c01c8e5902a9ecb016da4dbcb29c8bdafa014073b9bc90e19"",""0xdaecba2ed12f5a5b70fa12804a2e95989f00d20797517e0792bbbe0eb9fa7798"",""0x64b68fc2945ffdaf60010830669bda0627be83db1d7e5a8d5a38842f00e5325c""]",0,0,1,0,0,0,0.4
dedudes411md267eac0,invalid,error_duplicates,4,1,1,md267eac0,100,10,10,"[""0xaf3d313a9660b78d41374e9625c0998b95a35b34aa64d466d29942912711d3cd"",""0xf97a47c58feb90efff6cf68b45d05b3895cb44755e34e57068c0c1a3e96428c1"",""0xf17977fa95300b063107d404d43f286bd64a604cd07dddd552d35eda9081efa9"",""0x6a883a8fcad3fd867b583ca993b34bdc62fd0973edf7543082feb5b10999b11c"",""0x45ae843574074a3f4a2c1ca0acde905169694bb10599b0d3696a4f6f56d956b7"",""0x8dbf3d93637f9b0822cf1132d2b734fa754bd0a8accb83c756c4a3fc029a0030"",""0xd07dcd945ac0aa1fbce15f81f2f1057f33d924b5942b074332c1ff7ad8a9da00"",""0x66245cbb43542eb43c32f5707c0da8daced11c00d2889291fcd44ee4a7f12154"",""0x24b3965f185cdbe1fc3727ff2135238ce0ef4e7ee1390c559ac159dbe1d0c04e"",""0x66245cbb43542eb43c32f5707c0da8daced11c00d2889291fcd44ee4a7f12154""]","[""0x04e650beefefc57c681b80135dcc75deaa5559de35ae3b4c78d8355b76749b21"",""0xf97a47c58feb90efff6cf68b45d05b3895cb44755e34e57068c0c1a3e96428c1"",""0xf17977fa95300b063107d404d43f286bd64a604cd07dddd552d35eda9081efa9"",""0x2b6bb3b55ba3430f21baa0135148d463cea0bdd8145a6b25cf64ee91a6302350"",""0x29c02eefa13b389c7de0218a34632eb93019200b921bd22dc7c6c42f9112b76d"",""0x0026d3f471982cd447ef47a2f259ea569aed62b3822c41c4b317797fe231a5dc"",""0x4e20376d1da11c9e1f1d90c95dda5d888cc4afaf92514bcf2dce9c5d0ed6f72d"",""0x037a73ab9a72306dc8ebecdf80a2ab16d414d96cf2f63c7fb32feb92bf9a5b6d"",""0xd07dcd945ac0aa1fbce15f81f2f1057f33d924b5942b074332c1ff7ad8a9da00"",""0xa8f6645926614e855e9e5410950b0d978447966aa63f119579ee2f9f1f815372""]","[""0xf97a47c58feb90efff6cf68b45d05b3895cb44755e34e57068c0c1a3e96428c1"",""0xf17977fa95300b063107d404d43f286bd64a604cd07dddd552d35eda9081efa9"",""0xd07dcd945ac0aa1fbce15f81f2f1057f33d924b5942b074332c1ff7ad8a9da00""]",0,0,1,0,0,0.09999999999999998,0.3
dedudes411md2809ae0,valid,,4,1,1,md2809ae0,100,10,10,"[""0x2a131118b518a9e09003e76d83781f4380c0bbdb7f262340f917ee009d311968"",""0x3ba05b4d30a376184b77ea4ca8eb96e1da4761d338ca46da2863e7f955b5d9cd"",""0x740df38e44be02d0ec1a151f34094c277858b3616e2946ad313f24ae66d2ef07"",""0x5b8e7419a8ec40a80aba582b4f43717969bf8cf80d560d46e48877e6f2e9598f"",""0x63fbdf546a7f543fd607159ee4350a6981fbefcb58d22ed197cdbd90b9e41b51"",""0xee4af16e2e7d5d4861810ee4545071e90dac39b73107a927ad9e84edaff5a91d"",""0xb02761fbdc2d4d96ab8632054e5fa7efc320a4b649b0a0a5c3724903134bfe7f"",""0xb4303322b711e6762ae2090a8f30b0a3b1c3052a59b4e7d100215f146825bb98"",""0x29faba369a9df31c5cb9e6bc1c5e33037f979b47cee76339e986f878271fa5dd"",""0x012f7a5533aa10df03f81882585c8519379e85aff6b3795e78345287a76146de""]","[""0x5b8e7419a8ec40a80aba582b4f43717969bf8cf80d560d46e48877e6f2e9598f"",""0x7f0726ec9f0780b8eb9b1a6a4d8fde6c3afcc3267195077759e0112e374e3807"",""0x8254f8390981941c34866e9f7d9e1ba513eb68390624e80c126ee571456fadcd"",""0xe25b6c81cc4686460aaf17ffc24e2ac388650a848630cba962550bd62b760a4e"",""0xd06a42d72cfbb96ba643618224587534b89ed6d8fc280e2b48ed9c6c13cd6972"",""0xae344a42798a222d1914b1cb70cd1dad6397e19b0a3608362b5b5f2aeb02772b"",""0x18f5f9c890a949af883bc6ae01b055690c4c4da075998fb495d5404a18ca572c"",""0xe3545e6599a6ecf65bf8f351a7d25a78ffbbd83ac3ff97766b76ed78dcf18a3a"",""0x1cb4757891963a7cb555160f3d9ee005fbe1b67635f8fc5b4db9ab9b3deb1c16"",""0x33398d3210b02fd6bdff84655d55cd3e84ca8436888d70edc5eb3e3071d139c3""]","[""0x5b8e7419a8ec40a80aba582b4f43717969bf8cf80d560d46e48877e6f2e9598f""]",0,0,1,0,0,0,0.1
dedudes411md679647c,valid,,4,1,1,md679647c,100,10,10,"[""0x0d1d14b126c9cd4822af2fa53ce6a21cdb935d969bd87e497d8f611724f04c59"",""0x45541de4501b2a94117631c24fabb07f752f0a76c8ac9b1d90f9711bcf34b53c"",""0x826d057ba637e393543ce1968c948066c5671c841cf0b633423370e488b88b88"",""0x129000e4093321a868285d2903488aa7b940a0eb1357e3a264c688acabe9afa8"",""0xb6343af272cf576e45074aeb6acbf5c7e754ed35a3ee8612f6d28879654fdbc0"",""0xe481e6732d9cab4a1295b47e9d24f63619aabe54b3def88c6262c06dc5638d7e"",""0x80aeab856f399458dae7fc1263890759cab51583366148fb6e923347fdd97652"",""0x2b6bb3b55ba3430f21baa0135148d463cea0bdd8145a6b25cf64ee91a6302350"",""0xa353c2146e9a243fb7360a35428d933c411fa272574b61ad2a7e5bb90c5877ce"",""0xd07dcd945ac0aa1fbce15f81f2f1057f33d924b5942b074332c1ff7ad8a9da00""]","[""0xae212251bf7256512a4a9af0b279c3792a9c5c0cdf73f3fd29955527462b8c12"",""0x45541de4501b2a94117631c24fabb07f752f0a76c8ac9b1d90f9711bcf34b53c"",""0x75232ef6746d01e9b8c3c4fe3f6d217fbc13928d20867b00a929dcd7d5749bd6"",""0xe481e6732d9cab4a1295b47e9d24f63619aabe54b3def88c6262c06dc5638d7e"",""0xba43dc1fee7635c8ac3640bd49f486f7d217a475a123803af63389b831328443"",""0xa353c2146e9a243fb7360a35428d933c411fa272574b61ad2a7e5bb90c5877ce"",""0xa5354f7310ed91f59b1c345e39c21b3b0a760f554e1c86015d34b20bf1573fff"",""0x6ca26056104de6a9637fabafb1922d5f2f87e552b8a56e1e2bf5f3f18c17a1fc"",""0xe73354790507ea53673c67d57b9a4e38a7c891a6f1eba2fd7509eafe56356b74"",""0xd07dcd945ac0aa1fbce15f81f2f1057f33d924b5942b074332c1ff7ad8a9da00""]","[""0x45541de4501b2a94117631c24fabb07f752f0a76c8ac9b1d90f9711bcf34b53c"",""0xe481e6732d9cab4a1295b47e9d24f63619aabe54b3def88c6262c06dc5638d7e"",""0xa353c2146e9a243fb7360a35428d933c411fa272574b61ad2a7e5bb90c5877ce"",""0xd07dcd945ac0aa1fbce15f81f2f1057f33d924b5942b074332c1ff7ad8a9da00""]",0,0,1,0,0,0,0.4
dedudes411md73dd74c,valid,,4,1,1,md73dd74c,100,10,10,"[""0x1659922f2719c055f0065cf86fd257d17a21b7da2fd9943c3c7d671384991eb6"",""0x10174ccc186d1f01377fb8fcdc2ea86c5d1938f3e3ce90187b5a94a6e168f50d"",""0x9a0b15053695120bc6900578f622b3876f4e60021794e4dc43be233adcbe47a4"",""0xc02015173666ee97a6d7bd726d27e09df176696cfff548215ea0a2e91e323871"",""0xc81b924786d751073bcad0d11128f8d2aae32075f7d5860c029cce447d40a98c"",""0x2b7bf8536bf3848c686b35671da7328803c3b75398ab119d87e166a9ba872e8e"",""0x725e4ffde4438936fbd1cce6ef007c792cc2fcbcf183094f688ea895fbb76573"",""0x7847e51b231029c39b20be3245a18fab1b159755d42c48a9d667579cd8369110"",""0x5f95c5dce94c13b1aaf6b1af70f14fb949c396cd8b166afba766facb0f7a06fa"",""0x0086a8ce28f4aaae3e3ea2b8b75f7be96c1c2b60c0cbf3da973a4e90443c08ef""]","[""0x1659922f2719c055f0065cf86fd257d17a21b7da2fd9943c3c7d671384991eb6"",""0x10174ccc186d1f01377fb8fcdc2ea86c5d1938f3e3ce90187b5a94a6e168f50d"",""0x9a0b15053695120bc6900578f622b3876f4e60021794e4dc43be233adcbe47a4"",""0x4af2f147bffd23d7cf8e07c6701fbf298d85f0cf45a774fed7bbd76a787e5222"",""0x83e3b0998b66120f052c7011ac7fbc31cb77b9e864091293e141f1df231ff2a7"",""0xc02015173666ee97a6d7bd726d27e09df176696cfff548215ea0a2e91e323871"",""0x44db1f41b36ed2fcb23bcdcb49f6b2aa63f0a0f30e97b2afded92dfc1e7ba7e9"",""0xc81b924786d751073bcad0d11128f8d2aae32075f7d5860c029cce447d40a98c"",""0xf76e1e06753c8a4e15491a4e3b5413f180e6aa9fdad03e81d4979d2ce56ecffc"",""0x2b7bf8536bf3848c686b35671da7328803c3b75398ab119d87e166a9ba872e8e""]","[""0x1659922f2719c055f0065cf86fd257d17a21b7da2fd9943c3c7d671384991eb6"",""0x10174ccc186d1f01377fb8fcdc2ea86c5d1938f3e3ce90187b5a94a6e168f50d"",""0x9a0b15053695120bc6900578f622b3876f4e60021794e4dc43be233adcbe47a4"",""0xc02015173666ee97a6d7bd726d27e09df176696cfff548215ea0a2e91e323871"",""0xc81b924786d751073bcad0d11128f8d2aae32075f7d5860c029cce447d40a98c"",""0x2b7bf8536bf3848c686b35671da7328803c3b75398ab119d87e166a9ba872e8e""]",0,0,1,0,0,0,0.6
dedudes411md85b3e78,valid,,4,1,1,md85b3e78,100,10,10,"[""0x46bdaad5874ebfa0892c51f5ef0db222dff6fbf0d1b2433aac7173fecf165500"",""0x621c1ff0003d6ddb024efe72099de0ccaf65a791c28c2f5f9c8d765fdec6b361"",""0x29855cb7d9c101ffd09fe1689ba3ac703ad1bd4f1aa100c4434849f31a55da3d"",""0x2bed620b53fb262419044820898d7dd1a83109bdd26079eb97a00f66fd19e50b"",""0x7019a4c261b27fda2ba8dfbeebc1a3c6fb1acb30397ab9d206b9d2518047eb23"",""0x955672c6dec36c7a50102510ae7a3b9309bce78eecda1ea781f86d410ab59b40"",""0xf36ffa249bf590354898aaf0ebe1f3007a0c588aec5369927e964e5e71192d84"",""0x3bebbcae3a96f3868181ce75b4e408f096d8c0731c70d4ff38d569ccacc077b1"",""0x88895e298787070b3a7a89c73a140c020e5d7b1986b58fd479451d62a0a16518"",""0x6ce9b85651a97a73d434110e9976fceaae9891d321a75152161c052e3f6a19fe""]","[""0x2bed620b53fb262419044820898d7dd1a83109bdd26079eb97a00f66fd19e50b"",""0xcdf69590102e2120a0699bb0bb4b1e9ded25e4d2f24f7526b1cb67c97658534d"",""0xac71cf4c6d1b0b6ecf72b81901d1e7b92d55b1424c93743d83a5a6c3a2a95112"",""0xf805dbff6348742ab14cf679e7f8361efca863743fdfdec50829ae45981920a9"",""0xa79b998f79699d11b4f12c5472c7ae2ce658f690ff070100aa8cbbb0cec325c0"",""0x80e8fbcc08caa1dd06a1a7aed25697a96c8a47b4d645291144324189e0073967"",""0x5fd6c47c7099a110886aa6e55400c92c8d19f181da37201010934f1879e5c342"",""0x52d38e45620787b4976e0570b4c462e4cf69fba1d3a3e08a406addf07dfac90a"",""0xb4f5558b4bdc7e589b5bba34f2bf39509badb2657bcf2700cffd119deee1b1df"",""0x096fb1c675dcd80ba1d8d7bd732300f0be6419e4c872cfa71a9898a2e737ef42""]","[""0x2bed620b53fb262419044820898d7dd1a83109bdd26079eb97a00f66fd19e50b""]",0,0,1,0,0,0,0.1
dedudes411mdf6261f9,valid,,4,1,1,mdf6261f9,100,10,10,"[""0xeb040071410cb36727fa9adc4aaaff64c251972071302a74f30f357d6e0ee7ad"",""0x85fb9a6bcb387ec3dd49674beb0f8f9b2314b34426021f771fb5b9843a3dedd6"",""0x6efffd26351366aee73474dcc96b09d416d5c182f8ceed91333f1f985b889978"",""0xeea69e947ee3a88aacd4d6699c70c119dd6750f8a5c7290cb0466ec4e8ae243c"",""0x53e7e201be6ea3e2a60dbac2451e9c3783b10f7b65548ef66919f0dbe2a7cc23"",""0x7019a4c261b27fda2ba8dfbeebc1a3c6fb1acb30397ab9d206b9d2518047eb23"",""0xe1d755d2bf660617b3ca4f28c4cd47b24edcdf39019fc36bd3e9ab3763cc38c4"",""0x3c6c711398ab7d8a6f28f8f15fb54f57c48d4c0a5a0ed17400f442bad4f185ad"",""0x3fe9683c0e77ca5d1c545a47a22db2070f92b786ef071a3bea362ae0ae8b76d4"",""0x1c0420567499644eb79e43bb0e2de2482eb94f68d62492fc10eb1b3b33873871""]","[""0xc4c66c87758566d11daba0f759ec447f962a9ffe9e4ecbfc99b48b6a8458e723"",""0x96066476fea3949719914409cfca4f333dd56c06875c4cb6be7161a9df28ec5b"",""0x039e21128fb774df525e96211f7416810399021fb9fd597495338d0fe777fbe0"",""0xbc0dfb81cf9e22d2d366e0efd4ce5db0ee3ed857f9bb36b8dd7cccc3bbad7d3d"",""0x9c6819fd248cd16a3fc17004ca2b67e87f5cc68986602147590293056036e6e5"",""0xab58b9907d0218646605951a37a38307528978618ef01a598905f9eea1137c91"",""0xd4dc0506bb2e84fb9262f7234c910634d3fc043d0edcbb05d46c6eb6d6c73e9d"",""0x629d8756b0c6d742238515bd47e77333fd827c52ccc143a58c680da9794db8ac"",""0x1c0420567499644eb79e43bb0e2de2482eb94f68d62492fc10eb1b3b33873871"",""0x474e9085ef9b0fc6ca2a16d2fa92978e1bea062a446b6dcb8159da20a9ca6569""]","[""0x1c0420567499644eb79e43bb0e2de2482eb94f68d62492fc10eb1b3b33873871""]",0,0,1,0,0,0,0.1
dedudes411mdfbe43b8,valid,,4,1,1,mdfbe43b8,100,10,10,"[""0x7d385b59d76141b0b2fb313c11e1113fd4d70b1d3d9134abc66cdf5caa7bd8ab"",""0xb566333f866e1259515fb5247d00e0ccbecbf5d079219a7d6317d1732d73a396"",""0x4ac00df2e8e7ebd5d0c84d61568a0ac2e4504fc1371ad1292ed28f3f57f5391b"",""0x2b7bf8536bf3848c686b35671da7328803c3b75398ab119d87e166a9ba872e8e"",""0xc8b6680acf6f6491b5e4fd810a44cbad229729371da8bc7a38d8cc8d2273b83f"",""0xc02015173666ee97a6d7bd726d27e09df176696cfff548215ea0a2e91e323871"",""0x6447bd86e650afcaa2e4e7e2b81339310af662e1a9aa4ef906b4efd1192bcadf"",""0x88895e298787070b3a7a89c73a140c020e5d7b1986b58fd479451d62a0a16518"",""0x6c986c8c22a14deb3fa7d49d1d9d88ef4e0d4fbb331cb74d2e466aee3eef6417"",""0x385c2832ade7a9e114b755352dcd738ad884267a76a467af87419052a47e8739""]","[""0x0d1d14b126c9cd4822af2fa53ce6a21cdb935d969bd87e497d8f611724f04c59"",""0xbe4fb6057c8c5f006f1f992efc176f60e7db5fc16faa3276dc0d2e8c53c17f34"",""0x35cc0b2887fc2830bbf5808ea0a989765e7782c174e0814faf016ee547ab40fb"",""0x7d385b59d76141b0b2fb313c11e1113fd4d70b1d3d9134abc66cdf5caa7bd8ab"",""0xb566333f866e1259515fb5247d00e0ccbecbf5d079219a7d6317d1732d73a396"",""0x4ac00df2e8e7ebd5d0c84d61568a0ac2e4504fc1371ad1292ed28f3f57f5391b"",""0x2b7bf8536bf3848c686b35671da7328803c3b75398ab119d87e166a9ba872e8e"",""0x645335b805d619da688278ba81f30fba8c9b32c4180e6b831b209be762fcae15"",""0xc8b6680acf6f6491b5e4fd810a44cbad229729371da8bc7a38d8cc8d2273b83f"",""0xc02015173666ee97a6d7bd726d27e09df176696cfff548215ea0a2e91e323871""]","[""0x7d385b59d76141b0b2fb313c11e1113fd4d70b1d3d9134abc66cdf5caa7bd8ab"",""0xb566333f866e1259515fb5247d00e0ccbecbf5d079219a7d6317d1732d73a396"",""0x4ac00df2e8e7ebd5d0c84d61568a0ac2e4504fc1371ad1292ed28f3f57f5391b"",""0x2b7bf8536bf3848c686b35671da7328803c3b75398ab119d87e166a9ba872e8e"",""0xc8b6680acf6f6491b5e4fd810a44cbad229729371da8bc7a38d8cc8d2273b83f"",""0xc02015173666ee97a6d7bd726d27e09df176696cfff548215ea0a2e91e323871""]",0,0,1,0,0,0,0.6
dedudes411me2cd7cad,valid,,4,1,1,me2cd7cad,100,10,10,"[""0x6fd293993fac34a860483e5b9910aae26b466b9c2c6332c52ae5eed6781f08f1"",""0x4358ad280c8933de7612a268ff7d78b652c1080de4782cfd65891416abfe045e"",""0xee1fe02dbad34000981c937592d4873aa7870a1bacb63a8ef0f20e0873a9c2d7"",""0xcd751fb6c2f517318aadc17e485405826a256c92ec627f464ecce7a6df3e71d8"",""0x852d82c131cb42abe75e48771d295bd99b515215170cd287aa601d85f257d5de"",""0x612930bb80ad2d9ef97fe5057df586170d8fcd1e1b05169edb9afad58e5b801a"",""0xde52ec8aa4b78b622e7ca82e38df4db8c3baa55edaf825d12d0fc0b53900521d"",""0xbe4fb6057c8c5f006f1f992efc176f60e7db5fc16faa3276dc0d2e8c53c17f34"",""0x4b0222fbaafed533465fde16e92bb2d156becc43115ff346c51481937cb2ba3e"",""0xc5c2cb86131f9e87776a8803ffd32d0cd607c48d0d8417a53e9e914dcb7b7f8d""]","[""0xca98d25e2c93784b286e590ed9febb84ffd6e2da7b007b85ea6748061f8e76ac"",""0x037a73ab9a72306dc8ebecdf80a2ab16d414d96cf2f63c7fb32feb92bf9a5b6d"",""0x74d1366fbe52d8484162e1ed6b49c0c8fa14afa42eba223d4651e6ea03ec4cce"",""0x3c5c7c3cdfde1e6a610fadeb29af0d5bf14b21cc8fd41743407ef8de4c918396"",""0x16afeb00f2747e63a63bab610e5c845716931bc23d09339892635a27fc5ba82c"",""0xe2d9f6ed2ad0b01e6a7da20c6ad257cdcb875d010863e437299eae66a07a4a83"",""0xc5c2cb86131f9e87776a8803ffd32d0cd607c48d0d8417a53e9e914dcb7b7f8d"",""0x04e650beefefc57c681b80135dcc75deaa5559de35ae3b4c78d8355b76749b21"",""0x234516a5fb1345f9d7e1dfefa9376d8f3ed00e4b06d5ffa782126225422c39f6"",""0xea2bd6b9a540fc7cb658c0eba77aa94b50680b24ede84c9aa4220903d173a40e""]","[""0xc5c2cb86131f9e87776a8803ffd32d0cd607c48d0d8417a53e9e914dcb7b7f8d""]",0,0,1,0,0,0,0.1
dedudes411me74c87a2,valid,,4,1,1,me74c87a2,100,10,10,"[""0xe54a0d9599f4a911acffcd430f630f622609790e2c1e16e7316e36b5396d8efc"",""0x89de293badb6e8ef2691d811ef98dd0c56e75d703141b55b672c6e4871cab4f1"",""0x52d38e45620787b4976e0570b4c462e4cf69fba1d3a3e08a406addf07dfac90a"",""0x4aec4350ec8365dad07dc6ef5c29f1e86e449c9a9bd76b075a8b9489f4ffca52"",""0x6b03a384380ca05dc3ad8999cde8b924dcb20601a85e94c72c54bced6a959625"",""0xc25dcb1251df77639fa1d4d876497a42f9f555771964327c4704d4e802355c48"",""0xe8682416c80539e84740338af3c04f4ab80b98bf3f2ea20105becf9514448d7f"",""0x2c0bbe302422f915ed28c2943b43fb9928f37afb6a8d7f26ea5a2834a9a175c9"",""0x328a1a60c148b908ee37155bed51838549c79df04e8f8fb39c5cea11255ef78a"",""0xb770cf13d1e4f26f879709c9559715691236305eb70631fd073a27aabd46e928""]","[""0xa18a585af6564044287e7941dae389fa30ab6892d4e29cc1cf6b38431a0e1f30"",""0x9e14eb9b0b4d79e8a0f857e9e859cdf595c612dae2bb3851332b3220d3f2aded"",""0xd9d81c410fa0ea1d20889ef47b16f886682f4f9ba2e8027913ed50c3fe682b88"",""0x1fd25841265433ac2e3659c6e73226111c654fd3688b82c9f78369b12668d297"",""0x56ef3e1015ebff4706ed1c5fc7a7b86f7326b0d2610d59b2c56a0d46860dd49a"",""0x3728d769a0e94a8d7bb4206065a99b977cc27b6e56b6936abfdfa99c2fc0e994"",""0xae344a42798a222d1914b1cb70cd1dad6397e19b0a3608362b5b5f2aeb02772b"",""0xec5694704d88b9d8110cbdb1eb4a9c4b2a036acea4f55b393c0e4ca8f6238d20"",""0x7c5a5789f21eba5040da4d9395aefc688a0f120e2e3c76700e30461d0c31c47b"",""0x3befd8aeded3c32a27eba3e01bf239697a166dc076ce1634e0c9c0328e7a44ea""]",[],0,0,1,0,0,0,0
dedudes411mea543351,valid,,4,1,1,mea543351,100,10,10,"[""0x4ac00df2e8e7ebd5d0c84d61568a0ac2e4504fc1371ad1292ed28f3f57f5391b"",""0xf0d5087a2733853510586e08e2a0d5ac1b0d61ac9cca66bddd0322ae42dd2294"",""0xb566333f866e1259515fb5247d00e0ccbecbf5d079219a7d6317d1732d73a396"",""0x486e177c1643a1337538bc68306e08e1485f4f54e5028b4a7a98fb0f6a72af96"",""0x914f0aa8ea60013dbdfa0439481aaac3b6591b5a8ad896fef3748d8d6824cce0"",""0xdd90815cca98f1110bdd2ed20ca96dd581c2178f9d2d8d5ad452484cccb34bf8"",""0x1772dead80ab90824aca60953d52d979c25d6c3db0785acabd35a585ee231f5f"",""0x670dfab4e5a72eaa050bd2b1b8f0a8e147770bf1369b61b44c719f6f8d5edae4"",""0x6dadcd3304088ed9827a3ad5f8fae5510a1020d45d927eb3984edba06dcc2165"",""0x0a63b4cf419fd53196acfa6005d15a73c364b7a252199846f5e28a54f49add2d""]","[""0xf4895c2e65fd77f15896acb2e6e88a6985aa4e66b710660c51649dfa142ef08f"",""0x08325ff1f8c90c1056bac7913d895321573da8e77ff5de8eeac46e1ad75aa774"",""0x0248d2cb7fdf2a7095b7715c24e053f0425e97a94dbba26f5fbee48dddd62335"",""0x4ac00df2e8e7ebd5d0c84d61568a0ac2e4504fc1371ad1292ed28f3f57f5391b"",""0xf0d5087a2733853510586e08e2a0d5ac1b0d61ac9cca66bddd0322ae42dd2294"",""0xc4c66c87758566d11daba0f759ec447f962a9ffe9e4ecbfc99b48b6a8458e723"",""0xb3073716ca6507c1e78222d02502caea417253f55b4cb4cfcb0c41b3b612423d"",""0xb566333f866e1259515fb5247d00e0ccbecbf5d079219a7d6317d1732d73a396"",""0x2ada7d81283eed776c54f99e09a98efd06cfecb91ea394014312565d23bcd0fb"",""0x6dadcd3304088ed9827a3ad5f8fae5510a1020d45d927eb3984edba06dcc2165""]","[""0x4ac00df2e8e7ebd5d0c84d61568a0ac2e4504fc1371ad1292ed28f3f57f5391b"",""0xf0d5087a2733853510586e08e2a0d5ac1b0d61ac9cca66bddd0322ae42dd2294"",""0xb566333f866e1259515fb5247d00e0ccbecbf5d079219a7d6317d1732d73a396"",""0x6dadcd3304088ed9827a3ad5f8fae5510a1020d45d927eb3984edba06dcc2165""]",0,0,1,0,0,0,0.4
dedudes411meae7e272,valid,,4,1,1,meae7e272,100,10,10,"[""0xc4ec954ae50a47e6f4dc94c797d002b53e75a54561cfebd8ca67b32879cec36b"",""0xdaecba2ed12f5a5b70fa12804a2e95989f00d20797517e0792bbbe0eb9fa7798"",""0xea2bd6b9a540fc7cb658c0eba77aa94b50680b24ede84c9aa4220903d173a40e"",""0x2350d1c4dcb50ead155d92b600a28ed52cec4e946a60274d5b989965634a6a1a"",""0xa18a585af6564044287e7941dae389fa30ab6892d4e29cc1cf6b38431a0e1f30"",""0xc05ca9c89c31d935e983a93ca76e5c5bce8e8f1119b409eaf47715b2f9a60ab4"",""0x6d451aeb8775b1f2eff6760b042dcbb5c604eb17b155708687b924ee1a9f62b5"",""0x7065c95ce2be969592aca05d7b39baf836a549ea29435b85a40e1d0467eb913f"",""0xee67aaec8f9bb10a8d57fd69647051640fce1f18a86d7ffc271141416a35c7c8"",""0xcf4d2112b85cde072ed65f500d0e0335261fe582086ed1766c1bc2c784913c96""]","[""0xdaecba2ed12f5a5b70fa12804a2e95989f00d20797517e0792bbbe0eb9fa7798"",""0xea2bd6b9a540fc7cb658c0eba77aa94b50680b24ede84c9aa4220903d173a40e"",""0xa79b998f79699d11b4f12c5472c7ae2ce658f690ff070100aa8cbbb0cec325c0"",""0xa95ffd0d5bc70611f706e681fdd001a7128aecc863f1fd30af5959c525cebce3"",""0xec5694704d88b9d8110cbdb1eb4a9c4b2a036acea4f55b393c0e4ca8f6238d20"",""0x04ad85ab8c285a3a04aef9708866be0b1dd8858889925563852717ba11338535"",""0x012f7a5533aa10df03f81882585c8519379e85aff6b3795e78345287a76146de"",""0xc4ec954ae50a47e6f4dc94c797d002b53e75a54561cfebd8ca67b32879cec36b"",""0x45ae843574074a3f4a2c1ca0acde905169694bb10599b0d3696a4f6f56d956b7"",""0xb80f9a6c487f678e44c385af9b93651ca7c8789901ef5143a923fdd75fa34594""]","[""0xc4ec954ae50a47e6f4dc94c797d002b53e75a54561cfebd8ca67b32879cec36b"",""0xdaecba2ed12f5a5b70fa12804a2e95989f00d20797517e0792bbbe0eb9fa7798"",""0xea2bd6b9a540fc7cb658c0eba77aa94b50680b24ede84c9aa4220903d173a40e""]",0,0,1,0,0,0,0.3
dedudes411mef93eb4b,valid,,4,1,1,mef93eb4b,100,10,10,"[""0x1408aa1b0bf56fea1c8d0a564f254982f3e9253b26979043d6949e536b51648e"",""0xfb8bc2f44032dfa1d9f258c8382fbbbed2612f63d0914fe066563cbefb689a53"",""0x5f342e22fdc7a6f789d4dcf56c0ad2f235a48039e796070d00a94fa5c89c9f30"",""0xa23f3af7f8a5ee5a14afac20cc2a40c5a6d0b1a111a101024b117d417709a634"",""0xe3545e6599a6ecf65bf8f351a7d25a78ffbbd83ac3ff97766b76ed78dcf18a3a"",""0x2270c09584ff34309d9c951ade049db876c4e56549fc7cafaaf3003678bde7aa"",""0xe9381872cebc79e2531bf12c0fe048554f36507b472ec98795ffc2d25b24bf44"",""0xdb5e5d76b1d0a022cdde951305c077283a6612821f90a9fd1b566499bc776dd4"",""0x11c6ce9371279a26939a5cbfa91e968d27cbd7f2d8cc288ee357c306c820b030"",""0xfec44882b6630d9dded08546475c16f20b610b9647581087e2ad60ac3b1a49d8""]","[""0x8dbc33bb09de968685fbd0241a07b9b02f51c04ad7594fb15973d8ba426e3d5f"",""0xe468d8edc4a54c19537f2de145f9b8e65cb9f043cd1aa27e1549c2d8471701b3"",""0xe3545e6599a6ecf65bf8f351a7d25a78ffbbd83ac3ff97766b76ed78dcf18a3a"",""0x4e20376d1da11c9e1f1d90c95dda5d888cc4afaf92514bcf2dce9c5d0ed6f72d"",""0x703dc0cf5b4fea7c1ec8b76d0f2cb74750672c711e8128ec067718125ca92340"",""0x4aee22d2ce86d209c5c30927446358b8b9f135060ae67977c95ce8c029f89aa6"",""0x85b60ca2f58ee6f06cf2e1e61d7abee6ba7c11252f5c1d390a7f13a6f5fdc4d8"",""0x0498e72cbb35cfcceb5ab5e28ff9e3193ec3396d08350f0d371f94b24e66dd8d"",""0x646db217199cafad3c95616f3c8b68ac61fb92cf045d6e50fae31bd18ff3ae91"",""0x2350d1c4dcb50ead155d92b600a28ed52cec4e946a60274d5b989965634a6a1a""]","[""0xe3545e6599a6ecf65bf8f351a7d25a78ffbbd83ac3ff97766b76ed78dcf18a3a""]",0,0,1,0,0,0,0.1
dedudes412m034e6fc6,valid,,4,1,2,m034e6fc6,100,10,10,"[""0x1b65966806dbb1f0be4f71ea23866c931ce732fdaf69cc33928719752f37220b"",""0xb6d01a84cc9057fbb430eaba773982d428e92f84e754cca7e87b6b2102d1173a"",""0x9e787d8c20ded4398b04f2d28daaedf40be22f1bfc57e737f900e0705beedd79"",""0x73647254e06e3db62604fdd9e5b53bf4e2f4a3b10c5e5e037c701c0ecb606fe4"",""0x5f342e22fdc7a6f789d4dcf56c0ad2f235a48039e796070d00a94fa5c89c9f30"",""0xe990b48760a33d3980ed663d2924f8f0409a3dc94d02fd68bb2101eb71e0289d"",""0xe61c79a28c846efdda2b7ffc661829ab40c7bb6fd66fdb61c459330caa712ac6"",""0xa95ffd0d5bc70611f706e681fdd001a7128aecc863f1fd30af5959c525cebce3"",""0x04a6512dca3acde8fcda8a28ddb210e1134e8422e85daca831e11812f50f304c"",""0xee1fe02dbad34000981c937592d4873aa7870a1bacb63a8ef0f20e0873a9c2d7""]","[""0xa79b998f79699d11b4f12c5472c7ae2ce658f690ff070100aa8cbbb0cec325c0"",""0x1c0420567499644eb79e43bb0e2de2482eb94f68d62492fc10eb1b3b33873871"",""0x370782400b6be3d398463e29ac2e7fce9b87893f1222016aba1dd78c3be96568"",""0x7c5a5789f21eba5040da4d9395aefc688a0f120e2e3c76700e30461d0c31c47b"",""0x89de293badb6e8ef2691d811ef98dd0c56e75d703141b55b672c6e4871cab4f1"",""0xb3073716ca6507c1e78222d02502caea417253f55b4cb4cfcb0c41b3b612423d"",""0xbc0dfb81cf9e22d2d366e0efd4ce5db0ee3ed857f9bb36b8dd7cccc3bbad7d3d"",""0xae212251bf7256512a4a9af0b279c3792a9c5c0cdf73f3fd29955527462b8c12"",""0x5cade3332a7dec40ebd048efab16eefe3f0e6f3b468acbd31aceb93ae5b85d6e"",""0x39dabafc64c5c5eff56582e8508223dee7f3a8041728d30970cf81a4d1e0be46""]",[],0,0,1,0,0,0,0
dedudes412m0ff0953c,valid,,4,1,2,m0ff0953c,100,10,10,"[""0x765d52f21619492597e96bf708c6f038dfdb4a7bf22b86e57551684dce9e676b"",""0x71ab94c13c743a10ff59c33fce6c6c7e60644c829d79f4c3a18f8312be2eb1c6"",""0x628db294c688c4eec9f9c520278fab7789c6527927a822fca0c4df6fac2c7d52"",""0xa0951cebd37c052f77e6eb1f4ef491edbab78b2372a965d8b12f0cd2b384e20b"",""0x6a5a76b0c7b5a9ff0299b7cbe23ff0da94842d1be952c745bd0ea6815c4081cc"",""0x7762576bbe68bbf9edaed9c498946a1b92679b32c7b35899edd1ac48d61cad26"",""0x9ae658816f2cd9f9d93df26417e64b8206f18140199ccd1dc16ed9aabded2ef5"",""0x764bcc5941ba5a44d289d87d1fe02888fc912e1cd264062a64fef5461284e6f8"",""0x3a51e57a7788e54e0e0c36ac50908651d664712bc2ef1475a492710a1ff778b8"",""0xc336d40f84e39d1872d54720801feb80618a9cb638aec12ecdf600a358a81565""]","[""0x765d52f21619492597e96bf708c6f038dfdb4a7bf22b86e57551684dce9e676b"",""0x71ab94c13c743a10ff59c33fce6c6c7e60644c829d79f4c3a18f8312be2eb1c6"",""0x628db294c688c4eec9f9c520278fab7789c6527927a822fca0c4df6fac2c7d52"",""0xa0951cebd37c052f77e6eb1f4ef491edbab78b2372a965d8b12f0cd2b384e20b"",""0x6a5a76b0c7b5a9ff0299b7cbe23ff0da94842d1be952c745bd0ea6815c4081cc"",""0x7762576bbe68bbf9edaed9c498946a1b92679b32c7b35899edd1ac48d61cad26"",""0x9ae658816f2cd9f9d93df26417e64b8206f18140199ccd1dc16ed9aabded2ef5"",""0x0f1f4219ee00c1666ac598c4ed9b73e8f5930e6f76d323712d4bed1a9bb0d89a"",""0x764bcc5941ba5a44d289d87d1fe02888fc912e1cd264062a64fef5461284e6f8"",""0x3a51e57a7788e54e0e0c36ac50908651d664712bc2ef1475a492710a1ff778b8""]","[""0x765d52f21619492597e96bf708c6f038dfdb4a7bf22b86e57551684dce9e676b"",""0x71ab94c13c743a10ff59c33fce6c6c7e60644c829d79f4c3a18f8312be2eb1c6"",""0x628db294c688c4eec9f9c520278fab7789c6527927a822fca0c4df6fac2c7d52"",""0xa0951cebd37c052f77e6eb1f4ef491edbab78b2372a965d8b12f0cd2b384e20b"",""0x6a5a76b0c7b5a9ff0299b7cbe23ff0da94842d1be952c745bd0ea6815c4081cc"",""0x7762576bbe68bbf9edaed9c498946a1b92679b32c7b35899edd1ac48d61cad26"",""0x9ae658816f2cd9f9d93df26417e64b8206f18140199ccd1dc16ed9aabded2ef5"",""0x764bcc5941ba5a44d289d87d1fe02888fc912e1cd264062a64fef5461284e6f8"",""0x3a51e57a7788e54e0e0c36ac50908651d664712bc2ef1475a492710a1ff778b8""]",0,0,1,0,0,0,0.9
dedudes412m1329b005,valid,,4,1,2,m1329b005,100,10,10,"[""0x9d716eb6580a5f8cf4c06e97a7b1e66050be34e61e88318e4a4bb1ec3d5c0a5c"",""0x9a83470f7fb314a3cfe2949cf7872a1b868d565fb7587189e4774901aa31e5b8"",""0x2f6dd35cced06155ab1ec71da5e76557f32ab489d997c7e3fe70c33191a90a5b"",""0xb8b2866e059e96f8e2a4becbcb056bf746394665af6a4d7332d712015aab77a3"",""0x79343114aaa52ccc092dfad9ee433c0302228016766f3423920055f100e7ea6a"",""0xb1590d9042f1c9448f94de9acd0f4ff6270a18ecbe4ed2591313a4b052794ced"",""0xe9d3327a0c1b0f98946fae24d653fc98d80d851747cbf8ffec35ce4fab056c2e"",""0x046a603242429ffda7ad1f536f44c8464256e46136a39a88bbb37e6036461f55"",""0x3d7e833317b82f33d72a386d58f817c4e489736936f3826e0f6f5c3bfac3f24e"",""0x2aebf5cb425ee8cbc3307ff81fdbdca93cf71f5c632b541b16264b7966e33abc""]","[""0x3c5c7c3cdfde1e6a610fadeb29af0d5bf14b21cc8fd41743407ef8de4c918396"",""0x9a83470f7fb314a3cfe2949cf7872a1b868d565fb7587189e4774901aa31e5b8"",""0xb1590d9042f1c9448f94de9acd0f4ff6270a18ecbe4ed2591313a4b052794ced"",""0xe9d3327a0c1b0f98946fae24d653fc98d80d851747cbf8ffec35ce4fab056c2e"",""0x046a603242429ffda7ad1f536f44c8464256e46136a39a88bbb37e6036461f55"",""0x449a819a683cf90a486faa5a3e69a3eff8527cf1e5d672408382aa66280f9bf2"",""0xe0af3ae528b720df7db331772a439a72d9b7c2a23d74b9a816247e89fca57021"",""0xf794db395623b5ff4392db660d1faa7a3db0b8bbb4c59093df8b7c7ba259dbc9"",""0x37034dcdf67d5da562530e4a81e736eb52d13a96010e9f98afd9681bf2443e14"",""0x9798ac9c171506a18608b78c3c0816154b74e320d9ebec9aef5cf7ee8820befd""]","[""0x9a83470f7fb314a3cfe2949cf7872a1b868d565fb7587189e4774901aa31e5b8"",""0xb1590d9042f1c9448f94de9acd0f4ff6270a18ecbe4ed2591313a4b052794ced"",""0xe9d3327a0c1b0f98946fae24d653fc98d80d851747cbf8ffec35ce4fab056c2e"",""0x046a603242429ffda7ad1f536f44c8464256e46136a39a88bbb37e6036461f55""]",0,0,1,0,0,0,0.4
dedudes412m44fc2bf8,valid,,4,1,2,m44fc2bf8,100,10,10,"[""0x9e14eb9b0b4d79e8a0f857e9e859cdf595c612dae2bb3851332b3220d3f2aded"",""0x94d63c25ab9d5a384a61b40c47f60022b64aaabb4b71acebcf39002062ce9c8f"",""0x9a360976bba2e89f0452b5504aa15a2a3d788f5279077f4971b22af6cc9e9338"",""0x139327ab62bbd4934b7cfc70645861896cb17522dd93377e162859737ea6d3ae"",""0xf1a5d828a3c76d090fde663f9d5301f508996cd8bcd369bee7f8d22b8a7aee2d"",""0xb580aea6d58b81d2b2f0a622a9e10c78d470784d06110f2989f72d9ccc37f70b"",""0x8e334b5c9ae395939e1d6661ea1e9a380e2ed29149278909c2e3540ff62d1ade"",""0x57e6f0d88a496f9f6c164e6d9a769485fae17981efaf2b58701316232cd0fad4"",""0x6a77c527e86ccefafbc4020a9e9235e9289260c9c32cfbbbc5c4201d69702796"",""0x8ea9ddff9ee7af244605ee3fcf67f2c98c84dd8d88bca23617938138553d38d5""]","[""0x9e14eb9b0b4d79e8a0f857e9e859cdf595c612dae2bb3851332b3220d3f2aded"",""0x1cd1a0af806057cb0041bf01fedcefbdb51d03fd6a0879a16c91c4bae5430ba7"",""0x5236f24fda178ebee1e67f896ba01c7305c09718e74429772f449b40cbc5c735"",""0xba43dc1fee7635c8ac3640bd49f486f7d217a475a123803af63389b831328443"",""0x139327ab62bbd4934b7cfc70645861896cb17522dd93377e162859737ea6d3ae"",""0x427b720a9454f6ee584a1ef9e5035b3e438f150cc81e15066d085a6fbbab522d"",""0xab3434f8b5ebbe9ed39e209cdbaf610d2b92816d62634fe264263410bc2a31ff"",""0x8dbc33bb09de968685fbd0241a07b9b02f51c04ad7594fb15973d8ba426e3d5f"",""0xd83117a66902557710ac877d5a6e5420420b22d06e9ecafd3d0d0d54852a5c3c"",""0xe75fc98815576ee938473e991f0fe07af751336b9957a62588d93fdbc0ee311b""]","[""0x9e14eb9b0b4d79e8a0f857e9e859cdf595c612dae2bb3851332b3220d3f2aded"",""0x139327ab62bbd4934b7cfc70645861896cb17522dd93377e162859737ea6d3ae""]",0,0,1,0,0,0,0.2
dedudes412m58cd743c,valid,,4,1,2,m58cd743c,100,10,10,"[""0xc4fed2ac503a5dbc763eca6cb57b0f57969026007b35ef9b4a712e377d2c82c6"",""0xa95ffd0d5bc70611f706e681fdd001a7128aecc863f1fd30af5959c525cebce3"",""0x8e77e3ef4e03a1bffa0ce787677aad2d09bc554612a88b278d0fff06718e4a41"",""0x8e3f42e5c78dbfeb92466b0a0085e6d9fb19d04cce5778f72d1d1c9412866b85"",""0x497a5384577e35db028d797286f77db436d76ade59f14dc7363370fb9c3e88a2"",""0x15418becc3a38294b44abffeb029c97bf246f89f0679daa94e431a72b8d79af7"",""0xe61c79a28c846efdda2b7ffc661829ab40c7bb6fd66fdb61c459330caa712ac6"",""0x124965f4295b430e31600aff8339d9e8d948b45552f88d1931428fec081af241"",""0x60015f2c5a5a1631abcdbb23ce5930847b6cfa4d4a723f9cc5158f605df97c64"",""0xec1820e120ea32497bc4151cec1c2a1a74c506883244eed9e8c84b63b649b05c""]","[""0x9c6819fd248cd16a3fc17004ca2b67e87f5cc68986602147590293056036e6e5"",""0xe468d8edc4a54c19537f2de145f9b8e65cb9f043cd1aa27e1549c2d8471701b3"",""0x80e8fbcc08caa1dd06a1a7aed25697a96c8a47b4d645291144324189e0073967"",""0x909de760f48ac7e0ec11f7e278bfd2badcc2e1cdceccb1e89cf527196eb328f2"",""0x9148ff50cf94b78f204da5a6297852b12d17e8bc815147d5d8fbc5329d0ba2c4"",""0x8d569616a01ff7b6f8c3e29a5d33273ab6c86c53037cae27ef6cc51c67113f78"",""0xed645af593084ee81eafa1aa8b6951ddddbe81a8fdede6bda5e069b77a70b1ab"",""0xf108d19218ab1d485d94bf7edf808ab93b615d2ebf6bc7a6bb4ee827d1b06712"",""0xfdeb433372442dcc656d51c2e2bab43fef0e012ccb4076ceb0fb6f9ba1eb9b29"",""0x7c5a5789f21eba5040da4d9395aefc688a0f120e2e3c76700e30461d0c31c47b""]",[],0,0,1,0,0,0,0
dedudes412m5f378a26,valid,,4,1,2,m5f378a26,100,10,10,"[""0xa353c2146e9a243fb7360a35428d933c411fa272574b61ad2a7e5bb90c5877ce"",""0xb91134e44ac313e01c96c9997d26dffe9ac7b25ec2a81bd7dcbb5fe5a1202d90"",""0x8e564b61aa228f33d5e4494d1f47890f728eb60765051c2ef939f466082585b8"",""0x25874d24e26ae5149358bb4e029d1fbb20b7771a1bb213e50fd450789ecc7099"",""0xa4cfd383a942da2d4cbabce7ce2254b5885c534b3f3df753fde3d8d31fe37426"",""0xa0eb7bd51a718323ba3be09dc166cc7f2a92b7890c0bf3d5f5cc1ea523b97d9b"",""0x0f3abeb156c2c78f8d6903bb725cb1de4b6d19227e5372ed037f9e2266ea3411"",""0x4d5af09c15fc969e6a718a85b50abcdde1559b9de8fe8370e1d99fbc3e68d2df"",""0x7caa6118b59fdaf813a4754af425ac2e46912311827867fcb29bab268a11ab74"",""0x3877051f66ce3e6d6bd137ed264eb9aa6bf737749a56ede4bf1c476b96d6558c""]","[""0xe03f52b78bc8e9eab84e177e513ae005b06cbe60597e3fbbb3f6cbce41404793"",""0x83597780a900e3443f7629c9b0b4181f53c8c3b119b210233befb1421e672e93"",""0x2c6ff6fd5988e48779fe9d7205881d59036eb530a80d7b3473f99cf9a1983500"",""0xd06a42d72cfbb96ba643618224587534b89ed6d8fc280e2b48ed9c6c13cd6972"",""0x29faba369a9df31c5cb9e6bc1c5e33037f979b47cee76339e986f878271fa5dd"",""0x93cccc9ddb2c07147c7775f32275ffe610eae9dac4a0b0e0c03c37e1c0bd53f5"",""0x94ec6120d2be59f3d3989ccd7d85da8a22cde1f056fcb7ac7cd109fc9c493352"",""0x5c922bd085dadc1604adfb84e835cdeb680d47546aebdc5f3cdc700301e4b7c3"",""0x96066476fea3949719914409cfca4f333dd56c06875c4cb6be7161a9df28ec5b"",""0xa79b998f79699d11b4f12c5472c7ae2ce658f690ff070100aa8cbbb0cec325c0""]",[],0,0,1,0,0,0,0
dedudes412m605d61cb,valid,,4,1,2,m605d61cb,100,10,10,"[""0x5a354742fd5b660be04a0326f7e084e2a2e59d132e361028f7dc0613581c139c"",""0x4799c972997b453ebd835cee78c0e619ea6aab030d36b2c67ad565d6ece7f8e0"",""0x7c52680fcfef5c7a792985f3ad5c6f7d89246254102af68608ab10b59e8a1bc8"",""0x178df42794815bec2b31a4b63af8ddc9177af487f8210f04c467da77af643d16"",""0xe751e577b9d434d7275c1666ace420ae930d6bf4fda343a6fc3089c29b94acf1"",""0x34389058bce6bf69b89a9cdffc3b9e9d68171d7e85fce6c161fbd86d5036f812"",""0xb4f5558b4bdc7e589b5bba34f2bf39509badb2657bcf2700cffd119deee1b1df"",""0xfe5d7d25844b01beeca8edf1ed8da6c7b29a4d2977d1be703c2d2112a1f637b8"",""0xdc9b151725297271c5f79a0077d68506c69d197e610b28fefa99ee61fa4041ec"",""0xfac3e2988fde6cc926c0a0e40e189fb0f8d4a63c03cacbddcab0280d1a14faa2""]","[""0x5236f24fda178ebee1e67f896ba01c7305c09718e74429772f449b40cbc5c735"",""0x7c52680fcfef5c7a792985f3ad5c6f7d89246254102af68608ab10b59e8a1bc8"",""0x6288dcfe5fb2840d2562fff7aa877762bbb68d40fa73a282fffaa9a6f8c8a10c"",""0x17e8c26097d0ff404e51aff2c72019cb18f3aa51e2095995e64b675842e14a11"",""0x97423c55158df9670a689f78b9b25766a67c2206551fcfcd9909eaa2b209fdfa"",""0xf108d19218ab1d485d94bf7edf808ab93b615d2ebf6bc7a6bb4ee827d1b06712"",""0x8d569616a01ff7b6f8c3e29a5d33273ab6c86c53037cae27ef6cc51c67113f78"",""0x47399756da88a59616696c5337a59aaeb941e2d81c4f4caaf921c282c55c6263"",""0x29faba369a9df31c5cb9e6bc1c5e33037f979b47cee76339e986f878271fa5dd"",""0x4e20376d1da11c9e1f1d90c95dda5d888cc4afaf92514bcf2dce9c5d0ed6f72d""]","[""0x7c52680fcfef5c7a792985f3ad5c6f7d89246254102af68608ab10b59e8a1bc8""]",0,0,1,0,0,0,0.1
dedudes412m61ff8ed9,valid,,4,1,2,m61ff8ed9,100,10,10,"[""0xfc04a19087edbc1da922120d26a7b65619068e66fa34d931b0f1f70c66c0267e"",""0xcdac4b8724f50f65662dfbe63aab4a8c00aba9ff45b3ef54b4624eb092178fd1"",""0xa62a958b83f6c5160074f14c3ec7e44184ca730e4dbae5c8895b45992a3b190e"",""0xa60061a46e6f3588611ff2e030a8c2739435473882e320556fcfb9df009f9e67"",""0x67d63531f3cc40537b83d4d01612f8e6285310d27661da535cc65e0dfe79e5a1"",""0xeb92703c6469d5c7e31827a33abb93d937be6b1cec96018273d23f40a909703a"",""0xdb6638e2aa700fc8c36d2893f108807601d384e149b65b6fe3ab1b644717dd01"",""0x558af4278655e13ee6d34fa936383c31f36fdcdfc5ec8ca437425510076a6eea"",""0x688f27a824d56679de1d4333c475084fa393064714c11e58add899fd8a98a2f1"",""0x6abe5b14e7e5f95462a3451441624c82b5dba83d2cb308d785adbb6c53944f1d""]","[""0xa5354f7310ed91f59b1c345e39c21b3b0a760f554e1c86015d34b20bf1573fff"",""0xe73354790507ea53673c67d57b9a4e38a7c891a6f1eba2fd7509eafe56356b74"",""0x047056a4db8bc397a2311e162c6c84c92e428d210fad778e565a69407c2480ff"",""0xf753cdb4750238eebb2710939be41aec7da5c28d5812cc16ccbcf95421e17a65"",""0xac8b80036991313f0d9991aa483a95a9c01079cd33e372b5d4f6225deb94ebe3"",""0xabd36aa877f84ff262365e67d8bc106b156ff7a8b05109e7be64388152ff0974"",""0xa17d97abc100dc9f7fd738ca789c4f6db08b3c581ef01cd5161a5f139b8a79e2"",""0xed54d7a9fbadc1c92763a2cd69d632fb026af91e74faa22722bc8981334ce6cf"",""0x4075b1c1a48c332b84b4ca094e3b13c917ba819a5b04ff83479afdd4ca43c354"",""0xa2768aee9c99fab0f52e085695c2373eff29dcb97f88834346cad088b73812bd""]",[],0,0,1,0,0,0,0
dedudes412m62eeb31e,valid,,4,1,2,m62eeb31e,100,10,10,"[""0xd3b4b9f6f6182ab45c2a03bd0e3e5a74c67714cd31fc91ce22d96ec815857918"",""0xf36ffa249bf590354898aaf0ebe1f3007a0c588aec5369927e964e5e71192d84"",""0xf96bf5d3cfccc96a356555adc13fcc7edbfa81afc78a5fa4043f3dcc47ae4323"",""0xe912236ac1e0fa2314dc68c399351e62211e87c3958e648e380df3554a876137"",""0xa0f680ecefd895d9fd933e4eeb021e41ab3693788b90070d8b448e2d300b62f6"",""0x63f38a7112e47ee5c2e95d61e4589f58c4a7b0ed0a54653dfe44a8213407c79b"",""0x7305efcada23bf932b1d643271d54b895f0d82a3a43ff08b0480680d54366384"",""0x9d21f7c8177175b4b017f567f2eb23d549e7bba245e7b971f5a42e5a55da7acb"",""0x5c922bd085dadc1604adfb84e835cdeb680d47546aebdc5f3cdc700301e4b7c3"",""0x8d6594a552929047b663d428b7b34570addcc978489af70927453bb515358c35""]","[""0xf96bf5d3cfccc96a356555adc13fcc7edbfa81afc78a5fa4043f3dcc47ae4323"",""0x75232ef6746d01e9b8c3c4fe3f6d217fbc13928d20867b00a929dcd7d5749bd6"",""0xe912236ac1e0fa2314dc68c399351e62211e87c3958e648e380df3554a876137"",""0x0147b80fb439b3c56263507b7354f947f9196fcd5c43632dafe2463a29356c5b"",""0x6e6d758c129baedd88101292ed8a6478f9e421eb01f679a57b3c644f3876f468"",""0x047056a4db8bc397a2311e162c6c84c92e428d210fad778e565a69407c2480ff"",""0xab58b9907d0218646605951a37a38307528978618ef01a598905f9eea1137c91"",""0x2bed620b53fb262419044820898d7dd1a83109bdd26079eb97a00f66fd19e50b"",""0xa5354f7310ed91f59b1c345e39c21b3b0a760f554e1c86015d34b20bf1573fff"",""0x4e20376d1da11c9e1f1d90c95dda5d888cc4afaf92514bcf2dce9c5d0ed6f72d""]","[""0xf96bf5d3cfccc96a356555adc13fcc7edbfa81afc78a5fa4043f3dcc47ae4323"",""0xe912236ac1e0fa2314dc68c399351e62211e87c3958e648e380df3554a876137""]",0,0,1,0,0,0,0.2
dedudes412m688ed826,valid,,4,1,2,m688ed826,100,10,10,"[""0xa6c3685747057209a427117968fe118950aad3eaaf5386b285e0b3b54cef9f87"",""0x9e14eb9b0b4d79e8a0f857e9e859cdf595c612dae2bb3851332b3220d3f2aded"",""0x24b3965f185cdbe1fc3727ff2135238ce0ef4e7ee1390c559ac159dbe1d0c04e"",""0xbae758a9b835e93f83a4715b4d0b3f8e5e2f3c17b6b72baa0d50ee310925fa9e"",""0xdf68bebf3b276ea37921247bf2bc5d4faccce08b5f9721559030b1e34603f1a0"",""0x3fe9683c0e77ca5d1c545a47a22db2070f92b786ef071a3bea362ae0ae8b76d4"",""0xd58da8985226932f70603b9da4ec0037387458a6c26bbb78e6f7e2fe68bf86bb"",""0x910c2fec08f3cbf6278353f88ca09a0d1a2a74f3fe194bcc8e6ec6df84b6e5f9"",""0x71c27b8547dd4bc5b567c4bdfea30552124c62fef8f8c10781579ba95ad6bb72"",""0x2ca8d5400b3f2a2c1023e937e8cefa19eb7934d6c64e4eb7ccaef4bf420eb203""]","[""0xa6c3685747057209a427117968fe118950aad3eaaf5386b285e0b3b54cef9f87"",""0xbae758a9b835e93f83a4715b4d0b3f8e5e2f3c17b6b72baa0d50ee310925fa9e"",""0x71c27b8547dd4bc5b567c4bdfea30552124c62fef8f8c10781579ba95ad6bb72"",""0xdf68bebf3b276ea37921247bf2bc5d4faccce08b5f9721559030b1e34603f1a0"",""0x3fe9683c0e77ca5d1c545a47a22db2070f92b786ef071a3bea362ae0ae8b76d4"",""0x9e14eb9b0b4d79e8a0f857e9e859cdf595c612dae2bb3851332b3220d3f2aded"",""0x24b3965f185cdbe1fc3727ff2135238ce0ef4e7ee1390c559ac159dbe1d0c04e"",""0x2ca8d5400b3f2a2c1023e937e8cefa19eb7934d6c64e4eb7ccaef4bf420eb203"",""0x910c2fec08f3cbf6278353f88ca09a0d1a2a74f3fe194bcc8e6ec6df84b6e5f9"",""0xd58da8985226932f70603b9da4ec0037387458a6c26bbb78e6f7e2fe68bf86bb""]","[""0xa6c3685747057209a427117968fe118950aad3eaaf5386b285e0b3b54cef9f87"",""0x9e14eb9b0b4d79e8a0f857e9e859cdf595c612dae2bb3851332b3220d3f2aded"",""0x24b3965f185cdbe1fc3727ff2135238ce0ef4e7ee1390c559ac159dbe1d0c04e"",""0xbae758a9b835e93f83a4715b4d0b3f8e5e2f3c17b6b72baa0d50ee310925fa9e"",""0xdf68bebf3b276ea37921247bf2bc5d4faccce08b5f9721559030b1e34603f1a0"",""0x3fe9683c0e77ca5d1c545a47a22db2070f92b786ef071a3bea362ae0ae8b76d4"",""0xd58da8985226932f70603b9da4ec0037387458a6c26bbb78e6f7e2fe68bf86bb"",""0x910c2fec08f3cbf6278353f88ca09a0d1a2a74f3fe194bcc8e6ec6df84b6e5f9"",""0x71c27b8547dd4bc5b567c4bdfea30552124c62fef8f8c10781579ba95ad6bb72"",""0x2ca8d5400b3f2a2c1023e937e8cefa19eb7934d6c64e4eb7ccaef4bf420eb203""]",0,0,1,0,0,0,1
dedudes412m74b51335,valid,,4,1,2,m74b51335,100,10,10,"[""0x83a064fb0c3d929367b562453fd56149325de6ec75b506925731d32e2572c2b0"",""0xfa053fe51ce4177e6f87e25a509dd4939dfde8a74dfc08ead6e8efdf07bc418c"",""0xd34b17cabffa509cdf016810a9183f9a8b608157bda3158cedaa6fc8efcfcc54"",""0xe34a9826f7afff98a0f7315f2941cad3a4f3746a2d783f7b4d3a1c52103ac968"",""0x2b2aa943c85f444b73f30ba39f4ba1c0ea5599ee3d455d9029994832f8935d89"",""0x927d988818abf504d4dce598e7494e5fe56f33a54d03cedc61bbf54d48dc68f6"",""0x89de293badb6e8ef2691d811ef98dd0c56e75d703141b55b672c6e4871cab4f1"",""0x93cccc9ddb2c07147c7775f32275ffe610eae9dac4a0b0e0c03c37e1c0bd53f5"",""0xe2f12dcaf7d2e6820b42df7b1d09b421258c275035e2e4ddf615a73496f5ebb9"",""0x8f5335e17c8dc30f9b41ddbd88090354e99952e963a690ddcb71e5bb2f382fcd""]","[""0x89de293badb6e8ef2691d811ef98dd0c56e75d703141b55b672c6e4871cab4f1"",""0x93cccc9ddb2c07147c7775f32275ffe610eae9dac4a0b0e0c03c37e1c0bd53f5"",""0x888905a0a534ce554b87552efa11982058f2bd78d7cd30f22878b95f388290f8"",""0x2bed620b53fb262419044820898d7dd1a83109bdd26079eb97a00f66fd19e50b"",""0x4075b1c1a48c332b84b4ca094e3b13c917ba819a5b04ff83479afdd4ca43c354"",""0xbc27e5eeae8d24741e37498174c18b7be391ae0403b6218c92734f8c2f6a975a"",""0x47399756da88a59616696c5337a59aaeb941e2d81c4f4caaf921c282c55c6263"",""0xc23952c378a4c56a3ccefad166600f45f6a804220be6ee2ff45beb77fe1e1a80"",""0x2c6ff6fd5988e48779fe9d7205881d59036eb530a80d7b3473f99cf9a1983500"",""0x9c6819fd248cd16a3fc17004ca2b67e87f5cc68986602147590293056036e6e5""]","[""0x89de293badb6e8ef2691d811ef98dd0c56e75d703141b55b672c6e4871cab4f1"",""0x93cccc9ddb2c07147c7775f32275ffe610eae9dac4a0b0e0c03c37e1c0bd53f5""]",0,0,1,0,0,0,0.2
dedudes412m87a0e423,valid,,4,1,2,m87a0e423,100,10,10,"[""0x48bcc597a4fa707c2d615b32c129a4069ac4c0120947d0afdb5e897b83ad9128"",""0xb54d31f2e89f6e1d3d1d659f1ffec1aa642d4fbf8e6dc52863e208aea5410ec1"",""0x4ecdf3e02d13c9fe32db547b16d4703e37fffadfff94ccccafba5d3492270e84"",""0xd247cd5ac6d6b3dc844de66d61eb913737ab441ca94132664b1e1abf058db54f"",""0x7321022e3cb70e0ca5419929854423847ec5986fac6ab928bccba76d1f95085f"",""0x4b34d937794e2a40aa0e0b2cab3894d84cc5ca50772ada5dd00d3bdd255111bd"",""0x57137b2edd3af8ab8e1a99ca842ae3d78f905ad42c4f079677b2656f7cc647da"",""0x4feffcd1822aac4917801fa166946af6d6a03938638e96f75b64f78af2d00ed9"",""0x6cec17c15f975a0c2c5010ded2db37c1c91e6bb5d35e7a4d07a843a76bd9fafb"",""0x11c6ce9371279a26939a5cbfa91e968d27cbd7f2d8cc288ee357c306c820b030""]","[""0x4ecdf3e02d13c9fe32db547b16d4703e37fffadfff94ccccafba5d3492270e84"",""0xd247cd5ac6d6b3dc844de66d61eb913737ab441ca94132664b1e1abf058db54f"",""0x8fa0c2d99bbdc01f3af5867614abefa0c4ddc6da838698d9c9c816368a4c68ba"",""0x7321022e3cb70e0ca5419929854423847ec5986fac6ab928bccba76d1f95085f"",""0x4b34d937794e2a40aa0e0b2cab3894d84cc5ca50772ada5dd00d3bdd255111bd"",""0x9472b1c0afb7c6751ad0c546dcd2b1fd4d72269eeb6eec0590ae3ea255789880"",""0x57137b2edd3af8ab8e1a99ca842ae3d78f905ad42c4f079677b2656f7cc647da"",""0x4feffcd1822aac4917801fa166946af6d6a03938638e96f75b64f78af2d00ed9"",""0x6cec17c15f975a0c2c5010ded2db37c1c91e6bb5d35e7a4d07a843a76bd9fafb"",""0x11c6ce9371279a26939a5cbfa91e968d27cbd7f2d8cc288ee357c306c820b030""]","[""0x4ecdf3e02d13c9fe32db547b16d4703e37fffadfff94ccccafba5d3492270e84"",""0xd247cd5ac6d6b3dc844de66d61eb913737ab441ca94132664b1e1abf058db54f"",""0x7321022e3cb70e0ca5419929854423847ec5986fac6ab928bccba76d1f95085f"",""0x4b34d937794e2a40aa0e0b2cab3894d84cc5ca50772ada5dd00d3bdd255111bd"",""0x57137b2edd3af8ab8e1a99ca842ae3d78f905ad42c4f079677b2656f7cc647da"",""0x4feffcd1822aac4917801fa166946af6d6a03938638e96f75b64f78af2d00ed9"",""0x6cec17c15f975a0c2c5010ded2db37c1c91e6bb5d35e7a4d07a843a76bd9fafb"",""0x11c6ce9371279a26939a5cbfa91e968d27cbd7f2d8cc288ee357c306c820b030""]",0,0,1,0,0,0,0.8
dedudes412m92034409,valid,,4,1,2,m92034409,100,10,10,"[""0xc4ec954ae50a47e6f4dc94c797d002b53e75a54561cfebd8ca67b32879cec36b"",""0xa85a50d3fbda3680b262cdba8344aa00eccd23094f7e17385e88cbdb6c045853"",""0xafaf37138b574609e2b3a5e1aa3234f080ad70ad5676fad40b19895a078d7dee"",""0xa92224ce4b7dda50fab4450bf4c8ff480c9c16e371a6cbbf4875632f481d1494"",""0xa353c2146e9a243fb7360a35428d933c411fa272574b61ad2a7e5bb90c5877ce"",""0x83e3b0998b66120f052c7011ac7fbc31cb77b9e864091293e141f1df231ff2a7"",""0xa21c58439ba76498112a9dd59801d9eb71d2b8e004ee265c9369fa2383ba8578"",""0x139327ab62bbd4934b7cfc70645861896cb17522dd93377e162859737ea6d3ae"",""0xec5694704d88b9d8110cbdb1eb4a9c4b2a036acea4f55b393c0e4ca8f6238d20"",""0x74e7be8b32e08c0943c3f357ddc428139bf197e2d2871fa7255a72393adaea53""]","[""0x52f959174b3d5e4a9c601c8be94fb382d572ca485eca8cb636993fb300b8dd2e"",""0xb8b2866e059e96f8e2a4becbcb056bf746394665af6a4d7332d712015aab77a3"",""0xc4ec954ae50a47e6f4dc94c797d002b53e75a54561cfebd8ca67b32879cec36b"",""0xd640fc571224b43933da64febedeeafadc7979499fd0e6564fb7d8d00ca2b2d6"",""0xbc0dfb81cf9e22d2d366e0efd4ce5db0ee3ed857f9bb36b8dd7cccc3bbad7d3d"",""0xed645af593084ee81eafa1aa8b6951ddddbe81a8fdede6bda5e069b77a70b1ab"",""0xac71cf4c6d1b0b6ecf72b81901d1e7b92d55b1424c93743d83a5a6c3a2a95112"",""0x0026d3f471982cd447ef47a2f259ea569aed62b3822c41c4b317797fe231a5dc"",""0xa85a50d3fbda3680b262cdba8344aa00eccd23094f7e17385e88cbdb6c045853"",""0xafaf37138b574609e2b3a5e1aa3234f080ad70ad5676fad40b19895a078d7dee""]","[""0xc4ec954ae50a47e6f4dc94c797d002b53e75a54561cfebd8ca67b32879cec36b"",""0xa85a50d3fbda3680b262cdba8344aa00eccd23094f7e17385e88cbdb6c045853"",""0xafaf37138b574609e2b3a5e1aa3234f080ad70ad5676fad40b19895a078d7dee""]",0,0,1,0,0,0,0.3
dedudes412m9a581345,valid,,4,1,2,m9a581345,100,10,10,"[""0x9f0a3a8d25a45639ae098d31cf4d9b0b878f2554dc75dce680d565515a32136c"",""0xe3518c539249e19284d9ecf920f9253c5f48a52e01c01c383a78c92121870ffc"",""0x0b11176ffd279cf4e1fc5f4d0afa222f064ee56dcbfaf089a9abf5597195b176"",""0x15418becc3a38294b44abffeb029c97bf246f89f0679daa94e431a72b8d79af7"",""0xa077d467da14848d18e59e8577d5713ebe983a7a361998d6825c5db70368f0b1"",""0x124965f4295b430e31600aff8339d9e8d948b45552f88d1931428fec081af241"",""0xab3434f8b5ebbe9ed39e209cdbaf610d2b92816d62634fe264263410bc2a31ff"",""0x35cc0b2887fc2830bbf5808ea0a989765e7782c174e0814faf016ee547ab40fb"",""0xdaecba2ed12f5a5b70fa12804a2e95989f00d20797517e0792bbbe0eb9fa7798"",""0xf805dbff6348742ab14cf679e7f8361efca863743fdfdec50829ae45981920a9""]","[""0x29faba369a9df31c5cb9e6bc1c5e33037f979b47cee76339e986f878271fa5dd"",""0x8d569616a01ff7b6f8c3e29a5d33273ab6c86c53037cae27ef6cc51c67113f78"",""0x6e6d758c129baedd88101292ed8a6478f9e421eb01f679a57b3c644f3876f468"",""0xa5354f7310ed91f59b1c345e39c21b3b0a760f554e1c86015d34b20bf1573fff"",""0xe942f44aef93d4afb3cbaf854f82604034c778e957f217525c0d5b8745fc0e1b"",""0xddb3d9f3dee573b1be47b97205b1dad6937e2aa63171287104d449baee27f61b"",""0xcdf69590102e2120a0699bb0bb4b1e9ded25e4d2f24f7526b1cb67c97658534d"",""0xabd36aa877f84ff262365e67d8bc106b156ff7a8b05109e7be64388152ff0974"",""0xe32ad4d2b4c5e2a403429a97e94d1115a2a6746b5eefeefffbb697694fa1d4f2"",""0x7c5a5789f21eba5040da4d9395aefc688a0f120e2e3c76700e30461d0c31c47b""]",[],0,0,1,0,0,0,0
dedudes412m9f25cc42,valid,,4,1,2,m9f25cc42,100,10,10,"[""0x8788939ddccdf8e78e57c0735229a8e72ba044b2830d252589de113f575b9c91"",""0x270f61373b2830aa200bec948b801025f0d5465f203a4c38b735028251878aeb"",""0x560a3a1989194c2252f21688e120be2ccd659c75fe1edf11e3657c036f6b97b0"",""0xda4e65390f5a56d4d12deb6f0eab1bc6c76312ca72441fb19d514dc8a972574e"",""0xd09e7150ddb7ef56daad83d815d3220c8c1619be3c4b00bf352744b52057f076"",""0x012f7a5533aa10df03f81882585c8519379e85aff6b3795e78345287a76146de"",""0x6ca26056104de6a9637fabafb1922d5f2f87e552b8a56e1e2bf5f3f18c17a1fc"",""0x76a481cda16a9b51383887ded51afb2739c0bd85e7cd613c6454f2556d72b108"",""0xf1a5d828a3c76d090fde663f9d5301f508996cd8bcd369bee7f8d22b8a7aee2d"",""0x6f36db2e89512e0d23a9d0d6aabccd47dabad6c24d86f4ed3e2f34d2f18b5970""]","[""0xa52341e05fdb6a81cf1caa591fe1e05c71018324a4fe74d32a338787220793ba"",""0x560a3a1989194c2252f21688e120be2ccd659c75fe1edf11e3657c036f6b97b0"",""0x012f7a5533aa10df03f81882585c8519379e85aff6b3795e78345287a76146de"",""0x6ca26056104de6a9637fabafb1922d5f2f87e552b8a56e1e2bf5f3f18c17a1fc"",""0x76a481cda16a9b51383887ded51afb2739c0bd85e7cd613c6454f2556d72b108"",""0xf1a5d828a3c76d090fde663f9d5301f508996cd8bcd369bee7f8d22b8a7aee2d"",""0xa57a419d14e97fbd6f66deae8d60b09b35e6b3eb57fdb74ddab9d88b42a9f182"",""0x679a4b7500e218a9148e881a0eb0c30fa15405ad10fcb785ca882ce2b28dcc69"",""0x13ad2aaa30aa2c9cf95c2a9bf238b1c9dbf105d72ea30521868af92a2d943b6a"",""0xa8f6645926614e855e9e5410950b0d978447966aa63f119579ee2f9f1f815372""]","[""0x560a3a1989194c2252f21688e120be2ccd659c75fe1edf11e3657c036f6b97b0"",""0x012f7a5533aa10df03f81882585c8519379e85aff6b3795e78345287a76146de"",""0x6ca26056104de6a9637fabafb1922d5f2f87e552b8a56e1e2bf5f3f18c17a1fc"",""0x76a481cda16a9b51383887ded51afb2739c0bd85e7cd613c6454f2556d72b108"",""0xf1a5d828a3c76d090fde663f9d5301f508996cd8bcd369bee7f8d22b8a7aee2d""]",0,0,1,0,0,0,0.5
dedudes412m9fd952b2,valid,,4,1,2,m9fd952b2,100,10,10,"[""0x3728d769a0e94a8d7bb4206065a99b977cc27b6e56b6936abfdfa99c2fc0e994"",""0x15375c29885ba8ec082167b98e385179d2cde641aadf61f7df0b498c97135d9e"",""0x3151cf1f6245ad1f95925a7c6ca997a55c4df051b87283ae86e2233718593879"",""0xb34d0672d82ca835755d6954e21baa97d9d084b440996acb30739ea2c258da7d"",""0x8ea9ddff9ee7af244605ee3fcf67f2c98c84dd8d88bca23617938138553d38d5"",""0x0f3abeb156c2c78f8d6903bb725cb1de4b6d19227e5372ed037f9e2266ea3411"",""0x177146b16d55a1d391948de43fb53262b93e6941e44421a8f72da6c2dfb3094b"",""0x036a595e716e8da3a4c46e58a85df4d19113dc842a6238e934316df99832c1dd"",""0x7535276b2e0096b9d8f9dd01ddfa89ed90f6a54257588cfe55f2a0f4fadf00de"",""0x0248d2cb7fdf2a7095b7715c24e053f0425e97a94dbba26f5fbee48dddd62335""]","[""0x0248d2cb7fdf2a7095b7715c24e053f0425e97a94dbba26f5fbee48dddd62335"",""0x52f959174b3d5e4a9c601c8be94fb382d572ca485eca8cb636993fb300b8dd2e"",""0x370782400b6be3d398463e29ac2e7fce9b87893f1222016aba1dd78c3be96568"",""0x13b6d9bdd6ca06f426dc0d41746324c9ce628d54eb8c6f7585171d54489105b2"",""0xd7d653f7f8e66eb593bc9b749e14270025b9d8fa3c3b79c90eee945e199c8d4d"",""0x2bed620b53fb262419044820898d7dd1a83109bdd26079eb97a00f66fd19e50b"",""0xac71cf4c6d1b0b6ecf72b81901d1e7b92d55b1424c93743d83a5a6c3a2a95112"",""0xb608421e38e36743f8fbd8f6ecfada1c05dfd5091e111c5bca9db9c42a39324c"",""0x51ca5ceea8865e68fea76905e36eaf9b1307c13e80e084abd7c08edfc103c620"",""0xf96bf5d3cfccc96a356555adc13fcc7edbfa81afc78a5fa4043f3dcc47ae4323""]","[""0x0248d2cb7fdf2a7095b7715c24e053f0425e97a94dbba26f5fbee48dddd62335""]",0,0,1,0,0,0,0.1
dedudes412ma13a9811,valid,,4,1,2,ma13a9811,100,10,10,"[""0xaec5f3d8354072d281f62bcf5bb667d28adf2707c88750a1fcac78122226a936"",""0xef7983386c52f2e3fd86953cb396f63925a347990bc0788e13470bba1246a1a6"",""0x4d26cdd7c14317b28683534f1a6b0eef1e503cf2c0dc83905a7255717c75ec00"",""0xd6123c9172358a6d7a877304cb9b7311be7ee4684008057c0434f3bc871f49e1"",""0x08409c88ced795e923586fc7541cd01415324e0c0ccb6ceff805c6a07281896d"",""0x8788939ddccdf8e78e57c0735229a8e72ba044b2830d252589de113f575b9c91"",""0x6f36db2e89512e0d23a9d0d6aabccd47dabad6c24d86f4ed3e2f34d2f18b5970"",""0x972cfa2de1c4f801959ffadb7e6ad7fb4c8add483fce5ec5824eb11e38544b16"",""0x0506b67e31ff28e1f276f36619f77ace6b2af67d58a6c6342dfcb7468c56c888"",""0xc5c2cb86131f9e87776a8803ffd32d0cd607c48d0d8417a53e9e914dcb7b7f8d""]","[""0xef1c682a96f426ceffe117ba429fc06fc879a35e191eaec5c199908f2c665b34"",""0x39dabafc64c5c5eff56582e8508223dee7f3a8041728d30970cf81a4d1e0be46"",""0x609b958fedcadd17d8814bf0281fbcd474cb57d80d9499dfbe8dc94438a4ca9c"",""0x022d2f24e20eecc4054c519000a7e45043cf9f7e0fd1afee78279de75da5f9e7"",""0xaf3d313a9660b78d41374e9625c0998b95a35b34aa64d466d29942912711d3cd"",""0x5cade3332a7dec40ebd048efab16eefe3f0e6f3b468acbd31aceb93ae5b85d6e"",""0x27ea82588e84c8f07bd0ada1a20ca6b092985d021be143ad1979036c018adddd"",""0x6f36db2e89512e0d23a9d0d6aabccd47dabad6c24d86f4ed3e2f34d2f18b5970"",""0x972cfa2de1c4f801959ffadb7e6ad7fb4c8add483fce5ec5824eb11e38544b16"",""0xc5c2cb86131f9e87776a8803ffd32d0cd607c48d0d8417a53e9e914dcb7b7f8d""]","[""0x6f36db2e89512e0d23a9d0d6aabccd47dabad6c24d86f4ed3e2f34d2f18b5970"",""0x972cfa2de1c4f801959ffadb7e6ad7fb4c8add483fce5ec5824eb11e38544b16"",""0xc5c2cb86131f9e87776a8803ffd32d0cd607c48d0d8417a53e9e914dcb7b7f8d""]",0,0,1,0,0,0,0.3
dedudes412mab0bf37a,invalid,error_duplicates,4,1,2,mab0bf37a,100,10,10,"[""0x94cc8dd56cb47a38c5fde48ab4da2f2d7a22afa57cd4737cbb3ea216ae681034"",""0x037a73ab9a72306dc8ebecdf80a2ab16d414d96cf2f63c7fb32feb92bf9a5b6d"",""0x88ce248d0afdcbdb05816c4e2b41523403adb46f31d661e6aa300f6254b8d800"",""0x6ef4bc7397209ca22235b99ccf40dcaebfde72aaa515cc2878e92594219cfd1c"",""0x4aee22d2ce86d209c5c30927446358b8b9f135060ae67977c95ce8c029f89aa6"",""0x3151cf1f6245ad1f95925a7c6ca997a55c4df051b87283ae86e2233718593879"",""0x88ce248d0afdcbdb05816c4e2b41523403adb46f31d661e6aa300f6254b8d800"",""0x94cc8dd56cb47a38c5fde48ab4da2f2d7a22afa57cd4737cbb3ea216ae681034"",""0x037a73ab9a72306dc8ebecdf80a2ab16d414d96cf2f63c7fb32feb92bf9a5b6d"",""0x4aee22d2ce86d209c5c30927446358b8b9f135060ae67977c95ce8c029f89aa6""]","[""0x2432cfe4f9353b1ba5658ab99af0b32f44ac9b15ec481b90164d7045e845a019"",""0x94cc8dd56cb47a38c5fde48ab4da2f2d7a22afa57cd4737cbb3ea216ae681034"",""0x037a73ab9a72306dc8ebecdf80a2ab16d414d96cf2f63c7fb32feb92bf9a5b6d"",""0x3728d769a0e94a8d7bb4206065a99b977cc27b6e56b6936abfdfa99c2fc0e994"",""0x88ce248d0afdcbdb05816c4e2b41523403adb46f31d661e6aa300f6254b8d800"",""0x6ef4bc7397209ca22235b99ccf40dcaebfde72aaa515cc2878e92594219cfd1c"",""0x39b18f99686017920bc59b0c772f4d47d87cbbe371ee08db66be4c9837fe57a6"",""0x3151cf1f6245ad1f95925a7c6ca997a55c4df051b87283ae86e2233718593879"",""0xae344a42798a222d1914b1cb70cd1dad6397e19b0a3608362b5b5f2aeb02772b"",""0x4aee22d2ce86d209c5c30927446358b8b9f135060ae67977c95ce8c029f89aa6""]","[""0x94cc8dd56cb47a38c5fde48ab4da2f2d7a22afa57cd4737cbb3ea216ae681034"",""0x037a73ab9a72306dc8ebecdf80a2ab16d414d96cf2f63c7fb32feb92bf9a5b6d"",""0x88ce248d0afdcbdb05816c4e2b41523403adb46f31d661e6aa300f6254b8d800"",""0x6ef4bc7397209ca22235b99ccf40dcaebfde72aaa515cc2878e92594219cfd1c"",""0x4aee22d2ce86d209c5c30927446358b8b9f135060ae67977c95ce8c029f89aa6"",""0x3151cf1f6245ad1f95925a7c6ca997a55c4df051b87283ae86e2233718593879"",""0x88ce248d0afdcbdb05816c4e2b41523403adb46f31d661e6aa300f6254b8d800"",""0x94cc8dd56cb47a38c5fde48ab4da2f2d7a22afa57cd4737cbb3ea216ae681034"",""0x037a73ab9a72306dc8ebecdf80a2ab16d414d96cf2f63c7fb32feb92bf9a5b6d"",""0x4aee22d2ce86d209c5c30927446358b8b9f135060ae67977c95ce8c029f89aa6""]",0,0,1,0,0,0.4,1
dedudes412mb8cb04ea,valid,,4,1,2,mb8cb04ea,100,10,10,"[""0x5f3cd4cb79de3a0e14f1da49f6bb031c06a2378c43b198e0e368b4e8b8764243"",""0xc05ca9c89c31d935e983a93ca76e5c5bce8e8f1119b409eaf47715b2f9a60ab4"",""0xe63e2c269971e74b53d28366ab0f97aa8abe54de17097a543041aa6f1aef67c5"",""0xddc8a0d4673d1ce329c6876bba52904788357efd9dc9e6a34f141cdbe74005f6"",""0x4b0222fbaafed533465fde16e92bb2d156becc43115ff346c51481937cb2ba3e"",""0x7caa6118b59fdaf813a4754af425ac2e46912311827867fcb29bab268a11ab74"",""0xf46f739dd1e62fe400cbf8e0382ee1ca21afe626881e76bebfa85cc551be623e"",""0x11c6ce9371279a26939a5cbfa91e968d27cbd7f2d8cc288ee357c306c820b030"",""0xc8f414a777a6543127543ed24ef2b506ed9c89a65be23571bcf5ce206d9858ff"",""0x8fa0c2d99bbdc01f3af5867614abefa0c4ddc6da838698d9c9c816368a4c68ba""]","[""0x29c02eefa13b389c7de0218a34632eb93019200b921bd22dc7c6c42f9112b76d"",""0x9822e8750b69266bf123039815e7c7debfb278e6d07197ee125e1482633a49a4"",""0x4763c32c1e649afb2ab46d1ce5e7891c848aedd9ae897db2ee4649bacfb9b707"",""0xdfd080e6d5625036af3e0326c7a63a6a701a1b110406427479510f5d022293da"",""0x4b0222fbaafed533465fde16e92bb2d156becc43115ff346c51481937cb2ba3e"",""0xdd90815cca98f1110bdd2ed20ca96dd581c2178f9d2d8d5ad452484cccb34bf8"",""0x29faba369a9df31c5cb9e6bc1c5e33037f979b47cee76339e986f878271fa5dd"",""0x129000e4093321a868285d2903488aa7b940a0eb1357e3a264c688acabe9afa8"",""0x047056a4db8bc397a2311e162c6c84c92e428d210fad778e565a69407c2480ff"",""0x1d6e3452d8c14ba8ad0da5768f4e893379ad5195191614ad63a148e604464086""]","[""0x4b0222fbaafed533465fde16e92bb2d156becc43115ff346c51481937cb2ba3e""]",0,0,1,0,0,0,0.1
dedudes412mb925a6f5,valid,,4,1,2,mb925a6f5,100,10,10,"[""0xa353c2146e9a243fb7360a35428d933c411fa272574b61ad2a7e5bb90c5877ce"",""0x58a1c325755d0a61c9d5c5ecc8e5b1a3db351be2f7ed0586b3f4c827cb2c5199"",""0xd07dcd945ac0aa1fbce15f81f2f1057f33d924b5942b074332c1ff7ad8a9da00"",""0xe031eefb83fbac3f912e01bd186ab428a6106a2e1da9d24510ac2df9edc04e92"",""0x873d0193628e792877af1f2071f47cb7fe512a405dedebe2cadd656642c824b6"",""0xc05ca9c89c31d935e983a93ca76e5c5bce8e8f1119b409eaf47715b2f9a60ab4"",""0x7ff8fd236ec1c51880c8b1f897bca91b40a59481d3a7ceb869716b1b792f8cdb"",""0x2270c09584ff34309d9c951ade049db876c4e56549fc7cafaaf3003678bde7aa"",""0x560a3a1989194c2252f21688e120be2ccd659c75fe1edf11e3657c036f6b97b0"",""0x5acd9724de98d803578e4cc358b4e7bacbd8dbca189b663efedf1deda3862779""]","[""0xa353c2146e9a243fb7360a35428d933c411fa272574b61ad2a7e5bb90c5877ce"",""0x9e0035c857436bf9a94b0c1f19742d65d3462a5bff4e25d177ebf09586ead800"",""0xc05ca9c89c31d935e983a93ca76e5c5bce8e8f1119b409eaf47715b2f9a60ab4"",""0x9c6819fd248cd16a3fc17004ca2b67e87f5cc68986602147590293056036e6e5"",""0xa8c3c7e57cf6c6713678487ba19f25122b93fae36f6ca5c7e9cf0bcaaebe2be3"",""0x560a3a1989194c2252f21688e120be2ccd659c75fe1edf11e3657c036f6b97b0"",""0x7c2efe492501a633d48b1f5befc513201a40bcd9179017831de762365f9fb0bc"",""0x85fb9a6bcb387ec3dd49674beb0f8f9b2314b34426021f771fb5b9843a3dedd6"",""0x08a53f92c6c09bad8332e30c9d75fbebcf2d11886157685b3dade47a75dde95a"",""0x0313e2439d3f04048546ca2621a685786bc28d32f81734049f4df72a1d29a9e8""]","[""0xa353c2146e9a243fb7360a35428d933c411fa272574b61ad2a7e5bb90c5877ce"",""0xc05ca9c89c31d935e983a93ca76e5c5bce8e8f1119b409eaf47715b2f9a60ab4"",""0x560a3a1989194c2252f21688e120be2ccd659c75fe1edf11e3657c036f6b97b0""]",0,0,1,0,0,0,0.3
dedudes412mba695eef,valid,,4,1,2,mba695eef,100,10,10,"[""0x01ec57c08ca34a7b1899ad303401924050394b3fee982ebcdd43e14992e5a7a2"",""0x9c6819fd248cd16a3fc17004ca2b67e87f5cc68986602147590293056036e6e5"",""0x0a63b4cf419fd53196acfa6005d15a73c364b7a252199846f5e28a54f49add2d"",""0x7215572aba5beaec4f23d5ec295dfc837e1766e8c4eb8719b7f961f6a778e16d"",""0xb024c11d16cfb4f1067763a042b1a1eff983183aa3a9d39a04306a7a0a036115"",""0xd85f4387cee442d4e59a7abf9e6832111e98d315faceb074d480e748e3ffd0df"",""0x17aa543a536b5592a2ca2cb04bdcaacae8ae8b64e4d389163db85f4d65c0d1a8"",""0x66245cbb43542eb43c32f5707c0da8daced11c00d2889291fcd44ee4a7f12154"",""0xfec44882b6630d9dded08546475c16f20b610b9647581087e2ad60ac3b1a49d8"",""0x58a1c325755d0a61c9d5c5ecc8e5b1a3db351be2f7ed0586b3f4c827cb2c5199""]","[""0xf76e1e06753c8a4e15491a4e3b5413f180e6aa9fdad03e81d4979d2ce56ecffc"",""0x44543bfcc1209f569e163db7d9f5b43eb42702bdcfc9c51ffe418f6bc59d8241"",""0x7c5a5789f21eba5040da4d9395aefc688a0f120e2e3c76700e30461d0c31c47b"",""0x8de6a75e281e848e359cdd72e5c738793171e2faf5cbca33bc8b8d13f2e2241d"",""0xed645af593084ee81eafa1aa8b6951ddddbe81a8fdede6bda5e069b77a70b1ab"",""0x8dbc33bb09de968685fbd0241a07b9b02f51c04ad7594fb15973d8ba426e3d5f"",""0x976a3f857cd3a4a1018329ed8be8c0a1f59eee36120abec15f17a08fe82a805d"",""0x3b6a509781748d255a28c100c6ba5cd5fb219f8af55024ed4323ee34595b86d1"",""0xb608421e38e36743f8fbd8f6ecfada1c05dfd5091e111c5bca9db9c42a39324c"",""0x6efffd26351366aee73474dcc96b09d416d5c182f8ceed91333f1f985b889978""]",[],0,0,1,0,0,0,0
dedudes412mbc92d998,valid,,4,1,2,mbc92d998,100,10,10,"[""0x016d5dd462c2b3cfbd87d2cfa5eb72a91b1427e57ccb72c3afbdef557a9686f6"",""0x8cee6940d18414f933eafe6b3a15e6d018e5375bf3a54d7554fe86ad647cafb8"",""0xb09af8724b9e3ca635fee751524d968fc2c2fc503a50d82db61d8f80f84d1cfc"",""0x9985350e14dee05ace32a1273d5571e454838dd256888a074cc64be7e9e9a9b1"",""0x3b6a509781748d255a28c100c6ba5cd5fb219f8af55024ed4323ee34595b86d1"",""0xe2f12dcaf7d2e6820b42df7b1d09b421258c275035e2e4ddf615a73496f5ebb9"",""0x4756b4d7a8a8a1d4d1916bdecd6badb5988b5a5dce79c72ed78523fad868ede0"",""0x06f1767fe48b30b1b8d28ae04d13e706f4126d718047ff24de37167a9125eb24"",""0xe7fb8967e39af2c9577b281c63e8deda3f771f2fa4ed6baf414d35ed4d579cad"",""0x3e1ea371858322638031295155e12d3211a96f3cfa54c6b021a7ee3ff806457f""]","[""0x3b6a509781748d255a28c100c6ba5cd5fb219f8af55024ed4323ee34595b86d1"",""0x7caa6118b59fdaf813a4754af425ac2e46912311827867fcb29bab268a11ab74"",""0xa2768aee9c99fab0f52e085695c2373eff29dcb97f88834346cad088b73812bd"",""0x3728d769a0e94a8d7bb4206065a99b977cc27b6e56b6936abfdfa99c2fc0e994"",""0x44543bfcc1209f569e163db7d9f5b43eb42702bdcfc9c51ffe418f6bc59d8241"",""0xd83117a66902557710ac877d5a6e5420420b22d06e9ecafd3d0d0d54852a5c3c"",""0xf76f66f2e5747083914ae51a7831de7c7b137775223781208a4327e1e4e5b32a"",""0x85498ce22dc34407fc0a29f1e8eb808a3362a108eb39e5ed3b3cda0b38363d56"",""0x44db1f41b36ed2fcb23bcdcb49f6b2aa63f0a0f30e97b2afded92dfc1e7ba7e9"",""0xa18a585af6564044287e7941dae389fa30ab6892d4e29cc1cf6b38431a0e1f30""]","[""0x3b6a509781748d255a28c100c6ba5cd5fb219f8af55024ed4323ee34595b86d1""]",0,0,1,0,0,0,0.1
dedudes412mc1398e4b,valid,,4,1,2,mc1398e4b,100,10,10,"[""0xd247cd5ac6d6b3dc844de66d61eb913737ab441ca94132664b1e1abf058db54f"",""0xcf96dd76f4aa4ca4703718c3cfe96dca4621f3af34560e257ca9bc0f23c5bf7a"",""0x00fb5b68a47b95a5500e52c8f21610b9a833645dc7187d385c7e5ffa7756a8b5"",""0x5d149705a332b4acace1ac24e2948e4eedb296b952a6f19787b4d2613f697e8f"",""0xad7e01b52a7f88d55cb3b40656b283ebdf516d81aa1e892f6a53bd5b49805616"",""0x9736a810837b9591485904f217e1bc53edc3bcc2cf45c3d6443fd0efc3899eb5"",""0x7019a4c261b27fda2ba8dfbeebc1a3c6fb1acb30397ab9d206b9d2518047eb23"",""0x4df5be4acbe8b6a253f38cbf6156ce185bb75f3d60155a1303e97394a7c8ff5e"",""0x0b020d15fa4a6781a34c0b237f590ce96b89004efcff6d61303a8a84bb2c108c"",""0x43e846146f18f35ae4b8f86291cd677a6c71f35f11387509bd72dee792c0ca99""]","[""0xd247cd5ac6d6b3dc844de66d61eb913737ab441ca94132664b1e1abf058db54f"",""0xcf96dd76f4aa4ca4703718c3cfe96dca4621f3af34560e257ca9bc0f23c5bf7a"",""0xaad56189e897be2df32052ea70ebca2c667d5cea0eb911ef1beaf299a81f8970"",""0x5d149705a332b4acace1ac24e2948e4eedb296b952a6f19787b4d2613f697e8f"",""0x9736a810837b9591485904f217e1bc53edc3bcc2cf45c3d6443fd0efc3899eb5"",""0x12cc8fa3318fdcda586bc7cb1b16db09a022aab66dd770be516db73c7b3fffcf"",""0x7019a4c261b27fda2ba8dfbeebc1a3c6fb1acb30397ab9d206b9d2518047eb23"",""0x0edd199fb776ce1e94af4061882d39f0da1363826f9102562c07802a0219c49f"",""0x44083458e64996202def47bd1b24957a168d8fbac5ab9c5f9b78cd79ac54876f"",""0x4df5be4acbe8b6a253f38cbf6156ce185bb75f3d60155a1303e97394a7c8ff5e""]","[""0xd247cd5ac6d6b3dc844de66d61eb913737ab441ca94132664b1e1abf058db54f"",""0xcf96dd76f4aa4ca4703718c3cfe96dca4621f3af34560e257ca9bc0f23c5bf7a"",""0x5d149705a332b4acace1ac24e2948e4eedb296b952a6f19787b4d2613f697e8f"",""0x9736a810837b9591485904f217e1bc53edc3bcc2cf45c3d6443fd0efc3899eb5"",""0x7019a4c261b27fda2ba8dfbeebc1a3c6fb1acb30397ab9d206b9d2518047eb23"",""0x4df5be4acbe8b6a253f38cbf6156ce185bb75f3d60155a1303e97394a7c8ff5e""]",0,0,1,0,0,0,0.6
dedudes412mc33fe544,valid,,4,1,2,mc33fe544,100,10,10,"[""0x5cd33f468d6cb3191f93eb6c34cbbe9b3f16d778569b94851821feedb1cc47dc"",""0x3915078eaaef4b3b01c483c9298f24226b2468429c7879b10161f34f702c69b2"",""0x34ab092d53c6d7ddbdb8d867290de66b967de57609b3017b62fc675fb47b30f4"",""0xddb04f49c37e79d04e91d067dee2f24fc36d5dd9f3e3ef13a7371ac377b7d3df"",""0xc46dcb68dfb73f6b48146b814468030b7b03c72955c6d352350e1a888a32adc3"",""0x211d92e37b93ef190b04b8ed9c862ebba4adc2819b62a433cac142d8f0577a09"",""0xe90f102fd4f47360120154fbbaaa10cf5c90856c0b98acfaa19f3a049999c18c"",""0x89ecd27493e57e003bb34f1ecc1a53dfcc2fe9c138cd7b00d7211dfb9b531768"",""0x1c9b8c67671e3735934469063297cb8844ccdf90c3dc450b72aaf6b6265db4f7"",""0x49b280439e187981df432e2900f6e08a5aa024a22bd5db29b2acaf5dc8b23e17""]","[""0x2c48158b05801927cc42a3bea77abed8b4f0883611b741cf6a1de9b1733a32ba"",""0x43bf4d97b7c4b375640d244dfffd470737f3f60cb567a6692a8cbc45fe781e35"",""0x4c5a0971e57f16e191cb754bd02a477f11ac1549992b208b983d7ed0ebcb80fb"",""0xba43dc1fee7635c8ac3640bd49f486f7d217a475a123803af63389b831328443"",""0xe63e2c269971e74b53d28366ab0f97aa8abe54de17097a543041aa6f1aef67c5"",""0xac8b80036991313f0d9991aa483a95a9c01079cd33e372b5d4f6225deb94ebe3"",""0xab1f3b5c76e3df878e5156589a69a4dda5467364bbaf9120630b0690ac8ff7c0"",""0xc337e70c9bf8f6b05a64463a28977c43c79df4f14ceab4ed6a1ce6ae2e6869f0"",""0x652b6fcd81e14af4fd262e0d06da33720918f4c750a0306b36ef9b9d3c91f451"",""0x6bb857cac119501e85dfcae81b8287d1afb5a12e1d4fb0784c8b00b2b3ca2b4a""]",[],0,0,1,0,0,0,0
dedudes412mc8cff790,valid,,4,1,2,mc8cff790,100,10,10,"[""0xe03f52b78bc8e9eab84e177e513ae005b06cbe60597e3fbbb3f6cbce41404793"",""0x5f91ef41d3913e182cb9ecc18f83f9f1fd3ef18ed8057fbd80a58c0b489d97ff"",""0x7af1853321ba68840018ee2753cfbe9f94e471cbb25d6d548d0bb01deb601193"",""0xd2c7cc9768a73de34ab20c9cab9e1b04c9bd265ea74d01f0fd5db161f00a0421"",""0x0797d76b30c89f1b523ffeb6e8e303c9d2b6f0ef3bf313da6d0cd542d7c7176b"",""0x9798ac9c171506a18608b78c3c0816154b74e320d9ebec9aef5cf7ee8820befd"",""0xd5bea5c2d79fd0ad46e6c19a6d534f6cb281bd76fd67b465eb181937197a207a"",""0x9472b1c0afb7c6751ad0c546dcd2b1fd4d72269eeb6eec0590ae3ea255789880"",""0xddf095a57c4003f4807c1af80176f7ebffbe17850b3998f8c4c64fad12edfbad"",""0x9b0ef9719ba655dcb38b2d1c254626487139e9bc8110fcf0976e5a920820b204""]","[""0x44db1f41b36ed2fcb23bcdcb49f6b2aa63f0a0f30e97b2afded92dfc1e7ba7e9"",""0x1ce2000d19183a439276d735ea6c2190b0681a0d867462abeb010fad3c1fc152"",""0x8998161122af777b1fb738b1835d8ebcc9f48893ccf82d61ac2fda90d56365a6"",""0xbaba60f08c5c4c146fc2d4544fe25a2d6c9c69db876b69b284afae0f138c34b9"",""0x492230e93b426215913042fe17f1e4c3058defa7c4c60f621a9cb9bd1ccde123"",""0xa077d467da14848d18e59e8577d5713ebe983a7a361998d6825c5db70368f0b1"",""0x82fcd452b99b91dfe9774519d4370744e58fb0506ae4415458cf3521d2764eab"",""0xd07dcd945ac0aa1fbce15f81f2f1057f33d924b5942b074332c1ff7ad8a9da00"",""0x7dc6b8ba90b164cdeda9462c5094100181c311a7d80c30e054ffa58ddc9be8a4"",""0xd868b210f941bd8fd28c1c4712cccc7f23ac7c739ca934fb8809925e3a2e2d97""]",[],0,0,1,0,0,0,0
dedudes412md0160e8c,valid,,4,1,2,md0160e8c,100,10,10,"[""0x30bdf36659edaf8ad152d36428c2c63069bcea70aeaf5521e3be09457ebcaaf4"",""0x02bb46077ad6d2140559ed07610045289035f3d63aa4b75e85abeade824262c3"",""0x2e74b5034538e524cd0d0340aca6be4b34fcab84f33eed809fd678cc9b338956"",""0xdaecba2ed12f5a5b70fa12804a2e95989f00d20797517e0792bbbe0eb9fa7798"",""0x9bdb451523a210226b58d128fc9c31717b88f968f5b955dcf4bbcc316395af4f"",""0xe3518c539249e19284d9ecf920f9253c5f48a52e01c01c383a78c92121870ffc"",""0x3877051f66ce3e6d6bd137ed264eb9aa6bf737749a56ede4bf1c476b96d6558c"",""0xac5ecac7d584cbd45b73f675f718039e84bddf088049e6157bdfbfa30bb637af"",""0x3728d769a0e94a8d7bb4206065a99b977cc27b6e56b6936abfdfa99c2fc0e994"",""0x39c9fa281b69385e472c14782d670ce10170a7a3208a4497fe6155c17d89043b""]","[""0x02bb46077ad6d2140559ed07610045289035f3d63aa4b75e85abeade824262c3"",""0x8b08bd16fdfc682c01c8e5902a9ecb016da4dbcb29c8bdafa014073b9bc90e19"",""0xdaecba2ed12f5a5b70fa12804a2e95989f00d20797517e0792bbbe0eb9fa7798"",""0x3965ddc195cd9ffad54a5e8f2c792515e1503e381bd6b8ffe1dc086362d61382"",""0x9c41003aaee06f398090c01fe5a3b3c440d3968bb30dc4359bc666cf9f99a2bc"",""0x64b68fc2945ffdaf60010830669bda0627be83db1d7e5a8d5a38842f00e5325c"",""0xac5ecac7d584cbd45b73f675f718039e84bddf088049e6157bdfbfa30bb637af"",""0x73647254e06e3db62604fdd9e5b53bf4e2f4a3b10c5e5e037c701c0ecb606fe4"",""0xc336d40f84e39d1872d54720801feb80618a9cb638aec12ecdf600a358a81565"",""0x012f7a5533aa10df03f81882585c8519379e85aff6b3795e78345287a76146de""]","[""0x02bb46077ad6d2140559ed07610045289035f3d63aa4b75e85abeade824262c3"",""0xdaecba2ed12f5a5b70fa12804a2e95989f00d20797517e0792bbbe0eb9fa7798"",""0xac5ecac7d584cbd45b73f675f718039e84bddf088049e6157bdfbfa30bb637af""]",0,0,1,0,0,0,0.3
dedudes412md267eac0,invalid,error_duplicates,4,1,2,md267eac0,100,10,10,"[""0xaf3d313a9660b78d41374e9625c0998b95a35b34aa64d466d29942912711d3cd"",""0xf97a47c58feb90efff6cf68b45d05b3895cb44755e34e57068c0c1a3e96428c1"",""0xf17977fa95300b063107d404d43f286bd64a604cd07dddd552d35eda9081efa9"",""0x6a883a8fcad3fd867b583ca993b34bdc62fd0973edf7543082feb5b10999b11c"",""0x66245cbb43542eb43c32f5707c0da8daced11c00d2889291fcd44ee4a7f12154"",""0x8dbf3d93637f9b0822cf1132d2b734fa754bd0a8accb83c756c4a3fc029a0030"",""0x24b3965f185cdbe1fc3727ff2135238ce0ef4e7ee1390c559ac159dbe1d0c04e"",""0xd07dcd945ac0aa1fbce15f81f2f1057f33d924b5942b074332c1ff7ad8a9da00"",""0x45ae843574074a3f4a2c1ca0acde905169694bb10599b0d3696a4f6f56d956b7"",""0x66245cbb43542eb43c32f5707c0da8daced11c00d2889291fcd44ee4a7f12154""]","[""0x04e650beefefc57c681b80135dcc75deaa5559de35ae3b4c78d8355b76749b21"",""0xf97a47c58feb90efff6cf68b45d05b3895cb44755e34e57068c0c1a3e96428c1"",""0xf17977fa95300b063107d404d43f286bd64a604cd07dddd552d35eda9081efa9"",""0x2b6bb3b55ba3430f21baa0135148d463cea0bdd8145a6b25cf64ee91a6302350"",""0x29c02eefa13b389c7de0218a34632eb93019200b921bd22dc7c6c42f9112b76d"",""0x0026d3f471982cd447ef47a2f259ea569aed62b3822c41c4b317797fe231a5dc"",""0x4e20376d1da11c9e1f1d90c95dda5d888cc4afaf92514bcf2dce9c5d0ed6f72d"",""0x037a73ab9a72306dc8ebecdf80a2ab16d414d96cf2f63c7fb32feb92bf9a5b6d"",""0xd07dcd945ac0aa1fbce15f81f2f1057f33d924b5942b074332c1ff7ad8a9da00"",""0xa8f6645926614e855e9e5410950b0d978447966aa63f119579ee2f9f1f815372""]","[""0xf97a47c58feb90efff6cf68b45d05b3895cb44755e34e57068c0c1a3e96428c1"",""0xf17977fa95300b063107d404d43f286bd64a604cd07dddd552d35eda9081efa9"",""0xd07dcd945ac0aa1fbce15f81f2f1057f33d924b5942b074332c1ff7ad8a9da00""]",0,0,1,0,0,0.09999999999999998,0.3
dedudes412md2809ae0,valid,,4,1,2,md2809ae0,100,10,10,"[""0x2a131118b518a9e09003e76d83781f4380c0bbdb7f262340f917ee009d311968"",""0x3ba05b4d30a376184b77ea4ca8eb96e1da4761d338ca46da2863e7f955b5d9cd"",""0x740df38e44be02d0ec1a151f34094c277858b3616e2946ad313f24ae66d2ef07"",""0x5b8e7419a8ec40a80aba582b4f43717969bf8cf80d560d46e48877e6f2e9598f"",""0xb4303322b711e6762ae2090a8f30b0a3b1c3052a59b4e7d100215f146825bb98"",""0x7f0726ec9f0780b8eb9b1a6a4d8fde6c3afcc3267195077759e0112e374e3807"",""0x9f0a3a8d25a45639ae098d31cf4d9b0b878f2554dc75dce680d565515a32136c"",""0xe25b6c81cc4686460aaf17ffc24e2ac388650a848630cba962550bd62b760a4e"",""0xae344a42798a222d1914b1cb70cd1dad6397e19b0a3608362b5b5f2aeb02772b"",""0x012f7a5533aa10df03f81882585c8519379e85aff6b3795e78345287a76146de""]","[""0x5b8e7419a8ec40a80aba582b4f43717969bf8cf80d560d46e48877e6f2e9598f"",""0x7f0726ec9f0780b8eb9b1a6a4d8fde6c3afcc3267195077759e0112e374e3807"",""0x8254f8390981941c34866e9f7d9e1ba513eb68390624e80c126ee571456fadcd"",""0xe25b6c81cc4686460aaf17ffc24e2ac388650a848630cba962550bd62b760a4e"",""0xd06a42d72cfbb96ba643618224587534b89ed6d8fc280e2b48ed9c6c13cd6972"",""0xae344a42798a222d1914b1cb70cd1dad6397e19b0a3608362b5b5f2aeb02772b"",""0x18f5f9c890a949af883bc6ae01b055690c4c4da075998fb495d5404a18ca572c"",""0xe3545e6599a6ecf65bf8f351a7d25a78ffbbd83ac3ff97766b76ed78dcf18a3a"",""0x1cb4757891963a7cb555160f3d9ee005fbe1b67635f8fc5b4db9ab9b3deb1c16"",""0x33398d3210b02fd6bdff84655d55cd3e84ca8436888d70edc5eb3e3071d139c3""]","[""0x5b8e7419a8ec40a80aba582b4f43717969bf8cf80d560d46e48877e6f2e9598f"",""0x7f0726ec9f0780b8eb9b1a6a4d8fde6c3afcc3267195077759e0112e374e3807"",""0xe25b6c81cc4686460aaf17ffc24e2ac388650a848630cba962550bd62b760a4e"",""0xae344a42798a222d1914b1cb70cd1dad6397e19b0a3608362b5b5f2aeb02772b""]",0,0,1,0,0,0,0.4
dedudes412md679647c,valid,,4,1,2,md679647c,100,10,10,"[""0x0d1d14b126c9cd4822af2fa53ce6a21cdb935d969bd87e497d8f611724f04c59"",""0x7af1853321ba68840018ee2753cfbe9f94e471cbb25d6d548d0bb01deb601193"",""0x335cca76ff429e21028ad8adabeadccbffce7dfcba03d20871807ccf6a23fd30"",""0xae212251bf7256512a4a9af0b279c3792a9c5c0cdf73f3fd29955527462b8c12"",""0x45541de4501b2a94117631c24fabb07f752f0a76c8ac9b1d90f9711bcf34b53c"",""0x826d057ba637e393543ce1968c948066c5671c841cf0b633423370e488b88b88"",""0x129000e4093321a868285d2903488aa7b940a0eb1357e3a264c688acabe9afa8"",""0xe481e6732d9cab4a1295b47e9d24f63619aabe54b3def88c6262c06dc5638d7e"",""0x80aeab856f399458dae7fc1263890759cab51583366148fb6e923347fdd97652"",""0xd868b210f941bd8fd28c1c4712cccc7f23ac7c739ca934fb8809925e3a2e2d97""]","[""0xae212251bf7256512a4a9af0b279c3792a9c5c0cdf73f3fd29955527462b8c12"",""0x45541de4501b2a94117631c24fabb07f752f0a76c8ac9b1d90f9711bcf34b53c"",""0x75232ef6746d01e9b8c3c4fe3f6d217fbc13928d20867b00a929dcd7d5749bd6"",""0xe481e6732d9cab4a1295b47e9d24f63619aabe54b3def88c6262c06dc5638d7e"",""0xba43dc1fee7635c8ac3640bd49f486f7d217a475a123803af63389b831328443"",""0xa353c2146e9a243fb7360a35428d933c411fa272574b61ad2a7e5bb90c5877ce"",""0xa5354f7310ed91f59b1c345e39c21b3b0a760f554e1c86015d34b20bf1573fff"",""0x6ca26056104de6a9637fabafb1922d5f2f87e552b8a56e1e2bf5f3f18c17a1fc"",""0xe73354790507ea53673c67d57b9a4e38a7c891a6f1eba2fd7509eafe56356b74"",""0xd07dcd945ac0aa1fbce15f81f2f1057f33d924b5942b074332c1ff7ad8a9da00""]","[""0xae212251bf7256512a4a9af0b279c3792a9c5c0cdf73f3fd29955527462b8c12"",""0x45541de4501b2a94117631c24fabb07f752f0a76c8ac9b1d90f9711bcf34b53c"",""0xe481e6732d9cab4a1295b47e9d24f63619aabe54b3def88c6262c06dc5638d7e""]",0,0,1,0,0,0,0.3
dedudes412md73dd74c,valid,,4,1,2,md73dd74c,100,10,10,"[""0x1659922f2719c055f0065cf86fd257d17a21b7da2fd9943c3c7d671384991eb6"",""0x10174ccc186d1f01377fb8fcdc2ea86c5d1938f3e3ce90187b5a94a6e168f50d"",""0x9a0b15053695120bc6900578f622b3876f4e60021794e4dc43be233adcbe47a4"",""0xc02015173666ee97a6d7bd726d27e09df176696cfff548215ea0a2e91e323871"",""0xc81b924786d751073bcad0d11128f8d2aae32075f7d5860c029cce447d40a98c"",""0x2b7bf8536bf3848c686b35671da7328803c3b75398ab119d87e166a9ba872e8e"",""0x725e4ffde4438936fbd1cce6ef007c792cc2fcbcf183094f688ea895fbb76573"",""0x7847e51b231029c39b20be3245a18fab1b159755d42c48a9d667579cd8369110"",""0x5f95c5dce94c13b1aaf6b1af70f14fb949c396cd8b166afba766facb0f7a06fa"",""0x55ea3048703d53fc06a1f3fb541e4f741d81ab1ea5ca90dca055e109ab2be68a""]","[""0x1659922f2719c055f0065cf86fd257d17a21b7da2fd9943c3c7d671384991eb6"",""0x10174ccc186d1f01377fb8fcdc2ea86c5d1938f3e3ce90187b5a94a6e168f50d"",""0x9a0b15053695120bc6900578f622b3876f4e60021794e4dc43be233adcbe47a4"",""0x4af2f147bffd23d7cf8e07c6701fbf298d85f0cf45a774fed7bbd76a787e5222"",""0x83e3b0998b66120f052c7011ac7fbc31cb77b9e864091293e141f1df231ff2a7"",""0xc02015173666ee97a6d7bd726d27e09df176696cfff548215ea0a2e91e323871"",""0x44db1f41b36ed2fcb23bcdcb49f6b2aa63f0a0f30e97b2afded92dfc1e7ba7e9"",""0xc81b924786d751073bcad0d11128f8d2aae32075f7d5860c029cce447d40a98c"",""0xf76e1e06753c8a4e15491a4e3b5413f180e6aa9fdad03e81d4979d2ce56ecffc"",""0x2b7bf8536bf3848c686b35671da7328803c3b75398ab119d87e166a9ba872e8e""]","[""0x1659922f2719c055f0065cf86fd257d17a21b7da2fd9943c3c7d671384991eb6"",""0x10174ccc186d1f01377fb8fcdc2ea86c5d1938f3e3ce90187b5a94a6e168f50d"",""0x9a0b15053695120bc6900578f622b3876f4e60021794e4dc43be233adcbe47a4"",""0xc02015173666ee97a6d7bd726d27e09df176696cfff548215ea0a2e91e323871"",""0xc81b924786d751073bcad0d11128f8d2aae32075f7d5860c029cce447d40a98c"",""0x2b7bf8536bf3848c686b35671da7328803c3b75398ab119d87e166a9ba872e8e""]",0,0,1,0,0,0,0.6
dedudes412md85b3e78,valid,,4,1,2,md85b3e78,100,10,10,"[""0x46bdaad5874ebfa0892c51f5ef0db222dff6fbf0d1b2433aac7173fecf165500"",""0x621c1ff0003d6ddb024efe72099de0ccaf65a791c28c2f5f9c8d765fdec6b361"",""0x29855cb7d9c101ffd09fe1689ba3ac703ad1bd4f1aa100c4434849f31a55da3d"",""0x2bed620b53fb262419044820898d7dd1a83109bdd26079eb97a00f66fd19e50b"",""0x7019a4c261b27fda2ba8dfbeebc1a3c6fb1acb30397ab9d206b9d2518047eb23"",""0x955672c6dec36c7a50102510ae7a3b9309bce78eecda1ea781f86d410ab59b40"",""0xf36ffa249bf590354898aaf0ebe1f3007a0c588aec5369927e964e5e71192d84"",""0x3bebbcae3a96f3868181ce75b4e408f096d8c0731c70d4ff38d569ccacc077b1"",""0x2e74b5034538e524cd0d0340aca6be4b34fcab84f33eed809fd678cc9b338956"",""0x52d38e45620787b4976e0570b4c462e4cf69fba1d3a3e08a406addf07dfac90a""]","[""0x2bed620b53fb262419044820898d7dd1a83109bdd26079eb97a00f66fd19e50b"",""0xcdf69590102e2120a0699bb0bb4b1e9ded25e4d2f24f7526b1cb67c97658534d"",""0xac71cf4c6d1b0b6ecf72b81901d1e7b92d55b1424c93743d83a5a6c3a2a95112"",""0xf805dbff6348742ab14cf679e7f8361efca863743fdfdec50829ae45981920a9"",""0xa79b998f79699d11b4f12c5472c7ae2ce658f690ff070100aa8cbbb0cec325c0"",""0x80e8fbcc08caa1dd06a1a7aed25697a96c8a47b4d645291144324189e0073967"",""0x5fd6c47c7099a110886aa6e55400c92c8d19f181da37201010934f1879e5c342"",""0x52d38e45620787b4976e0570b4c462e4cf69fba1d3a3e08a406addf07dfac90a"",""0xb4f5558b4bdc7e589b5bba34f2bf39509badb2657bcf2700cffd119deee1b1df"",""0x096fb1c675dcd80ba1d8d7bd732300f0be6419e4c872cfa71a9898a2e737ef42""]","[""0x2bed620b53fb262419044820898d7dd1a83109bdd26079eb97a00f66fd19e50b"",""0x52d38e45620787b4976e0570b4c462e4cf69fba1d3a3e08a406addf07dfac90a""]",0,0,1,0,0,0,0.2
dedudes412mdf6261f9,valid,,4,1,2,mdf6261f9,100,10,10,"[""0xeb040071410cb36727fa9adc4aaaff64c251972071302a74f30f357d6e0ee7ad"",""0x6efffd26351366aee73474dcc96b09d416d5c182f8ceed91333f1f985b889978"",""0xeea69e947ee3a88aacd4d6699c70c119dd6750f8a5c7290cb0466ec4e8ae243c"",""0x53e7e201be6ea3e2a60dbac2451e9c3783b10f7b65548ef66919f0dbe2a7cc23"",""0x7019a4c261b27fda2ba8dfbeebc1a3c6fb1acb30397ab9d206b9d2518047eb23"",""0xe1d755d2bf660617b3ca4f28c4cd47b24edcdf39019fc36bd3e9ab3763cc38c4"",""0x94587cdc9ea910a526c4664b7cef3d9d425ee369f9aaed8b5791b8fab82d8fa3"",""0x3fe9683c0e77ca5d1c545a47a22db2070f92b786ef071a3bea362ae0ae8b76d4"",""0x96066476fea3949719914409cfca4f333dd56c06875c4cb6be7161a9df28ec5b"",""0x1c0420567499644eb79e43bb0e2de2482eb94f68d62492fc10eb1b3b33873871""]","[""0xc4c66c87758566d11daba0f759ec447f962a9ffe9e4ecbfc99b48b6a8458e723"",""0x96066476fea3949719914409cfca4f333dd56c06875c4cb6be7161a9df28ec5b"",""0x039e21128fb774df525e96211f7416810399021fb9fd597495338d0fe777fbe0"",""0xbc0dfb81cf9e22d2d366e0efd4ce5db0ee3ed857f9bb36b8dd7cccc3bbad7d3d"",""0x9c6819fd248cd16a3fc17004ca2b67e87f5cc68986602147590293056036e6e5"",""0xab58b9907d0218646605951a37a38307528978618ef01a598905f9eea1137c91"",""0xd4dc0506bb2e84fb9262f7234c910634d3fc043d0edcbb05d46c6eb6d6c73e9d"",""0x629d8756b0c6d742238515bd47e77333fd827c52ccc143a58c680da9794db8ac"",""0x1c0420567499644eb79e43bb0e2de2482eb94f68d62492fc10eb1b3b33873871"",""0x474e9085ef9b0fc6ca2a16d2fa92978e1bea062a446b6dcb8159da20a9ca6569""]","[""0x96066476fea3949719914409cfca4f333dd56c06875c4cb6be7161a9df28ec5b"",""0x1c0420567499644eb79e43bb0e2de2482eb94f68d62492fc10eb1b3b33873871""]",0,0,1,0,0,0,0.2
dedudes412mdfbe43b8,valid,,4,1,2,mdfbe43b8,100,10,10,"[""0x7d385b59d76141b0b2fb313c11e1113fd4d70b1d3d9134abc66cdf5caa7bd8ab"",""0xb566333f866e1259515fb5247d00e0ccbecbf5d079219a7d6317d1732d73a396"",""0x4ac00df2e8e7ebd5d0c84d61568a0ac2e4504fc1371ad1292ed28f3f57f5391b"",""0x2b7bf8536bf3848c686b35671da7328803c3b75398ab119d87e166a9ba872e8e"",""0xc8b6680acf6f6491b5e4fd810a44cbad229729371da8bc7a38d8cc8d2273b83f"",""0xc02015173666ee97a6d7bd726d27e09df176696cfff548215ea0a2e91e323871"",""0x6447bd86e650afcaa2e4e7e2b81339310af662e1a9aa4ef906b4efd1192bcadf"",""0x88895e298787070b3a7a89c73a140c020e5d7b1986b58fd479451d62a0a16518"",""0x6c986c8c22a14deb3fa7d49d1d9d88ef4e0d4fbb331cb74d2e466aee3eef6417"",""0x385c2832ade7a9e114b755352dcd738ad884267a76a467af87419052a47e8739""]","[""0x0d1d14b126c9cd4822af2fa53ce6a21cdb935d969bd87e497d8f611724f04c59"",""0xbe4fb6057c8c5f006f1f992efc176f60e7db5fc16faa3276dc0d2e8c53c17f34"",""0x35cc0b2887fc2830bbf5808ea0a989765e7782c174e0814faf016ee547ab40fb"",""0x7d385b59d76141b0b2fb313c11e1113fd4d70b1d3d9134abc66cdf5caa7bd8ab"",""0xb566333f866e1259515fb5247d00e0ccbecbf5d079219a7d6317d1732d73a396"",""0x4ac00df2e8e7ebd5d0c84d61568a0ac2e4504fc1371ad1292ed28f3f57f5391b"",""0x2b7bf8536bf3848c686b35671da7328803c3b75398ab119d87e166a9ba872e8e"",""0x645335b805d619da688278ba81f30fba8c9b32c4180e6b831b209be762fcae15"",""0xc8b6680acf6f6491b5e4fd810a44cbad229729371da8bc7a38d8cc8d2273b83f"",""0xc02015173666ee97a6d7bd726d27e09df176696cfff548215ea0a2e91e323871""]","[""0x7d385b59d76141b0b2fb313c11e1113fd4d70b1d3d9134abc66cdf5caa7bd8ab"",""0xb566333f866e1259515fb5247d00e0ccbecbf5d079219a7d6317d1732d73a396"",""0x4ac00df2e8e7ebd5d0c84d61568a0ac2e4504fc1371ad1292ed28f3f57f5391b"",""0x2b7bf8536bf3848c686b35671da7328803c3b75398ab119d87e166a9ba872e8e"",""0xc8b6680acf6f6491b5e4fd810a44cbad229729371da8bc7a38d8cc8d2273b83f"",""0xc02015173666ee97a6d7bd726d27e09df176696cfff548215ea0a2e91e323871""]",0,0,1,0,0,0,0.6
dedudes412me2cd7cad,valid,,4,1,2,me2cd7cad,100,10,10,"[""0x6fd293993fac34a860483e5b9910aae26b466b9c2c6332c52ae5eed6781f08f1"",""0x4358ad280c8933de7612a268ff7d78b652c1080de4782cfd65891416abfe045e"",""0xee1fe02dbad34000981c937592d4873aa7870a1bacb63a8ef0f20e0873a9c2d7"",""0xcd751fb6c2f517318aadc17e485405826a256c92ec627f464ecce7a6df3e71d8"",""0x886b4152ed8b2dd96b02b1e84aa215b471f93ac7dc1f4d4932ec6dbaac8e0d2d"",""0x852d82c131cb42abe75e48771d295bd99b515215170cd287aa601d85f257d5de"",""0x612930bb80ad2d9ef97fe5057df586170d8fcd1e1b05169edb9afad58e5b801a"",""0xde52ec8aa4b78b622e7ca82e38df4db8c3baa55edaf825d12d0fc0b53900521d"",""0xbe4fb6057c8c5f006f1f992efc176f60e7db5fc16faa3276dc0d2e8c53c17f34"",""0x0ba2d96ab674a97ff6e6cf1fbbd59792aaa62ce25cae0e6366cfe9d0394285f3""]","[""0xca98d25e2c93784b286e590ed9febb84ffd6e2da7b007b85ea6748061f8e76ac"",""0x037a73ab9a72306dc8ebecdf80a2ab16d414d96cf2f63c7fb32feb92bf9a5b6d"",""0x74d1366fbe52d8484162e1ed6b49c0c8fa14afa42eba223d4651e6ea03ec4cce"",""0x3c5c7c3cdfde1e6a610fadeb29af0d5bf14b21cc8fd41743407ef8de4c918396"",""0x16afeb00f2747e63a63bab610e5c845716931bc23d09339892635a27fc5ba82c"",""0xe2d9f6ed2ad0b01e6a7da20c6ad257cdcb875d010863e437299eae66a07a4a83"",""0xc5c2cb86131f9e87776a8803ffd32d0cd607c48d0d8417a53e9e914dcb7b7f8d"",""0x04e650beefefc57c681b80135dcc75deaa5559de35ae3b4c78d8355b76749b21"",""0x234516a5fb1345f9d7e1dfefa9376d8f3ed00e4b06d5ffa782126225422c39f6"",""0xea2bd6b9a540fc7cb658c0eba77aa94b50680b24ede84c9aa4220903d173a40e""]",[],0,0,1,0,0,0,0
dedudes412me74c87a2,valid,,4,1,2,me74c87a2,100,10,10,"[""0xe54a0d9599f4a911acffcd430f630f622609790e2c1e16e7316e36b5396d8efc"",""0x89de293badb6e8ef2691d811ef98dd0c56e75d703141b55b672c6e4871cab4f1"",""0x4864a3c0ef7856da3dfb39b6c6055d45f9205fd6f57b8c3ad2c67b9aebbf9359"",""0x0b21d246320bd0de9b2a9894cb5ee37a38563f635f0a2c1a0c23e6228dd0f875"",""0xb6d01a84cc9057fbb430eaba773982d428e92f84e754cca7e87b6b2102d1173a"",""0x2ca8d5400b3f2a2c1023e937e8cefa19eb7934d6c64e4eb7ccaef4bf420eb203"",""0x52d38e45620787b4976e0570b4c462e4cf69fba1d3a3e08a406addf07dfac90a"",""0x4aec4350ec8365dad07dc6ef5c29f1e86e449c9a9bd76b075a8b9489f4ffca52"",""0x6b03a384380ca05dc3ad8999cde8b924dcb20601a85e94c72c54bced6a959625"",""0xc25dcb1251df77639fa1d4d876497a42f9f555771964327c4704d4e802355c48""]","[""0xa18a585af6564044287e7941dae389fa30ab6892d4e29cc1cf6b38431a0e1f30"",""0x9e14eb9b0b4d79e8a0f857e9e859cdf595c612dae2bb3851332b3220d3f2aded"",""0xd9d81c410fa0ea1d20889ef47b16f886682f4f9ba2e8027913ed50c3fe682b88"",""0x1fd25841265433ac2e3659c6e73226111c654fd3688b82c9f78369b12668d297"",""0x56ef3e1015ebff4706ed1c5fc7a7b86f7326b0d2610d59b2c56a0d46860dd49a"",""0x3728d769a0e94a8d7bb4206065a99b977cc27b6e56b6936abfdfa99c2fc0e994"",""0xae344a42798a222d1914b1cb70cd1dad6397e19b0a3608362b5b5f2aeb02772b"",""0xec5694704d88b9d8110cbdb1eb4a9c4b2a036acea4f55b393c0e4ca8f6238d20"",""0x7c5a5789f21eba5040da4d9395aefc688a0f120e2e3c76700e30461d0c31c47b"",""0x3befd8aeded3c32a27eba3e01bf239697a166dc076ce1634e0c9c0328e7a44ea""]",[],0,0,1,0,0,0,0
dedudes412mea543351,valid,,4,1,2,mea543351,100,10,10,"[""0x4ac00df2e8e7ebd5d0c84d61568a0ac2e4504fc1371ad1292ed28f3f57f5391b"",""0xf0d5087a2733853510586e08e2a0d5ac1b0d61ac9cca66bddd0322ae42dd2294"",""0xb566333f866e1259515fb5247d00e0ccbecbf5d079219a7d6317d1732d73a396"",""0x486e177c1643a1337538bc68306e08e1485f4f54e5028b4a7a98fb0f6a72af96"",""0xdd90815cca98f1110bdd2ed20ca96dd581c2178f9d2d8d5ad452484cccb34bf8"",""0x914f0aa8ea60013dbdfa0439481aaac3b6591b5a8ad896fef3748d8d6824cce0"",""0x1772dead80ab90824aca60953d52d979c25d6c3db0785acabd35a585ee231f5f"",""0x2ada7d81283eed776c54f99e09a98efd06cfecb91ea394014312565d23bcd0fb"",""0x670dfab4e5a72eaa050bd2b1b8f0a8e147770bf1369b61b44c719f6f8d5edae4"",""0x0a63b4cf419fd53196acfa6005d15a73c364b7a252199846f5e28a54f49add2d""]","[""0xf4895c2e65fd77f15896acb2e6e88a6985aa4e66b710660c51649dfa142ef08f"",""0x08325ff1f8c90c1056bac7913d895321573da8e77ff5de8eeac46e1ad75aa774"",""0x0248d2cb7fdf2a7095b7715c24e053f0425e97a94dbba26f5fbee48dddd62335"",""0x4ac00df2e8e7ebd5d0c84d61568a0ac2e4504fc1371ad1292ed28f3f57f5391b"",""0xf0d5087a2733853510586e08e2a0d5ac1b0d61ac9cca66bddd0322ae42dd2294"",""0xc4c66c87758566d11daba0f759ec447f962a9ffe9e4ecbfc99b48b6a8458e723"",""0xb3073716ca6507c1e78222d02502caea417253f55b4cb4cfcb0c41b3b612423d"",""0xb566333f866e1259515fb5247d00e0ccbecbf5d079219a7d6317d1732d73a396"",""0x2ada7d81283eed776c54f99e09a98efd06cfecb91ea394014312565d23bcd0fb"",""0x6dadcd3304088ed9827a3ad5f8fae5510a1020d45d927eb3984edba06dcc2165""]","[""0x4ac00df2e8e7ebd5d0c84d61568a0ac2e4504fc1371ad1292ed28f3f57f5391b"",""0xf0d5087a2733853510586e08e2a0d5ac1b0d61ac9cca66bddd0322ae42dd2294"",""0xb566333f866e1259515fb5247d00e0ccbecbf5d079219a7d6317d1732d73a396"",""0x2ada7d81283eed776c54f99e09a98efd06cfecb91ea394014312565d23bcd0fb""]",0,0,1,0,0,0,0.4
dedudes412meae7e272,valid,,4,1,2,meae7e272,100,10,10,"[""0xc4ec954ae50a47e6f4dc94c797d002b53e75a54561cfebd8ca67b32879cec36b"",""0xdaecba2ed12f5a5b70fa12804a2e95989f00d20797517e0792bbbe0eb9fa7798"",""0xea2bd6b9a540fc7cb658c0eba77aa94b50680b24ede84c9aa4220903d173a40e"",""0x2350d1c4dcb50ead155d92b600a28ed52cec4e946a60274d5b989965634a6a1a"",""0xa18a585af6564044287e7941dae389fa30ab6892d4e29cc1cf6b38431a0e1f30"",""0xc05ca9c89c31d935e983a93ca76e5c5bce8e8f1119b409eaf47715b2f9a60ab4"",""0x7065c95ce2be969592aca05d7b39baf836a549ea29435b85a40e1d0467eb913f"",""0xb7ca11b2a9bdabcb643ccf9ee4d051232aff6705a1d11d283bbb3a80d40b983f"",""0xee67aaec8f9bb10a8d57fd69647051640fce1f18a86d7ffc271141416a35c7c8"",""0x7dc6b8ba90b164cdeda9462c5094100181c311a7d80c30e054ffa58ddc9be8a4""]","[""0xdaecba2ed12f5a5b70fa12804a2e95989f00d20797517e0792bbbe0eb9fa7798"",""0xea2bd6b9a540fc7cb658c0eba77aa94b50680b24ede84c9aa4220903d173a40e"",""0xa79b998f79699d11b4f12c5472c7ae2ce658f690ff070100aa8cbbb0cec325c0"",""0xa95ffd0d5bc70611f706e681fdd001a7128aecc863f1fd30af5959c525cebce3"",""0xec5694704d88b9d8110cbdb1eb4a9c4b2a036acea4f55b393c0e4ca8f6238d20"",""0x04ad85ab8c285a3a04aef9708866be0b1dd8858889925563852717ba11338535"",""0x012f7a5533aa10df03f81882585c8519379e85aff6b3795e78345287a76146de"",""0xc4ec954ae50a47e6f4dc94c797d002b53e75a54561cfebd8ca67b32879cec36b"",""0x45ae843574074a3f4a2c1ca0acde905169694bb10599b0d3696a4f6f56d956b7"",""0xb80f9a6c487f678e44c385af9b93651ca7c8789901ef5143a923fdd75fa34594""]","[""0xc4ec954ae50a47e6f4dc94c797d002b53e75a54561cfebd8ca67b32879cec36b"",""0xdaecba2ed12f5a5b70fa12804a2e95989f00d20797517e0792bbbe0eb9fa7798"",""0xea2bd6b9a540fc7cb658c0eba77aa94b50680b24ede84c9aa4220903d173a40e""]",0,0,1,0,0,0,0.3
dedudes412mef93eb4b,valid,,4,1,2,mef93eb4b,100,10,10,"[""0x1408aa1b0bf56fea1c8d0a564f254982f3e9253b26979043d6949e536b51648e"",""0xfb8bc2f44032dfa1d9f258c8382fbbbed2612f63d0914fe066563cbefb689a53"",""0x5f342e22fdc7a6f789d4dcf56c0ad2f235a48039e796070d00a94fa5c89c9f30"",""0xa23f3af7f8a5ee5a14afac20cc2a40c5a6d0b1a111a101024b117d417709a634"",""0x2270c09584ff34309d9c951ade049db876c4e56549fc7cafaaf3003678bde7aa"",""0xbfccd0c1b9f3f130151965e4107bb487449b8d1e48c0da7e358f28486767d4ca"",""0xdb5e5d76b1d0a022cdde951305c077283a6612821f90a9fd1b566499bc776dd4"",""0x914020427e46dfdb433652fa42f8d748194f468299ebb4d21fedcb46d9db0637"",""0x12f1b60d25f57f0dff0b695fa5100d117586d765ea71b6e4d180fd62b7e855b0"",""0x11c6ce9371279a26939a5cbfa91e968d27cbd7f2d8cc288ee357c306c820b030""]","[""0x8dbc33bb09de968685fbd0241a07b9b02f51c04ad7594fb15973d8ba426e3d5f"",""0xe468d8edc4a54c19537f2de145f9b8e65cb9f043cd1aa27e1549c2d8471701b3"",""0xe3545e6599a6ecf65bf8f351a7d25a78ffbbd83ac3ff97766b76ed78dcf18a3a"",""0x4e20376d1da11c9e1f1d90c95dda5d888cc4afaf92514bcf2dce9c5d0ed6f72d"",""0x703dc0cf5b4fea7c1ec8b76d0f2cb74750672c711e8128ec067718125ca92340"",""0x4aee22d2ce86d209c5c30927446358b8b9f135060ae67977c95ce8c029f89aa6"",""0x85b60ca2f58ee6f06cf2e1e61d7abee6ba7c11252f5c1d390a7f13a6f5fdc4d8"",""0x0498e72cbb35cfcceb5ab5e28ff9e3193ec3396d08350f0d371f94b24e66dd8d"",""0x646db217199cafad3c95616f3c8b68ac61fb92cf045d6e50fae31bd18ff3ae91"",""0x2350d1c4dcb50ead155d92b600a28ed52cec4e946a60274d5b989965634a6a1a""]",[],0,0,1,0,0,0,0
dedudes413m034e6fc6,valid,,4,1,3,m034e6fc6,100,10,10,"[""0x1b65966806dbb1f0be4f71ea23866c931ce732fdaf69cc33928719752f37220b"",""0xb6d01a84cc9057fbb430eaba773982d428e92f84e754cca7e87b6b2102d1173a"",""0x9e787d8c20ded4398b04f2d28daaedf40be22f1bfc57e737f900e0705beedd79"",""0x73647254e06e3db62604fdd9e5b53bf4e2f4a3b10c5e5e037c701c0ecb606fe4"",""0x5f342e22fdc7a6f789d4dcf56c0ad2f235a48039e796070d00a94fa5c89c9f30"",""0xe990b48760a33d3980ed663d2924f8f0409a3dc94d02fd68bb2101eb71e0289d"",""0xe61c79a28c846efdda2b7ffc661829ab40c7bb6fd66fdb61c459330caa712ac6"",""0x869de599f50868bcae2bf30b3f9dc56968a76ca825d8ca69c8ccacd27c06ee8e"",""0x04a6512dca3acde8fcda8a28ddb210e1134e8422e85daca831e11812f50f304c"",""0x427b720a9454f6ee584a1ef9e5035b3e438f150cc81e15066d085a6fbbab522d""]","[""0xa79b998f79699d11b4f12c5472c7ae2ce658f690ff070100aa8cbbb0cec325c0"",""0x1c0420567499644eb79e43bb0e2de2482eb94f68d62492fc10eb1b3b33873871"",""0x370782400b6be3d398463e29ac2e7fce9b87893f1222016aba1dd78c3be96568"",""0x7c5a5789f21eba5040da4d9395aefc688a0f120e2e3c76700e30461d0c31c47b"",""0x89de293badb6e8ef2691d811ef98dd0c56e75d703141b55b672c6e4871cab4f1"",""0xb3073716ca6507c1e78222d02502caea417253f55b4cb4cfcb0c41b3b612423d"",""0xbc0dfb81cf9e22d2d366e0efd4ce5db0ee3ed857f9bb36b8dd7cccc3bbad7d3d"",""0xae212251bf7256512a4a9af0b279c3792a9c5c0cdf73f3fd29955527462b8c12"",""0x5cade3332a7dec40ebd048efab16eefe3f0e6f3b468acbd31aceb93ae5b85d6e"",""0x39dabafc64c5c5eff56582e8508223dee7f3a8041728d30970cf81a4d1e0be46""]",[],0,0,1,0,0,0,0
dedudes413m0ff0953c,valid,,4,1,3,m0ff0953c,100,10,10,"[""0x765d52f21619492597e96bf708c6f038dfdb4a7bf22b86e57551684dce9e676b"",""0x71ab94c13c743a10ff59c33fce6c6c7e60644c829d79f4c3a18f8312be2eb1c6"",""0x628db294c688c4eec9f9c520278fab7789c6527927a822fca0c4df6fac2c7d52"",""0xa0951cebd37c052f77e6eb1f4ef491edbab78b2372a965d8b12f0cd2b384e20b"",""0x6a5a76b0c7b5a9ff0299b7cbe23ff0da94842d1be952c745bd0ea6815c4081cc"",""0x7762576bbe68bbf9edaed9c498946a1b92679b32c7b35899edd1ac48d61cad26"",""0x9ae658816f2cd9f9d93df26417e64b8206f18140199ccd1dc16ed9aabded2ef5"",""0x764bcc5941ba5a44d289d87d1fe02888fc912e1cd264062a64fef5461284e6f8"",""0x43a860127b2f1f3b5fa2444742042501cde73914a32920b453ffc488f343ec67"",""0x3a51e57a7788e54e0e0c36ac50908651d664712bc2ef1475a492710a1ff778b8""]","[""0x765d52f21619492597e96bf708c6f038dfdb4a7bf22b86e57551684dce9e676b"",""0x71ab94c13c743a10ff59c33fce6c6c7e60644c829d79f4c3a18f8312be2eb1c6"",""0x628db294c688c4eec9f9c520278fab7789c6527927a822fca0c4df6fac2c7d52"",""0xa0951cebd37c052f77e6eb1f4ef491edbab78b2372a965d8b12f0cd2b384e20b"",""0x6a5a76b0c7b5a9ff0299b7cbe23ff0da94842d1be952c745bd0ea6815c4081cc"",""0x7762576bbe68bbf9edaed9c498946a1b92679b32c7b35899edd1ac48d61cad26"",""0x9ae658816f2cd9f9d93df26417e64b8206f18140199ccd1dc16ed9aabded2ef5"",""0x0f1f4219ee00c1666ac598c4ed9b73e8f5930e6f76d323712d4bed1a9bb0d89a"",""0x764bcc5941ba5a44d289d87d1fe02888fc912e1cd264062a64fef5461284e6f8"",""0x3a51e57a7788e54e0e0c36ac50908651d664712bc2ef1475a492710a1ff778b8""]","[""0x765d52f21619492597e96bf708c6f038dfdb4a7bf22b86e57551684dce9e676b"",""0x71ab94c13c743a10ff59c33fce6c6c7e60644c829d79f4c3a18f8312be2eb1c6"",""0x628db294c688c4eec9f9c520278fab7789c6527927a822fca0c4df6fac2c7d52"",""0xa0951cebd37c052f77e6eb1f4ef491edbab78b2372a965d8b12f0cd2b384e20b"",""0x6a5a76b0c7b5a9ff0299b7cbe23ff0da94842d1be952c745bd0ea6815c4081cc"",""0x7762576bbe68bbf9edaed9c498946a1b92679b32c7b35899edd1ac48d61cad26"",""0x9ae658816f2cd9f9d93df26417e64b8206f18140199ccd1dc16ed9aabded2ef5"",""0x764bcc5941ba5a44d289d87d1fe02888fc912e1cd264062a64fef5461284e6f8"",""0x3a51e57a7788e54e0e0c36ac50908651d664712bc2ef1475a492710a1ff778b8""]",0,0,1,0,0,0,0.9
dedudes413m1329b005,valid,,4,1,3,m1329b005,100,10,10,"[""0x9d716eb6580a5f8cf4c06e97a7b1e66050be34e61e88318e4a4bb1ec3d5c0a5c"",""0x3c5c7c3cdfde1e6a610fadeb29af0d5bf14b21cc8fd41743407ef8de4c918396"",""0x9a83470f7fb314a3cfe2949cf7872a1b868d565fb7587189e4774901aa31e5b8"",""0xb8b2866e059e96f8e2a4becbcb056bf746394665af6a4d7332d712015aab77a3"",""0x79343114aaa52ccc092dfad9ee433c0302228016766f3423920055f100e7ea6a"",""0xb1590d9042f1c9448f94de9acd0f4ff6270a18ecbe4ed2591313a4b052794ced"",""0xe9d3327a0c1b0f98946fae24d653fc98d80d851747cbf8ffec35ce4fab056c2e"",""0x046a603242429ffda7ad1f536f44c8464256e46136a39a88bbb37e6036461f55"",""0x3d7e833317b82f33d72a386d58f817c4e489736936f3826e0f6f5c3bfac3f24e"",""0x2aebf5cb425ee8cbc3307ff81fdbdca93cf71f5c632b541b16264b7966e33abc""]","[""0x3c5c7c3cdfde1e6a610fadeb29af0d5bf14b21cc8fd41743407ef8de4c918396"",""0x9a83470f7fb314a3cfe2949cf7872a1b868d565fb7587189e4774901aa31e5b8"",""0xb1590d9042f1c9448f94de9acd0f4ff6270a18ecbe4ed2591313a4b052794ced"",""0xe9d3327a0c1b0f98946fae24d653fc98d80d851747cbf8ffec35ce4fab056c2e"",""0x046a603242429ffda7ad1f536f44c8464256e46136a39a88bbb37e6036461f55"",""0x449a819a683cf90a486faa5a3e69a3eff8527cf1e5d672408382aa66280f9bf2"",""0xe0af3ae528b720df7db331772a439a72d9b7c2a23d74b9a816247e89fca57021"",""0xf794db395623b5ff4392db660d1faa7a3db0b8bbb4c59093df8b7c7ba259dbc9"",""0x37034dcdf67d5da562530e4a81e736eb52d13a96010e9f98afd9681bf2443e14"",""0x9798ac9c171506a18608b78c3c0816154b74e320d9ebec9aef5cf7ee8820befd""]","[""0x3c5c7c3cdfde1e6a610fadeb29af0d5bf14b21cc8fd41743407ef8de4c918396"",""0x9a83470f7fb314a3cfe2949cf7872a1b868d565fb7587189e4774901aa31e5b8"",""0xb1590d9042f1c9448f94de9acd0f4ff6270a18ecbe4ed2591313a4b052794ced"",""0xe9d3327a0c1b0f98946fae24d653fc98d80d851747cbf8ffec35ce4fab056c2e"",""0x046a603242429ffda7ad1f536f44c8464256e46136a39a88bbb37e6036461f55""]",0,0,1,0,0,0,0.5
dedudes413m44fc2bf8,valid,,4,1,3,m44fc2bf8,100,10,10,"[""0x9e14eb9b0b4d79e8a0f857e9e859cdf595c612dae2bb3851332b3220d3f2aded"",""0x94d63c25ab9d5a384a61b40c47f60022b64aaabb4b71acebcf39002062ce9c8f"",""0x9a360976bba2e89f0452b5504aa15a2a3d788f5279077f4971b22af6cc9e9338"",""0xf1a5d828a3c76d090fde663f9d5301f508996cd8bcd369bee7f8d22b8a7aee2d"",""0xb580aea6d58b81d2b2f0a622a9e10c78d470784d06110f2989f72d9ccc37f70b"",""0x8e334b5c9ae395939e1d6661ea1e9a380e2ed29149278909c2e3540ff62d1ade"",""0x57e6f0d88a496f9f6c164e6d9a769485fae17981efaf2b58701316232cd0fad4"",""0x8ea9ddff9ee7af244605ee3fcf67f2c98c84dd8d88bca23617938138553d38d5"",""0xf76f66f2e5747083914ae51a7831de7c7b137775223781208a4327e1e4e5b32a"",""0x58a1c325755d0a61c9d5c5ecc8e5b1a3db351be2f7ed0586b3f4c827cb2c5199""]","[""0x9e14eb9b0b4d79e8a0f857e9e859cdf595c612dae2bb3851332b3220d3f2aded"",""0x1cd1a0af806057cb0041bf01fedcefbdb51d03fd6a0879a16c91c4bae5430ba7"",""0x5236f24fda178ebee1e67f896ba01c7305c09718e74429772f449b40cbc5c735"",""0xba43dc1fee7635c8ac3640bd49f486f7d217a475a123803af63389b831328443"",""0x139327ab62bbd4934b7cfc70645861896cb17522dd93377e162859737ea6d3ae"",""0x427b720a9454f6ee584a1ef9e5035b3e438f150cc81e15066d085a6fbbab522d"",""0xab3434f8b5ebbe9ed39e209cdbaf610d2b92816d62634fe264263410bc2a31ff"",""0x8dbc33bb09de968685fbd0241a07b9b02f51c04ad7594fb15973d8ba426e3d5f"",""0xd83117a66902557710ac877d5a6e5420420b22d06e9ecafd3d0d0d54852a5c3c"",""0xe75fc98815576ee938473e991f0fe07af751336b9957a62588d93fdbc0ee311b""]","[""0x9e14eb9b0b4d79e8a0f857e9e859cdf595c612dae2bb3851332b3220d3f2aded""]",0,0,1,0,0,0,0.1
dedudes413m58cd743c,valid,,4,1,3,m58cd743c,100,10,10,"[""0xc4fed2ac503a5dbc763eca6cb57b0f57969026007b35ef9b4a712e377d2c82c6"",""0xa95ffd0d5bc70611f706e681fdd001a7128aecc863f1fd30af5959c525cebce3"",""0x8e77e3ef4e03a1bffa0ce787677aad2d09bc554612a88b278d0fff06718e4a41"",""0x9c41003aaee06f398090c01fe5a3b3c440d3968bb30dc4359bc666cf9f99a2bc"",""0x8e3f42e5c78dbfeb92466b0a0085e6d9fb19d04cce5778f72d1d1c9412866b85"",""0x60015f2c5a5a1631abcdbb23ce5930847b6cfa4d4a723f9cc5158f605df97c64"",""0x15418becc3a38294b44abffeb029c97bf246f89f0679daa94e431a72b8d79af7"",""0xc293cab7efd58dfaad914382f3ec76f4191f2b269d219a47097521bdb63e5444"",""0x2b7bf8536bf3848c686b35671da7328803c3b75398ab119d87e166a9ba872e8e"",""0xb628ae3f63df97bb243964a8d670fe3d79e14ba71d36aab2c72041ec808e913e""]","[""0x9c6819fd248cd16a3fc17004ca2b67e87f5cc68986602147590293056036e6e5"",""0xe468d8edc4a54c19537f2de145f9b8e65cb9f043cd1aa27e1549c2d8471701b3"",""0x80e8fbcc08caa1dd06a1a7aed25697a96c8a47b4d645291144324189e0073967"",""0x909de760f48ac7e0ec11f7e278bfd2badcc2e1cdceccb1e89cf527196eb328f2"",""0x9148ff50cf94b78f204da5a6297852b12d17e8bc815147d5d8fbc5329d0ba2c4"",""0x8d569616a01ff7b6f8c3e29a5d33273ab6c86c53037cae27ef6cc51c67113f78"",""0xed645af593084ee81eafa1aa8b6951ddddbe81a8fdede6bda5e069b77a70b1ab"",""0xf108d19218ab1d485d94bf7edf808ab93b615d2ebf6bc7a6bb4ee827d1b06712"",""0xfdeb433372442dcc656d51c2e2bab43fef0e012ccb4076ceb0fb6f9ba1eb9b29"",""0x7c5a5789f21eba5040da4d9395aefc688a0f120e2e3c76700e30461d0c31c47b""]",[],0,0,1,0,0,0,0
dedudes413m5f378a26,valid,,4,1,3,m5f378a26,100,10,10,"[""0xa353c2146e9a243fb7360a35428d933c411fa272574b61ad2a7e5bb90c5877ce"",""0xb91134e44ac313e01c96c9997d26dffe9ac7b25ec2a81bd7dcbb5fe5a1202d90"",""0x8e564b61aa228f33d5e4494d1f47890f728eb60765051c2ef939f466082585b8"",""0x869de599f50868bcae2bf30b3f9dc56968a76ca825d8ca69c8ccacd27c06ee8e"",""0x0f3abeb156c2c78f8d6903bb725cb1de4b6d19227e5372ed037f9e2266ea3411"",""0x7caa6118b59fdaf813a4754af425ac2e46912311827867fcb29bab268a11ab74"",""0x3877051f66ce3e6d6bd137ed264eb9aa6bf737749a56ede4bf1c476b96d6558c"",""0xfef108ab2dbfac7267fb94ce630a4b3371ec5978c08766d233e86c7bc5ea0dba"",""0xc7cac3f77c2c9d144ff2c8cd1669ff7d3ced28d9f33ce9f97dc835c9d103ab89"",""0x77df86330a5012a6966addbdad2c1104d2c8ee2a97665fb4e45a252d3d0a49e3""]","[""0xe03f52b78bc8e9eab84e177e513ae005b06cbe60597e3fbbb3f6cbce41404793"",""0x83597780a900e3443f7629c9b0b4181f53c8c3b119b210233befb1421e672e93"",""0x2c6ff6fd5988e48779fe9d7205881d59036eb530a80d7b3473f99cf9a1983500"",""0xd06a42d72cfbb96ba643618224587534b89ed6d8fc280e2b48ed9c6c13cd6972"",""0x29faba369a9df31c5cb9e6bc1c5e33037f979b47cee76339e986f878271fa5dd"",""0x93cccc9ddb2c07147c7775f32275ffe610eae9dac4a0b0e0c03c37e1c0bd53f5"",""0x94ec6120d2be59f3d3989ccd7d85da8a22cde1f056fcb7ac7cd109fc9c493352"",""0x5c922bd085dadc1604adfb84e835cdeb680d47546aebdc5f3cdc700301e4b7c3"",""0x96066476fea3949719914409cfca4f333dd56c06875c4cb6be7161a9df28ec5b"",""0xa79b998f79699d11b4f12c5472c7ae2ce658f690ff070100aa8cbbb0cec325c0""]",[],0,0,1,0,0,0,0
dedudes413m605d61cb,valid,,4,1,3,m605d61cb,100,10,10,"[""0x5a354742fd5b660be04a0326f7e084e2a2e59d132e361028f7dc0613581c139c"",""0x4799c972997b453ebd835cee78c0e619ea6aab030d36b2c67ad565d6ece7f8e0"",""0x5236f24fda178ebee1e67f896ba01c7305c09718e74429772f449b40cbc5c735"",""0xe284c5c02eebee8ae866cfca0f2669201d86bf2e9c8049ea300dd20d90850384"",""0x178df42794815bec2b31a4b63af8ddc9177af487f8210f04c467da77af643d16"",""0xe751e577b9d434d7275c1666ace420ae930d6bf4fda343a6fc3089c29b94acf1"",""0x34389058bce6bf69b89a9cdffc3b9e9d68171d7e85fce6c161fbd86d5036f812"",""0xb4f5558b4bdc7e589b5bba34f2bf39509badb2657bcf2700cffd119deee1b1df"",""0xfd2de58266480fed9d46a1e1ba6035de3d8749c96a42d7ecfd37c5e1e77e9d87"",""0x9c41003aaee06f398090c01fe5a3b3c440d3968bb30dc4359bc666cf9f99a2bc""]","[""0x5236f24fda178ebee1e67f896ba01c7305c09718e74429772f449b40cbc5c735"",""0x7c52680fcfef5c7a792985f3ad5c6f7d89246254102af68608ab10b59e8a1bc8"",""0x6288dcfe5fb2840d2562fff7aa877762bbb68d40fa73a282fffaa9a6f8c8a10c"",""0x17e8c26097d0ff404e51aff2c72019cb18f3aa51e2095995e64b675842e14a11"",""0x97423c55158df9670a689f78b9b25766a67c2206551fcfcd9909eaa2b209fdfa"",""0xf108d19218ab1d485d94bf7edf808ab93b615d2ebf6bc7a6bb4ee827d1b06712"",""0x8d569616a01ff7b6f8c3e29a5d33273ab6c86c53037cae27ef6cc51c67113f78"",""0x47399756da88a59616696c5337a59aaeb941e2d81c4f4caaf921c282c55c6263"",""0x29faba369a9df31c5cb9e6bc1c5e33037f979b47cee76339e986f878271fa5dd"",""0x4e20376d1da11c9e1f1d90c95dda5d888cc4afaf92514bcf2dce9c5d0ed6f72d""]","[""0x5236f24fda178ebee1e67f896ba01c7305c09718e74429772f449b40cbc5c735""]",0,0,1,0,0,0,0.1
dedudes413m61ff8ed9,valid,,4,1,3,m61ff8ed9,100,10,10,"[""0xfc04a19087edbc1da922120d26a7b65619068e66fa34d931b0f1f70c66c0267e"",""0xcdac4b8724f50f65662dfbe63aab4a8c00aba9ff45b3ef54b4624eb092178fd1"",""0xa62a958b83f6c5160074f14c3ec7e44184ca730e4dbae5c8895b45992a3b190e"",""0xa60061a46e6f3588611ff2e030a8c2739435473882e320556fcfb9df009f9e67"",""0x67d63531f3cc40537b83d4d01612f8e6285310d27661da535cc65e0dfe79e5a1"",""0xeb92703c6469d5c7e31827a33abb93d937be6b1cec96018273d23f40a909703a"",""0x688f27a824d56679de1d4333c475084fa393064714c11e58add899fd8a98a2f1"",""0x1048d02ca44f1e816dae3795b40399d5a25ea9eadbc4fd233f5a9c751d54e6d6"",""0x6abe5b14e7e5f95462a3451441624c82b5dba83d2cb308d785adbb6c53944f1d"",""0xe94af6de51c16c176b861de4cb1227cb5aac25da9c8b90b4cfd8c4f5c052f8ee""]","[""0xa5354f7310ed91f59b1c345e39c21b3b0a760f554e1c86015d34b20bf1573fff"",""0xe73354790507ea53673c67d57b9a4e38a7c891a6f1eba2fd7509eafe56356b74"",""0x047056a4db8bc397a2311e162c6c84c92e428d210fad778e565a69407c2480ff"",""0xf753cdb4750238eebb2710939be41aec7da5c28d5812cc16ccbcf95421e17a65"",""0xac8b80036991313f0d9991aa483a95a9c01079cd33e372b5d4f6225deb94ebe3"",""0xabd36aa877f84ff262365e67d8bc106b156ff7a8b05109e7be64388152ff0974"",""0xa17d97abc100dc9f7fd738ca789c4f6db08b3c581ef01cd5161a5f139b8a79e2"",""0xed54d7a9fbadc1c92763a2cd69d632fb026af91e74faa22722bc8981334ce6cf"",""0x4075b1c1a48c332b84b4ca094e3b13c917ba819a5b04ff83479afdd4ca43c354"",""0xa2768aee9c99fab0f52e085695c2373eff29dcb97f88834346cad088b73812bd""]",[],0,0,1,0,0,0,0
dedudes413m62eeb31e,valid,,4,1,3,m62eeb31e,100,10,10,"[""0xd3b4b9f6f6182ab45c2a03bd0e3e5a74c67714cd31fc91ce22d96ec815857918"",""0xf36ffa249bf590354898aaf0ebe1f3007a0c588aec5369927e964e5e71192d84"",""0x06695fb5641c3680e85f19e4d7d309e0ef749b92d03eade667b86019e3d0853f"",""0xf96bf5d3cfccc96a356555adc13fcc7edbfa81afc78a5fa4043f3dcc47ae4323"",""0xe912236ac1e0fa2314dc68c399351e62211e87c3958e648e380df3554a876137"",""0x99c64562defad2f1718b78a3014eb5582221e0ab10d0f8da0d92f8a5e4472d1c"",""0xa0f680ecefd895d9fd933e4eeb021e41ab3693788b90070d8b448e2d300b62f6"",""0x63f38a7112e47ee5c2e95d61e4589f58c4a7b0ed0a54653dfe44a8213407c79b"",""0x7305efcada23bf932b1d643271d54b895f0d82a3a43ff08b0480680d54366384"",""0xd523d7d0c02b00ac9b9dd64462db4e77eab21aa733f7c81a0dc10d70273d4e99""]","[""0xf96bf5d3cfccc96a356555adc13fcc7edbfa81afc78a5fa4043f3dcc47ae4323"",""0x75232ef6746d01e9b8c3c4fe3f6d217fbc13928d20867b00a929dcd7d5749bd6"",""0xe912236ac1e0fa2314dc68c399351e62211e87c3958e648e380df3554a876137"",""0x0147b80fb439b3c56263507b7354f947f9196fcd5c43632dafe2463a29356c5b"",""0x6e6d758c129baedd88101292ed8a6478f9e421eb01f679a57b3c644f3876f468"",""0x047056a4db8bc397a2311e162c6c84c92e428d210fad778e565a69407c2480ff"",""0xab58b9907d0218646605951a37a38307528978618ef01a598905f9eea1137c91"",""0x2bed620b53fb262419044820898d7dd1a83109bdd26079eb97a00f66fd19e50b"",""0xa5354f7310ed91f59b1c345e39c21b3b0a760f554e1c86015d34b20bf1573fff"",""0x4e20376d1da11c9e1f1d90c95dda5d888cc4afaf92514bcf2dce9c5d0ed6f72d""]","[""0xf96bf5d3cfccc96a356555adc13fcc7edbfa81afc78a5fa4043f3dcc47ae4323"",""0xe912236ac1e0fa2314dc68c399351e62211e87c3958e648e380df3554a876137""]",0,0,1,0,0,0,0.2
dedudes413m688ed826,invalid,error_duplicates,4,1,3,m688ed826,100,10,10,"[""0xa6c3685747057209a427117968fe118950aad3eaaf5386b285e0b3b54cef9f87"",""0x9e14eb9b0b4d79e8a0f857e9e859cdf595c612dae2bb3851332b3220d3f2aded"",""0x24b3965f185cdbe1fc3727ff2135238ce0ef4e7ee1390c559ac159dbe1d0c04e"",""0xbae758a9b835e93f83a4715b4d0b3f8e5e2f3c17b6b72baa0d50ee310925fa9e"",""0xdf68bebf3b276ea37921247bf2bc5d4faccce08b5f9721559030b1e34603f1a0"",""0x3fe9683c0e77ca5d1c545a47a22db2070f92b786ef071a3bea362ae0ae8b76d4"",""0x910c2fec08f3cbf6278353f88ca09a0d1a2a74f3fe194bcc8e6ec6df84b6e5f9"",""0x2ca8d5400b3f2a2c1023e937e8cefa19eb7934d6c64e4eb7ccaef4bf420eb203"",""0xd58da8985226932f70603b9da4ec0037387458a6c26bbb78e6f7e2fe68bf86bb"",""0xdf68bebf3b276ea37921247bf2bc5d4faccce08b5f9721559030b1e34603f1a0""]","[""0xa6c3685747057209a427117968fe118950aad3eaaf5386b285e0b3b54cef9f87"",""0xbae758a9b835e93f83a4715b4d0b3f8e5e2f3c17b6b72baa0d50ee310925fa9e"",""0x71c27b8547dd4bc5b567c4bdfea30552124c62fef8f8c10781579ba95ad6bb72"",""0xdf68bebf3b276ea37921247bf2bc5d4faccce08b5f9721559030b1e34603f1a0"",""0x3fe9683c0e77ca5d1c545a47a22db2070f92b786ef071a3bea362ae0ae8b76d4"",""0x9e14eb9b0b4d79e8a0f857e9e859cdf595c612dae2bb3851332b3220d3f2aded"",""0x24b3965f185cdbe1fc3727ff2135238ce0ef4e7ee1390c559ac159dbe1d0c04e"",""0x2ca8d5400b3f2a2c1023e937e8cefa19eb7934d6c64e4eb7ccaef4bf420eb203"",""0x910c2fec08f3cbf6278353f88ca09a0d1a2a74f3fe194bcc8e6ec6df84b6e5f9"",""0xd58da8985226932f70603b9da4ec0037387458a6c26bbb78e6f7e2fe68bf86bb""]","[""0xa6c3685747057209a427117968fe118950aad3eaaf5386b285e0b3b54cef9f87"",""0x9e14eb9b0b4d79e8a0f857e9e859cdf595c612dae2bb3851332b3220d3f2aded"",""0x24b3965f185cdbe1fc3727ff2135238ce0ef4e7ee1390c559ac159dbe1d0c04e"",""0xbae758a9b835e93f83a4715b4d0b3f8e5e2f3c17b6b72baa0d50ee310925fa9e"",""0xdf68bebf3b276ea37921247bf2bc5d4faccce08b5f9721559030b1e34603f1a0"",""0x3fe9683c0e77ca5d1c545a47a22db2070f92b786ef071a3bea362ae0ae8b76d4"",""0x910c2fec08f3cbf6278353f88ca09a0d1a2a74f3fe194bcc8e6ec6df84b6e5f9"",""0x2ca8d5400b3f2a2c1023e937e8cefa19eb7934d6c64e4eb7ccaef4bf420eb203"",""0xd58da8985226932f70603b9da4ec0037387458a6c26bbb78e6f7e2fe68bf86bb"",""0xdf68bebf3b276ea37921247bf2bc5d4faccce08b5f9721559030b1e34603f1a0""]",0,0,1,0,0,0.09999999999999998,1
dedudes413m74b51335,valid,,4,1,3,m74b51335,100,10,10,"[""0x83a064fb0c3d929367b562453fd56149325de6ec75b506925731d32e2572c2b0"",""0xd34b17cabffa509cdf016810a9183f9a8b608157bda3158cedaa6fc8efcfcc54"",""0x2b2aa943c85f444b73f30ba39f4ba1c0ea5599ee3d455d9029994832f8935d89"",""0x927d988818abf504d4dce598e7494e5fe56f33a54d03cedc61bbf54d48dc68f6"",""0xe5ecae235c072b0d9441adcf860679092fcca7857047561a06f49649793f3001"",""0x4feffcd1822aac4917801fa166946af6d6a03938638e96f75b64f78af2d00ed9"",""0x89de293badb6e8ef2691d811ef98dd0c56e75d703141b55b672c6e4871cab4f1"",""0x157303f12af68e85a4550dd05194f865e79a2161729534337f65fe2ea6b9d2f2"",""0x93cccc9ddb2c07147c7775f32275ffe610eae9dac4a0b0e0c03c37e1c0bd53f5"",""0x8f5335e17c8dc30f9b41ddbd88090354e99952e963a690ddcb71e5bb2f382fcd""]","[""0x89de293badb6e8ef2691d811ef98dd0c56e75d703141b55b672c6e4871cab4f1"",""0x93cccc9ddb2c07147c7775f32275ffe610eae9dac4a0b0e0c03c37e1c0bd53f5"",""0x888905a0a534ce554b87552efa11982058f2bd78d7cd30f22878b95f388290f8"",""0x2bed620b53fb262419044820898d7dd1a83109bdd26079eb97a00f66fd19e50b"",""0x4075b1c1a48c332b84b4ca094e3b13c917ba819a5b04ff83479afdd4ca43c354"",""0xbc27e5eeae8d24741e37498174c18b7be391ae0403b6218c92734f8c2f6a975a"",""0x47399756da88a59616696c5337a59aaeb941e2d81c4f4caaf921c282c55c6263"",""0xc23952c378a4c56a3ccefad166600f45f6a804220be6ee2ff45beb77fe1e1a80"",""0x2c6ff6fd5988e48779fe9d7205881d59036eb530a80d7b3473f99cf9a1983500"",""0x9c6819fd248cd16a3fc17004ca2b67e87f5cc68986602147590293056036e6e5""]","[""0x89de293badb6e8ef2691d811ef98dd0c56e75d703141b55b672c6e4871cab4f1"",""0x93cccc9ddb2c07147c7775f32275ffe610eae9dac4a0b0e0c03c37e1c0bd53f5""]",0,0,1,0,0,0,0.2
dedudes413m87a0e423,valid,,4,1,3,m87a0e423,100,10,10,"[""0x12b10840af76dae24935c28d98e8bcd4783afd7ed0d83ab1ed972536b18bf82e"",""0x48bcc597a4fa707c2d615b32c129a4069ac4c0120947d0afdb5e897b83ad9128"",""0x4ecdf3e02d13c9fe32db547b16d4703e37fffadfff94ccccafba5d3492270e84"",""0xd247cd5ac6d6b3dc844de66d61eb913737ab441ca94132664b1e1abf058db54f"",""0x9e11fd1ffb4e9b981f74eab7dc9d69a949d0ad9bf03189f859aba3581ab7e89a"",""0x60b4be27c72f7952b0b6b9bea5ac61f7e8696a302ff5c4ae98e7f96cab5c7a83"",""0x7321022e3cb70e0ca5419929854423847ec5986fac6ab928bccba76d1f95085f"",""0x5aa89caff73930361092f42315458626cf64f5712a1a5c69f69007f0e21a6feb"",""0x6cec17c15f975a0c2c5010ded2db37c1c91e6bb5d35e7a4d07a843a76bd9fafb"",""0x7f6e632cfa4f27261e017c427b533589477e3ddfbbd614793d63923c0aa9aaa2""]","[""0x4ecdf3e02d13c9fe32db547b16d4703e37fffadfff94ccccafba5d3492270e84"",""0xd247cd5ac6d6b3dc844de66d61eb913737ab441ca94132664b1e1abf058db54f"",""0x8fa0c2d99bbdc01f3af5867614abefa0c4ddc6da838698d9c9c816368a4c68ba"",""0x7321022e3cb70e0ca5419929854423847ec5986fac6ab928bccba76d1f95085f"",""0x4b34d937794e2a40aa0e0b2cab3894d84cc5ca50772ada5dd00d3bdd255111bd"",""0x9472b1c0afb7c6751ad0c546dcd2b1fd4d72269eeb6eec0590ae3ea255789880"",""0x57137b2edd3af8ab8e1a99ca842ae3d78f905ad42c4f079677b2656f7cc647da"",""0x4feffcd1822aac4917801fa166946af6d6a03938638e96f75b64f78af2d00ed9"",""0x6cec17c15f975a0c2c5010ded2db37c1c91e6bb5d35e7a4d07a843a76bd9fafb"",""0x11c6ce9371279a26939a5cbfa91e968d27cbd7f2d8cc288ee357c306c820b030""]","[""0x4ecdf3e02d13c9fe32db547b16d4703e37fffadfff94ccccafba5d3492270e84"",""0xd247cd5ac6d6b3dc844de66d61eb913737ab441ca94132664b1e1abf058db54f"",""0x7321022e3cb70e0ca5419929854423847ec5986fac6ab928bccba76d1f95085f"",""0x6cec17c15f975a0c2c5010ded2db37c1c91e6bb5d35e7a4d07a843a76bd9fafb""]",0,0,1,0,0,0,0.4
dedudes413m92034409,valid,,4,1,3,m92034409,100,10,10,"[""0xc4ec954ae50a47e6f4dc94c797d002b53e75a54561cfebd8ca67b32879cec36b"",""0xa85a50d3fbda3680b262cdba8344aa00eccd23094f7e17385e88cbdb6c045853"",""0xafaf37138b574609e2b3a5e1aa3234f080ad70ad5676fad40b19895a078d7dee"",""0x139327ab62bbd4934b7cfc70645861896cb17522dd93377e162859737ea6d3ae"",""0xa92224ce4b7dda50fab4450bf4c8ff480c9c16e371a6cbbf4875632f481d1494"",""0xa353c2146e9a243fb7360a35428d933c411fa272574b61ad2a7e5bb90c5877ce"",""0xa21c58439ba76498112a9dd59801d9eb71d2b8e004ee265c9369fa2383ba8578"",""0x83e3b0998b66120f052c7011ac7fbc31cb77b9e864091293e141f1df231ff2a7"",""0x74e7be8b32e08c0943c3f357ddc428139bf197e2d2871fa7255a72393adaea53"",""0xdfd080e6d5625036af3e0326c7a63a6a701a1b110406427479510f5d022293da""]","[""0x52f959174b3d5e4a9c601c8be94fb382d572ca485eca8cb636993fb300b8dd2e"",""0xb8b2866e059e96f8e2a4becbcb056bf746394665af6a4d7332d712015aab77a3"",""0xc4ec954ae50a47e6f4dc94c797d002b53e75a54561cfebd8ca67b32879cec36b"",""0xd640fc571224b43933da64febedeeafadc7979499fd0e6564fb7d8d00ca2b2d6"",""0xbc0dfb81cf9e22d2d366e0efd4ce5db0ee3ed857f9bb36b8dd7cccc3bbad7d3d"",""0xed645af593084ee81eafa1aa8b6951ddddbe81a8fdede6bda5e069b77a70b1ab"",""0xac71cf4c6d1b0b6ecf72b81901d1e7b92d55b1424c93743d83a5a6c3a2a95112"",""0x0026d3f471982cd447ef47a2f259ea569aed62b3822c41c4b317797fe231a5dc"",""0xa85a50d3fbda3680b262cdba8344aa00eccd23094f7e17385e88cbdb6c045853"",""0xafaf37138b574609e2b3a5e1aa3234f080ad70ad5676fad40b19895a078d7dee""]","[""0xc4ec954ae50a47e6f4dc94c797d002b53e75a54561cfebd8ca67b32879cec36b"",""0xa85a50d3fbda3680b262cdba8344aa00eccd23094f7e17385e88cbdb6c045853"",""0xafaf37138b574609e2b3a5e1aa3234f080ad70ad5676fad40b19895a078d7dee""]",0,0,1,0,0,0,0.3
dedudes413m9a581345,valid,,4,1,3,m9a581345,100,10,10,"[""0x9f0a3a8d25a45639ae098d31cf4d9b0b878f2554dc75dce680d565515a32136c"",""0xe3518c539249e19284d9ecf920f9253c5f48a52e01c01c383a78c92121870ffc"",""0x0b11176ffd279cf4e1fc5f4d0afa222f064ee56dcbfaf089a9abf5597195b176"",""0x15418becc3a38294b44abffeb029c97bf246f89f0679daa94e431a72b8d79af7"",""0xa077d467da14848d18e59e8577d5713ebe983a7a361998d6825c5db70368f0b1"",""0x124965f4295b430e31600aff8339d9e8d948b45552f88d1931428fec081af241"",""0xab3434f8b5ebbe9ed39e209cdbaf610d2b92816d62634fe264263410bc2a31ff"",""0x0506b67e31ff28e1f276f36619f77ace6b2af67d58a6c6342dfcb7468c56c888"",""0xcbf648955ce2153bc9449a990acf3e321e9cfd4928c7fb5b683e58caed33b5e6"",""0xf805dbff6348742ab14cf679e7f8361efca863743fdfdec50829ae45981920a9""]","[""0x29faba369a9df31c5cb9e6bc1c5e33037f979b47cee76339e986f878271fa5dd"",""0x8d569616a01ff7b6f8c3e29a5d33273ab6c86c53037cae27ef6cc51c67113f78"",""0x6e6d758c129baedd88101292ed8a6478f9e421eb01f679a57b3c644f3876f468"",""0xa5354f7310ed91f59b1c345e39c21b3b0a760f554e1c86015d34b20bf1573fff"",""0xe942f44aef93d4afb3cbaf854f82604034c778e957f217525c0d5b8745fc0e1b"",""0xddb3d9f3dee573b1be47b97205b1dad6937e2aa63171287104d449baee27f61b"",""0xcdf69590102e2120a0699bb0bb4b1e9ded25e4d2f24f7526b1cb67c97658534d"",""0xabd36aa877f84ff262365e67d8bc106b156ff7a8b05109e7be64388152ff0974"",""0xe32ad4d2b4c5e2a403429a97e94d1115a2a6746b5eefeefffbb697694fa1d4f2"",""0x7c5a5789f21eba5040da4d9395aefc688a0f120e2e3c76700e30461d0c31c47b""]",[],0,0,1,0,0,0,0
dedudes413m9f25cc42,valid,,4,1,3,m9f25cc42,100,10,10,"[""0x8788939ddccdf8e78e57c0735229a8e72ba044b2830d252589de113f575b9c91"",""0x270f61373b2830aa200bec948b801025f0d5465f203a4c38b735028251878aeb"",""0x560a3a1989194c2252f21688e120be2ccd659c75fe1edf11e3657c036f6b97b0"",""0xda4e65390f5a56d4d12deb6f0eab1bc6c76312ca72441fb19d514dc8a972574e"",""0xd09e7150ddb7ef56daad83d815d3220c8c1619be3c4b00bf352744b52057f076"",""0x012f7a5533aa10df03f81882585c8519379e85aff6b3795e78345287a76146de"",""0x6ca26056104de6a9637fabafb1922d5f2f87e552b8a56e1e2bf5f3f18c17a1fc"",""0x76a481cda16a9b51383887ded51afb2739c0bd85e7cd613c6454f2556d72b108"",""0xf1a5d828a3c76d090fde663f9d5301f508996cd8bcd369bee7f8d22b8a7aee2d"",""0x6f36db2e89512e0d23a9d0d6aabccd47dabad6c24d86f4ed3e2f34d2f18b5970""]","[""0xa52341e05fdb6a81cf1caa591fe1e05c71018324a4fe74d32a338787220793ba"",""0x560a3a1989194c2252f21688e120be2ccd659c75fe1edf11e3657c036f6b97b0"",""0x012f7a5533aa10df03f81882585c8519379e85aff6b3795e78345287a76146de"",""0x6ca26056104de6a9637fabafb1922d5f2f87e552b8a56e1e2bf5f3f18c17a1fc"",""0x76a481cda16a9b51383887ded51afb2739c0bd85e7cd613c6454f2556d72b108"",""0xf1a5d828a3c76d090fde663f9d5301f508996cd8bcd369bee7f8d22b8a7aee2d"",""0xa57a419d14e97fbd6f66deae8d60b09b35e6b3eb57fdb74ddab9d88b42a9f182"",""0x679a4b7500e218a9148e881a0eb0c30fa15405ad10fcb785ca882ce2b28dcc69"",""0x13ad2aaa30aa2c9cf95c2a9bf238b1c9dbf105d72ea30521868af92a2d943b6a"",""0xa8f6645926614e855e9e5410950b0d978447966aa63f119579ee2f9f1f815372""]","[""0x560a3a1989194c2252f21688e120be2ccd659c75fe1edf11e3657c036f6b97b0"",""0x012f7a5533aa10df03f81882585c8519379e85aff6b3795e78345287a76146de"",""0x6ca26056104de6a9637fabafb1922d5f2f87e552b8a56e1e2bf5f3f18c17a1fc"",""0x76a481cda16a9b51383887ded51afb2739c0bd85e7cd613c6454f2556d72b108"",""0xf1a5d828a3c76d090fde663f9d5301f508996cd8bcd369bee7f8d22b8a7aee2d""]",0,0,1,0,0,0,0.5
dedudes413m9fd952b2,valid,,4,1,3,m9fd952b2,100,10,10,"[""0x3728d769a0e94a8d7bb4206065a99b977cc27b6e56b6936abfdfa99c2fc0e994"",""0x15375c29885ba8ec082167b98e385179d2cde641aadf61f7df0b498c97135d9e"",""0x9478c028042b818e3e9fd611fcd1aa20d65023f1c0989e400fca36791598128f"",""0x3151cf1f6245ad1f95925a7c6ca997a55c4df051b87283ae86e2233718593879"",""0xb34d0672d82ca835755d6954e21baa97d9d084b440996acb30739ea2c258da7d"",""0x8ea9ddff9ee7af244605ee3fcf67f2c98c84dd8d88bca23617938138553d38d5"",""0x0f3abeb156c2c78f8d6903bb725cb1de4b6d19227e5372ed037f9e2266ea3411"",""0x177146b16d55a1d391948de43fb53262b93e6941e44421a8f72da6c2dfb3094b"",""0xa0eb7bd51a718323ba3be09dc166cc7f2a92b7890c0bf3d5f5cc1ea523b97d9b"",""0xb0f182a6fb1a12d29d8b7f5a6d67e5571b130acb3f2fa1450cd9a73599401acd""]","[""0x0248d2cb7fdf2a7095b7715c24e053f0425e97a94dbba26f5fbee48dddd62335"",""0x52f959174b3d5e4a9c601c8be94fb382d572ca485eca8cb636993fb300b8dd2e"",""0x370782400b6be3d398463e29ac2e7fce9b87893f1222016aba1dd78c3be96568"",""0x13b6d9bdd6ca06f426dc0d41746324c9ce628d54eb8c6f7585171d54489105b2"",""0xd7d653f7f8e66eb593bc9b749e14270025b9d8fa3c3b79c90eee945e199c8d4d"",""0x2bed620b53fb262419044820898d7dd1a83109bdd26079eb97a00f66fd19e50b"",""0xac71cf4c6d1b0b6ecf72b81901d1e7b92d55b1424c93743d83a5a6c3a2a95112"",""0xb608421e38e36743f8fbd8f6ecfada1c05dfd5091e111c5bca9db9c42a39324c"",""0x51ca5ceea8865e68fea76905e36eaf9b1307c13e80e084abd7c08edfc103c620"",""0xf96bf5d3cfccc96a356555adc13fcc7edbfa81afc78a5fa4043f3dcc47ae4323""]",[],0,0,1,0,0,0,0
dedudes413ma13a9811,valid,,4,1,3,ma13a9811,100,10,10,"[""0xaec5f3d8354072d281f62bcf5bb667d28adf2707c88750a1fcac78122226a936"",""0xef7983386c52f2e3fd86953cb396f63925a347990bc0788e13470bba1246a1a6"",""0x4d26cdd7c14317b28683534f1a6b0eef1e503cf2c0dc83905a7255717c75ec00"",""0x08409c88ced795e923586fc7541cd01415324e0c0ccb6ceff805c6a07281896d"",""0x8788939ddccdf8e78e57c0735229a8e72ba044b2830d252589de113f575b9c91"",""0xc5c2cb86131f9e87776a8803ffd32d0cd607c48d0d8417a53e9e914dcb7b7f8d"",""0x27ea82588e84c8f07bd0ada1a20ca6b092985d021be143ad1979036c018adddd"",""0xaf3d313a9660b78d41374e9625c0998b95a35b34aa64d466d29942912711d3cd"",""0xd6123c9172358a6d7a877304cb9b7311be7ee4684008057c0434f3bc871f49e1"",""0x914020427e46dfdb433652fa42f8d748194f468299ebb4d21fedcb46d9db0637""]","[""0xef1c682a96f426ceffe117ba429fc06fc879a35e191eaec5c199908f2c665b34"",""0x39dabafc64c5c5eff56582e8508223dee7f3a8041728d30970cf81a4d1e0be46"",""0x609b958fedcadd17d8814bf0281fbcd474cb57d80d9499dfbe8dc94438a4ca9c"",""0x022d2f24e20eecc4054c519000a7e45043cf9f7e0fd1afee78279de75da5f9e7"",""0xaf3d313a9660b78d41374e9625c0998b95a35b34aa64d466d29942912711d3cd"",""0x5cade3332a7dec40ebd048efab16eefe3f0e6f3b468acbd31aceb93ae5b85d6e"",""0x27ea82588e84c8f07bd0ada1a20ca6b092985d021be143ad1979036c018adddd"",""0x6f36db2e89512e0d23a9d0d6aabccd47dabad6c24d86f4ed3e2f34d2f18b5970"",""0x972cfa2de1c4f801959ffadb7e6ad7fb4c8add483fce5ec5824eb11e38544b16"",""0xc5c2cb86131f9e87776a8803ffd32d0cd607c48d0d8417a53e9e914dcb7b7f8d""]","[""0xc5c2cb86131f9e87776a8803ffd32d0cd607c48d0d8417a53e9e914dcb7b7f8d"",""0x27ea82588e84c8f07bd0ada1a20ca6b092985d021be143ad1979036c018adddd"",""0xaf3d313a9660b78d41374e9625c0998b95a35b34aa64d466d29942912711d3cd""]",0,0,1,0,0,0,0.3
dedudes413mab0bf37a,invalid,error_duplicates,4,1,3,mab0bf37a,100,10,10,"[""0x94cc8dd56cb47a38c5fde48ab4da2f2d7a22afa57cd4737cbb3ea216ae681034"",""0x037a73ab9a72306dc8ebecdf80a2ab16d414d96cf2f63c7fb32feb92bf9a5b6d"",""0x88ce248d0afdcbdb05816c4e2b41523403adb46f31d661e6aa300f6254b8d800"",""0x3151cf1f6245ad1f95925a7c6ca997a55c4df051b87283ae86e2233718593879"",""0x4aee22d2ce86d209c5c30927446358b8b9f135060ae67977c95ce8c029f89aa6"",""0x6ef4bc7397209ca22235b99ccf40dcaebfde72aaa515cc2878e92594219cfd1c"",""0x88ce248d0afdcbdb05816c4e2b41523403adb46f31d661e6aa300f6254b8d800"",""0x3151cf1f6245ad1f95925a7c6ca997a55c4df051b87283ae86e2233718593879"",""0x4aee22d2ce86d209c5c30927446358b8b9f135060ae67977c95ce8c029f89aa6"",""0x3151cf1f6245ad1f95925a7c6ca997a55c4df051b87283ae86e2233718593879""]","[""0x2432cfe4f9353b1ba5658ab99af0b32f44ac9b15ec481b90164d7045e845a019"",""0x94cc8dd56cb47a38c5fde48ab4da2f2d7a22afa57cd4737cbb3ea216ae681034"",""0x037a73ab9a72306dc8ebecdf80a2ab16d414d96cf2f63c7fb32feb92bf9a5b6d"",""0x3728d769a0e94a8d7bb4206065a99b977cc27b6e56b6936abfdfa99c2fc0e994"",""0x88ce248d0afdcbdb05816c4e2b41523403adb46f31d661e6aa300f6254b8d800"",""0x6ef4bc7397209ca22235b99ccf40dcaebfde72aaa515cc2878e92594219cfd1c"",""0x39b18f99686017920bc59b0c772f4d47d87cbbe371ee08db66be4c9837fe57a6"",""0x3151cf1f6245ad1f95925a7c6ca997a55c4df051b87283ae86e2233718593879"",""0xae344a42798a222d1914b1cb70cd1dad6397e19b0a3608362b5b5f2aeb02772b"",""0x4aee22d2ce86d209c5c30927446358b8b9f135060ae67977c95ce8c029f89aa6""]","[""0x94cc8dd56cb47a38c5fde48ab4da2f2d7a22afa57cd4737cbb3ea216ae681034"",""0x037a73ab9a72306dc8ebecdf80a2ab16d414d96cf2f63c7fb32feb92bf9a5b6d"",""0x88ce248d0afdcbdb05816c4e2b41523403adb46f31d661e6aa300f6254b8d800"",""0x3151cf1f6245ad1f95925a7c6ca997a55c4df051b87283ae86e2233718593879"",""0x4aee22d2ce86d209c5c30927446358b8b9f135060ae67977c95ce8c029f89aa6"",""0x6ef4bc7397209ca22235b99ccf40dcaebfde72aaa515cc2878e92594219cfd1c"",""0x88ce248d0afdcbdb05816c4e2b41523403adb46f31d661e6aa300f6254b8d800"",""0x3151cf1f6245ad1f95925a7c6ca997a55c4df051b87283ae86e2233718593879"",""0x4aee22d2ce86d209c5c30927446358b8b9f135060ae67977c95ce8c029f89aa6"",""0x3151cf1f6245ad1f95925a7c6ca997a55c4df051b87283ae86e2233718593879""]",0,0,1,0,0,0.4,1
dedudes413mb8cb04ea,valid,,4,1,3,mb8cb04ea,100,10,10,"[""0x5f3cd4cb79de3a0e14f1da49f6bb031c06a2378c43b198e0e368b4e8b8764243"",""0x29c02eefa13b389c7de0218a34632eb93019200b921bd22dc7c6c42f9112b76d"",""0xe63e2c269971e74b53d28366ab0f97aa8abe54de17097a543041aa6f1aef67c5"",""0xddc8a0d4673d1ce329c6876bba52904788357efd9dc9e6a34f141cdbe74005f6"",""0xdfd080e6d5625036af3e0326c7a63a6a701a1b110406427479510f5d022293da"",""0x4b0222fbaafed533465fde16e92bb2d156becc43115ff346c51481937cb2ba3e"",""0x1408aa1b0bf56fea1c8d0a564f254982f3e9253b26979043d6949e536b51648e"",""0x129000e4093321a868285d2903488aa7b940a0eb1357e3a264c688acabe9afa8"",""0xf46f739dd1e62fe400cbf8e0382ee1ca21afe626881e76bebfa85cc551be623e"",""0xe3976d514ada12522fdc50897d19a0216486c2fc5724559c3aaf6e9587f47730""]","[""0x29c02eefa13b389c7de0218a34632eb93019200b921bd22dc7c6c42f9112b76d"",""0x9822e8750b69266bf123039815e7c7debfb278e6d07197ee125e1482633a49a4"",""0x4763c32c1e649afb2ab46d1ce5e7891c848aedd9ae897db2ee4649bacfb9b707"",""0xdfd080e6d5625036af3e0326c7a63a6a701a1b110406427479510f5d022293da"",""0x4b0222fbaafed533465fde16e92bb2d156becc43115ff346c51481937cb2ba3e"",""0xdd90815cca98f1110bdd2ed20ca96dd581c2178f9d2d8d5ad452484cccb34bf8"",""0x29faba369a9df31c5cb9e6bc1c5e33037f979b47cee76339e986f878271fa5dd"",""0x129000e4093321a868285d2903488aa7b940a0eb1357e3a264c688acabe9afa8"",""0x047056a4db8bc397a2311e162c6c84c92e428d210fad778e565a69407c2480ff"",""0x1d6e3452d8c14ba8ad0da5768f4e893379ad5195191614ad63a148e604464086""]","[""0x29c02eefa13b389c7de0218a34632eb93019200b921bd22dc7c6c42f9112b76d"",""0xdfd080e6d5625036af3e0326c7a63a6a701a1b110406427479510f5d022293da"",""0x4b0222fbaafed533465fde16e92bb2d156becc43115ff346c51481937cb2ba3e"",""0x129000e4093321a868285d2903488aa7b940a0eb1357e3a264c688acabe9afa8""]",0,0,1,0,0,0,0.4
dedudes413mb925a6f5,valid,,4,1,3,mb925a6f5,100,10,10,"[""0xa353c2146e9a243fb7360a35428d933c411fa272574b61ad2a7e5bb90c5877ce"",""0x58a1c325755d0a61c9d5c5ecc8e5b1a3db351be2f7ed0586b3f4c827cb2c5199"",""0x4d4e5bbfe4208c7ff112f714ace4f8925ac8c1defeb7dc81663c68a04d7d48ec"",""0xd07dcd945ac0aa1fbce15f81f2f1057f33d924b5942b074332c1ff7ad8a9da00"",""0xe031eefb83fbac3f912e01bd186ab428a6106a2e1da9d24510ac2df9edc04e92"",""0x873d0193628e792877af1f2071f47cb7fe512a405dedebe2cadd656642c824b6"",""0xc05ca9c89c31d935e983a93ca76e5c5bce8e8f1119b409eaf47715b2f9a60ab4"",""0x7ff8fd236ec1c51880c8b1f897bca91b40a59481d3a7ceb869716b1b792f8cdb"",""0x560a3a1989194c2252f21688e120be2ccd659c75fe1edf11e3657c036f6b97b0"",""0x5acd9724de98d803578e4cc358b4e7bacbd8dbca189b663efedf1deda3862779""]","[""0xa353c2146e9a243fb7360a35428d933c411fa272574b61ad2a7e5bb90c5877ce"",""0x9e0035c857436bf9a94b0c1f19742d65d3462a5bff4e25d177ebf09586ead800"",""0xc05ca9c89c31d935e983a93ca76e5c5bce8e8f1119b409eaf47715b2f9a60ab4"",""0x9c6819fd248cd16a3fc17004ca2b67e87f5cc68986602147590293056036e6e5"",""0xa8c3c7e57cf6c6713678487ba19f25122b93fae36f6ca5c7e9cf0bcaaebe2be3"",""0x560a3a1989194c2252f21688e120be2ccd659c75fe1edf11e3657c036f6b97b0"",""0x7c2efe492501a633d48b1f5befc513201a40bcd9179017831de762365f9fb0bc"",""0x85fb9a6bcb387ec3dd49674beb0f8f9b2314b34426021f771fb5b9843a3dedd6"",""0x08a53f92c6c09bad8332e30c9d75fbebcf2d11886157685b3dade47a75dde95a"",""0x0313e2439d3f04048546ca2621a685786bc28d32f81734049f4df72a1d29a9e8""]","[""0xa353c2146e9a243fb7360a35428d933c411fa272574b61ad2a7e5bb90c5877ce"",""0xc05ca9c89c31d935e983a93ca76e5c5bce8e8f1119b409eaf47715b2f9a60ab4"",""0x560a3a1989194c2252f21688e120be2ccd659c75fe1edf11e3657c036f6b97b0""]",0,0,1,0,0,0,0.3
dedudes413mba695eef,valid,,4,1,3,mba695eef,100,10,10,"[""0x01ec57c08ca34a7b1899ad303401924050394b3fee982ebcdd43e14992e5a7a2"",""0x9c6819fd248cd16a3fc17004ca2b67e87f5cc68986602147590293056036e6e5"",""0x7215572aba5beaec4f23d5ec295dfc837e1766e8c4eb8719b7f961f6a778e16d"",""0xd85f4387cee442d4e59a7abf9e6832111e98d315faceb074d480e748e3ffd0df"",""0x17aa543a536b5592a2ca2cb04bdcaacae8ae8b64e4d389163db85f4d65c0d1a8"",""0xda4e65390f5a56d4d12deb6f0eab1bc6c76312ca72441fb19d514dc8a972574e"",""0xad4910dcc6b0b3ff808c6142e961a4c7fb3f0ac53e2050968529238e8a0f5cd6"",""0xfec44882b6630d9dded08546475c16f20b610b9647581087e2ad60ac3b1a49d8"",""0x0a63b4cf419fd53196acfa6005d15a73c364b7a252199846f5e28a54f49add2d"",""0x44543bfcc1209f569e163db7d9f5b43eb42702bdcfc9c51ffe418f6bc59d8241""]","[""0xf76e1e06753c8a4e15491a4e3b5413f180e6aa9fdad03e81d4979d2ce56ecffc"",""0x44543bfcc1209f569e163db7d9f5b43eb42702bdcfc9c51ffe418f6bc59d8241"",""0x7c5a5789f21eba5040da4d9395aefc688a0f120e2e3c76700e30461d0c31c47b"",""0x8de6a75e281e848e359cdd72e5c738793171e2faf5cbca33bc8b8d13f2e2241d"",""0xed645af593084ee81eafa1aa8b6951ddddbe81a8fdede6bda5e069b77a70b1ab"",""0x8dbc33bb09de968685fbd0241a07b9b02f51c04ad7594fb15973d8ba426e3d5f"",""0x976a3f857cd3a4a1018329ed8be8c0a1f59eee36120abec15f17a08fe82a805d"",""0x3b6a509781748d255a28c100c6ba5cd5fb219f8af55024ed4323ee34595b86d1"",""0xb608421e38e36743f8fbd8f6ecfada1c05dfd5091e111c5bca9db9c42a39324c"",""0x6efffd26351366aee73474dcc96b09d416d5c182f8ceed91333f1f985b889978""]","[""0x44543bfcc1209f569e163db7d9f5b43eb42702bdcfc9c51ffe418f6bc59d8241""]",0,0,1,0,0,0,0.1
dedudes413mbc92d998,valid,,4,1,3,mbc92d998,100,10,10,"[""0x016d5dd462c2b3cfbd87d2cfa5eb72a91b1427e57ccb72c3afbdef557a9686f6"",""0x8cee6940d18414f933eafe6b3a15e6d018e5375bf3a54d7554fe86ad647cafb8"",""0x9985350e14dee05ace32a1273d5571e454838dd256888a074cc64be7e9e9a9b1"",""0x3b6a509781748d255a28c100c6ba5cd5fb219f8af55024ed4323ee34595b86d1"",""0x06f1767fe48b30b1b8d28ae04d13e706f4126d718047ff24de37167a9125eb24"",""0xe7fb8967e39af2c9577b281c63e8deda3f771f2fa4ed6baf414d35ed4d579cad"",""0x7caa6118b59fdaf813a4754af425ac2e46912311827867fcb29bab268a11ab74"",""0x2df25e51faa02c348bcb557149b84fda2f3164f459f653f7b21949f5e144a850"",""0xc02015173666ee97a6d7bd726d27e09df176696cfff548215ea0a2e91e323871"",""0x98ae210edf8069ae64423cf68a88b729f35e1a68073573fd2bc8bf3250945b4d""]","[""0x3b6a509781748d255a28c100c6ba5cd5fb219f8af55024ed4323ee34595b86d1"",""0x7caa6118b59fdaf813a4754af425ac2e46912311827867fcb29bab268a11ab74"",""0xa2768aee9c99fab0f52e085695c2373eff29dcb97f88834346cad088b73812bd"",""0x3728d769a0e94a8d7bb4206065a99b977cc27b6e56b6936abfdfa99c2fc0e994"",""0x44543bfcc1209f569e163db7d9f5b43eb42702bdcfc9c51ffe418f6bc59d8241"",""0xd83117a66902557710ac877d5a6e5420420b22d06e9ecafd3d0d0d54852a5c3c"",""0xf76f66f2e5747083914ae51a7831de7c7b137775223781208a4327e1e4e5b32a"",""0x85498ce22dc34407fc0a29f1e8eb808a3362a108eb39e5ed3b3cda0b38363d56"",""0x44db1f41b36ed2fcb23bcdcb49f6b2aa63f0a0f30e97b2afded92dfc1e7ba7e9"",""0xa18a585af6564044287e7941dae389fa30ab6892d4e29cc1cf6b38431a0e1f30""]","[""0x3b6a509781748d255a28c100c6ba5cd5fb219f8af55024ed4323ee34595b86d1"",""0x7caa6118b59fdaf813a4754af425ac2e46912311827867fcb29bab268a11ab74""]",0,0,1,0,0,0,0.2
dedudes413mc1398e4b,valid,,4,1,3,mc1398e4b,100,10,10,"[""0xd247cd5ac6d6b3dc844de66d61eb913737ab441ca94132664b1e1abf058db54f"",""0xcf96dd76f4aa4ca4703718c3cfe96dca4621f3af34560e257ca9bc0f23c5bf7a"",""0x00fb5b68a47b95a5500e52c8f21610b9a833645dc7187d385c7e5ffa7756a8b5"",""0x5d149705a332b4acace1ac24e2948e4eedb296b952a6f19787b4d2613f697e8f"",""0x9736a810837b9591485904f217e1bc53edc3bcc2cf45c3d6443fd0efc3899eb5"",""0x7019a4c261b27fda2ba8dfbeebc1a3c6fb1acb30397ab9d206b9d2518047eb23"",""0x4df5be4acbe8b6a253f38cbf6156ce185bb75f3d60155a1303e97394a7c8ff5e"",""0x647107c7b200f7719b02ee164c42746661ea6b5634df263df915a94e062530de"",""0xaad56189e897be2df32052ea70ebca2c667d5cea0eb911ef1beaf299a81f8970"",""0x12cc8fa3318fdcda586bc7cb1b16db09a022aab66dd770be516db73c7b3fffcf""]","[""0xd247cd5ac6d6b3dc844de66d61eb913737ab441ca94132664b1e1abf058db54f"",""0xcf96dd76f4aa4ca4703718c3cfe96dca4621f3af34560e257ca9bc0f23c5bf7a"",""0xaad56189e897be2df32052ea70ebca2c667d5cea0eb911ef1beaf299a81f8970"",""0x5d149705a332b4acace1ac24e2948e4eedb296b952a6f19787b4d2613f697e8f"",""0x9736a810837b9591485904f217e1bc53edc3bcc2cf45c3d6443fd0efc3899eb5"",""0x12cc8fa3318fdcda586bc7cb1b16db09a022aab66dd770be516db73c7b3fffcf"",""0x7019a4c261b27fda2ba8dfbeebc1a3c6fb1acb30397ab9d206b9d2518047eb23"",""0x0edd199fb776ce1e94af4061882d39f0da1363826f9102562c07802a0219c49f"",""0x44083458e64996202def47bd1b24957a168d8fbac5ab9c5f9b78cd79ac54876f"",""0x4df5be4acbe8b6a253f38cbf6156ce185bb75f3d60155a1303e97394a7c8ff5e""]","[""0xd247cd5ac6d6b3dc844de66d61eb913737ab441ca94132664b1e1abf058db54f"",""0xcf96dd76f4aa4ca4703718c3cfe96dca4621f3af34560e257ca9bc0f23c5bf7a"",""0x5d149705a332b4acace1ac24e2948e4eedb296b952a6f19787b4d2613f697e8f"",""0x9736a810837b9591485904f217e1bc53edc3bcc2cf45c3d6443fd0efc3899eb5"",""0x7019a4c261b27fda2ba8dfbeebc1a3c6fb1acb30397ab9d206b9d2518047eb23"",""0x4df5be4acbe8b6a253f38cbf6156ce185bb75f3d60155a1303e97394a7c8ff5e"",""0xaad56189e897be2df32052ea70ebca2c667d5cea0eb911ef1beaf299a81f8970"",""0x12cc8fa3318fdcda586bc7cb1b16db09a022aab66dd770be516db73c7b3fffcf""]",0,0,1,0,0,0,0.8
dedudes413mc33fe544,valid,,4,1,3,mc33fe544,100,10,10,"[""0x5cd33f468d6cb3191f93eb6c34cbbe9b3f16d778569b94851821feedb1cc47dc"",""0x3915078eaaef4b3b01c483c9298f24226b2468429c7879b10161f34f702c69b2"",""0x34ab092d53c6d7ddbdb8d867290de66b967de57609b3017b62fc675fb47b30f4"",""0xddb04f49c37e79d04e91d067dee2f24fc36d5dd9f3e3ef13a7371ac377b7d3df"",""0xa8039fa1707629d4854634c483687e973e82116bfbd173a40a59b9cf278ad2c9"",""0x211d92e37b93ef190b04b8ed9c862ebba4adc2819b62a433cac142d8f0577a09"",""0xe90f102fd4f47360120154fbbaaa10cf5c90856c0b98acfaa19f3a049999c18c"",""0x89ecd27493e57e003bb34f1ecc1a53dfcc2fe9c138cd7b00d7211dfb9b531768"",""0x0e673614d0b628f68769ee787eb3e568d6d7cc91410cd20bf4448155cc909d8c"",""0x1c9b8c67671e3735934469063297cb8844ccdf90c3dc450b72aaf6b6265db4f7""]","[""0x2c48158b05801927cc42a3bea77abed8b4f0883611b741cf6a1de9b1733a32ba"",""0x43bf4d97b7c4b375640d244dfffd470737f3f60cb567a6692a8cbc45fe781e35"",""0x4c5a0971e57f16e191cb754bd02a477f11ac1549992b208b983d7ed0ebcb80fb"",""0xba43dc1fee7635c8ac3640bd49f486f7d217a475a123803af63389b831328443"",""0xe63e2c269971e74b53d28366ab0f97aa8abe54de17097a543041aa6f1aef67c5"",""0xac8b80036991313f0d9991aa483a95a9c01079cd33e372b5d4f6225deb94ebe3"",""0xab1f3b5c76e3df878e5156589a69a4dda5467364bbaf9120630b0690ac8ff7c0"",""0xc337e70c9bf8f6b05a64463a28977c43c79df4f14ceab4ed6a1ce6ae2e6869f0"",""0x652b6fcd81e14af4fd262e0d06da33720918f4c750a0306b36ef9b9d3c91f451"",""0x6bb857cac119501e85dfcae81b8287d1afb5a12e1d4fb0784c8b00b2b3ca2b4a""]",[],0,0,1,0,0,0,0
dedudes413mc8cff790,valid,,4,1,3,mc8cff790,100,10,10,"[""0xe03f52b78bc8e9eab84e177e513ae005b06cbe60597e3fbbb3f6cbce41404793"",""0x7af1853321ba68840018ee2753cfbe9f94e471cbb25d6d548d0bb01deb601193"",""0x4947d0ddb8adfa3d0b40fd2414ad0e6c130130f981a1feb92b851b0d747cbd94"",""0x0797d76b30c89f1b523ffeb6e8e303c9d2b6f0ef3bf313da6d0cd542d7c7176b"",""0xd5bea5c2d79fd0ad46e6c19a6d534f6cb281bd76fd67b465eb181937197a207a"",""0x612930bb80ad2d9ef97fe5057df586170d8fcd1e1b05169edb9afad58e5b801a"",""0x9472b1c0afb7c6751ad0c546dcd2b1fd4d72269eeb6eec0590ae3ea255789880"",""0xdaba959d9e92a1c3d956d2764093b5a81cbadcbab8fd9f017f43c61818b6b0c4"",""0x29faba369a9df31c5cb9e6bc1c5e33037f979b47cee76339e986f878271fa5dd"",""0x9b0ef9719ba655dcb38b2d1c254626487139e9bc8110fcf0976e5a920820b204""]","[""0x44db1f41b36ed2fcb23bcdcb49f6b2aa63f0a0f30e97b2afded92dfc1e7ba7e9"",""0x1ce2000d19183a439276d735ea6c2190b0681a0d867462abeb010fad3c1fc152"",""0x8998161122af777b1fb738b1835d8ebcc9f48893ccf82d61ac2fda90d56365a6"",""0xbaba60f08c5c4c146fc2d4544fe25a2d6c9c69db876b69b284afae0f138c34b9"",""0x492230e93b426215913042fe17f1e4c3058defa7c4c60f621a9cb9bd1ccde123"",""0xa077d467da14848d18e59e8577d5713ebe983a7a361998d6825c5db70368f0b1"",""0x82fcd452b99b91dfe9774519d4370744e58fb0506ae4415458cf3521d2764eab"",""0xd07dcd945ac0aa1fbce15f81f2f1057f33d924b5942b074332c1ff7ad8a9da00"",""0x7dc6b8ba90b164cdeda9462c5094100181c311a7d80c30e054ffa58ddc9be8a4"",""0xd868b210f941bd8fd28c1c4712cccc7f23ac7c739ca934fb8809925e3a2e2d97""]",[],0,0,1,0,0,0,0
dedudes413md0160e8c,valid,,4,1,3,md0160e8c,100,10,10,"[""0x30bdf36659edaf8ad152d36428c2c63069bcea70aeaf5521e3be09457ebcaaf4"",""0x02bb46077ad6d2140559ed07610045289035f3d63aa4b75e85abeade824262c3"",""0xdaecba2ed12f5a5b70fa12804a2e95989f00d20797517e0792bbbe0eb9fa7798"",""0x9bdb451523a210226b58d128fc9c31717b88f968f5b955dcf4bbcc316395af4f"",""0x9c41003aaee06f398090c01fe5a3b3c440d3968bb30dc4359bc666cf9f99a2bc"",""0x64b68fc2945ffdaf60010830669bda0627be83db1d7e5a8d5a38842f00e5325c"",""0xac5ecac7d584cbd45b73f675f718039e84bddf088049e6157bdfbfa30bb637af"",""0x3728d769a0e94a8d7bb4206065a99b977cc27b6e56b6936abfdfa99c2fc0e994"",""0x18f5f9c890a949af883bc6ae01b055690c4c4da075998fb495d5404a18ca572c"",""0x39c9fa281b69385e472c14782d670ce10170a7a3208a4497fe6155c17d89043b""]","[""0x02bb46077ad6d2140559ed07610045289035f3d63aa4b75e85abeade824262c3"",""0x8b08bd16fdfc682c01c8e5902a9ecb016da4dbcb29c8bdafa014073b9bc90e19"",""0xdaecba2ed12f5a5b70fa12804a2e95989f00d20797517e0792bbbe0eb9fa7798"",""0x3965ddc195cd9ffad54a5e8f2c792515e1503e381bd6b8ffe1dc086362d61382"",""0x9c41003aaee06f398090c01fe5a3b3c440d3968bb30dc4359bc666cf9f99a2bc"",""0x64b68fc2945ffdaf60010830669bda0627be83db1d7e5a8d5a38842f00e5325c"",""0xac5ecac7d584cbd45b73f675f718039e84bddf088049e6157bdfbfa30bb637af"",""0x73647254e06e3db62604fdd9e5b53bf4e2f4a3b10c5e5e037c701c0ecb606fe4"",""0xc336d40f84e39d1872d54720801feb80618a9cb638aec12ecdf600a358a81565"",""0x012f7a5533aa10df03f81882585c8519379e85aff6b3795e78345287a76146de""]","[""0x02bb46077ad6d2140559ed07610045289035f3d63aa4b75e85abeade824262c3"",""0xdaecba2ed12f5a5b70fa12804a2e95989f00d20797517e0792bbbe0eb9fa7798"",""0x9c41003aaee06f398090c01fe5a3b3c440d3968bb30dc4359bc666cf9f99a2bc"",""0x64b68fc2945ffdaf60010830669bda0627be83db1d7e5a8d5a38842f00e5325c"",""0xac5ecac7d584cbd45b73f675f718039e84bddf088049e6157bdfbfa30bb637af""]",0,0,1,0,0,0,0.5
dedudes413md267eac0,invalid,error_duplicates,4,1,3,md267eac0,100,10,10,"[""0xaf3d313a9660b78d41374e9625c0998b95a35b34aa64d466d29942912711d3cd"",""0xf97a47c58feb90efff6cf68b45d05b3895cb44755e34e57068c0c1a3e96428c1"",""0xf17977fa95300b063107d404d43f286bd64a604cd07dddd552d35eda9081efa9"",""0x66245cbb43542eb43c32f5707c0da8daced11c00d2889291fcd44ee4a7f12154"",""0x8dbf3d93637f9b0822cf1132d2b734fa754bd0a8accb83c756c4a3fc029a0030"",""0x45ae843574074a3f4a2c1ca0acde905169694bb10599b0d3696a4f6f56d956b7"",""0x24b3965f185cdbe1fc3727ff2135238ce0ef4e7ee1390c559ac159dbe1d0c04e"",""0xd07dcd945ac0aa1fbce15f81f2f1057f33d924b5942b074332c1ff7ad8a9da00"",""0x6a883a8fcad3fd867b583ca993b34bdc62fd0973edf7543082feb5b10999b11c"",""0x66245cbb43542eb43c32f5707c0da8daced11c00d2889291fcd44ee4a7f12154""]","[""0x04e650beefefc57c681b80135dcc75deaa5559de35ae3b4c78d8355b76749b21"",""0xf97a47c58feb90efff6cf68b45d05b3895cb44755e34e57068c0c1a3e96428c1"",""0xf17977fa95300b063107d404d43f286bd64a604cd07dddd552d35eda9081efa9"",""0x2b6bb3b55ba3430f21baa0135148d463cea0bdd8145a6b25cf64ee91a6302350"",""0x29c02eefa13b389c7de0218a34632eb93019200b921bd22dc7c6c42f9112b76d"",""0x0026d3f471982cd447ef47a2f259ea569aed62b3822c41c4b317797fe231a5dc"",""0x4e20376d1da11c9e1f1d90c95dda5d888cc4afaf92514bcf2dce9c5d0ed6f72d"",""0x037a73ab9a72306dc8ebecdf80a2ab16d414d96cf2f63c7fb32feb92bf9a5b6d"",""0xd07dcd945ac0aa1fbce15f81f2f1057f33d924b5942b074332c1ff7ad8a9da00"",""0xa8f6645926614e855e9e5410950b0d978447966aa63f119579ee2f9f1f815372""]","[""0xf97a47c58feb90efff6cf68b45d05b3895cb44755e34e57068c0c1a3e96428c1"",""0xf17977fa95300b063107d404d43f286bd64a604cd07dddd552d35eda9081efa9"",""0xd07dcd945ac0aa1fbce15f81f2f1057f33d924b5942b074332c1ff7ad8a9da00""]",0,0,1,0,0,0.09999999999999998,0.3
dedudes413md2809ae0,valid,,4,1,3,md2809ae0,100,10,10,"[""0x5ec22cff95ce1393f970eaa09b547bc5defdad802a7b86480894817e835cf4d2"",""0x2a131118b518a9e09003e76d83781f4380c0bbdb7f262340f917ee009d311968"",""0x3ba05b4d30a376184b77ea4ca8eb96e1da4761d338ca46da2863e7f955b5d9cd"",""0x740df38e44be02d0ec1a151f34094c277858b3616e2946ad313f24ae66d2ef07"",""0x5b8e7419a8ec40a80aba582b4f43717969bf8cf80d560d46e48877e6f2e9598f"",""0xb4303322b711e6762ae2090a8f30b0a3b1c3052a59b4e7d100215f146825bb98"",""0x7f0726ec9f0780b8eb9b1a6a4d8fde6c3afcc3267195077759e0112e374e3807"",""0x9f0a3a8d25a45639ae098d31cf4d9b0b878f2554dc75dce680d565515a32136c"",""0xc3176e00a6204b852d9c68642a10c7423787cda47c88ecd0b1df058500d4be21"",""0xae344a42798a222d1914b1cb70cd1dad6397e19b0a3608362b5b5f2aeb02772b""]","[""0x5b8e7419a8ec40a80aba582b4f43717969bf8cf80d560d46e48877e6f2e9598f"",""0x7f0726ec9f0780b8eb9b1a6a4d8fde6c3afcc3267195077759e0112e374e3807"",""0x8254f8390981941c34866e9f7d9e1ba513eb68390624e80c126ee571456fadcd"",""0xe25b6c81cc4686460aaf17ffc24e2ac388650a848630cba962550bd62b760a4e"",""0xd06a42d72cfbb96ba643618224587534b89ed6d8fc280e2b48ed9c6c13cd6972"",""0xae344a42798a222d1914b1cb70cd1dad6397e19b0a3608362b5b5f2aeb02772b"",""0x18f5f9c890a949af883bc6ae01b055690c4c4da075998fb495d5404a18ca572c"",""0xe3545e6599a6ecf65bf8f351a7d25a78ffbbd83ac3ff97766b76ed78dcf18a3a"",""0x1cb4757891963a7cb555160f3d9ee005fbe1b67635f8fc5b4db9ab9b3deb1c16"",""0x33398d3210b02fd6bdff84655d55cd3e84ca8436888d70edc5eb3e3071d139c3""]","[""0x5b8e7419a8ec40a80aba582b4f43717969bf8cf80d560d46e48877e6f2e9598f"",""0x7f0726ec9f0780b8eb9b1a6a4d8fde6c3afcc3267195077759e0112e374e3807"",""0xae344a42798a222d1914b1cb70cd1dad6397e19b0a3608362b5b5f2aeb02772b""]",0,0,1,0,0,0,0.3
dedudes413md679647c,valid,,4,1,3,md679647c,100,10,10,"[""0x0d1d14b126c9cd4822af2fa53ce6a21cdb935d969bd87e497d8f611724f04c59"",""0x45541de4501b2a94117631c24fabb07f752f0a76c8ac9b1d90f9711bcf34b53c"",""0x826d057ba637e393543ce1968c948066c5671c841cf0b633423370e488b88b88"",""0x129000e4093321a868285d2903488aa7b940a0eb1357e3a264c688acabe9afa8"",""0xe481e6732d9cab4a1295b47e9d24f63619aabe54b3def88c6262c06dc5638d7e"",""0x80aeab856f399458dae7fc1263890759cab51583366148fb6e923347fdd97652"",""0xa353c2146e9a243fb7360a35428d933c411fa272574b61ad2a7e5bb90c5877ce"",""0xd254719c78af33a0ad3dd5a13838ae36c639cf118cd52c78e14239aa04c16c39"",""0xd07dcd945ac0aa1fbce15f81f2f1057f33d924b5942b074332c1ff7ad8a9da00"",""0x7af1853321ba68840018ee2753cfbe9f94e471cbb25d6d548d0bb01deb601193""]","[""0xae212251bf7256512a4a9af0b279c3792a9c5c0cdf73f3fd29955527462b8c12"",""0x45541de4501b2a94117631c24fabb07f752f0a76c8ac9b1d90f9711bcf34b53c"",""0x75232ef6746d01e9b8c3c4fe3f6d217fbc13928d20867b00a929dcd7d5749bd6"",""0xe481e6732d9cab4a1295b47e9d24f63619aabe54b3def88c6262c06dc5638d7e"",""0xba43dc1fee7635c8ac3640bd49f486f7d217a475a123803af63389b831328443"",""0xa353c2146e9a243fb7360a35428d933c411fa272574b61ad2a7e5bb90c5877ce"",""0xa5354f7310ed91f59b1c345e39c21b3b0a760f554e1c86015d34b20bf1573fff"",""0x6ca26056104de6a9637fabafb1922d5f2f87e552b8a56e1e2bf5f3f18c17a1fc"",""0xe73354790507ea53673c67d57b9a4e38a7c891a6f1eba2fd7509eafe56356b74"",""0xd07dcd945ac0aa1fbce15f81f2f1057f33d924b5942b074332c1ff7ad8a9da00""]","[""0x45541de4501b2a94117631c24fabb07f752f0a76c8ac9b1d90f9711bcf34b53c"",""0xe481e6732d9cab4a1295b47e9d24f63619aabe54b3def88c6262c06dc5638d7e"",""0xa353c2146e9a243fb7360a35428d933c411fa272574b61ad2a7e5bb90c5877ce"",""0xd07dcd945ac0aa1fbce15f81f2f1057f33d924b5942b074332c1ff7ad8a9da00""]",0,0,1,0,0,0,0.4
dedudes413md73dd74c,valid,,4,1,3,md73dd74c,100,10,10,"[""0x1659922f2719c055f0065cf86fd257d17a21b7da2fd9943c3c7d671384991eb6"",""0x10174ccc186d1f01377fb8fcdc2ea86c5d1938f3e3ce90187b5a94a6e168f50d"",""0x9a0b15053695120bc6900578f622b3876f4e60021794e4dc43be233adcbe47a4"",""0xc02015173666ee97a6d7bd726d27e09df176696cfff548215ea0a2e91e323871"",""0xc81b924786d751073bcad0d11128f8d2aae32075f7d5860c029cce447d40a98c"",""0x2b7bf8536bf3848c686b35671da7328803c3b75398ab119d87e166a9ba872e8e"",""0x725e4ffde4438936fbd1cce6ef007c792cc2fcbcf183094f688ea895fbb76573"",""0x7847e51b231029c39b20be3245a18fab1b159755d42c48a9d667579cd8369110"",""0x5f95c5dce94c13b1aaf6b1af70f14fb949c396cd8b166afba766facb0f7a06fa"",""0x55ea3048703d53fc06a1f3fb541e4f741d81ab1ea5ca90dca055e109ab2be68a""]","[""0x1659922f2719c055f0065cf86fd257d17a21b7da2fd9943c3c7d671384991eb6"",""0x10174ccc186d1f01377fb8fcdc2ea86c5d1938f3e3ce90187b5a94a6e168f50d"",""0x9a0b15053695120bc6900578f622b3876f4e60021794e4dc43be233adcbe47a4"",""0x4af2f147bffd23d7cf8e07c6701fbf298d85f0cf45a774fed7bbd76a787e5222"",""0x83e3b0998b66120f052c7011ac7fbc31cb77b9e864091293e141f1df231ff2a7"",""0xc02015173666ee97a6d7bd726d27e09df176696cfff548215ea0a2e91e323871"",""0x44db1f41b36ed2fcb23bcdcb49f6b2aa63f0a0f30e97b2afded92dfc1e7ba7e9"",""0xc81b924786d751073bcad0d11128f8d2aae32075f7d5860c029cce447d40a98c"",""0xf76e1e06753c8a4e15491a4e3b5413f180e6aa9fdad03e81d4979d2ce56ecffc"",""0x2b7bf8536bf3848c686b35671da7328803c3b75398ab119d87e166a9ba872e8e""]","[""0x1659922f2719c055f0065cf86fd257d17a21b7da2fd9943c3c7d671384991eb6"",""0x10174ccc186d1f01377fb8fcdc2ea86c5d1938f3e3ce90187b5a94a6e168f50d"",""0x9a0b15053695120bc6900578f622b3876f4e60021794e4dc43be233adcbe47a4"",""0xc02015173666ee97a6d7bd726d27e09df176696cfff548215ea0a2e91e323871"",""0xc81b924786d751073bcad0d11128f8d2aae32075f7d5860c029cce447d40a98c"",""0x2b7bf8536bf3848c686b35671da7328803c3b75398ab119d87e166a9ba872e8e""]",0,0,1,0,0,0,0.6
dedudes413md85b3e78,valid,,4,1,3,md85b3e78,100,10,10,"[""0x46bdaad5874ebfa0892c51f5ef0db222dff6fbf0d1b2433aac7173fecf165500"",""0x621c1ff0003d6ddb024efe72099de0ccaf65a791c28c2f5f9c8d765fdec6b361"",""0x29855cb7d9c101ffd09fe1689ba3ac703ad1bd4f1aa100c4434849f31a55da3d"",""0x2bed620b53fb262419044820898d7dd1a83109bdd26079eb97a00f66fd19e50b"",""0x7019a4c261b27fda2ba8dfbeebc1a3c6fb1acb30397ab9d206b9d2518047eb23"",""0x955672c6dec36c7a50102510ae7a3b9309bce78eecda1ea781f86d410ab59b40"",""0xcdf69590102e2120a0699bb0bb4b1e9ded25e4d2f24f7526b1cb67c97658534d"",""0xac71cf4c6d1b0b6ecf72b81901d1e7b92d55b1424c93743d83a5a6c3a2a95112"",""0xf36ffa249bf590354898aaf0ebe1f3007a0c588aec5369927e964e5e71192d84"",""0x6ce9b85651a97a73d434110e9976fceaae9891d321a75152161c052e3f6a19fe""]","[""0x2bed620b53fb262419044820898d7dd1a83109bdd26079eb97a00f66fd19e50b"",""0xcdf69590102e2120a0699bb0bb4b1e9ded25e4d2f24f7526b1cb67c97658534d"",""0xac71cf4c6d1b0b6ecf72b81901d1e7b92d55b1424c93743d83a5a6c3a2a95112"",""0xf805dbff6348742ab14cf679e7f8361efca863743fdfdec50829ae45981920a9"",""0xa79b998f79699d11b4f12c5472c7ae2ce658f690ff070100aa8cbbb0cec325c0"",""0x80e8fbcc08caa1dd06a1a7aed25697a96c8a47b4d645291144324189e0073967"",""0x5fd6c47c7099a110886aa6e55400c92c8d19f181da37201010934f1879e5c342"",""0x52d38e45620787b4976e0570b4c462e4cf69fba1d3a3e08a406addf07dfac90a"",""0xb4f5558b4bdc7e589b5bba34f2bf39509badb2657bcf2700cffd119deee1b1df"",""0x096fb1c675dcd80ba1d8d7bd732300f0be6419e4c872cfa71a9898a2e737ef42""]","[""0x2bed620b53fb262419044820898d7dd1a83109bdd26079eb97a00f66fd19e50b"",""0xcdf69590102e2120a0699bb0bb4b1e9ded25e4d2f24f7526b1cb67c97658534d"",""0xac71cf4c6d1b0b6ecf72b81901d1e7b92d55b1424c93743d83a5a6c3a2a95112""]",0,0,1,0,0,0,0.3
dedudes413mdf6261f9,valid,,4,1,3,mdf6261f9,100,10,10,"[""0xeb040071410cb36727fa9adc4aaaff64c251972071302a74f30f357d6e0ee7ad"",""0x6efffd26351366aee73474dcc96b09d416d5c182f8ceed91333f1f985b889978"",""0xeea69e947ee3a88aacd4d6699c70c119dd6750f8a5c7290cb0466ec4e8ae243c"",""0x7019a4c261b27fda2ba8dfbeebc1a3c6fb1acb30397ab9d206b9d2518047eb23"",""0xe1d755d2bf660617b3ca4f28c4cd47b24edcdf39019fc36bd3e9ab3763cc38c4"",""0x3c6c711398ab7d8a6f28f8f15fb54f57c48d4c0a5a0ed17400f442bad4f185ad"",""0x3fe9683c0e77ca5d1c545a47a22db2070f92b786ef071a3bea362ae0ae8b76d4"",""0x96066476fea3949719914409cfca4f333dd56c06875c4cb6be7161a9df28ec5b"",""0x1c0420567499644eb79e43bb0e2de2482eb94f68d62492fc10eb1b3b33873871"",""0x6fd293993fac34a860483e5b9910aae26b466b9c2c6332c52ae5eed6781f08f1""]","[""0xc4c66c87758566d11daba0f759ec447f962a9ffe9e4ecbfc99b48b6a8458e723"",""0x96066476fea3949719914409cfca4f333dd56c06875c4cb6be7161a9df28ec5b"",""0x039e21128fb774df525e96211f7416810399021fb9fd597495338d0fe777fbe0"",""0xbc0dfb81cf9e22d2d366e0efd4ce5db0ee3ed857f9bb36b8dd7cccc3bbad7d3d"",""0x9c6819fd248cd16a3fc17004ca2b67e87f5cc68986602147590293056036e6e5"",""0xab58b9907d0218646605951a37a38307528978618ef01a598905f9eea1137c91"",""0xd4dc0506bb2e84fb9262f7234c910634d3fc043d0edcbb05d46c6eb6d6c73e9d"",""0x629d8756b0c6d742238515bd47e77333fd827c52ccc143a58c680da9794db8ac"",""0x1c0420567499644eb79e43bb0e2de2482eb94f68d62492fc10eb1b3b33873871"",""0x474e9085ef9b0fc6ca2a16d2fa92978e1bea062a446b6dcb8159da20a9ca6569""]","[""0x96066476fea3949719914409cfca4f333dd56c06875c4cb6be7161a9df28ec5b"",""0x1c0420567499644eb79e43bb0e2de2482eb94f68d62492fc10eb1b3b33873871""]",0,0,1,0,0,0,0.2
dedudes413mdfbe43b8,valid,,4,1,3,mdfbe43b8,100,10,10,"[""0x7d385b59d76141b0b2fb313c11e1113fd4d70b1d3d9134abc66cdf5caa7bd8ab"",""0xb566333f866e1259515fb5247d00e0ccbecbf5d079219a7d6317d1732d73a396"",""0x4ac00df2e8e7ebd5d0c84d61568a0ac2e4504fc1371ad1292ed28f3f57f5391b"",""0x2b7bf8536bf3848c686b35671da7328803c3b75398ab119d87e166a9ba872e8e"",""0xc8b6680acf6f6491b5e4fd810a44cbad229729371da8bc7a38d8cc8d2273b83f"",""0xc02015173666ee97a6d7bd726d27e09df176696cfff548215ea0a2e91e323871"",""0x6447bd86e650afcaa2e4e7e2b81339310af662e1a9aa4ef906b4efd1192bcadf"",""0x88895e298787070b3a7a89c73a140c020e5d7b1986b58fd479451d62a0a16518"",""0xe7266ec4ae82ba2a2417f95b9d01b4f4bd89292cd022d8ac0320c4471fb0c401"",""0x03bf4ae38a90970455665a7d9dbf67a1d7abaa527245062a4a7d80b42868b2f8""]","[""0x0d1d14b126c9cd4822af2fa53ce6a21cdb935d969bd87e497d8f611724f04c59"",""0xbe4fb6057c8c5f006f1f992efc176f60e7db5fc16faa3276dc0d2e8c53c17f34"",""0x35cc0b2887fc2830bbf5808ea0a989765e7782c174e0814faf016ee547ab40fb"",""0x7d385b59d76141b0b2fb313c11e1113fd4d70b1d3d9134abc66cdf5caa7bd8ab"",""0xb566333f866e1259515fb5247d00e0ccbecbf5d079219a7d6317d1732d73a396"",""0x4ac00df2e8e7ebd5d0c84d61568a0ac2e4504fc1371ad1292ed28f3f57f5391b"",""0x2b7bf8536bf3848c686b35671da7328803c3b75398ab119d87e166a9ba872e8e"",""0x645335b805d619da688278ba81f30fba8c9b32c4180e6b831b209be762fcae15"",""0xc8b6680acf6f6491b5e4fd810a44cbad229729371da8bc7a38d8cc8d2273b83f"",""0xc02015173666ee97a6d7bd726d27e09df176696cfff548215ea0a2e91e323871""]","[""0x7d385b59d76141b0b2fb313c11e1113fd4d70b1d3d9134abc66cdf5caa7bd8ab"",""0xb566333f866e1259515fb5247d00e0ccbecbf5d079219a7d6317d1732d73a396"",""0x4ac00df2e8e7ebd5d0c84d61568a0ac2e4504fc1371ad1292ed28f3f57f5391b"",""0x2b7bf8536bf3848c686b35671da7328803c3b75398ab119d87e166a9ba872e8e"",""0xc8b6680acf6f6491b5e4fd810a44cbad229729371da8bc7a38d8cc8d2273b83f"",""0xc02015173666ee97a6d7bd726d27e09df176696cfff548215ea0a2e91e323871""]",0,0,1,0,0,0,0.6
dedudes413me2cd7cad,valid,,4,1,3,me2cd7cad,100,10,10,"[""0x6fd293993fac34a860483e5b9910aae26b466b9c2c6332c52ae5eed6781f08f1"",""0x4358ad280c8933de7612a268ff7d78b652c1080de4782cfd65891416abfe045e"",""0xee1fe02dbad34000981c937592d4873aa7870a1bacb63a8ef0f20e0873a9c2d7"",""0x852d82c131cb42abe75e48771d295bd99b515215170cd287aa601d85f257d5de"",""0x612930bb80ad2d9ef97fe5057df586170d8fcd1e1b05169edb9afad58e5b801a"",""0xde52ec8aa4b78b622e7ca82e38df4db8c3baa55edaf825d12d0fc0b53900521d"",""0xbe4fb6057c8c5f006f1f992efc176f60e7db5fc16faa3276dc0d2e8c53c17f34"",""0x4b0222fbaafed533465fde16e92bb2d156becc43115ff346c51481937cb2ba3e"",""0xed1b5eceda84280ede9c3d08186f690175f28e9ce35da0d96c419b5344d4eb17"",""0xe3545e6599a6ecf65bf8f351a7d25a78ffbbd83ac3ff97766b76ed78dcf18a3a""]","[""0xca98d25e2c93784b286e590ed9febb84ffd6e2da7b007b85ea6748061f8e76ac"",""0x037a73ab9a72306dc8ebecdf80a2ab16d414d96cf2f63c7fb32feb92bf9a5b6d"",""0x74d1366fbe52d8484162e1ed6b49c0c8fa14afa42eba223d4651e6ea03ec4cce"",""0x3c5c7c3cdfde1e6a610fadeb29af0d5bf14b21cc8fd41743407ef8de4c918396"",""0x16afeb00f2747e63a63bab610e5c845716931bc23d09339892635a27fc5ba82c"",""0xe2d9f6ed2ad0b01e6a7da20c6ad257cdcb875d010863e437299eae66a07a4a83"",""0xc5c2cb86131f9e87776a8803ffd32d0cd607c48d0d8417a53e9e914dcb7b7f8d"",""0x04e650beefefc57c681b80135dcc75deaa5559de35ae3b4c78d8355b76749b21"",""0x234516a5fb1345f9d7e1dfefa9376d8f3ed00e4b06d5ffa782126225422c39f6"",""0xea2bd6b9a540fc7cb658c0eba77aa94b50680b24ede84c9aa4220903d173a40e""]",[],0,0,1,0,0,0,0
dedudes413me74c87a2,valid,,4,1,3,me74c87a2,100,10,10,"[""0xe54a0d9599f4a911acffcd430f630f622609790e2c1e16e7316e36b5396d8efc"",""0xe338841190d5e54b835dc1bda44aa8d0a4627b1ed5940e72c7c50aacf0658fd5"",""0x89de293badb6e8ef2691d811ef98dd0c56e75d703141b55b672c6e4871cab4f1"",""0x4864a3c0ef7856da3dfb39b6c6055d45f9205fd6f57b8c3ad2c67b9aebbf9359"",""0xc23952c378a4c56a3ccefad166600f45f6a804220be6ee2ff45beb77fe1e1a80"",""0xb6d01a84cc9057fbb430eaba773982d428e92f84e754cca7e87b6b2102d1173a"",""0x52d38e45620787b4976e0570b4c462e4cf69fba1d3a3e08a406addf07dfac90a"",""0x4aec4350ec8365dad07dc6ef5c29f1e86e449c9a9bd76b075a8b9489f4ffca52"",""0x6b03a384380ca05dc3ad8999cde8b924dcb20601a85e94c72c54bced6a959625"",""0xb770cf13d1e4f26f879709c9559715691236305eb70631fd073a27aabd46e928""]","[""0xa18a585af6564044287e7941dae389fa30ab6892d4e29cc1cf6b38431a0e1f30"",""0x9e14eb9b0b4d79e8a0f857e9e859cdf595c612dae2bb3851332b3220d3f2aded"",""0xd9d81c410fa0ea1d20889ef47b16f886682f4f9ba2e8027913ed50c3fe682b88"",""0x1fd25841265433ac2e3659c6e73226111c654fd3688b82c9f78369b12668d297"",""0x56ef3e1015ebff4706ed1c5fc7a7b86f7326b0d2610d59b2c56a0d46860dd49a"",""0x3728d769a0e94a8d7bb4206065a99b977cc27b6e56b6936abfdfa99c2fc0e994"",""0xae344a42798a222d1914b1cb70cd1dad6397e19b0a3608362b5b5f2aeb02772b"",""0xec5694704d88b9d8110cbdb1eb4a9c4b2a036acea4f55b393c0e4ca8f6238d20"",""0x7c5a5789f21eba5040da4d9395aefc688a0f120e2e3c76700e30461d0c31c47b"",""0x3befd8aeded3c32a27eba3e01bf239697a166dc076ce1634e0c9c0328e7a44ea""]",[],0,0,1,0,0,0,0
dedudes413mea543351,valid,,4,1,3,mea543351,100,10,10,"[""0x4ac00df2e8e7ebd5d0c84d61568a0ac2e4504fc1371ad1292ed28f3f57f5391b"",""0xf0d5087a2733853510586e08e2a0d5ac1b0d61ac9cca66bddd0322ae42dd2294"",""0xb566333f866e1259515fb5247d00e0ccbecbf5d079219a7d6317d1732d73a396"",""0x486e177c1643a1337538bc68306e08e1485f4f54e5028b4a7a98fb0f6a72af96"",""0x914f0aa8ea60013dbdfa0439481aaac3b6591b5a8ad896fef3748d8d6824cce0"",""0x08325ff1f8c90c1056bac7913d895321573da8e77ff5de8eeac46e1ad75aa774"",""0x1772dead80ab90824aca60953d52d979c25d6c3db0785acabd35a585ee231f5f"",""0x2ada7d81283eed776c54f99e09a98efd06cfecb91ea394014312565d23bcd0fb"",""0x39b18f99686017920bc59b0c772f4d47d87cbbe371ee08db66be4c9837fe57a6"",""0x6dadcd3304088ed9827a3ad5f8fae5510a1020d45d927eb3984edba06dcc2165""]","[""0xf4895c2e65fd77f15896acb2e6e88a6985aa4e66b710660c51649dfa142ef08f"",""0x08325ff1f8c90c1056bac7913d895321573da8e77ff5de8eeac46e1ad75aa774"",""0x0248d2cb7fdf2a7095b7715c24e053f0425e97a94dbba26f5fbee48dddd62335"",""0x4ac00df2e8e7ebd5d0c84d61568a0ac2e4504fc1371ad1292ed28f3f57f5391b"",""0xf0d5087a2733853510586e08e2a0d5ac1b0d61ac9cca66bddd0322ae42dd2294"",""0xc4c66c87758566d11daba0f759ec447f962a9ffe9e4ecbfc99b48b6a8458e723"",""0xb3073716ca6507c1e78222d02502caea417253f55b4cb4cfcb0c41b3b612423d"",""0xb566333f866e1259515fb5247d00e0ccbecbf5d079219a7d6317d1732d73a396"",""0x2ada7d81283eed776c54f99e09a98efd06cfecb91ea394014312565d23bcd0fb"",""0x6dadcd3304088ed9827a3ad5f8fae5510a1020d45d927eb3984edba06dcc2165""]","[""0x4ac00df2e8e7ebd5d0c84d61568a0ac2e4504fc1371ad1292ed28f3f57f5391b"",""0xf0d5087a2733853510586e08e2a0d5ac1b0d61ac9cca66bddd0322ae42dd2294"",""0xb566333f866e1259515fb5247d00e0ccbecbf5d079219a7d6317d1732d73a396"",""0x08325ff1f8c90c1056bac7913d895321573da8e77ff5de8eeac46e1ad75aa774"",""0x2ada7d81283eed776c54f99e09a98efd06cfecb91ea394014312565d23bcd0fb"",""0x6dadcd3304088ed9827a3ad5f8fae5510a1020d45d927eb3984edba06dcc2165""]",0,0,1,0,0,0,0.6
dedudes413meae7e272,valid,,4,1,3,meae7e272,100,10,10,"[""0xc4ec954ae50a47e6f4dc94c797d002b53e75a54561cfebd8ca67b32879cec36b"",""0xdaecba2ed12f5a5b70fa12804a2e95989f00d20797517e0792bbbe0eb9fa7798"",""0xea2bd6b9a540fc7cb658c0eba77aa94b50680b24ede84c9aa4220903d173a40e"",""0x2350d1c4dcb50ead155d92b600a28ed52cec4e946a60274d5b989965634a6a1a"",""0xa18a585af6564044287e7941dae389fa30ab6892d4e29cc1cf6b38431a0e1f30"",""0xc05ca9c89c31d935e983a93ca76e5c5bce8e8f1119b409eaf47715b2f9a60ab4"",""0x7065c95ce2be969592aca05d7b39baf836a549ea29435b85a40e1d0467eb913f"",""0xb7ca11b2a9bdabcb643ccf9ee4d051232aff6705a1d11d283bbb3a80d40b983f"",""0xee67aaec8f9bb10a8d57fd69647051640fce1f18a86d7ffc271141416a35c7c8"",""0x76cd5919871a7dd5fa66ab5eb0badb73b20f03f3a9d7b4a917b0d890b1b7c12c""]","[""0xdaecba2ed12f5a5b70fa12804a2e95989f00d20797517e0792bbbe0eb9fa7798"",""0xea2bd6b9a540fc7cb658c0eba77aa94b50680b24ede84c9aa4220903d173a40e"",""0xa79b998f79699d11b4f12c5472c7ae2ce658f690ff070100aa8cbbb0cec325c0"",""0xa95ffd0d5bc70611f706e681fdd001a7128aecc863f1fd30af5959c525cebce3"",""0xec5694704d88b9d8110cbdb1eb4a9c4b2a036acea4f55b393c0e4ca8f6238d20"",""0x04ad85ab8c285a3a04aef9708866be0b1dd8858889925563852717ba11338535"",""0x012f7a5533aa10df03f81882585c8519379e85aff6b3795e78345287a76146de"",""0xc4ec954ae50a47e6f4dc94c797d002b53e75a54561cfebd8ca67b32879cec36b"",""0x45ae843574074a3f4a2c1ca0acde905169694bb10599b0d3696a4f6f56d956b7"",""0xb80f9a6c487f678e44c385af9b93651ca7c8789901ef5143a923fdd75fa34594""]","[""0xc4ec954ae50a47e6f4dc94c797d002b53e75a54561cfebd8ca67b32879cec36b"",""0xdaecba2ed12f5a5b70fa12804a2e95989f00d20797517e0792bbbe0eb9fa7798"",""0xea2bd6b9a540fc7cb658c0eba77aa94b50680b24ede84c9aa4220903d173a40e""]",0,0,1,0,0,0,0.3
dedudes413mef93eb4b,valid,,4,1,3,mef93eb4b,100,10,10,"[""0x1408aa1b0bf56fea1c8d0a564f254982f3e9253b26979043d6949e536b51648e"",""0xfb8bc2f44032dfa1d9f258c8382fbbbed2612f63d0914fe066563cbefb689a53"",""0x5f342e22fdc7a6f789d4dcf56c0ad2f235a48039e796070d00a94fa5c89c9f30"",""0xa23f3af7f8a5ee5a14afac20cc2a40c5a6d0b1a111a101024b117d417709a634"",""0x2270c09584ff34309d9c951ade049db876c4e56549fc7cafaaf3003678bde7aa"",""0x449a819a683cf90a486faa5a3e69a3eff8527cf1e5d672408382aa66280f9bf2"",""0xe9381872cebc79e2531bf12c0fe048554f36507b472ec98795ffc2d25b24bf44"",""0xdb5e5d76b1d0a022cdde951305c077283a6612821f90a9fd1b566499bc776dd4"",""0x914020427e46dfdb433652fa42f8d748194f468299ebb4d21fedcb46d9db0637"",""0x11c6ce9371279a26939a5cbfa91e968d27cbd7f2d8cc288ee357c306c820b030""]","[""0x8dbc33bb09de968685fbd0241a07b9b02f51c04ad7594fb15973d8ba426e3d5f"",""0xe468d8edc4a54c19537f2de145f9b8e65cb9f043cd1aa27e1549c2d8471701b3"",""0xe3545e6599a6ecf65bf8f351a7d25a78ffbbd83ac3ff97766b76ed78dcf18a3a"",""0x4e20376d1da11c9e1f1d90c95dda5d888cc4afaf92514bcf2dce9c5d0ed6f72d"",""0x703dc0cf5b4fea7c1ec8b76d0f2cb74750672c711e8128ec067718125ca92340"",""0x4aee22d2ce86d209c5c30927446358b8b9f135060ae67977c95ce8c029f89aa6"",""0x85b60ca2f58ee6f06cf2e1e61d7abee6ba7c11252f5c1d390a7f13a6f5fdc4d8"",""0x0498e72cbb35cfcceb5ab5e28ff9e3193ec3396d08350f0d371f94b24e66dd8d"",""0x646db217199cafad3c95616f3c8b68ac61fb92cf045d6e50fae31bd18ff3ae91"",""0x2350d1c4dcb50ead155d92b600a28ed52cec4e946a60274d5b989965634a6a1a""]",[],0,0,1,0,0,0,0
dedudes414m034e6fc6,valid,,4,1,4,m034e6fc6,100,10,10,"[""0x1b65966806dbb1f0be4f71ea23866c931ce732fdaf69cc33928719752f37220b"",""0xb6d01a84cc9057fbb430eaba773982d428e92f84e754cca7e87b6b2102d1173a"",""0x9e787d8c20ded4398b04f2d28daaedf40be22f1bfc57e737f900e0705beedd79"",""0x73647254e06e3db62604fdd9e5b53bf4e2f4a3b10c5e5e037c701c0ecb606fe4"",""0x5f342e22fdc7a6f789d4dcf56c0ad2f235a48039e796070d00a94fa5c89c9f30"",""0xe990b48760a33d3980ed663d2924f8f0409a3dc94d02fd68bb2101eb71e0289d"",""0xe61c79a28c846efdda2b7ffc661829ab40c7bb6fd66fdb61c459330caa712ac6"",""0xa95ffd0d5bc70611f706e681fdd001a7128aecc863f1fd30af5959c525cebce3"",""0x04a6512dca3acde8fcda8a28ddb210e1134e8422e85daca831e11812f50f304c"",""0x427b720a9454f6ee584a1ef9e5035b3e438f150cc81e15066d085a6fbbab522d""]","[""0xa79b998f79699d11b4f12c5472c7ae2ce658f690ff070100aa8cbbb0cec325c0"",""0x1c0420567499644eb79e43bb0e2de2482eb94f68d62492fc10eb1b3b33873871"",""0x370782400b6be3d398463e29ac2e7fce9b87893f1222016aba1dd78c3be96568"",""0x7c5a5789f21eba5040da4d9395aefc688a0f120e2e3c76700e30461d0c31c47b"",""0x89de293badb6e8ef2691d811ef98dd0c56e75d703141b55b672c6e4871cab4f1"",""0xb3073716ca6507c1e78222d02502caea417253f55b4cb4cfcb0c41b3b612423d"",""0xbc0dfb81cf9e22d2d366e0efd4ce5db0ee3ed857f9bb36b8dd7cccc3bbad7d3d"",""0xae212251bf7256512a4a9af0b279c3792a9c5c0cdf73f3fd29955527462b8c12"",""0x5cade3332a7dec40ebd048efab16eefe3f0e6f3b468acbd31aceb93ae5b85d6e"",""0x39dabafc64c5c5eff56582e8508223dee7f3a8041728d30970cf81a4d1e0be46""]",[],0,0,1,0,0,0,0
dedudes414m0ff0953c,valid,,4,1,4,m0ff0953c,100,10,10,"[""0x765d52f21619492597e96bf708c6f038dfdb4a7bf22b86e57551684dce9e676b"",""0x71ab94c13c743a10ff59c33fce6c6c7e60644c829d79f4c3a18f8312be2eb1c6"",""0x628db294c688c4eec9f9c520278fab7789c6527927a822fca0c4df6fac2c7d52"",""0xa0951cebd37c052f77e6eb1f4ef491edbab78b2372a965d8b12f0cd2b384e20b"",""0x6a5a76b0c7b5a9ff0299b7cbe23ff0da94842d1be952c745bd0ea6815c4081cc"",""0x7762576bbe68bbf9edaed9c498946a1b92679b32c7b35899edd1ac48d61cad26"",""0x9ae658816f2cd9f9d93df26417e64b8206f18140199ccd1dc16ed9aabded2ef5"",""0x764bcc5941ba5a44d289d87d1fe02888fc912e1cd264062a64fef5461284e6f8"",""0x3a51e57a7788e54e0e0c36ac50908651d664712bc2ef1475a492710a1ff778b8"",""0xf3b0c5630ecaffde8457621425373bd27ce2d36f95a5b12c572d306127c72da6""]","[""0x765d52f21619492597e96bf708c6f038dfdb4a7bf22b86e57551684dce9e676b"",""0x71ab94c13c743a10ff59c33fce6c6c7e60644c829d79f4c3a18f8312be2eb1c6"",""0x628db294c688c4eec9f9c520278fab7789c6527927a822fca0c4df6fac2c7d52"",""0xa0951cebd37c052f77e6eb1f4ef491edbab78b2372a965d8b12f0cd2b384e20b"",""0x6a5a76b0c7b5a9ff0299b7cbe23ff0da94842d1be952c745bd0ea6815c4081cc"",""0x7762576bbe68bbf9edaed9c498946a1b92679b32c7b35899edd1ac48d61cad26"",""0x9ae658816f2cd9f9d93df26417e64b8206f18140199ccd1dc16ed9aabded2ef5"",""0x0f1f4219ee00c1666ac598c4ed9b73e8f5930e6f76d323712d4bed1a9bb0d89a"",""0x764bcc5941ba5a44d289d87d1fe02888fc912e1cd264062a64fef5461284e6f8"",""0x3a51e57a7788e54e0e0c36ac50908651d664712bc2ef1475a492710a1ff778b8""]","[""0x765d52f21619492597e96bf708c6f038dfdb4a7bf22b86e57551684dce9e676b"",""0x71ab94c13c743a10ff59c33fce6c6c7e60644c829d79f4c3a18f8312be2eb1c6"",""0x628db294c688c4eec9f9c520278fab7789c6527927a822fca0c4df6fac2c7d52"",""0xa0951cebd37c052f77e6eb1f4ef491edbab78b2372a965d8b12f0cd2b384e20b"",""0x6a5a76b0c7b5a9ff0299b7cbe23ff0da94842d1be952c745bd0ea6815c4081cc"",""0x7762576bbe68bbf9edaed9c498946a1b92679b32c7b35899edd1ac48d61cad26"",""0x9ae658816f2cd9f9d93df26417e64b8206f18140199ccd1dc16ed9aabded2ef5"",""0x764bcc5941ba5a44d289d87d1fe02888fc912e1cd264062a64fef5461284e6f8"",""0x3a51e57a7788e54e0e0c36ac50908651d664712bc2ef1475a492710a1ff778b8""]",0,0,1,0,0,0,0.9
dedudes414m1329b005,valid,,4,1,4,m1329b005,100,10,10,"[""0x9d716eb6580a5f8cf4c06e97a7b1e66050be34e61e88318e4a4bb1ec3d5c0a5c"",""0x9a83470f7fb314a3cfe2949cf7872a1b868d565fb7587189e4774901aa31e5b8"",""0x2f6dd35cced06155ab1ec71da5e76557f32ab489d997c7e3fe70c33191a90a5b"",""0xb8b2866e059e96f8e2a4becbcb056bf746394665af6a4d7332d712015aab77a3"",""0x79343114aaa52ccc092dfad9ee433c0302228016766f3423920055f100e7ea6a"",""0xb1590d9042f1c9448f94de9acd0f4ff6270a18ecbe4ed2591313a4b052794ced"",""0xe9d3327a0c1b0f98946fae24d653fc98d80d851747cbf8ffec35ce4fab056c2e"",""0x046a603242429ffda7ad1f536f44c8464256e46136a39a88bbb37e6036461f55"",""0xddd7436a340e25c6fc3d857e0d78ceb41df526910deae95fa17bca5367eef3b4"",""0x2aebf5cb425ee8cbc3307ff81fdbdca93cf71f5c632b541b16264b7966e33abc""]","[""0x3c5c7c3cdfde1e6a610fadeb29af0d5bf14b21cc8fd41743407ef8de4c918396"",""0x9a83470f7fb314a3cfe2949cf7872a1b868d565fb7587189e4774901aa31e5b8"",""0xb1590d9042f1c9448f94de9acd0f4ff6270a18ecbe4ed2591313a4b052794ced"",""0xe9d3327a0c1b0f98946fae24d653fc98d80d851747cbf8ffec35ce4fab056c2e"",""0x046a603242429ffda7ad1f536f44c8464256e46136a39a88bbb37e6036461f55"",""0x449a819a683cf90a486faa5a3e69a3eff8527cf1e5d672408382aa66280f9bf2"",""0xe0af3ae528b720df7db331772a439a72d9b7c2a23d74b9a816247e89fca57021"",""0xf794db395623b5ff4392db660d1faa7a3db0b8bbb4c59093df8b7c7ba259dbc9"",""0x37034dcdf67d5da562530e4a81e736eb52d13a96010e9f98afd9681bf2443e14"",""0x9798ac9c171506a18608b78c3c0816154b74e320d9ebec9aef5cf7ee8820befd""]","[""0x9a83470f7fb314a3cfe2949cf7872a1b868d565fb7587189e4774901aa31e5b8"",""0xb1590d9042f1c9448f94de9acd0f4ff6270a18ecbe4ed2591313a4b052794ced"",""0xe9d3327a0c1b0f98946fae24d653fc98d80d851747cbf8ffec35ce4fab056c2e"",""0x046a603242429ffda7ad1f536f44c8464256e46136a39a88bbb37e6036461f55""]",0,0,1,0,0,0,0.4
dedudes414m44fc2bf8,valid,,4,1,4,m44fc2bf8,100,10,10,"[""0x9e14eb9b0b4d79e8a0f857e9e859cdf595c612dae2bb3851332b3220d3f2aded"",""0x94d63c25ab9d5a384a61b40c47f60022b64aaabb4b71acebcf39002062ce9c8f"",""0x9a360976bba2e89f0452b5504aa15a2a3d788f5279077f4971b22af6cc9e9338"",""0x139327ab62bbd4934b7cfc70645861896cb17522dd93377e162859737ea6d3ae"",""0xf1a5d828a3c76d090fde663f9d5301f508996cd8bcd369bee7f8d22b8a7aee2d"",""0x74e7be8b32e08c0943c3f357ddc428139bf197e2d2871fa7255a72393adaea53"",""0xab3434f8b5ebbe9ed39e209cdbaf610d2b92816d62634fe264263410bc2a31ff"",""0x8e334b5c9ae395939e1d6661ea1e9a380e2ed29149278909c2e3540ff62d1ade"",""0xe990b48760a33d3980ed663d2924f8f0409a3dc94d02fd68bb2101eb71e0289d"",""0x58a1c325755d0a61c9d5c5ecc8e5b1a3db351be2f7ed0586b3f4c827cb2c5199""]","[""0x9e14eb9b0b4d79e8a0f857e9e859cdf595c612dae2bb3851332b3220d3f2aded"",""0x1cd1a0af806057cb0041bf01fedcefbdb51d03fd6a0879a16c91c4bae5430ba7"",""0x5236f24fda178ebee1e67f896ba01c7305c09718e74429772f449b40cbc5c735"",""0xba43dc1fee7635c8ac3640bd49f486f7d217a475a123803af63389b831328443"",""0x139327ab62bbd4934b7cfc70645861896cb17522dd93377e162859737ea6d3ae"",""0x427b720a9454f6ee584a1ef9e5035b3e438f150cc81e15066d085a6fbbab522d"",""0xab3434f8b5ebbe9ed39e209cdbaf610d2b92816d62634fe264263410bc2a31ff"",""0x8dbc33bb09de968685fbd0241a07b9b02f51c04ad7594fb15973d8ba426e3d5f"",""0xd83117a66902557710ac877d5a6e5420420b22d06e9ecafd3d0d0d54852a5c3c"",""0xe75fc98815576ee938473e991f0fe07af751336b9957a62588d93fdbc0ee311b""]","[""0x9e14eb9b0b4d79e8a0f857e9e859cdf595c612dae2bb3851332b3220d3f2aded"",""0x139327ab62bbd4934b7cfc70645861896cb17522dd93377e162859737ea6d3ae"",""0xab3434f8b5ebbe9ed39e209cdbaf610d2b92816d62634fe264263410bc2a31ff""]",0,0,1,0,0,0,0.3
dedudes414m58cd743c,valid,,4,1,4,m58cd743c,100,10,10,"[""0xc4fed2ac503a5dbc763eca6cb57b0f57969026007b35ef9b4a712e377d2c82c6"",""0xa95ffd0d5bc70611f706e681fdd001a7128aecc863f1fd30af5959c525cebce3"",""0x8e77e3ef4e03a1bffa0ce787677aad2d09bc554612a88b278d0fff06718e4a41"",""0x9c41003aaee06f398090c01fe5a3b3c440d3968bb30dc4359bc666cf9f99a2bc"",""0x8e3f42e5c78dbfeb92466b0a0085e6d9fb19d04cce5778f72d1d1c9412866b85"",""0x635511520584e05b1e3fb392b8a7c240f46be98c363e6ed3d99dd1d3b4b0b71a"",""0x15418becc3a38294b44abffeb029c97bf246f89f0679daa94e431a72b8d79af7"",""0x497a5384577e35db028d797286f77db436d76ade59f14dc7363370fb9c3e88a2"",""0x60015f2c5a5a1631abcdbb23ce5930847b6cfa4d4a723f9cc5158f605df97c64"",""0xfdeb433372442dcc656d51c2e2bab43fef0e012ccb4076ceb0fb6f9ba1eb9b29""]","[""0x9c6819fd248cd16a3fc17004ca2b67e87f5cc68986602147590293056036e6e5"",""0xe468d8edc4a54c19537f2de145f9b8e65cb9f043cd1aa27e1549c2d8471701b3"",""0x80e8fbcc08caa1dd06a1a7aed25697a96c8a47b4d645291144324189e0073967"",""0x909de760f48ac7e0ec11f7e278bfd2badcc2e1cdceccb1e89cf527196eb328f2"",""0x9148ff50cf94b78f204da5a6297852b12d17e8bc815147d5d8fbc5329d0ba2c4"",""0x8d569616a01ff7b6f8c3e29a5d33273ab6c86c53037cae27ef6cc51c67113f78"",""0xed645af593084ee81eafa1aa8b6951ddddbe81a8fdede6bda5e069b77a70b1ab"",""0xf108d19218ab1d485d94bf7edf808ab93b615d2ebf6bc7a6bb4ee827d1b06712"",""0xfdeb433372442dcc656d51c2e2bab43fef0e012ccb4076ceb0fb6f9ba1eb9b29"",""0x7c5a5789f21eba5040da4d9395aefc688a0f120e2e3c76700e30461d0c31c47b""]","[""0xfdeb433372442dcc656d51c2e2bab43fef0e012ccb4076ceb0fb6f9ba1eb9b29""]",0,0,1,0,0,0,0.1
dedudes414m5f378a26,valid,,4,1,4,m5f378a26,100,10,10,"[""0xa353c2146e9a243fb7360a35428d933c411fa272574b61ad2a7e5bb90c5877ce"",""0xb91134e44ac313e01c96c9997d26dffe9ac7b25ec2a81bd7dcbb5fe5a1202d90"",""0x8e564b61aa228f33d5e4494d1f47890f728eb60765051c2ef939f466082585b8"",""0x25874d24e26ae5149358bb4e029d1fbb20b7771a1bb213e50fd450789ecc7099"",""0xa0eb7bd51a718323ba3be09dc166cc7f2a92b7890c0bf3d5f5cc1ea523b97d9b"",""0x0f3abeb156c2c78f8d6903bb725cb1de4b6d19227e5372ed037f9e2266ea3411"",""0x6dd55cdeaf8e0feb87ce8d306a3f378630633f302af5ac0d0f4665890bc15e76"",""0x3877051f66ce3e6d6bd137ed264eb9aa6bf737749a56ede4bf1c476b96d6558c"",""0x9cbb79130a14d3f5d515cc15d95bee0b494d6180db7c5d28086086fc99f5214b"",""0x8c73caff07adb3f63f47af3d7424fca991180a267d5cc7d86f844f2e1ba8f8ef""]","[""0xe03f52b78bc8e9eab84e177e513ae005b06cbe60597e3fbbb3f6cbce41404793"",""0x83597780a900e3443f7629c9b0b4181f53c8c3b119b210233befb1421e672e93"",""0x2c6ff6fd5988e48779fe9d7205881d59036eb530a80d7b3473f99cf9a1983500"",""0xd06a42d72cfbb96ba643618224587534b89ed6d8fc280e2b48ed9c6c13cd6972"",""0x29faba369a9df31c5cb9e6bc1c5e33037f979b47cee76339e986f878271fa5dd"",""0x93cccc9ddb2c07147c7775f32275ffe610eae9dac4a0b0e0c03c37e1c0bd53f5"",""0x94ec6120d2be59f3d3989ccd7d85da8a22cde1f056fcb7ac7cd109fc9c493352"",""0x5c922bd085dadc1604adfb84e835cdeb680d47546aebdc5f3cdc700301e4b7c3"",""0x96066476fea3949719914409cfca4f333dd56c06875c4cb6be7161a9df28ec5b"",""0xa79b998f79699d11b4f12c5472c7ae2ce658f690ff070100aa8cbbb0cec325c0""]",[],0,0,1,0,0,0,0
dedudes414m605d61cb,valid,,4,1,4,m605d61cb,100,10,10,"[""0x5a354742fd5b660be04a0326f7e084e2a2e59d132e361028f7dc0613581c139c"",""0x3e8bec0f1c4ef02baba2a1e6c1602b14978143e4bff67d4e747559701dac5342"",""0x4799c972997b453ebd835cee78c0e619ea6aab030d36b2c67ad565d6ece7f8e0"",""0x5236f24fda178ebee1e67f896ba01c7305c09718e74429772f449b40cbc5c735"",""0x7c52680fcfef5c7a792985f3ad5c6f7d89246254102af68608ab10b59e8a1bc8"",""0x178df42794815bec2b31a4b63af8ddc9177af487f8210f04c467da77af643d16"",""0x63879342496d3a9984de17c415c87d18e806c8262cae4fba3e416581b42a0626"",""0x34389058bce6bf69b89a9cdffc3b9e9d68171d7e85fce6c161fbd86d5036f812"",""0xfac3e2988fde6cc926c0a0e40e189fb0f8d4a63c03cacbddcab0280d1a14faa2"",""0x06f1767fe48b30b1b8d28ae04d13e706f4126d718047ff24de37167a9125eb24""]","[""0x5236f24fda178ebee1e67f896ba01c7305c09718e74429772f449b40cbc5c735"",""0x7c52680fcfef5c7a792985f3ad5c6f7d89246254102af68608ab10b59e8a1bc8"",""0x6288dcfe5fb2840d2562fff7aa877762bbb68d40fa73a282fffaa9a6f8c8a10c"",""0x17e8c26097d0ff404e51aff2c72019cb18f3aa51e2095995e64b675842e14a11"",""0x97423c55158df9670a689f78b9b25766a67c2206551fcfcd9909eaa2b209fdfa"",""0xf108d19218ab1d485d94bf7edf808ab93b615d2ebf6bc7a6bb4ee827d1b06712"",""0x8d569616a01ff7b6f8c3e29a5d33273ab6c86c53037cae27ef6cc51c67113f78"",""0x47399756da88a59616696c5337a59aaeb941e2d81c4f4caaf921c282c55c6263"",""0x29faba369a9df31c5cb9e6bc1c5e33037f979b47cee76339e986f878271fa5dd"",""0x4e20376d1da11c9e1f1d90c95dda5d888cc4afaf92514bcf2dce9c5d0ed6f72d""]","[""0x5236f24fda178ebee1e67f896ba01c7305c09718e74429772f449b40cbc5c735"",""0x7c52680fcfef5c7a792985f3ad5c6f7d89246254102af68608ab10b59e8a1bc8""]",0,0,1,0,0,0,0.2
dedudes414m61ff8ed9,valid,,4,1,4,m61ff8ed9,100,10,10,"[""0xfc04a19087edbc1da922120d26a7b65619068e66fa34d931b0f1f70c66c0267e"",""0xcdac4b8724f50f65662dfbe63aab4a8c00aba9ff45b3ef54b4624eb092178fd1"",""0xa62a958b83f6c5160074f14c3ec7e44184ca730e4dbae5c8895b45992a3b190e"",""0xa60061a46e6f3588611ff2e030a8c2739435473882e320556fcfb9df009f9e67"",""0x67d63531f3cc40537b83d4d01612f8e6285310d27661da535cc65e0dfe79e5a1"",""0xeb92703c6469d5c7e31827a33abb93d937be6b1cec96018273d23f40a909703a"",""0x688f27a824d56679de1d4333c475084fa393064714c11e58add899fd8a98a2f1"",""0x1048d02ca44f1e816dae3795b40399d5a25ea9eadbc4fd233f5a9c751d54e6d6"",""0x6abe5b14e7e5f95462a3451441624c82b5dba83d2cb308d785adbb6c53944f1d"",""0xe94af6de51c16c176b861de4cb1227cb5aac25da9c8b90b4cfd8c4f5c052f8ee""]","[""0xa5354f7310ed91f59b1c345e39c21b3b0a760f554e1c86015d34b20bf1573fff"",""0xe73354790507ea53673c67d57b9a4e38a7c891a6f1eba2fd7509eafe56356b74"",""0x047056a4db8bc397a2311e162c6c84c92e428d210fad778e565a69407c2480ff"",""0xf753cdb4750238eebb2710939be41aec7da5c28d5812cc16ccbcf95421e17a65"",""0xac8b80036991313f0d9991aa483a95a9c01079cd33e372b5d4f6225deb94ebe3"",""0xabd36aa877f84ff262365e67d8bc106b156ff7a8b05109e7be64388152ff0974"",""0xa17d97abc100dc9f7fd738ca789c4f6db08b3c581ef01cd5161a5f139b8a79e2"",""0xed54d7a9fbadc1c92763a2cd69d632fb026af91e74faa22722bc8981334ce6cf"",""0x4075b1c1a48c332b84b4ca094e3b13c917ba819a5b04ff83479afdd4ca43c354"",""0xa2768aee9c99fab0f52e085695c2373eff29dcb97f88834346cad088b73812bd""]",[],0,0,1,0,0,0,0
dedudes414m62eeb31e,valid,,4,1,4,m62eeb31e,100,10,10,"[""0xd3b4b9f6f6182ab45c2a03bd0e3e5a74c67714cd31fc91ce22d96ec815857918"",""0xf36ffa249bf590354898aaf0ebe1f3007a0c588aec5369927e964e5e71192d84"",""0x06695fb5641c3680e85f19e4d7d309e0ef749b92d03eade667b86019e3d0853f"",""0xf96bf5d3cfccc96a356555adc13fcc7edbfa81afc78a5fa4043f3dcc47ae4323"",""0xe912236ac1e0fa2314dc68c399351e62211e87c3958e648e380df3554a876137"",""0x99c64562defad2f1718b78a3014eb5582221e0ab10d0f8da0d92f8a5e4472d1c"",""0xa0f680ecefd895d9fd933e4eeb021e41ab3693788b90070d8b448e2d300b62f6"",""0x63f38a7112e47ee5c2e95d61e4589f58c4a7b0ed0a54653dfe44a8213407c79b"",""0x7305efcada23bf932b1d643271d54b895f0d82a3a43ff08b0480680d54366384"",""0x5c922bd085dadc1604adfb84e835cdeb680d47546aebdc5f3cdc700301e4b7c3""]","[""0xf96bf5d3cfccc96a356555adc13fcc7edbfa81afc78a5fa4043f3dcc47ae4323"",""0x75232ef6746d01e9b8c3c4fe3f6d217fbc13928d20867b00a929dcd7d5749bd6"",""0xe912236ac1e0fa2314dc68c399351e62211e87c3958e648e380df3554a876137"",""0x0147b80fb439b3c56263507b7354f947f9196fcd5c43632dafe2463a29356c5b"",""0x6e6d758c129baedd88101292ed8a6478f9e421eb01f679a57b3c644f3876f468"",""0x047056a4db8bc397a2311e162c6c84c92e428d210fad778e565a69407c2480ff"",""0xab58b9907d0218646605951a37a38307528978618ef01a598905f9eea1137c91"",""0x2bed620b53fb262419044820898d7dd1a83109bdd26079eb97a00f66fd19e50b"",""0xa5354f7310ed91f59b1c345e39c21b3b0a760f554e1c86015d34b20bf1573fff"",""0x4e20376d1da11c9e1f1d90c95dda5d888cc4afaf92514bcf2dce9c5d0ed6f72d""]","[""0xf96bf5d3cfccc96a356555adc13fcc7edbfa81afc78a5fa4043f3dcc47ae4323"",""0xe912236ac1e0fa2314dc68c399351e62211e87c3958e648e380df3554a876137""]",0,0,1,0,0,0,0.2
dedudes414m688ed826,valid,,4,1,4,m688ed826,100,10,10,"[""0xa6c3685747057209a427117968fe118950aad3eaaf5386b285e0b3b54cef9f87"",""0x9e14eb9b0b4d79e8a0f857e9e859cdf595c612dae2bb3851332b3220d3f2aded"",""0x24b3965f185cdbe1fc3727ff2135238ce0ef4e7ee1390c559ac159dbe1d0c04e"",""0xbae758a9b835e93f83a4715b4d0b3f8e5e2f3c17b6b72baa0d50ee310925fa9e"",""0xdf68bebf3b276ea37921247bf2bc5d4faccce08b5f9721559030b1e34603f1a0"",""0x71c27b8547dd4bc5b567c4bdfea30552124c62fef8f8c10781579ba95ad6bb72"",""0x3fe9683c0e77ca5d1c545a47a22db2070f92b786ef071a3bea362ae0ae8b76d4"",""0xd58da8985226932f70603b9da4ec0037387458a6c26bbb78e6f7e2fe68bf86bb"",""0xb8c76b6b3d89e7339ef00a6746ed19c8f655f6cacc5ae54b1f35b98c176219eb"",""0x910c2fec08f3cbf6278353f88ca09a0d1a2a74f3fe194bcc8e6ec6df84b6e5f9""]","[""0xa6c3685747057209a427117968fe118950aad3eaaf5386b285e0b3b54cef9f87"",""0xbae758a9b835e93f83a4715b4d0b3f8e5e2f3c17b6b72baa0d50ee310925fa9e"",""0x71c27b8547dd4bc5b567c4bdfea30552124c62fef8f8c10781579ba95ad6bb72"",""0xdf68bebf3b276ea37921247bf2bc5d4faccce08b5f9721559030b1e34603f1a0"",""0x3fe9683c0e77ca5d1c545a47a22db2070f92b786ef071a3bea362ae0ae8b76d4"",""0x9e14eb9b0b4d79e8a0f857e9e859cdf595c612dae2bb3851332b3220d3f2aded"",""0x24b3965f185cdbe1fc3727ff2135238ce0ef4e7ee1390c559ac159dbe1d0c04e"",""0x2ca8d5400b3f2a2c1023e937e8cefa19eb7934d6c64e4eb7ccaef4bf420eb203"",""0x910c2fec08f3cbf6278353f88ca09a0d1a2a74f3fe194bcc8e6ec6df84b6e5f9"",""0xd58da8985226932f70603b9da4ec0037387458a6c26bbb78e6f7e2fe68bf86bb""]","[""0xa6c3685747057209a427117968fe118950aad3eaaf5386b285e0b3b54cef9f87"",""0x9e14eb9b0b4d79e8a0f857e9e859cdf595c612dae2bb3851332b3220d3f2aded"",""0x24b3965f185cdbe1fc3727ff2135238ce0ef4e7ee1390c559ac159dbe1d0c04e"",""0xbae758a9b835e93f83a4715b4d0b3f8e5e2f3c17b6b72baa0d50ee310925fa9e"",""0xdf68bebf3b276ea37921247bf2bc5d4faccce08b5f9721559030b1e34603f1a0"",""0x71c27b8547dd4bc5b567c4bdfea30552124c62fef8f8c10781579ba95ad6bb72"",""0x3fe9683c0e77ca5d1c545a47a22db2070f92b786ef071a3bea362ae0ae8b76d4"",""0xd58da8985226932f70603b9da4ec0037387458a6c26bbb78e6f7e2fe68bf86bb"",""0x910c2fec08f3cbf6278353f88ca09a0d1a2a74f3fe194bcc8e6ec6df84b6e5f9""]",0,0,1,0,0,0,0.9
dedudes414m74b51335,valid,,4,1,4,m74b51335,100,10,10,"[""0x83a064fb0c3d929367b562453fd56149325de6ec75b506925731d32e2572c2b0"",""0xfa053fe51ce4177e6f87e25a509dd4939dfde8a74dfc08ead6e8efdf07bc418c"",""0xd34b17cabffa509cdf016810a9183f9a8b608157bda3158cedaa6fc8efcfcc54"",""0xe34a9826f7afff98a0f7315f2941cad3a4f3746a2d783f7b4d3a1c52103ac968"",""0x2b2aa943c85f444b73f30ba39f4ba1c0ea5599ee3d455d9029994832f8935d89"",""0x927d988818abf504d4dce598e7494e5fe56f33a54d03cedc61bbf54d48dc68f6"",""0xe5ecae235c072b0d9441adcf860679092fcca7857047561a06f49649793f3001"",""0x4feffcd1822aac4917801fa166946af6d6a03938638e96f75b64f78af2d00ed9"",""0x89de293badb6e8ef2691d811ef98dd0c56e75d703141b55b672c6e4871cab4f1"",""0x157303f12af68e85a4550dd05194f865e79a2161729534337f65fe2ea6b9d2f2""]","[""0x89de293badb6e8ef2691d811ef98dd0c56e75d703141b55b672c6e4871cab4f1"",""0x93cccc9ddb2c07147c7775f32275ffe610eae9dac4a0b0e0c03c37e1c0bd53f5"",""0x888905a0a534ce554b87552efa11982058f2bd78d7cd30f22878b95f388290f8"",""0x2bed620b53fb262419044820898d7dd1a83109bdd26079eb97a00f66fd19e50b"",""0x4075b1c1a48c332b84b4ca094e3b13c917ba819a5b04ff83479afdd4ca43c354"",""0xbc27e5eeae8d24741e37498174c18b7be391ae0403b6218c92734f8c2f6a975a"",""0x47399756da88a59616696c5337a59aaeb941e2d81c4f4caaf921c282c55c6263"",""0xc23952c378a4c56a3ccefad166600f45f6a804220be6ee2ff45beb77fe1e1a80"",""0x2c6ff6fd5988e48779fe9d7205881d59036eb530a80d7b3473f99cf9a1983500"",""0x9c6819fd248cd16a3fc17004ca2b67e87f5cc68986602147590293056036e6e5""]","[""0x89de293badb6e8ef2691d811ef98dd0c56e75d703141b55b672c6e4871cab4f1""]",0,0,1,0,0,0,0.1
dedudes414m87a0e423,valid,,4,1,4,m87a0e423,100,10,10,"[""0x12b10840af76dae24935c28d98e8bcd4783afd7ed0d83ab1ed972536b18bf82e"",""0x48bcc597a4fa707c2d615b32c129a4069ac4c0120947d0afdb5e897b83ad9128"",""0x4ecdf3e02d13c9fe32db547b16d4703e37fffadfff94ccccafba5d3492270e84"",""0xd247cd5ac6d6b3dc844de66d61eb913737ab441ca94132664b1e1abf058db54f"",""0x8fa0c2d99bbdc01f3af5867614abefa0c4ddc6da838698d9c9c816368a4c68ba"",""0x7321022e3cb70e0ca5419929854423847ec5986fac6ab928bccba76d1f95085f"",""0x4b34d937794e2a40aa0e0b2cab3894d84cc5ca50772ada5dd00d3bdd255111bd"",""0x5aa89caff73930361092f42315458626cf64f5712a1a5c69f69007f0e21a6feb"",""0x6fba408e22eec7c548af58eafaa30b19c288e277ca56c93fc10599e1738f98d9"",""0x7f6e632cfa4f27261e017c427b533589477e3ddfbbd614793d63923c0aa9aaa2""]","[""0x4ecdf3e02d13c9fe32db547b16d4703e37fffadfff94ccccafba5d3492270e84"",""0xd247cd5ac6d6b3dc844de66d61eb913737ab441ca94132664b1e1abf058db54f"",""0x8fa0c2d99bbdc01f3af5867614abefa0c4ddc6da838698d9c9c816368a4c68ba"",""0x7321022e3cb70e0ca5419929854423847ec5986fac6ab928bccba76d1f95085f"",""0x4b34d937794e2a40aa0e0b2cab3894d84cc5ca50772ada5dd00d3bdd255111bd"",""0x9472b1c0afb7c6751ad0c546dcd2b1fd4d72269eeb6eec0590ae3ea255789880"",""0x57137b2edd3af8ab8e1a99ca842ae3d78f905ad42c4f079677b2656f7cc647da"",""0x4feffcd1822aac4917801fa166946af6d6a03938638e96f75b64f78af2d00ed9"",""0x6cec17c15f975a0c2c5010ded2db37c1c91e6bb5d35e7a4d07a843a76bd9fafb"",""0x11c6ce9371279a26939a5cbfa91e968d27cbd7f2d8cc288ee357c306c820b030""]","[""0x4ecdf3e02d13c9fe32db547b16d4703e37fffadfff94ccccafba5d3492270e84"",""0xd247cd5ac6d6b3dc844de66d61eb913737ab441ca94132664b1e1abf058db54f"",""0x8fa0c2d99bbdc01f3af5867614abefa0c4ddc6da838698d9c9c816368a4c68ba"",""0x7321022e3cb70e0ca5419929854423847ec5986fac6ab928bccba76d1f95085f"",""0x4b34d937794e2a40aa0e0b2cab3894d84cc5ca50772ada5dd00d3bdd255111bd""]",0,0,1,0,0,0,0.5
dedudes414m92034409,valid,,4,1,4,m92034409,100,10,10,"[""0xc4ec954ae50a47e6f4dc94c797d002b53e75a54561cfebd8ca67b32879cec36b"",""0xa85a50d3fbda3680b262cdba8344aa00eccd23094f7e17385e88cbdb6c045853"",""0xafaf37138b574609e2b3a5e1aa3234f080ad70ad5676fad40b19895a078d7dee"",""0x139327ab62bbd4934b7cfc70645861896cb17522dd93377e162859737ea6d3ae"",""0xa92224ce4b7dda50fab4450bf4c8ff480c9c16e371a6cbbf4875632f481d1494"",""0x74e7be8b32e08c0943c3f357ddc428139bf197e2d2871fa7255a72393adaea53"",""0xa21c58439ba76498112a9dd59801d9eb71d2b8e004ee265c9369fa2383ba8578"",""0x83e3b0998b66120f052c7011ac7fbc31cb77b9e864091293e141f1df231ff2a7"",""0xa353c2146e9a243fb7360a35428d933c411fa272574b61ad2a7e5bb90c5877ce"",""0xdfd080e6d5625036af3e0326c7a63a6a701a1b110406427479510f5d022293da""]","[""0x52f959174b3d5e4a9c601c8be94fb382d572ca485eca8cb636993fb300b8dd2e"",""0xb8b2866e059e96f8e2a4becbcb056bf746394665af6a4d7332d712015aab77a3"",""0xc4ec954ae50a47e6f4dc94c797d002b53e75a54561cfebd8ca67b32879cec36b"",""0xd640fc571224b43933da64febedeeafadc7979499fd0e6564fb7d8d00ca2b2d6"",""0xbc0dfb81cf9e22d2d366e0efd4ce5db0ee3ed857f9bb36b8dd7cccc3bbad7d3d"",""0xed645af593084ee81eafa1aa8b6951ddddbe81a8fdede6bda5e069b77a70b1ab"",""0xac71cf4c6d1b0b6ecf72b81901d1e7b92d55b1424c93743d83a5a6c3a2a95112"",""0x0026d3f471982cd447ef47a2f259ea569aed62b3822c41c4b317797fe231a5dc"",""0xa85a50d3fbda3680b262cdba8344aa00eccd23094f7e17385e88cbdb6c045853"",""0xafaf37138b574609e2b3a5e1aa3234f080ad70ad5676fad40b19895a078d7dee""]","[""0xc4ec954ae50a47e6f4dc94c797d002b53e75a54561cfebd8ca67b32879cec36b"",""0xa85a50d3fbda3680b262cdba8344aa00eccd23094f7e17385e88cbdb6c045853"",""0xafaf37138b574609e2b3a5e1aa3234f080ad70ad5676fad40b19895a078d7dee""]",0,0,1,0,0,0,0.3
dedudes414m9a581345,valid,,4,1,4,m9a581345,100,10,10,"[""0x9f0a3a8d25a45639ae098d31cf4d9b0b878f2554dc75dce680d565515a32136c"",""0xe3518c539249e19284d9ecf920f9253c5f48a52e01c01c383a78c92121870ffc"",""0x0b11176ffd279cf4e1fc5f4d0afa222f064ee56dcbfaf089a9abf5597195b176"",""0x15418becc3a38294b44abffeb029c97bf246f89f0679daa94e431a72b8d79af7"",""0xa077d467da14848d18e59e8577d5713ebe983a7a361998d6825c5db70368f0b1"",""0x124965f4295b430e31600aff8339d9e8d948b45552f88d1931428fec081af241"",""0xab3434f8b5ebbe9ed39e209cdbaf610d2b92816d62634fe264263410bc2a31ff"",""0x0506b67e31ff28e1f276f36619f77ace6b2af67d58a6c6342dfcb7468c56c888"",""0xcbf648955ce2153bc9449a990acf3e321e9cfd4928c7fb5b683e58caed33b5e6"",""0xf805dbff6348742ab14cf679e7f8361efca863743fdfdec50829ae45981920a9""]","[""0x29faba369a9df31c5cb9e6bc1c5e33037f979b47cee76339e986f878271fa5dd"",""0x8d569616a01ff7b6f8c3e29a5d33273ab6c86c53037cae27ef6cc51c67113f78"",""0x6e6d758c129baedd88101292ed8a6478f9e421eb01f679a57b3c644f3876f468"",""0xa5354f7310ed91f59b1c345e39c21b3b0a760f554e1c86015d34b20bf1573fff"",""0xe942f44aef93d4afb3cbaf854f82604034c778e957f217525c0d5b8745fc0e1b"",""0xddb3d9f3dee573b1be47b97205b1dad6937e2aa63171287104d449baee27f61b"",""0xcdf69590102e2120a0699bb0bb4b1e9ded25e4d2f24f7526b1cb67c97658534d"",""0xabd36aa877f84ff262365e67d8bc106b156ff7a8b05109e7be64388152ff0974"",""0xe32ad4d2b4c5e2a403429a97e94d1115a2a6746b5eefeefffbb697694fa1d4f2"",""0x7c5a5789f21eba5040da4d9395aefc688a0f120e2e3c76700e30461d0c31c47b""]",[],0,0,1,0,0,0,0
dedudes414m9f25cc42,valid,,4,1,4,m9f25cc42,100,10,10,"[""0x8788939ddccdf8e78e57c0735229a8e72ba044b2830d252589de113f575b9c91"",""0x270f61373b2830aa200bec948b801025f0d5465f203a4c38b735028251878aeb"",""0x560a3a1989194c2252f21688e120be2ccd659c75fe1edf11e3657c036f6b97b0"",""0xda4e65390f5a56d4d12deb6f0eab1bc6c76312ca72441fb19d514dc8a972574e"",""0x012f7a5533aa10df03f81882585c8519379e85aff6b3795e78345287a76146de"",""0x6ca26056104de6a9637fabafb1922d5f2f87e552b8a56e1e2bf5f3f18c17a1fc"",""0x76a481cda16a9b51383887ded51afb2739c0bd85e7cd613c6454f2556d72b108"",""0xec5694704d88b9d8110cbdb1eb4a9c4b2a036acea4f55b393c0e4ca8f6238d20"",""0x679a4b7500e218a9148e881a0eb0c30fa15405ad10fcb785ca882ce2b28dcc69"",""0x7f0726ec9f0780b8eb9b1a6a4d8fde6c3afcc3267195077759e0112e374e3807""]","[""0xa52341e05fdb6a81cf1caa591fe1e05c71018324a4fe74d32a338787220793ba"",""0x560a3a1989194c2252f21688e120be2ccd659c75fe1edf11e3657c036f6b97b0"",""0x012f7a5533aa10df03f81882585c8519379e85aff6b3795e78345287a76146de"",""0x6ca26056104de6a9637fabafb1922d5f2f87e552b8a56e1e2bf5f3f18c17a1fc"",""0x76a481cda16a9b51383887ded51afb2739c0bd85e7cd613c6454f2556d72b108"",""0xf1a5d828a3c76d090fde663f9d5301f508996cd8bcd369bee7f8d22b8a7aee2d"",""0xa57a419d14e97fbd6f66deae8d60b09b35e6b3eb57fdb74ddab9d88b42a9f182"",""0x679a4b7500e218a9148e881a0eb0c30fa15405ad10fcb785ca882ce2b28dcc69"",""0x13ad2aaa30aa2c9cf95c2a9bf238b1c9dbf105d72ea30521868af92a2d943b6a"",""0xa8f6645926614e855e9e5410950b0d978447966aa63f119579ee2f9f1f815372""]","[""0x560a3a1989194c2252f21688e120be2ccd659c75fe1edf11e3657c036f6b97b0"",""0x012f7a5533aa10df03f81882585c8519379e85aff6b3795e78345287a76146de"",""0x6ca26056104de6a9637fabafb1922d5f2f87e552b8a56e1e2bf5f3f18c17a1fc"",""0x76a481cda16a9b51383887ded51afb2739c0bd85e7cd613c6454f2556d72b108"",""0x679a4b7500e218a9148e881a0eb0c30fa15405ad10fcb785ca882ce2b28dcc69""]",0,0,1,0,0,0,0.5
dedudes414m9fd952b2,valid,,4,1,4,m9fd952b2,100,10,10,"[""0x3728d769a0e94a8d7bb4206065a99b977cc27b6e56b6936abfdfa99c2fc0e994"",""0x15375c29885ba8ec082167b98e385179d2cde641aadf61f7df0b498c97135d9e"",""0xb34d0672d82ca835755d6954e21baa97d9d084b440996acb30739ea2c258da7d"",""0xd3be73cce96021455963ce18914194a24c5d3a7b457559c3c05a941874e717c0"",""0x0f3abeb156c2c78f8d6903bb725cb1de4b6d19227e5372ed037f9e2266ea3411"",""0x177146b16d55a1d391948de43fb53262b93e6941e44421a8f72da6c2dfb3094b"",""0x69aaad53b3853ebe8654207c1bb913b63139fe7177ff00f63de8d26de16e7ba4"",""0x5859ebd81ea7a402f934800e92016d0d28c1fde39c5025ac9caa9726788a5a75"",""0x036a595e716e8da3a4c46e58a85df4d19113dc842a6238e934316df99832c1dd"",""0x7535276b2e0096b9d8f9dd01ddfa89ed90f6a54257588cfe55f2a0f4fadf00de""]","[""0x0248d2cb7fdf2a7095b7715c24e053f0425e97a94dbba26f5fbee48dddd62335"",""0x52f959174b3d5e4a9c601c8be94fb382d572ca485eca8cb636993fb300b8dd2e"",""0x370782400b6be3d398463e29ac2e7fce9b87893f1222016aba1dd78c3be96568"",""0x13b6d9bdd6ca06f426dc0d41746324c9ce628d54eb8c6f7585171d54489105b2"",""0xd7d653f7f8e66eb593bc9b749e14270025b9d8fa3c3b79c90eee945e199c8d4d"",""0x2bed620b53fb262419044820898d7dd1a83109bdd26079eb97a00f66fd19e50b"",""0xac71cf4c6d1b0b6ecf72b81901d1e7b92d55b1424c93743d83a5a6c3a2a95112"",""0xb608421e38e36743f8fbd8f6ecfada1c05dfd5091e111c5bca9db9c42a39324c"",""0x51ca5ceea8865e68fea76905e36eaf9b1307c13e80e084abd7c08edfc103c620"",""0xf96bf5d3cfccc96a356555adc13fcc7edbfa81afc78a5fa4043f3dcc47ae4323""]",[],0,0,1,0,0,0,0
dedudes414ma13a9811,valid,,4,1,4,ma13a9811,100,10,10,"[""0xaec5f3d8354072d281f62bcf5bb667d28adf2707c88750a1fcac78122226a936"",""0xef7983386c52f2e3fd86953cb396f63925a347990bc0788e13470bba1246a1a6"",""0x4d26cdd7c14317b28683534f1a6b0eef1e503cf2c0dc83905a7255717c75ec00"",""0x08409c88ced795e923586fc7541cd01415324e0c0ccb6ceff805c6a07281896d"",""0x8788939ddccdf8e78e57c0735229a8e72ba044b2830d252589de113f575b9c91"",""0x6f36db2e89512e0d23a9d0d6aabccd47dabad6c24d86f4ed3e2f34d2f18b5970"",""0x972cfa2de1c4f801959ffadb7e6ad7fb4c8add483fce5ec5824eb11e38544b16"",""0x0506b67e31ff28e1f276f36619f77ace6b2af67d58a6c6342dfcb7468c56c888"",""0xc5c2cb86131f9e87776a8803ffd32d0cd607c48d0d8417a53e9e914dcb7b7f8d"",""0x914020427e46dfdb433652fa42f8d748194f468299ebb4d21fedcb46d9db0637""]","[""0xef1c682a96f426ceffe117ba429fc06fc879a35e191eaec5c199908f2c665b34"",""0x39dabafc64c5c5eff56582e8508223dee7f3a8041728d30970cf81a4d1e0be46"",""0x609b958fedcadd17d8814bf0281fbcd474cb57d80d9499dfbe8dc94438a4ca9c"",""0x022d2f24e20eecc4054c519000a7e45043cf9f7e0fd1afee78279de75da5f9e7"",""0xaf3d313a9660b78d41374e9625c0998b95a35b34aa64d466d29942912711d3cd"",""0x5cade3332a7dec40ebd048efab16eefe3f0e6f3b468acbd31aceb93ae5b85d6e"",""0x27ea82588e84c8f07bd0ada1a20ca6b092985d021be143ad1979036c018adddd"",""0x6f36db2e89512e0d23a9d0d6aabccd47dabad6c24d86f4ed3e2f34d2f18b5970"",""0x972cfa2de1c4f801959ffadb7e6ad7fb4c8add483fce5ec5824eb11e38544b16"",""0xc5c2cb86131f9e87776a8803ffd32d0cd607c48d0d8417a53e9e914dcb7b7f8d""]","[""0x6f36db2e89512e0d23a9d0d6aabccd47dabad6c24d86f4ed3e2f34d2f18b5970"",""0x972cfa2de1c4f801959ffadb7e6ad7fb4c8add483fce5ec5824eb11e38544b16"",""0xc5c2cb86131f9e87776a8803ffd32d0cd607c48d0d8417a53e9e914dcb7b7f8d""]",0,0,1,0,0,0,0.3
dedudes414mab0bf37a,invalid,error_duplicates,4,1,4,mab0bf37a,100,10,10,"[""0x94cc8dd56cb47a38c5fde48ab4da2f2d7a22afa57cd4737cbb3ea216ae681034"",""0x037a73ab9a72306dc8ebecdf80a2ab16d414d96cf2f63c7fb32feb92bf9a5b6d"",""0x88ce248d0afdcbdb05816c4e2b41523403adb46f31d661e6aa300f6254b8d800"",""0x3151cf1f6245ad1f95925a7c6ca997a55c4df051b87283ae86e2233718593879"",""0x4aee22d2ce86d209c5c30927446358b8b9f135060ae67977c95ce8c029f89aa6"",""0x6ef4bc7397209ca22235b99ccf40dcaebfde72aaa515cc2878e92594219cfd1c"",""0x3151cf1f6245ad1f95925a7c6ca997a55c4df051b87283ae86e2233718593879"",""0x88ce248d0afdcbdb05816c4e2b41523403adb46f31d661e6aa300f6254b8d800"",""0x037a73ab9a72306dc8ebecdf80a2ab16d414d96cf2f63c7fb32feb92bf9a5b6d"",""0x94cc8dd56cb47a38c5fde48ab4da2f2d7a22afa57cd4737cbb3ea216ae681034""]","[""0x2432cfe4f9353b1ba5658ab99af0b32f44ac9b15ec481b90164d7045e845a019"",""0x94cc8dd56cb47a38c5fde48ab4da2f2d7a22afa57cd4737cbb3ea216ae681034"",""0x037a73ab9a72306dc8ebecdf80a2ab16d414d96cf2f63c7fb32feb92bf9a5b6d"",""0x3728d769a0e94a8d7bb4206065a99b977cc27b6e56b6936abfdfa99c2fc0e994"",""0x88ce248d0afdcbdb05816c4e2b41523403adb46f31d661e6aa300f6254b8d800"",""0x6ef4bc7397209ca22235b99ccf40dcaebfde72aaa515cc2878e92594219cfd1c"",""0x39b18f99686017920bc59b0c772f4d47d87cbbe371ee08db66be4c9837fe57a6"",""0x3151cf1f6245ad1f95925a7c6ca997a55c4df051b87283ae86e2233718593879"",""0xae344a42798a222d1914b1cb70cd1dad6397e19b0a3608362b5b5f2aeb02772b"",""0x4aee22d2ce86d209c5c30927446358b8b9f135060ae67977c95ce8c029f89aa6""]","[""0x94cc8dd56cb47a38c5fde48ab4da2f2d7a22afa57cd4737cbb3ea216ae681034"",""0x037a73ab9a72306dc8ebecdf80a2ab16d414d96cf2f63c7fb32feb92bf9a5b6d"",""0x88ce248d0afdcbdb05816c4e2b41523403adb46f31d661e6aa300f6254b8d800"",""0x3151cf1f6245ad1f95925a7c6ca997a55c4df051b87283ae86e2233718593879"",""0x4aee22d2ce86d209c5c30927446358b8b9f135060ae67977c95ce8c029f89aa6"",""0x6ef4bc7397209ca22235b99ccf40dcaebfde72aaa515cc2878e92594219cfd1c"",""0x3151cf1f6245ad1f95925a7c6ca997a55c4df051b87283ae86e2233718593879"",""0x88ce248d0afdcbdb05816c4e2b41523403adb46f31d661e6aa300f6254b8d800"",""0x037a73ab9a72306dc8ebecdf80a2ab16d414d96cf2f63c7fb32feb92bf9a5b6d"",""0x94cc8dd56cb47a38c5fde48ab4da2f2d7a22afa57cd4737cbb3ea216ae681034""]",0,0,1,0,0,0.4,1
dedudes414mb8cb04ea,valid,,4,1,4,mb8cb04ea,100,10,10,"[""0x5f3cd4cb79de3a0e14f1da49f6bb031c06a2378c43b198e0e368b4e8b8764243"",""0xc05ca9c89c31d935e983a93ca76e5c5bce8e8f1119b409eaf47715b2f9a60ab4"",""0xe63e2c269971e74b53d28366ab0f97aa8abe54de17097a543041aa6f1aef67c5"",""0xddc8a0d4673d1ce329c6876bba52904788357efd9dc9e6a34f141cdbe74005f6"",""0x4b0222fbaafed533465fde16e92bb2d156becc43115ff346c51481937cb2ba3e"",""0x7caa6118b59fdaf813a4754af425ac2e46912311827867fcb29bab268a11ab74"",""0xf46f739dd1e62fe400cbf8e0382ee1ca21afe626881e76bebfa85cc551be623e"",""0x11c6ce9371279a26939a5cbfa91e968d27cbd7f2d8cc288ee357c306c820b030"",""0xe3976d514ada12522fdc50897d19a0216486c2fc5724559c3aaf6e9587f47730"",""0x8fa0c2d99bbdc01f3af5867614abefa0c4ddc6da838698d9c9c816368a4c68ba""]","[""0x29c02eefa13b389c7de0218a34632eb93019200b921bd22dc7c6c42f9112b76d"",""0x9822e8750b69266bf123039815e7c7debfb278e6d07197ee125e1482633a49a4"",""0x4763c32c1e649afb2ab46d1ce5e7891c848aedd9ae897db2ee4649bacfb9b707"",""0xdfd080e6d5625036af3e0326c7a63a6a701a1b110406427479510f5d022293da"",""0x4b0222fbaafed533465fde16e92bb2d156becc43115ff346c51481937cb2ba3e"",""0xdd90815cca98f1110bdd2ed20ca96dd581c2178f9d2d8d5ad452484cccb34bf8"",""0x29faba369a9df31c5cb9e6bc1c5e33037f979b47cee76339e986f878271fa5dd"",""0x129000e4093321a868285d2903488aa7b940a0eb1357e3a264c688acabe9afa8"",""0x047056a4db8bc397a2311e162c6c84c92e428d210fad778e565a69407c2480ff"",""0x1d6e3452d8c14ba8ad0da5768f4e893379ad5195191614ad63a148e604464086""]","[""0x4b0222fbaafed533465fde16e92bb2d156becc43115ff346c51481937cb2ba3e""]",0,0,1,0,0,0,0.1
dedudes414mb925a6f5,valid,,4,1,4,mb925a6f5,100,10,10,"[""0xa353c2146e9a243fb7360a35428d933c411fa272574b61ad2a7e5bb90c5877ce"",""0x58a1c325755d0a61c9d5c5ecc8e5b1a3db351be2f7ed0586b3f4c827cb2c5199"",""0xe031eefb83fbac3f912e01bd186ab428a6106a2e1da9d24510ac2df9edc04e92"",""0x873d0193628e792877af1f2071f47cb7fe512a405dedebe2cadd656642c824b6"",""0xc05ca9c89c31d935e983a93ca76e5c5bce8e8f1119b409eaf47715b2f9a60ab4"",""0x7ff8fd236ec1c51880c8b1f897bca91b40a59481d3a7ceb869716b1b792f8cdb"",""0xb4303322b711e6762ae2090a8f30b0a3b1c3052a59b4e7d100215f146825bb98"",""0x2270c09584ff34309d9c951ade049db876c4e56549fc7cafaaf3003678bde7aa"",""0x560a3a1989194c2252f21688e120be2ccd659c75fe1edf11e3657c036f6b97b0"",""0xec1820e120ea32497bc4151cec1c2a1a74c506883244eed9e8c84b63b649b05c""]","[""0xa353c2146e9a243fb7360a35428d933c411fa272574b61ad2a7e5bb90c5877ce"",""0x9e0035c857436bf9a94b0c1f19742d65d3462a5bff4e25d177ebf09586ead800"",""0xc05ca9c89c31d935e983a93ca76e5c5bce8e8f1119b409eaf47715b2f9a60ab4"",""0x9c6819fd248cd16a3fc17004ca2b67e87f5cc68986602147590293056036e6e5"",""0xa8c3c7e57cf6c6713678487ba19f25122b93fae36f6ca5c7e9cf0bcaaebe2be3"",""0x560a3a1989194c2252f21688e120be2ccd659c75fe1edf11e3657c036f6b97b0"",""0x7c2efe492501a633d48b1f5befc513201a40bcd9179017831de762365f9fb0bc"",""0x85fb9a6bcb387ec3dd49674beb0f8f9b2314b34426021f771fb5b9843a3dedd6"",""0x08a53f92c6c09bad8332e30c9d75fbebcf2d11886157685b3dade47a75dde95a"",""0x0313e2439d3f04048546ca2621a685786bc28d32f81734049f4df72a1d29a9e8""]","[""0xa353c2146e9a243fb7360a35428d933c411fa272574b61ad2a7e5bb90c5877ce"",""0xc05ca9c89c31d935e983a93ca76e5c5bce8e8f1119b409eaf47715b2f9a60ab4"",""0x560a3a1989194c2252f21688e120be2ccd659c75fe1edf11e3657c036f6b97b0""]",0,0,1,0,0,0,0.3
dedudes414mba695eef,valid,,4,1,4,mba695eef,100,10,10,"[""0x01ec57c08ca34a7b1899ad303401924050394b3fee982ebcdd43e14992e5a7a2"",""0x9c6819fd248cd16a3fc17004ca2b67e87f5cc68986602147590293056036e6e5"",""0x7215572aba5beaec4f23d5ec295dfc837e1766e8c4eb8719b7f961f6a778e16d"",""0xb024c11d16cfb4f1067763a042b1a1eff983183aa3a9d39a04306a7a0a036115"",""0xd85f4387cee442d4e59a7abf9e6832111e98d315faceb074d480e748e3ffd0df"",""0xf46f739dd1e62fe400cbf8e0382ee1ca21afe626881e76bebfa85cc551be623e"",""0x17aa543a536b5592a2ca2cb04bdcaacae8ae8b64e4d389163db85f4d65c0d1a8"",""0x9822e8750b69266bf123039815e7c7debfb278e6d07197ee125e1482633a49a4"",""0x8de6a75e281e848e359cdd72e5c738793171e2faf5cbca33bc8b8d13f2e2241d"",""0xfec44882b6630d9dded08546475c16f20b610b9647581087e2ad60ac3b1a49d8""]","[""0xf76e1e06753c8a4e15491a4e3b5413f180e6aa9fdad03e81d4979d2ce56ecffc"",""0x44543bfcc1209f569e163db7d9f5b43eb42702bdcfc9c51ffe418f6bc59d8241"",""0x7c5a5789f21eba5040da4d9395aefc688a0f120e2e3c76700e30461d0c31c47b"",""0x8de6a75e281e848e359cdd72e5c738793171e2faf5cbca33bc8b8d13f2e2241d"",""0xed645af593084ee81eafa1aa8b6951ddddbe81a8fdede6bda5e069b77a70b1ab"",""0x8dbc33bb09de968685fbd0241a07b9b02f51c04ad7594fb15973d8ba426e3d5f"",""0x976a3f857cd3a4a1018329ed8be8c0a1f59eee36120abec15f17a08fe82a805d"",""0x3b6a509781748d255a28c100c6ba5cd5fb219f8af55024ed4323ee34595b86d1"",""0xb608421e38e36743f8fbd8f6ecfada1c05dfd5091e111c5bca9db9c42a39324c"",""0x6efffd26351366aee73474dcc96b09d416d5c182f8ceed91333f1f985b889978""]","[""0x8de6a75e281e848e359cdd72e5c738793171e2faf5cbca33bc8b8d13f2e2241d""]",0,0,1,0,0,0,0.1
dedudes414mbc92d998,valid,,4,1,4,mbc92d998,100,10,10,"[""0x9985350e14dee05ace32a1273d5571e454838dd256888a074cc64be7e9e9a9b1"",""0x3b6a509781748d255a28c100c6ba5cd5fb219f8af55024ed4323ee34595b86d1"",""0x06f1767fe48b30b1b8d28ae04d13e706f4126d718047ff24de37167a9125eb24"",""0x7caa6118b59fdaf813a4754af425ac2e46912311827867fcb29bab268a11ab74"",""0x2df25e51faa02c348bcb557149b84fda2f3164f459f653f7b21949f5e144a850"",""0x98ae210edf8069ae64423cf68a88b729f35e1a68073573fd2bc8bf3250945b4d"",""0x3728d769a0e94a8d7bb4206065a99b977cc27b6e56b6936abfdfa99c2fc0e994"",""0x1772dead80ab90824aca60953d52d979c25d6c3db0785acabd35a585ee231f5f"",""0x12cc8fa3318fdcda586bc7cb1b16db09a022aab66dd770be516db73c7b3fffcf"",""0x39b18f99686017920bc59b0c772f4d47d87cbbe371ee08db66be4c9837fe57a6""]","[""0x3b6a509781748d255a28c100c6ba5cd5fb219f8af55024ed4323ee34595b86d1"",""0x7caa6118b59fdaf813a4754af425ac2e46912311827867fcb29bab268a11ab74"",""0xa2768aee9c99fab0f52e085695c2373eff29dcb97f88834346cad088b73812bd"",""0x3728d769a0e94a8d7bb4206065a99b977cc27b6e56b6936abfdfa99c2fc0e994"",""0x44543bfcc1209f569e163db7d9f5b43eb42702bdcfc9c51ffe418f6bc59d8241"",""0xd83117a66902557710ac877d5a6e5420420b22d06e9ecafd3d0d0d54852a5c3c"",""0xf76f66f2e5747083914ae51a7831de7c7b137775223781208a4327e1e4e5b32a"",""0x85498ce22dc34407fc0a29f1e8eb808a3362a108eb39e5ed3b3cda0b38363d56"",""0x44db1f41b36ed2fcb23bcdcb49f6b2aa63f0a0f30e97b2afded92dfc1e7ba7e9"",""0xa18a585af6564044287e7941dae389fa30ab6892d4e29cc1cf6b38431a0e1f30""]","[""0x3b6a509781748d255a28c100c6ba5cd5fb219f8af55024ed4323ee34595b86d1"",""0x7caa6118b59fdaf813a4754af425ac2e46912311827867fcb29bab268a11ab74"",""0x3728d769a0e94a8d7bb4206065a99b977cc27b6e56b6936abfdfa99c2fc0e994""]",0,0,1,0,0,0,0.3
dedudes414mc1398e4b,valid,,4,1,4,mc1398e4b,100,10,10,"[""0xd247cd5ac6d6b3dc844de66d61eb913737ab441ca94132664b1e1abf058db54f"",""0xcf96dd76f4aa4ca4703718c3cfe96dca4621f3af34560e257ca9bc0f23c5bf7a"",""0x00fb5b68a47b95a5500e52c8f21610b9a833645dc7187d385c7e5ffa7756a8b5"",""0x5d149705a332b4acace1ac24e2948e4eedb296b952a6f19787b4d2613f697e8f"",""0x9736a810837b9591485904f217e1bc53edc3bcc2cf45c3d6443fd0efc3899eb5"",""0x7019a4c261b27fda2ba8dfbeebc1a3c6fb1acb30397ab9d206b9d2518047eb23"",""0x4df5be4acbe8b6a253f38cbf6156ce185bb75f3d60155a1303e97394a7c8ff5e"",""0x647107c7b200f7719b02ee164c42746661ea6b5634df263df915a94e062530de"",""0xaad56189e897be2df32052ea70ebca2c667d5cea0eb911ef1beaf299a81f8970"",""0x12cc8fa3318fdcda586bc7cb1b16db09a022aab66dd770be516db73c7b3fffcf""]","[""0xd247cd5ac6d6b3dc844de66d61eb913737ab441ca94132664b1e1abf058db54f"",""0xcf96dd76f4aa4ca4703718c3cfe96dca4621f3af34560e257ca9bc0f23c5bf7a"",""0xaad56189e897be2df32052ea70ebca2c667d5cea0eb911ef1beaf299a81f8970"",""0x5d149705a332b4acace1ac24e2948e4eedb296b952a6f19787b4d2613f697e8f"",""0x9736a810837b9591485904f217e1bc53edc3bcc2cf45c3d6443fd0efc3899eb5"",""0x12cc8fa3318fdcda586bc7cb1b16db09a022aab66dd770be516db73c7b3fffcf"",""0x7019a4c261b27fda2ba8dfbeebc1a3c6fb1acb30397ab9d206b9d2518047eb23"",""0x0edd199fb776ce1e94af4061882d39f0da1363826f9102562c07802a0219c49f"",""0x44083458e64996202def47bd1b24957a168d8fbac5ab9c5f9b78cd79ac54876f"",""0x4df5be4acbe8b6a253f38cbf6156ce185bb75f3d60155a1303e97394a7c8ff5e""]","[""0xd247cd5ac6d6b3dc844de66d61eb913737ab441ca94132664b1e1abf058db54f"",""0xcf96dd76f4aa4ca4703718c3cfe96dca4621f3af34560e257ca9bc0f23c5bf7a"",""0x5d149705a332b4acace1ac24e2948e4eedb296b952a6f19787b4d2613f697e8f"",""0x9736a810837b9591485904f217e1bc53edc3bcc2cf45c3d6443fd0efc3899eb5"",""0x7019a4c261b27fda2ba8dfbeebc1a3c6fb1acb30397ab9d206b9d2518047eb23"",""0x4df5be4acbe8b6a253f38cbf6156ce185bb75f3d60155a1303e97394a7c8ff5e"",""0xaad56189e897be2df32052ea70ebca2c667d5cea0eb911ef1beaf299a81f8970"",""0x12cc8fa3318fdcda586bc7cb1b16db09a022aab66dd770be516db73c7b3fffcf""]",0,0,1,0,0,0,0.8
dedudes414mc33fe544,valid,,4,1,4,mc33fe544,100,10,10,"[""0x5cd33f468d6cb3191f93eb6c34cbbe9b3f16d778569b94851821feedb1cc47dc"",""0x3915078eaaef4b3b01c483c9298f24226b2468429c7879b10161f34f702c69b2"",""0x34ab092d53c6d7ddbdb8d867290de66b967de57609b3017b62fc675fb47b30f4"",""0xddb04f49c37e79d04e91d067dee2f24fc36d5dd9f3e3ef13a7371ac377b7d3df"",""0xc46dcb68dfb73f6b48146b814468030b7b03c72955c6d352350e1a888a32adc3"",""0xa8039fa1707629d4854634c483687e973e82116bfbd173a40a59b9cf278ad2c9"",""0xe90f102fd4f47360120154fbbaaa10cf5c90856c0b98acfaa19f3a049999c18c"",""0xe77763c659d0943fcf4c8e41d7fa5a097b66bf9287a844d3346648d6c195b1dd"",""0x1c9b8c67671e3735934469063297cb8844ccdf90c3dc450b72aaf6b6265db4f7"",""0x49b280439e187981df432e2900f6e08a5aa024a22bd5db29b2acaf5dc8b23e17""]","[""0x2c48158b05801927cc42a3bea77abed8b4f0883611b741cf6a1de9b1733a32ba"",""0x43bf4d97b7c4b375640d244dfffd470737f3f60cb567a6692a8cbc45fe781e35"",""0x4c5a0971e57f16e191cb754bd02a477f11ac1549992b208b983d7ed0ebcb80fb"",""0xba43dc1fee7635c8ac3640bd49f486f7d217a475a123803af63389b831328443"",""0xe63e2c269971e74b53d28366ab0f97aa8abe54de17097a543041aa6f1aef67c5"",""0xac8b80036991313f0d9991aa483a95a9c01079cd33e372b5d4f6225deb94ebe3"",""0xab1f3b5c76e3df878e5156589a69a4dda5467364bbaf9120630b0690ac8ff7c0"",""0xc337e70c9bf8f6b05a64463a28977c43c79df4f14ceab4ed6a1ce6ae2e6869f0"",""0x652b6fcd81e14af4fd262e0d06da33720918f4c750a0306b36ef9b9d3c91f451"",""0x6bb857cac119501e85dfcae81b8287d1afb5a12e1d4fb0784c8b00b2b3ca2b4a""]",[],0,0,1,0,0,0,0
dedudes414mc8cff790,valid,,4,1,4,mc8cff790,100,10,10,"[""0xe03f52b78bc8e9eab84e177e513ae005b06cbe60597e3fbbb3f6cbce41404793"",""0x7af1853321ba68840018ee2753cfbe9f94e471cbb25d6d548d0bb01deb601193"",""0xd2c7cc9768a73de34ab20c9cab9e1b04c9bd265ea74d01f0fd5db161f00a0421"",""0x0797d76b30c89f1b523ffeb6e8e303c9d2b6f0ef3bf313da6d0cd542d7c7176b"",""0x9798ac9c171506a18608b78c3c0816154b74e320d9ebec9aef5cf7ee8820befd"",""0xd5bea5c2d79fd0ad46e6c19a6d534f6cb281bd76fd67b465eb181937197a207a"",""0xc25dcb1251df77639fa1d4d876497a42f9f555771964327c4704d4e802355c48"",""0xddf095a57c4003f4807c1af80176f7ebffbe17850b3998f8c4c64fad12edfbad"",""0xed645af593084ee81eafa1aa8b6951ddddbe81a8fdede6bda5e069b77a70b1ab"",""0x9b0ef9719ba655dcb38b2d1c254626487139e9bc8110fcf0976e5a920820b204""]","[""0x44db1f41b36ed2fcb23bcdcb49f6b2aa63f0a0f30e97b2afded92dfc1e7ba7e9"",""0x1ce2000d19183a439276d735ea6c2190b0681a0d867462abeb010fad3c1fc152"",""0x8998161122af777b1fb738b1835d8ebcc9f48893ccf82d61ac2fda90d56365a6"",""0xbaba60f08c5c4c146fc2d4544fe25a2d6c9c69db876b69b284afae0f138c34b9"",""0x492230e93b426215913042fe17f1e4c3058defa7c4c60f621a9cb9bd1ccde123"",""0xa077d467da14848d18e59e8577d5713ebe983a7a361998d6825c5db70368f0b1"",""0x82fcd452b99b91dfe9774519d4370744e58fb0506ae4415458cf3521d2764eab"",""0xd07dcd945ac0aa1fbce15f81f2f1057f33d924b5942b074332c1ff7ad8a9da00"",""0x7dc6b8ba90b164cdeda9462c5094100181c311a7d80c30e054ffa58ddc9be8a4"",""0xd868b210f941bd8fd28c1c4712cccc7f23ac7c739ca934fb8809925e3a2e2d97""]",[],0,0,1,0,0,0,0
dedudes414md0160e8c,valid,,4,1,4,md0160e8c,100,10,10,"[""0x30bdf36659edaf8ad152d36428c2c63069bcea70aeaf5521e3be09457ebcaaf4"",""0x02bb46077ad6d2140559ed07610045289035f3d63aa4b75e85abeade824262c3"",""0x2e74b5034538e524cd0d0340aca6be4b34fcab84f33eed809fd678cc9b338956"",""0xdaecba2ed12f5a5b70fa12804a2e95989f00d20797517e0792bbbe0eb9fa7798"",""0x9bdb451523a210226b58d128fc9c31717b88f968f5b955dcf4bbcc316395af4f"",""0x3877051f66ce3e6d6bd137ed264eb9aa6bf737749a56ede4bf1c476b96d6558c"",""0xac5ecac7d584cbd45b73f675f718039e84bddf088049e6157bdfbfa30bb637af"",""0x26c110104b7e2c74992d3b692ce62624b4f6d0dc7d97d9b07a92a6ddaefa2666"",""0xe25b6c81cc4686460aaf17ffc24e2ac388650a848630cba962550bd62b760a4e"",""0x39c9fa281b69385e472c14782d670ce10170a7a3208a4497fe6155c17d89043b""]","[""0x02bb46077ad6d2140559ed07610045289035f3d63aa4b75e85abeade824262c3"",""0x8b08bd16fdfc682c01c8e5902a9ecb016da4dbcb29c8bdafa014073b9bc90e19"",""0xdaecba2ed12f5a5b70fa12804a2e95989f00d20797517e0792bbbe0eb9fa7798"",""0x3965ddc195cd9ffad54a5e8f2c792515e1503e381bd6b8ffe1dc086362d61382"",""0x9c41003aaee06f398090c01fe5a3b3c440d3968bb30dc4359bc666cf9f99a2bc"",""0x64b68fc2945ffdaf60010830669bda0627be83db1d7e5a8d5a38842f00e5325c"",""0xac5ecac7d584cbd45b73f675f718039e84bddf088049e6157bdfbfa30bb637af"",""0x73647254e06e3db62604fdd9e5b53bf4e2f4a3b10c5e5e037c701c0ecb606fe4"",""0xc336d40f84e39d1872d54720801feb80618a9cb638aec12ecdf600a358a81565"",""0x012f7a5533aa10df03f81882585c8519379e85aff6b3795e78345287a76146de""]","[""0x02bb46077ad6d2140559ed07610045289035f3d63aa4b75e85abeade824262c3"",""0xdaecba2ed12f5a5b70fa12804a2e95989f00d20797517e0792bbbe0eb9fa7798"",""0xac5ecac7d584cbd45b73f675f718039e84bddf088049e6157bdfbfa30bb637af""]",0,0,1,0,0,0,0.3
dedudes414md267eac0,valid,,4,1,4,md267eac0,100,10,10,"[""0xaf3d313a9660b78d41374e9625c0998b95a35b34aa64d466d29942912711d3cd"",""0xf97a47c58feb90efff6cf68b45d05b3895cb44755e34e57068c0c1a3e96428c1"",""0xf17977fa95300b063107d404d43f286bd64a604cd07dddd552d35eda9081efa9"",""0x66245cbb43542eb43c32f5707c0da8daced11c00d2889291fcd44ee4a7f12154"",""0x45ae843574074a3f4a2c1ca0acde905169694bb10599b0d3696a4f6f56d956b7"",""0x8dbf3d93637f9b0822cf1132d2b734fa754bd0a8accb83c756c4a3fc029a0030"",""0xd07dcd945ac0aa1fbce15f81f2f1057f33d924b5942b074332c1ff7ad8a9da00"",""0x24b3965f185cdbe1fc3727ff2135238ce0ef4e7ee1390c559ac159dbe1d0c04e"",""0x6a883a8fcad3fd867b583ca993b34bdc62fd0973edf7543082feb5b10999b11c"",""0xf00ee07d9c2e9d8dd6f8b1d798ca4e10a196864aed4acb8a760521cf09d1abdb""]","[""0x04e650beefefc57c681b80135dcc75deaa5559de35ae3b4c78d8355b76749b21"",""0xf97a47c58feb90efff6cf68b45d05b3895cb44755e34e57068c0c1a3e96428c1"",""0xf17977fa95300b063107d404d43f286bd64a604cd07dddd552d35eda9081efa9"",""0x2b6bb3b55ba3430f21baa0135148d463cea0bdd8145a6b25cf64ee91a6302350"",""0x29c02eefa13b389c7de0218a34632eb93019200b921bd22dc7c6c42f9112b76d"",""0x0026d3f471982cd447ef47a2f259ea569aed62b3822c41c4b317797fe231a5dc"",""0x4e20376d1da11c9e1f1d90c95dda5d888cc4afaf92514bcf2dce9c5d0ed6f72d"",""0x037a73ab9a72306dc8ebecdf80a2ab16d414d96cf2f63c7fb32feb92bf9a5b6d"",""0xd07dcd945ac0aa1fbce15f81f2f1057f33d924b5942b074332c1ff7ad8a9da00"",""0xa8f6645926614e855e9e5410950b0d978447966aa63f119579ee2f9f1f815372""]","[""0xf97a47c58feb90efff6cf68b45d05b3895cb44755e34e57068c0c1a3e96428c1"",""0xf17977fa95300b063107d404d43f286bd64a604cd07dddd552d35eda9081efa9"",""0xd07dcd945ac0aa1fbce15f81f2f1057f33d924b5942b074332c1ff7ad8a9da00""]",0,0,1,0,0,0,0.3
dedudes414md2809ae0,valid,,4,1,4,md2809ae0,100,10,10,"[""0x5ec22cff95ce1393f970eaa09b547bc5defdad802a7b86480894817e835cf4d2"",""0x2a131118b518a9e09003e76d83781f4380c0bbdb7f262340f917ee009d311968"",""0x3ba05b4d30a376184b77ea4ca8eb96e1da4761d338ca46da2863e7f955b5d9cd"",""0x63fbdf546a7f543fd607159ee4350a6981fbefcb58d22ed197cdbd90b9e41b51"",""0xee4af16e2e7d5d4861810ee4545071e90dac39b73107a927ad9e84edaff5a91d"",""0x228310dcef1b6e72636b4e0477ece83f5c088b838f5e17d1e142cbf12de2728f"",""0xb4303322b711e6762ae2090a8f30b0a3b1c3052a59b4e7d100215f146825bb98"",""0x7f0726ec9f0780b8eb9b1a6a4d8fde6c3afcc3267195077759e0112e374e3807"",""0x9f0a3a8d25a45639ae098d31cf4d9b0b878f2554dc75dce680d565515a32136c"",""0xae344a42798a222d1914b1cb70cd1dad6397e19b0a3608362b5b5f2aeb02772b""]","[""0x5b8e7419a8ec40a80aba582b4f43717969bf8cf80d560d46e48877e6f2e9598f"",""0x7f0726ec9f0780b8eb9b1a6a4d8fde6c3afcc3267195077759e0112e374e3807"",""0x8254f8390981941c34866e9f7d9e1ba513eb68390624e80c126ee571456fadcd"",""0xe25b6c81cc4686460aaf17ffc24e2ac388650a848630cba962550bd62b760a4e"",""0xd06a42d72cfbb96ba643618224587534b89ed6d8fc280e2b48ed9c6c13cd6972"",""0xae344a42798a222d1914b1cb70cd1dad6397e19b0a3608362b5b5f2aeb02772b"",""0x18f5f9c890a949af883bc6ae01b055690c4c4da075998fb495d5404a18ca572c"",""0xe3545e6599a6ecf65bf8f351a7d25a78ffbbd83ac3ff97766b76ed78dcf18a3a"",""0x1cb4757891963a7cb555160f3d9ee005fbe1b67635f8fc5b4db9ab9b3deb1c16"",""0x33398d3210b02fd6bdff84655d55cd3e84ca8436888d70edc5eb3e3071d139c3""]","[""0x7f0726ec9f0780b8eb9b1a6a4d8fde6c3afcc3267195077759e0112e374e3807"",""0xae344a42798a222d1914b1cb70cd1dad6397e19b0a3608362b5b5f2aeb02772b""]",0,0,1,0,0,0,0.2
dedudes414md679647c,valid,,4,1,4,md679647c,100,10,10,"[""0x0d1d14b126c9cd4822af2fa53ce6a21cdb935d969bd87e497d8f611724f04c59"",""0x7af1853321ba68840018ee2753cfbe9f94e471cbb25d6d548d0bb01deb601193"",""0xae212251bf7256512a4a9af0b279c3792a9c5c0cdf73f3fd29955527462b8c12"",""0x826d057ba637e393543ce1968c948066c5671c841cf0b633423370e488b88b88"",""0x129000e4093321a868285d2903488aa7b940a0eb1357e3a264c688acabe9afa8"",""0xe481e6732d9cab4a1295b47e9d24f63619aabe54b3def88c6262c06dc5638d7e"",""0x80aeab856f399458dae7fc1263890759cab51583366148fb6e923347fdd97652"",""0x2b6bb3b55ba3430f21baa0135148d463cea0bdd8145a6b25cf64ee91a6302350"",""0xd868b210f941bd8fd28c1c4712cccc7f23ac7c739ca934fb8809925e3a2e2d97"",""0xd07dcd945ac0aa1fbce15f81f2f1057f33d924b5942b074332c1ff7ad8a9da00""]","[""0xae212251bf7256512a4a9af0b279c3792a9c5c0cdf73f3fd29955527462b8c12"",""0x45541de4501b2a94117631c24fabb07f752f0a76c8ac9b1d90f9711bcf34b53c"",""0x75232ef6746d01e9b8c3c4fe3f6d217fbc13928d20867b00a929dcd7d5749bd6"",""0xe481e6732d9cab4a1295b47e9d24f63619aabe54b3def88c6262c06dc5638d7e"",""0xba43dc1fee7635c8ac3640bd49f486f7d217a475a123803af63389b831328443"",""0xa353c2146e9a243fb7360a35428d933c411fa272574b61ad2a7e5bb90c5877ce"",""0xa5354f7310ed91f59b1c345e39c21b3b0a760f554e1c86015d34b20bf1573fff"",""0x6ca26056104de6a9637fabafb1922d5f2f87e552b8a56e1e2bf5f3f18c17a1fc"",""0xe73354790507ea53673c67d57b9a4e38a7c891a6f1eba2fd7509eafe56356b74"",""0xd07dcd945ac0aa1fbce15f81f2f1057f33d924b5942b074332c1ff7ad8a9da00""]","[""0xae212251bf7256512a4a9af0b279c3792a9c5c0cdf73f3fd29955527462b8c12"",""0xe481e6732d9cab4a1295b47e9d24f63619aabe54b3def88c6262c06dc5638d7e"",""0xd07dcd945ac0aa1fbce15f81f2f1057f33d924b5942b074332c1ff7ad8a9da00""]",0,0,1,0,0,0,0.3
dedudes414md73dd74c,valid,,4,1,4,md73dd74c,100,10,10,"[""0x1659922f2719c055f0065cf86fd257d17a21b7da2fd9943c3c7d671384991eb6"",""0x10174ccc186d1f01377fb8fcdc2ea86c5d1938f3e3ce90187b5a94a6e168f50d"",""0x9a0b15053695120bc6900578f622b3876f4e60021794e4dc43be233adcbe47a4"",""0xc02015173666ee97a6d7bd726d27e09df176696cfff548215ea0a2e91e323871"",""0xc81b924786d751073bcad0d11128f8d2aae32075f7d5860c029cce447d40a98c"",""0x2b7bf8536bf3848c686b35671da7328803c3b75398ab119d87e166a9ba872e8e"",""0x725e4ffde4438936fbd1cce6ef007c792cc2fcbcf183094f688ea895fbb76573"",""0x7847e51b231029c39b20be3245a18fab1b159755d42c48a9d667579cd8369110"",""0x5f95c5dce94c13b1aaf6b1af70f14fb949c396cd8b166afba766facb0f7a06fa"",""0x55ea3048703d53fc06a1f3fb541e4f741d81ab1ea5ca90dca055e109ab2be68a""]","[""0x1659922f2719c055f0065cf86fd257d17a21b7da2fd9943c3c7d671384991eb6"",""0x10174ccc186d1f01377fb8fcdc2ea86c5d1938f3e3ce90187b5a94a6e168f50d"",""0x9a0b15053695120bc6900578f622b3876f4e60021794e4dc43be233adcbe47a4"",""0x4af2f147bffd23d7cf8e07c6701fbf298d85f0cf45a774fed7bbd76a787e5222"",""0x83e3b0998b66120f052c7011ac7fbc31cb77b9e864091293e141f1df231ff2a7"",""0xc02015173666ee97a6d7bd726d27e09df176696cfff548215ea0a2e91e323871"",""0x44db1f41b36ed2fcb23bcdcb49f6b2aa63f0a0f30e97b2afded92dfc1e7ba7e9"",""0xc81b924786d751073bcad0d11128f8d2aae32075f7d5860c029cce447d40a98c"",""0xf76e1e06753c8a4e15491a4e3b5413f180e6aa9fdad03e81d4979d2ce56ecffc"",""0x2b7bf8536bf3848c686b35671da7328803c3b75398ab119d87e166a9ba872e8e""]","[""0x1659922f2719c055f0065cf86fd257d17a21b7da2fd9943c3c7d671384991eb6"",""0x10174ccc186d1f01377fb8fcdc2ea86c5d1938f3e3ce90187b5a94a6e168f50d"",""0x9a0b15053695120bc6900578f622b3876f4e60021794e4dc43be233adcbe47a4"",""0xc02015173666ee97a6d7bd726d27e09df176696cfff548215ea0a2e91e323871"",""0xc81b924786d751073bcad0d11128f8d2aae32075f7d5860c029cce447d40a98c"",""0x2b7bf8536bf3848c686b35671da7328803c3b75398ab119d87e166a9ba872e8e""]",0,0,1,0,0,0,0.6
dedudes414md85b3e78,valid,,4,1,4,md85b3e78,100,10,10,"[""0x46bdaad5874ebfa0892c51f5ef0db222dff6fbf0d1b2433aac7173fecf165500"",""0x621c1ff0003d6ddb024efe72099de0ccaf65a791c28c2f5f9c8d765fdec6b361"",""0x29855cb7d9c101ffd09fe1689ba3ac703ad1bd4f1aa100c4434849f31a55da3d"",""0x2bed620b53fb262419044820898d7dd1a83109bdd26079eb97a00f66fd19e50b"",""0x7019a4c261b27fda2ba8dfbeebc1a3c6fb1acb30397ab9d206b9d2518047eb23"",""0x955672c6dec36c7a50102510ae7a3b9309bce78eecda1ea781f86d410ab59b40"",""0xf36ffa249bf590354898aaf0ebe1f3007a0c588aec5369927e964e5e71192d84"",""0x34389058bce6bf69b89a9cdffc3b9e9d68171d7e85fce6c161fbd86d5036f812"",""0x71ab94c13c743a10ff59c33fce6c6c7e60644c829d79f4c3a18f8312be2eb1c6"",""0x6ce9b85651a97a73d434110e9976fceaae9891d321a75152161c052e3f6a19fe""]","[""0x2bed620b53fb262419044820898d7dd1a83109bdd26079eb97a00f66fd19e50b"",""0xcdf69590102e2120a0699bb0bb4b1e9ded25e4d2f24f7526b1cb67c97658534d"",""0xac71cf4c6d1b0b6ecf72b81901d1e7b92d55b1424c93743d83a5a6c3a2a95112"",""0xf805dbff6348742ab14cf679e7f8361efca863743fdfdec50829ae45981920a9"",""0xa79b998f79699d11b4f12c5472c7ae2ce658f690ff070100aa8cbbb0cec325c0"",""0x80e8fbcc08caa1dd06a1a7aed25697a96c8a47b4d645291144324189e0073967"",""0x5fd6c47c7099a110886aa6e55400c92c8d19f181da37201010934f1879e5c342"",""0x52d38e45620787b4976e0570b4c462e4cf69fba1d3a3e08a406addf07dfac90a"",""0xb4f5558b4bdc7e589b5bba34f2bf39509badb2657bcf2700cffd119deee1b1df"",""0x096fb1c675dcd80ba1d8d7bd732300f0be6419e4c872cfa71a9898a2e737ef42""]","[""0x2bed620b53fb262419044820898d7dd1a83109bdd26079eb97a00f66fd19e50b""]",0,0,1,0,0,0,0.1
dedudes414mdf6261f9,valid,,4,1,4,mdf6261f9,100,10,10,"[""0xeb040071410cb36727fa9adc4aaaff64c251972071302a74f30f357d6e0ee7ad"",""0x85fb9a6bcb387ec3dd49674beb0f8f9b2314b34426021f771fb5b9843a3dedd6"",""0x6efffd26351366aee73474dcc96b09d416d5c182f8ceed91333f1f985b889978"",""0xeea69e947ee3a88aacd4d6699c70c119dd6750f8a5c7290cb0466ec4e8ae243c"",""0x53e7e201be6ea3e2a60dbac2451e9c3783b10f7b65548ef66919f0dbe2a7cc23"",""0x7019a4c261b27fda2ba8dfbeebc1a3c6fb1acb30397ab9d206b9d2518047eb23"",""0xe1d755d2bf660617b3ca4f28c4cd47b24edcdf39019fc36bd3e9ab3763cc38c4"",""0x94587cdc9ea910a526c4664b7cef3d9d425ee369f9aaed8b5791b8fab82d8fa3"",""0x3fe9683c0e77ca5d1c545a47a22db2070f92b786ef071a3bea362ae0ae8b76d4"",""0x1c0420567499644eb79e43bb0e2de2482eb94f68d62492fc10eb1b3b33873871""]","[""0xc4c66c87758566d11daba0f759ec447f962a9ffe9e4ecbfc99b48b6a8458e723"",""0x96066476fea3949719914409cfca4f333dd56c06875c4cb6be7161a9df28ec5b"",""0x039e21128fb774df525e96211f7416810399021fb9fd597495338d0fe777fbe0"",""0xbc0dfb81cf9e22d2d366e0efd4ce5db0ee3ed857f9bb36b8dd7cccc3bbad7d3d"",""0x9c6819fd248cd16a3fc17004ca2b67e87f5cc68986602147590293056036e6e5"",""0xab58b9907d0218646605951a37a38307528978618ef01a598905f9eea1137c91"",""0xd4dc0506bb2e84fb9262f7234c910634d3fc043d0edcbb05d46c6eb6d6c73e9d"",""0x629d8756b0c6d742238515bd47e77333fd827c52ccc143a58c680da9794db8ac"",""0x1c0420567499644eb79e43bb0e2de2482eb94f68d62492fc10eb1b3b33873871"",""0x474e9085ef9b0fc6ca2a16d2fa92978e1bea062a446b6dcb8159da20a9ca6569""]","[""0x1c0420567499644eb79e43bb0e2de2482eb94f68d62492fc10eb1b3b33873871""]",0,0,1,0,0,0,0.1
dedudes414mdfbe43b8,valid,,4,1,4,mdfbe43b8,100,10,10,"[""0x7d385b59d76141b0b2fb313c11e1113fd4d70b1d3d9134abc66cdf5caa7bd8ab"",""0xb566333f866e1259515fb5247d00e0ccbecbf5d079219a7d6317d1732d73a396"",""0x4ac00df2e8e7ebd5d0c84d61568a0ac2e4504fc1371ad1292ed28f3f57f5391b"",""0x2b7bf8536bf3848c686b35671da7328803c3b75398ab119d87e166a9ba872e8e"",""0xc8b6680acf6f6491b5e4fd810a44cbad229729371da8bc7a38d8cc8d2273b83f"",""0xc02015173666ee97a6d7bd726d27e09df176696cfff548215ea0a2e91e323871"",""0x6447bd86e650afcaa2e4e7e2b81339310af662e1a9aa4ef906b4efd1192bcadf"",""0x129233d33da25de89e7d9c842f38484da50aa08605daf58d950d014d1998b062"",""0xa927b8e5afa613b23143ec00582e5d0147e22538781d7399559dcdd49f6de749"",""0x0d1d14b126c9cd4822af2fa53ce6a21cdb935d969bd87e497d8f611724f04c59""]","[""0x0d1d14b126c9cd4822af2fa53ce6a21cdb935d969bd87e497d8f611724f04c59"",""0xbe4fb6057c8c5f006f1f992efc176f60e7db5fc16faa3276dc0d2e8c53c17f34"",""0x35cc0b2887fc2830bbf5808ea0a989765e7782c174e0814faf016ee547ab40fb"",""0x7d385b59d76141b0b2fb313c11e1113fd4d70b1d3d9134abc66cdf5caa7bd8ab"",""0xb566333f866e1259515fb5247d00e0ccbecbf5d079219a7d6317d1732d73a396"",""0x4ac00df2e8e7ebd5d0c84d61568a0ac2e4504fc1371ad1292ed28f3f57f5391b"",""0x2b7bf8536bf3848c686b35671da7328803c3b75398ab119d87e166a9ba872e8e"",""0x645335b805d619da688278ba81f30fba8c9b32c4180e6b831b209be762fcae15"",""0xc8b6680acf6f6491b5e4fd810a44cbad229729371da8bc7a38d8cc8d2273b83f"",""0xc02015173666ee97a6d7bd726d27e09df176696cfff548215ea0a2e91e323871""]","[""0x7d385b59d76141b0b2fb313c11e1113fd4d70b1d3d9134abc66cdf5caa7bd8ab"",""0xb566333f866e1259515fb5247d00e0ccbecbf5d079219a7d6317d1732d73a396"",""0x4ac00df2e8e7ebd5d0c84d61568a0ac2e4504fc1371ad1292ed28f3f57f5391b"",""0x2b7bf8536bf3848c686b35671da7328803c3b75398ab119d87e166a9ba872e8e"",""0xc8b6680acf6f6491b5e4fd810a44cbad229729371da8bc7a38d8cc8d2273b83f"",""0xc02015173666ee97a6d7bd726d27e09df176696cfff548215ea0a2e91e323871"",""0x0d1d14b126c9cd4822af2fa53ce6a21cdb935d969bd87e497d8f611724f04c59""]",0,0,1,0,0,0,0.7
dedudes414me2cd7cad,valid,,4,1,4,me2cd7cad,100,10,10,"[""0x6fd293993fac34a860483e5b9910aae26b466b9c2c6332c52ae5eed6781f08f1"",""0x4358ad280c8933de7612a268ff7d78b652c1080de4782cfd65891416abfe045e"",""0xee1fe02dbad34000981c937592d4873aa7870a1bacb63a8ef0f20e0873a9c2d7"",""0xcd751fb6c2f517318aadc17e485405826a256c92ec627f464ecce7a6df3e71d8"",""0x886b4152ed8b2dd96b02b1e84aa215b471f93ac7dc1f4d4932ec6dbaac8e0d2d"",""0x612930bb80ad2d9ef97fe5057df586170d8fcd1e1b05169edb9afad58e5b801a"",""0xde52ec8aa4b78b622e7ca82e38df4db8c3baa55edaf825d12d0fc0b53900521d"",""0xbe4fb6057c8c5f006f1f992efc176f60e7db5fc16faa3276dc0d2e8c53c17f34"",""0x4b0222fbaafed533465fde16e92bb2d156becc43115ff346c51481937cb2ba3e"",""0xed1b5eceda84280ede9c3d08186f690175f28e9ce35da0d96c419b5344d4eb17""]","[""0xca98d25e2c93784b286e590ed9febb84ffd6e2da7b007b85ea6748061f8e76ac"",""0x037a73ab9a72306dc8ebecdf80a2ab16d414d96cf2f63c7fb32feb92bf9a5b6d"",""0x74d1366fbe52d8484162e1ed6b49c0c8fa14afa42eba223d4651e6ea03ec4cce"",""0x3c5c7c3cdfde1e6a610fadeb29af0d5bf14b21cc8fd41743407ef8de4c918396"",""0x16afeb00f2747e63a63bab610e5c845716931bc23d09339892635a27fc5ba82c"",""0xe2d9f6ed2ad0b01e6a7da20c6ad257cdcb875d010863e437299eae66a07a4a83"",""0xc5c2cb86131f9e87776a8803ffd32d0cd607c48d0d8417a53e9e914dcb7b7f8d"",""0x04e650beefefc57c681b80135dcc75deaa5559de35ae3b4c78d8355b76749b21"",""0x234516a5fb1345f9d7e1dfefa9376d8f3ed00e4b06d5ffa782126225422c39f6"",""0xea2bd6b9a540fc7cb658c0eba77aa94b50680b24ede84c9aa4220903d173a40e""]",[],0,0,1,0,0,0,0
dedudes414me74c87a2,valid,,4,1,4,me74c87a2,100,10,10,"[""0xe54a0d9599f4a911acffcd430f630f622609790e2c1e16e7316e36b5396d8efc"",""0x89de293badb6e8ef2691d811ef98dd0c56e75d703141b55b672c6e4871cab4f1"",""0xe338841190d5e54b835dc1bda44aa8d0a4627b1ed5940e72c7c50aacf0658fd5"",""0xc23952c378a4c56a3ccefad166600f45f6a804220be6ee2ff45beb77fe1e1a80"",""0x52d38e45620787b4976e0570b4c462e4cf69fba1d3a3e08a406addf07dfac90a"",""0x4aec4350ec8365dad07dc6ef5c29f1e86e449c9a9bd76b075a8b9489f4ffca52"",""0x6b03a384380ca05dc3ad8999cde8b924dcb20601a85e94c72c54bced6a959625"",""0xe8682416c80539e84740338af3c04f4ab80b98bf3f2ea20105becf9514448d7f"",""0xb770cf13d1e4f26f879709c9559715691236305eb70631fd073a27aabd46e928"",""0x7bbff83306771c8b922f99954e9cd48c3d881f389994aeb9be1bb00a57d47274""]","[""0xa18a585af6564044287e7941dae389fa30ab6892d4e29cc1cf6b38431a0e1f30"",""0x9e14eb9b0b4d79e8a0f857e9e859cdf595c612dae2bb3851332b3220d3f2aded"",""0xd9d81c410fa0ea1d20889ef47b16f886682f4f9ba2e8027913ed50c3fe682b88"",""0x1fd25841265433ac2e3659c6e73226111c654fd3688b82c9f78369b12668d297"",""0x56ef3e1015ebff4706ed1c5fc7a7b86f7326b0d2610d59b2c56a0d46860dd49a"",""0x3728d769a0e94a8d7bb4206065a99b977cc27b6e56b6936abfdfa99c2fc0e994"",""0xae344a42798a222d1914b1cb70cd1dad6397e19b0a3608362b5b5f2aeb02772b"",""0xec5694704d88b9d8110cbdb1eb4a9c4b2a036acea4f55b393c0e4ca8f6238d20"",""0x7c5a5789f21eba5040da4d9395aefc688a0f120e2e3c76700e30461d0c31c47b"",""0x3befd8aeded3c32a27eba3e01bf239697a166dc076ce1634e0c9c0328e7a44ea""]",[],0,0,1,0,0,0,0
dedudes414mea543351,valid,,4,1,4,mea543351,100,10,10,"[""0x486e177c1643a1337538bc68306e08e1485f4f54e5028b4a7a98fb0f6a72af96"",""0xdd90815cca98f1110bdd2ed20ca96dd581c2178f9d2d8d5ad452484cccb34bf8"",""0x914f0aa8ea60013dbdfa0439481aaac3b6591b5a8ad896fef3748d8d6824cce0"",""0xff35c55cb2d25899ae0156c44cfa93e7364608c395d41c4b8d34a1848ac20e71"",""0x4ac00df2e8e7ebd5d0c84d61568a0ac2e4504fc1371ad1292ed28f3f57f5391b"",""0xf0d5087a2733853510586e08e2a0d5ac1b0d61ac9cca66bddd0322ae42dd2294"",""0xb566333f866e1259515fb5247d00e0ccbecbf5d079219a7d6317d1732d73a396"",""0x2ada7d81283eed776c54f99e09a98efd06cfecb91ea394014312565d23bcd0fb"",""0xac16c962381eb559d72d9bb788cd678ca60b6aba62b37532e1b6ebe18d7ca0d8"",""0x6dadcd3304088ed9827a3ad5f8fae5510a1020d45d927eb3984edba06dcc2165""]","[""0xf4895c2e65fd77f15896acb2e6e88a6985aa4e66b710660c51649dfa142ef08f"",""0x08325ff1f8c90c1056bac7913d895321573da8e77ff5de8eeac46e1ad75aa774"",""0x0248d2cb7fdf2a7095b7715c24e053f0425e97a94dbba26f5fbee48dddd62335"",""0x4ac00df2e8e7ebd5d0c84d61568a0ac2e4504fc1371ad1292ed28f3f57f5391b"",""0xf0d5087a2733853510586e08e2a0d5ac1b0d61ac9cca66bddd0322ae42dd2294"",""0xc4c66c87758566d11daba0f759ec447f962a9ffe9e4ecbfc99b48b6a8458e723"",""0xb3073716ca6507c1e78222d02502caea417253f55b4cb4cfcb0c41b3b612423d"",""0xb566333f866e1259515fb5247d00e0ccbecbf5d079219a7d6317d1732d73a396"",""0x2ada7d81283eed776c54f99e09a98efd06cfecb91ea394014312565d23bcd0fb"",""0x6dadcd3304088ed9827a3ad5f8fae5510a1020d45d927eb3984edba06dcc2165""]","[""0x4ac00df2e8e7ebd5d0c84d61568a0ac2e4504fc1371ad1292ed28f3f57f5391b"",""0xf0d5087a2733853510586e08e2a0d5ac1b0d61ac9cca66bddd0322ae42dd2294"",""0xb566333f866e1259515fb5247d00e0ccbecbf5d079219a7d6317d1732d73a396"",""0x2ada7d81283eed776c54f99e09a98efd06cfecb91ea394014312565d23bcd0fb"",""0x6dadcd3304088ed9827a3ad5f8fae5510a1020d45d927eb3984edba06dcc2165""]",0,0,1,0,0,0,0.5
dedudes414meae7e272,valid,,4,1,4,meae7e272,100,10,10,"[""0xc4ec954ae50a47e6f4dc94c797d002b53e75a54561cfebd8ca67b32879cec36b"",""0xdaecba2ed12f5a5b70fa12804a2e95989f00d20797517e0792bbbe0eb9fa7798"",""0xea2bd6b9a540fc7cb658c0eba77aa94b50680b24ede84c9aa4220903d173a40e"",""0x2350d1c4dcb50ead155d92b600a28ed52cec4e946a60274d5b989965634a6a1a"",""0xc05ca9c89c31d935e983a93ca76e5c5bce8e8f1119b409eaf47715b2f9a60ab4"",""0x7065c95ce2be969592aca05d7b39baf836a549ea29435b85a40e1d0467eb913f"",""0x869de599f50868bcae2bf30b3f9dc56968a76ca825d8ca69c8ccacd27c06ee8e"",""0xee67aaec8f9bb10a8d57fd69647051640fce1f18a86d7ffc271141416a35c7c8"",""0x012f7a5533aa10df03f81882585c8519379e85aff6b3795e78345287a76146de"",""0x76cd5919871a7dd5fa66ab5eb0badb73b20f03f3a9d7b4a917b0d890b1b7c12c""]","[""0xdaecba2ed12f5a5b70fa12804a2e95989f00d20797517e0792bbbe0eb9fa7798"",""0xea2bd6b9a540fc7cb658c0eba77aa94b50680b24ede84c9aa4220903d173a40e"",""0xa79b998f79699d11b4f12c5472c7ae2ce658f690ff070100aa8cbbb0cec325c0"",""0xa95ffd0d5bc70611f706e681fdd001a7128aecc863f1fd30af5959c525cebce3"",""0xec5694704d88b9d8110cbdb1eb4a9c4b2a036acea4f55b393c0e4ca8f6238d20"",""0x04ad85ab8c285a3a04aef9708866be0b1dd8858889925563852717ba11338535"",""0x012f7a5533aa10df03f81882585c8519379e85aff6b3795e78345287a76146de"",""0xc4ec954ae50a47e6f4dc94c797d002b53e75a54561cfebd8ca67b32879cec36b"",""0x45ae843574074a3f4a2c1ca0acde905169694bb10599b0d3696a4f6f56d956b7"",""0xb80f9a6c487f678e44c385af9b93651ca7c8789901ef5143a923fdd75fa34594""]","[""0xc4ec954ae50a47e6f4dc94c797d002b53e75a54561cfebd8ca67b32879cec36b"",""0xdaecba2ed12f5a5b70fa12804a2e95989f00d20797517e0792bbbe0eb9fa7798"",""0xea2bd6b9a540fc7cb658c0eba77aa94b50680b24ede84c9aa4220903d173a40e"",""0x012f7a5533aa10df03f81882585c8519379e85aff6b3795e78345287a76146de""]",0,0,1,0,0,0,0.4
dedudes414mef93eb4b,valid,,4,1,4,mef93eb4b,100,10,10,"[""0x1408aa1b0bf56fea1c8d0a564f254982f3e9253b26979043d6949e536b51648e"",""0xfb8bc2f44032dfa1d9f258c8382fbbbed2612f63d0914fe066563cbefb689a53"",""0x5f342e22fdc7a6f789d4dcf56c0ad2f235a48039e796070d00a94fa5c89c9f30"",""0xd9554d516e8fc2f88fa404f40cb980a0aa42e728adee362d9e6d8b347d0a9f4f"",""0xa23f3af7f8a5ee5a14afac20cc2a40c5a6d0b1a111a101024b117d417709a634"",""0x2270c09584ff34309d9c951ade049db876c4e56549fc7cafaaf3003678bde7aa"",""0x449a819a683cf90a486faa5a3e69a3eff8527cf1e5d672408382aa66280f9bf2"",""0xe9381872cebc79e2531bf12c0fe048554f36507b472ec98795ffc2d25b24bf44"",""0xbfccd0c1b9f3f130151965e4107bb487449b8d1e48c0da7e358f28486767d4ca"",""0x11c6ce9371279a26939a5cbfa91e968d27cbd7f2d8cc288ee357c306c820b030""]","[""0x8dbc33bb09de968685fbd0241a07b9b02f51c04ad7594fb15973d8ba426e3d5f"",""0xe468d8edc4a54c19537f2de145f9b8e65cb9f043cd1aa27e1549c2d8471701b3"",""0xe3545e6599a6ecf65bf8f351a7d25a78ffbbd83ac3ff97766b76ed78dcf18a3a"",""0x4e20376d1da11c9e1f1d90c95dda5d888cc4afaf92514bcf2dce9c5d0ed6f72d"",""0x703dc0cf5b4fea7c1ec8b76d0f2cb74750672c711e8128ec067718125ca92340"",""0x4aee22d2ce86d209c5c30927446358b8b9f135060ae67977c95ce8c029f89aa6"",""0x85b60ca2f58ee6f06cf2e1e61d7abee6ba7c11252f5c1d390a7f13a6f5fdc4d8"",""0x0498e72cbb35cfcceb5ab5e28ff9e3193ec3396d08350f0d371f94b24e66dd8d"",""0x646db217199cafad3c95616f3c8b68ac61fb92cf045d6e50fae31bd18ff3ae91"",""0x2350d1c4dcb50ead155d92b600a28ed52cec4e946a60274d5b989965634a6a1a""]",[],0,0,1,0,0,0,0
dedudes415m034e6fc6,valid,,4,1,5,m034e6fc6,100,10,10,"[""0x1b65966806dbb1f0be4f71ea23866c931ce732fdaf69cc33928719752f37220b"",""0xb6d01a84cc9057fbb430eaba773982d428e92f84e754cca7e87b6b2102d1173a"",""0x9e787d8c20ded4398b04f2d28daaedf40be22f1bfc57e737f900e0705beedd79"",""0x73647254e06e3db62604fdd9e5b53bf4e2f4a3b10c5e5e037c701c0ecb606fe4"",""0x5f342e22fdc7a6f789d4dcf56c0ad2f235a48039e796070d00a94fa5c89c9f30"",""0xe990b48760a33d3980ed663d2924f8f0409a3dc94d02fd68bb2101eb71e0289d"",""0xe61c79a28c846efdda2b7ffc661829ab40c7bb6fd66fdb61c459330caa712ac6"",""0x04a6512dca3acde8fcda8a28ddb210e1134e8422e85daca831e11812f50f304c"",""0xee1fe02dbad34000981c937592d4873aa7870a1bacb63a8ef0f20e0873a9c2d7"",""0x427b720a9454f6ee584a1ef9e5035b3e438f150cc81e15066d085a6fbbab522d""]","[""0xa79b998f79699d11b4f12c5472c7ae2ce658f690ff070100aa8cbbb0cec325c0"",""0x1c0420567499644eb79e43bb0e2de2482eb94f68d62492fc10eb1b3b33873871"",""0x370782400b6be3d398463e29ac2e7fce9b87893f1222016aba1dd78c3be96568"",""0x7c5a5789f21eba5040da4d9395aefc688a0f120e2e3c76700e30461d0c31c47b"",""0x89de293badb6e8ef2691d811ef98dd0c56e75d703141b55b672c6e4871cab4f1"",""0xb3073716ca6507c1e78222d02502caea417253f55b4cb4cfcb0c41b3b612423d"",""0xbc0dfb81cf9e22d2d366e0efd4ce5db0ee3ed857f9bb36b8dd7cccc3bbad7d3d"",""0xae212251bf7256512a4a9af0b279c3792a9c5c0cdf73f3fd29955527462b8c12"",""0x5cade3332a7dec40ebd048efab16eefe3f0e6f3b468acbd31aceb93ae5b85d6e"",""0x39dabafc64c5c5eff56582e8508223dee7f3a8041728d30970cf81a4d1e0be46""]",[],0,0,1,0,0,0,0
dedudes415m0ff0953c,valid,,4,1,5,m0ff0953c,100,10,10,"[""0x765d52f21619492597e96bf708c6f038dfdb4a7bf22b86e57551684dce9e676b"",""0x71ab94c13c743a10ff59c33fce6c6c7e60644c829d79f4c3a18f8312be2eb1c6"",""0x628db294c688c4eec9f9c520278fab7789c6527927a822fca0c4df6fac2c7d52"",""0xa0951cebd37c052f77e6eb1f4ef491edbab78b2372a965d8b12f0cd2b384e20b"",""0x7762576bbe68bbf9edaed9c498946a1b92679b32c7b35899edd1ac48d61cad26"",""0x9ae658816f2cd9f9d93df26417e64b8206f18140199ccd1dc16ed9aabded2ef5"",""0x764bcc5941ba5a44d289d87d1fe02888fc912e1cd264062a64fef5461284e6f8"",""0x0f1f4219ee00c1666ac598c4ed9b73e8f5930e6f76d323712d4bed1a9bb0d89a"",""0xea2c3c9dae5e20aae83a334bbe5b5e04b880cc05d3ac2e6c5780c84998ea0dca"",""0xf3b0c5630ecaffde8457621425373bd27ce2d36f95a5b12c572d306127c72da6""]","[""0x765d52f21619492597e96bf708c6f038dfdb4a7bf22b86e57551684dce9e676b"",""0x71ab94c13c743a10ff59c33fce6c6c7e60644c829d79f4c3a18f8312be2eb1c6"",""0x628db294c688c4eec9f9c520278fab7789c6527927a822fca0c4df6fac2c7d52"",""0xa0951cebd37c052f77e6eb1f4ef491edbab78b2372a965d8b12f0cd2b384e20b"",""0x6a5a76b0c7b5a9ff0299b7cbe23ff0da94842d1be952c745bd0ea6815c4081cc"",""0x7762576bbe68bbf9edaed9c498946a1b92679b32c7b35899edd1ac48d61cad26"",""0x9ae658816f2cd9f9d93df26417e64b8206f18140199ccd1dc16ed9aabded2ef5"",""0x0f1f4219ee00c1666ac598c4ed9b73e8f5930e6f76d323712d4bed1a9bb0d89a"",""0x764bcc5941ba5a44d289d87d1fe02888fc912e1cd264062a64fef5461284e6f8"",""0x3a51e57a7788e54e0e0c36ac50908651d664712bc2ef1475a492710a1ff778b8""]","[""0x765d52f21619492597e96bf708c6f038dfdb4a7bf22b86e57551684dce9e676b"",""0x71ab94c13c743a10ff59c33fce6c6c7e60644c829d79f4c3a18f8312be2eb1c6"",""0x628db294c688c4eec9f9c520278fab7789c6527927a822fca0c4df6fac2c7d52"",""0xa0951cebd37c052f77e6eb1f4ef491edbab78b2372a965d8b12f0cd2b384e20b"",""0x7762576bbe68bbf9edaed9c498946a1b92679b32c7b35899edd1ac48d61cad26"",""0x9ae658816f2cd9f9d93df26417e64b8206f18140199ccd1dc16ed9aabded2ef5"",""0x764bcc5941ba5a44d289d87d1fe02888fc912e1cd264062a64fef5461284e6f8"",""0x0f1f4219ee00c1666ac598c4ed9b73e8f5930e6f76d323712d4bed1a9bb0d89a""]",0,0,1,0,0,0,0.8
dedudes415m1329b005,valid,,4,1,5,m1329b005,100,10,10,"[""0x9d716eb6580a5f8cf4c06e97a7b1e66050be34e61e88318e4a4bb1ec3d5c0a5c"",""0x9a83470f7fb314a3cfe2949cf7872a1b868d565fb7587189e4774901aa31e5b8"",""0xb8b2866e059e96f8e2a4becbcb056bf746394665af6a4d7332d712015aab77a3"",""0x79343114aaa52ccc092dfad9ee433c0302228016766f3423920055f100e7ea6a"",""0x046a603242429ffda7ad1f536f44c8464256e46136a39a88bbb37e6036461f55"",""0xddd7436a340e25c6fc3d857e0d78ceb41df526910deae95fa17bca5367eef3b4"",""0xe0af3ae528b720df7db331772a439a72d9b7c2a23d74b9a816247e89fca57021"",""0x2aebf5cb425ee8cbc3307ff81fdbdca93cf71f5c632b541b16264b7966e33abc"",""0x91c9bd9d573b8699a9c7310d9fc813362114340622262cd006efd8cede0a2f22"",""0xe3fa0824e7536c237725542619a12d3a39772111e70de0ca6bd6e4c57a3d936d""]","[""0x3c5c7c3cdfde1e6a610fadeb29af0d5bf14b21cc8fd41743407ef8de4c918396"",""0x9a83470f7fb314a3cfe2949cf7872a1b868d565fb7587189e4774901aa31e5b8"",""0xb1590d9042f1c9448f94de9acd0f4ff6270a18ecbe4ed2591313a4b052794ced"",""0xe9d3327a0c1b0f98946fae24d653fc98d80d851747cbf8ffec35ce4fab056c2e"",""0x046a603242429ffda7ad1f536f44c8464256e46136a39a88bbb37e6036461f55"",""0x449a819a683cf90a486faa5a3e69a3eff8527cf1e5d672408382aa66280f9bf2"",""0xe0af3ae528b720df7db331772a439a72d9b7c2a23d74b9a816247e89fca57021"",""0xf794db395623b5ff4392db660d1faa7a3db0b8bbb4c59093df8b7c7ba259dbc9"",""0x37034dcdf67d5da562530e4a81e736eb52d13a96010e9f98afd9681bf2443e14"",""0x9798ac9c171506a18608b78c3c0816154b74e320d9ebec9aef5cf7ee8820befd""]","[""0x9a83470f7fb314a3cfe2949cf7872a1b868d565fb7587189e4774901aa31e5b8"",""0x046a603242429ffda7ad1f536f44c8464256e46136a39a88bbb37e6036461f55"",""0xe0af3ae528b720df7db331772a439a72d9b7c2a23d74b9a816247e89fca57021""]",0,0,1,0,0,0,0.3
dedudes415m44fc2bf8,valid,,4,1,5,m44fc2bf8,100,10,10,"[""0x9e14eb9b0b4d79e8a0f857e9e859cdf595c612dae2bb3851332b3220d3f2aded"",""0x94d63c25ab9d5a384a61b40c47f60022b64aaabb4b71acebcf39002062ce9c8f"",""0x9a360976bba2e89f0452b5504aa15a2a3d788f5279077f4971b22af6cc9e9338"",""0x139327ab62bbd4934b7cfc70645861896cb17522dd93377e162859737ea6d3ae"",""0xf1a5d828a3c76d090fde663f9d5301f508996cd8bcd369bee7f8d22b8a7aee2d"",""0x8e334b5c9ae395939e1d6661ea1e9a380e2ed29149278909c2e3540ff62d1ade"",""0x57e6f0d88a496f9f6c164e6d9a769485fae17981efaf2b58701316232cd0fad4"",""0xe990b48760a33d3980ed663d2924f8f0409a3dc94d02fd68bb2101eb71e0289d"",""0x8ea9ddff9ee7af244605ee3fcf67f2c98c84dd8d88bca23617938138553d38d5"",""0x58a1c325755d0a61c9d5c5ecc8e5b1a3db351be2f7ed0586b3f4c827cb2c5199""]","[""0x9e14eb9b0b4d79e8a0f857e9e859cdf595c612dae2bb3851332b3220d3f2aded"",""0x1cd1a0af806057cb0041bf01fedcefbdb51d03fd6a0879a16c91c4bae5430ba7"",""0x5236f24fda178ebee1e67f896ba01c7305c09718e74429772f449b40cbc5c735"",""0xba43dc1fee7635c8ac3640bd49f486f7d217a475a123803af63389b831328443"",""0x139327ab62bbd4934b7cfc70645861896cb17522dd93377e162859737ea6d3ae"",""0x427b720a9454f6ee584a1ef9e5035b3e438f150cc81e15066d085a6fbbab522d"",""0xab3434f8b5ebbe9ed39e209cdbaf610d2b92816d62634fe264263410bc2a31ff"",""0x8dbc33bb09de968685fbd0241a07b9b02f51c04ad7594fb15973d8ba426e3d5f"",""0xd83117a66902557710ac877d5a6e5420420b22d06e9ecafd3d0d0d54852a5c3c"",""0xe75fc98815576ee938473e991f0fe07af751336b9957a62588d93fdbc0ee311b""]","[""0x9e14eb9b0b4d79e8a0f857e9e859cdf595c612dae2bb3851332b3220d3f2aded"",""0x139327ab62bbd4934b7cfc70645861896cb17522dd93377e162859737ea6d3ae""]",0,0,1,0,0,0,0.2
dedudes415m58cd743c,valid,,4,1,5,m58cd743c,100,10,10,"[""0xc4fed2ac503a5dbc763eca6cb57b0f57969026007b35ef9b4a712e377d2c82c6"",""0xa95ffd0d5bc70611f706e681fdd001a7128aecc863f1fd30af5959c525cebce3"",""0x8e77e3ef4e03a1bffa0ce787677aad2d09bc554612a88b278d0fff06718e4a41"",""0x497a5384577e35db028d797286f77db436d76ade59f14dc7363370fb9c3e88a2"",""0x15418becc3a38294b44abffeb029c97bf246f89f0679daa94e431a72b8d79af7"",""0xa0eb7bd51a718323ba3be09dc166cc7f2a92b7890c0bf3d5f5cc1ea523b97d9b"",""0xc293cab7efd58dfaad914382f3ec76f4191f2b269d219a47097521bdb63e5444"",""0xb628ae3f63df97bb243964a8d670fe3d79e14ba71d36aab2c72041ec808e913e"",""0xb666f7388daea73afd4e6edc50c33a3b757f26cfb7f524ea95ed4aefce0fd977"",""0x832b76355ee1d7de460851489a18c3f3f4ee56683f94d7cde9f8b55220037d75""]","[""0x9c6819fd248cd16a3fc17004ca2b67e87f5cc68986602147590293056036e6e5"",""0xe468d8edc4a54c19537f2de145f9b8e65cb9f043cd1aa27e1549c2d8471701b3"",""0x80e8fbcc08caa1dd06a1a7aed25697a96c8a47b4d645291144324189e0073967"",""0x909de760f48ac7e0ec11f7e278bfd2badcc2e1cdceccb1e89cf527196eb328f2"",""0x9148ff50cf94b78f204da5a6297852b12d17e8bc815147d5d8fbc5329d0ba2c4"",""0x8d569616a01ff7b6f8c3e29a5d33273ab6c86c53037cae27ef6cc51c67113f78"",""0xed645af593084ee81eafa1aa8b6951ddddbe81a8fdede6bda5e069b77a70b1ab"",""0xf108d19218ab1d485d94bf7edf808ab93b615d2ebf6bc7a6bb4ee827d1b06712"",""0xfdeb433372442dcc656d51c2e2bab43fef0e012ccb4076ceb0fb6f9ba1eb9b29"",""0x7c5a5789f21eba5040da4d9395aefc688a0f120e2e3c76700e30461d0c31c47b""]",[],0,0,1,0,0,0,0
dedudes415m5f378a26,valid,,4,1,5,m5f378a26,100,10,10,"[""0x9cbb79130a14d3f5d515cc15d95bee0b494d6180db7c5d28086086fc99f5214b"",""0x8c73caff07adb3f63f47af3d7424fca991180a267d5cc7d86f844f2e1ba8f8ef"",""0xa353c2146e9a243fb7360a35428d933c411fa272574b61ad2a7e5bb90c5877ce"",""0xb91134e44ac313e01c96c9997d26dffe9ac7b25ec2a81bd7dcbb5fe5a1202d90"",""0xa2a46c90bdcbf0a7824d46d8116ee6b7a39331f83d437ca351a71e9aacf3d533"",""0x3ec728f5c1dd490ae1229323fb5217f61c0b4dfe3255fcaa06be8db15e69c0cc"",""0x8e564b61aa228f33d5e4494d1f47890f728eb60765051c2ef939f466082585b8"",""0x478c3e3adf74c4cbad602a50e81199167363332778058451b0a4c9eb8a77d6f3"",""0xb0f1aaee4e691db8018778d1e0cf9b337c5c3290d716d6a1c0d05e1ce0e86d4e"",""0xf1480c511ca93719e7c4df2d4a0eb126a32ac678055373f164d046bd55a83beb""]","[""0xe03f52b78bc8e9eab84e177e513ae005b06cbe60597e3fbbb3f6cbce41404793"",""0x83597780a900e3443f7629c9b0b4181f53c8c3b119b210233befb1421e672e93"",""0x2c6ff6fd5988e48779fe9d7205881d59036eb530a80d7b3473f99cf9a1983500"",""0xd06a42d72cfbb96ba643618224587534b89ed6d8fc280e2b48ed9c6c13cd6972"",""0x29faba369a9df31c5cb9e6bc1c5e33037f979b47cee76339e986f878271fa5dd"",""0x93cccc9ddb2c07147c7775f32275ffe610eae9dac4a0b0e0c03c37e1c0bd53f5"",""0x94ec6120d2be59f3d3989ccd7d85da8a22cde1f056fcb7ac7cd109fc9c493352"",""0x5c922bd085dadc1604adfb84e835cdeb680d47546aebdc5f3cdc700301e4b7c3"",""0x96066476fea3949719914409cfca4f333dd56c06875c4cb6be7161a9df28ec5b"",""0xa79b998f79699d11b4f12c5472c7ae2ce658f690ff070100aa8cbbb0cec325c0""]",[],0,0,1,0,0,0,0
dedudes415m605d61cb,valid,,4,1,5,m605d61cb,100,10,10,"[""0x5a354742fd5b660be04a0326f7e084e2a2e59d132e361028f7dc0613581c139c"",""0x3e8bec0f1c4ef02baba2a1e6c1602b14978143e4bff67d4e747559701dac5342"",""0x4799c972997b453ebd835cee78c0e619ea6aab030d36b2c67ad565d6ece7f8e0"",""0x5236f24fda178ebee1e67f896ba01c7305c09718e74429772f449b40cbc5c735"",""0x7c52680fcfef5c7a792985f3ad5c6f7d89246254102af68608ab10b59e8a1bc8"",""0x178df42794815bec2b31a4b63af8ddc9177af487f8210f04c467da77af643d16"",""0x6288dcfe5fb2840d2562fff7aa877762bbb68d40fa73a282fffaa9a6f8c8a10c"",""0x63879342496d3a9984de17c415c87d18e806c8262cae4fba3e416581b42a0626"",""0xfd2de58266480fed9d46a1e1ba6035de3d8749c96a42d7ecfd37c5e1e77e9d87"",""0x99c64562defad2f1718b78a3014eb5582221e0ab10d0f8da0d92f8a5e4472d1c""]","[""0x5236f24fda178ebee1e67f896ba01c7305c09718e74429772f449b40cbc5c735"",""0x7c52680fcfef5c7a792985f3ad5c6f7d89246254102af68608ab10b59e8a1bc8"",""0x6288dcfe5fb2840d2562fff7aa877762bbb68d40fa73a282fffaa9a6f8c8a10c"",""0x17e8c26097d0ff404e51aff2c72019cb18f3aa51e2095995e64b675842e14a11"",""0x97423c55158df9670a689f78b9b25766a67c2206551fcfcd9909eaa2b209fdfa"",""0xf108d19218ab1d485d94bf7edf808ab93b615d2ebf6bc7a6bb4ee827d1b06712"",""0x8d569616a01ff7b6f8c3e29a5d33273ab6c86c53037cae27ef6cc51c67113f78"",""0x47399756da88a59616696c5337a59aaeb941e2d81c4f4caaf921c282c55c6263"",""0x29faba369a9df31c5cb9e6bc1c5e33037f979b47cee76339e986f878271fa5dd"",""0x4e20376d1da11c9e1f1d90c95dda5d888cc4afaf92514bcf2dce9c5d0ed6f72d""]","[""0x5236f24fda178ebee1e67f896ba01c7305c09718e74429772f449b40cbc5c735"",""0x7c52680fcfef5c7a792985f3ad5c6f7d89246254102af68608ab10b59e8a1bc8"",""0x6288dcfe5fb2840d2562fff7aa877762bbb68d40fa73a282fffaa9a6f8c8a10c""]",0,0,1,0,0,0,0.3
dedudes415m61ff8ed9,valid,,4,1,5,m61ff8ed9,100,10,10,"[""0xfc04a19087edbc1da922120d26a7b65619068e66fa34d931b0f1f70c66c0267e"",""0xcdac4b8724f50f65662dfbe63aab4a8c00aba9ff45b3ef54b4624eb092178fd1"",""0xa62a958b83f6c5160074f14c3ec7e44184ca730e4dbae5c8895b45992a3b190e"",""0xa60061a46e6f3588611ff2e030a8c2739435473882e320556fcfb9df009f9e67"",""0x67d63531f3cc40537b83d4d01612f8e6285310d27661da535cc65e0dfe79e5a1"",""0xeb92703c6469d5c7e31827a33abb93d937be6b1cec96018273d23f40a909703a"",""0xdb6638e2aa700fc8c36d2893f108807601d384e149b65b6fe3ab1b644717dd01"",""0x558af4278655e13ee6d34fa936383c31f36fdcdfc5ec8ca437425510076a6eea"",""0x6abe5b14e7e5f95462a3451441624c82b5dba83d2cb308d785adbb6c53944f1d"",""0xe94af6de51c16c176b861de4cb1227cb5aac25da9c8b90b4cfd8c4f5c052f8ee""]","[""0xa5354f7310ed91f59b1c345e39c21b3b0a760f554e1c86015d34b20bf1573fff"",""0xe73354790507ea53673c67d57b9a4e38a7c891a6f1eba2fd7509eafe56356b74"",""0x047056a4db8bc397a2311e162c6c84c92e428d210fad778e565a69407c2480ff"",""0xf753cdb4750238eebb2710939be41aec7da5c28d5812cc16ccbcf95421e17a65"",""0xac8b80036991313f0d9991aa483a95a9c01079cd33e372b5d4f6225deb94ebe3"",""0xabd36aa877f84ff262365e67d8bc106b156ff7a8b05109e7be64388152ff0974"",""0xa17d97abc100dc9f7fd738ca789c4f6db08b3c581ef01cd5161a5f139b8a79e2"",""0xed54d7a9fbadc1c92763a2cd69d632fb026af91e74faa22722bc8981334ce6cf"",""0x4075b1c1a48c332b84b4ca094e3b13c917ba819a5b04ff83479afdd4ca43c354"",""0xa2768aee9c99fab0f52e085695c2373eff29dcb97f88834346cad088b73812bd""]",[],0,0,1,0,0,0,0
dedudes415m62eeb31e,valid,,4,1,5,m62eeb31e,100,10,10,"[""0xd3b4b9f6f6182ab45c2a03bd0e3e5a74c67714cd31fc91ce22d96ec815857918"",""0xf36ffa249bf590354898aaf0ebe1f3007a0c588aec5369927e964e5e71192d84"",""0x06695fb5641c3680e85f19e4d7d309e0ef749b92d03eade667b86019e3d0853f"",""0xf96bf5d3cfccc96a356555adc13fcc7edbfa81afc78a5fa4043f3dcc47ae4323"",""0xe912236ac1e0fa2314dc68c399351e62211e87c3958e648e380df3554a876137"",""0x99c64562defad2f1718b78a3014eb5582221e0ab10d0f8da0d92f8a5e4472d1c"",""0xa0f680ecefd895d9fd933e4eeb021e41ab3693788b90070d8b448e2d300b62f6"",""0x63f38a7112e47ee5c2e95d61e4589f58c4a7b0ed0a54653dfe44a8213407c79b"",""0x7305efcada23bf932b1d643271d54b895f0d82a3a43ff08b0480680d54366384"",""0x8d6594a552929047b663d428b7b34570addcc978489af70927453bb515358c35""]","[""0xf96bf5d3cfccc96a356555adc13fcc7edbfa81afc78a5fa4043f3dcc47ae4323"",""0x75232ef6746d01e9b8c3c4fe3f6d217fbc13928d20867b00a929dcd7d5749bd6"",""0xe912236ac1e0fa2314dc68c399351e62211e87c3958e648e380df3554a876137"",""0x0147b80fb439b3c56263507b7354f947f9196fcd5c43632dafe2463a29356c5b"",""0x6e6d758c129baedd88101292ed8a6478f9e421eb01f679a57b3c644f3876f468"",""0x047056a4db8bc397a2311e162c6c84c92e428d210fad778e565a69407c2480ff"",""0xab58b9907d0218646605951a37a38307528978618ef01a598905f9eea1137c91"",""0x2bed620b53fb262419044820898d7dd1a83109bdd26079eb97a00f66fd19e50b"",""0xa5354f7310ed91f59b1c345e39c21b3b0a760f554e1c86015d34b20bf1573fff"",""0x4e20376d1da11c9e1f1d90c95dda5d888cc4afaf92514bcf2dce9c5d0ed6f72d""]","[""0xf96bf5d3cfccc96a356555adc13fcc7edbfa81afc78a5fa4043f3dcc47ae4323"",""0xe912236ac1e0fa2314dc68c399351e62211e87c3958e648e380df3554a876137""]",0,0,1,0,0,0,0.2
dedudes415m688ed826,invalid,error_duplicates,4,1,5,m688ed826,100,10,10,"[""0xa6c3685747057209a427117968fe118950aad3eaaf5386b285e0b3b54cef9f87"",""0x9e14eb9b0b4d79e8a0f857e9e859cdf595c612dae2bb3851332b3220d3f2aded"",""0x24b3965f185cdbe1fc3727ff2135238ce0ef4e7ee1390c559ac159dbe1d0c04e"",""0xbae758a9b835e93f83a4715b4d0b3f8e5e2f3c17b6b72baa0d50ee310925fa9e"",""0xdf68bebf3b276ea37921247bf2bc5d4faccce08b5f9721559030b1e34603f1a0"",""0x3fe9683c0e77ca5d1c545a47a22db2070f92b786ef071a3bea362ae0ae8b76d4"",""0x910c2fec08f3cbf6278353f88ca09a0d1a2a74f3fe194bcc8e6ec6df84b6e5f9"",""0xd58da8985226932f70603b9da4ec0037387458a6c26bbb78e6f7e2fe68bf86bb"",""0x2ca8d5400b3f2a2c1023e937e8cefa19eb7934d6c64e4eb7ccaef4bf420eb203"",""0xd58da8985226932f70603b9da4ec0037387458a6c26bbb78e6f7e2fe68bf86bb""]","[""0xa6c3685747057209a427117968fe118950aad3eaaf5386b285e0b3b54cef9f87"",""0xbae758a9b835e93f83a4715b4d0b3f8e5e2f3c17b6b72baa0d50ee310925fa9e"",""0x71c27b8547dd4bc5b567c4bdfea30552124c62fef8f8c10781579ba95ad6bb72"",""0xdf68bebf3b276ea37921247bf2bc5d4faccce08b5f9721559030b1e34603f1a0"",""0x3fe9683c0e77ca5d1c545a47a22db2070f92b786ef071a3bea362ae0ae8b76d4"",""0x9e14eb9b0b4d79e8a0f857e9e859cdf595c612dae2bb3851332b3220d3f2aded"",""0x24b3965f185cdbe1fc3727ff2135238ce0ef4e7ee1390c559ac159dbe1d0c04e"",""0x2ca8d5400b3f2a2c1023e937e8cefa19eb7934d6c64e4eb7ccaef4bf420eb203"",""0x910c2fec08f3cbf6278353f88ca09a0d1a2a74f3fe194bcc8e6ec6df84b6e5f9"",""0xd58da8985226932f70603b9da4ec0037387458a6c26bbb78e6f7e2fe68bf86bb""]","[""0xa6c3685747057209a427117968fe118950aad3eaaf5386b285e0b3b54cef9f87"",""0x9e14eb9b0b4d79e8a0f857e9e859cdf595c612dae2bb3851332b3220d3f2aded"",""0x24b3965f185cdbe1fc3727ff2135238ce0ef4e7ee1390c559ac159dbe1d0c04e"",""0xbae758a9b835e93f83a4715b4d0b3f8e5e2f3c17b6b72baa0d50ee310925fa9e"",""0xdf68bebf3b276ea37921247bf2bc5d4faccce08b5f9721559030b1e34603f1a0"",""0x3fe9683c0e77ca5d1c545a47a22db2070f92b786ef071a3bea362ae0ae8b76d4"",""0x910c2fec08f3cbf6278353f88ca09a0d1a2a74f3fe194bcc8e6ec6df84b6e5f9"",""0xd58da8985226932f70603b9da4ec0037387458a6c26bbb78e6f7e2fe68bf86bb"",""0x2ca8d5400b3f2a2c1023e937e8cefa19eb7934d6c64e4eb7ccaef4bf420eb203"",""0xd58da8985226932f70603b9da4ec0037387458a6c26bbb78e6f7e2fe68bf86bb""]",0,0,1,0,0,0.09999999999999998,1
dedudes415m74b51335,valid,,4,1,5,m74b51335,100,10,10,"[""0x83a064fb0c3d929367b562453fd56149325de6ec75b506925731d32e2572c2b0"",""0xfa053fe51ce4177e6f87e25a509dd4939dfde8a74dfc08ead6e8efdf07bc418c"",""0xd34b17cabffa509cdf016810a9183f9a8b608157bda3158cedaa6fc8efcfcc54"",""0x2b2aa943c85f444b73f30ba39f4ba1c0ea5599ee3d455d9029994832f8935d89"",""0x927d988818abf504d4dce598e7494e5fe56f33a54d03cedc61bbf54d48dc68f6"",""0xe5ecae235c072b0d9441adcf860679092fcca7857047561a06f49649793f3001"",""0x4feffcd1822aac4917801fa166946af6d6a03938638e96f75b64f78af2d00ed9"",""0x89de293badb6e8ef2691d811ef98dd0c56e75d703141b55b672c6e4871cab4f1"",""0x93cccc9ddb2c07147c7775f32275ffe610eae9dac4a0b0e0c03c37e1c0bd53f5"",""0x8f5335e17c8dc30f9b41ddbd88090354e99952e963a690ddcb71e5bb2f382fcd""]","[""0x89de293badb6e8ef2691d811ef98dd0c56e75d703141b55b672c6e4871cab4f1"",""0x93cccc9ddb2c07147c7775f32275ffe610eae9dac4a0b0e0c03c37e1c0bd53f5"",""0x888905a0a534ce554b87552efa11982058f2bd78d7cd30f22878b95f388290f8"",""0x2bed620b53fb262419044820898d7dd1a83109bdd26079eb97a00f66fd19e50b"",""0x4075b1c1a48c332b84b4ca094e3b13c917ba819a5b04ff83479afdd4ca43c354"",""0xbc27e5eeae8d24741e37498174c18b7be391ae0403b6218c92734f8c2f6a975a"",""0x47399756da88a59616696c5337a59aaeb941e2d81c4f4caaf921c282c55c6263"",""0xc23952c378a4c56a3ccefad166600f45f6a804220be6ee2ff45beb77fe1e1a80"",""0x2c6ff6fd5988e48779fe9d7205881d59036eb530a80d7b3473f99cf9a1983500"",""0x9c6819fd248cd16a3fc17004ca2b67e87f5cc68986602147590293056036e6e5""]","[""0x89de293badb6e8ef2691d811ef98dd0c56e75d703141b55b672c6e4871cab4f1"",""0x93cccc9ddb2c07147c7775f32275ffe610eae9dac4a0b0e0c03c37e1c0bd53f5""]",0,0,1,0,0,0,0.2
dedudes415m87a0e423,valid,,4,1,5,m87a0e423,100,10,10,"[""0x4ecdf3e02d13c9fe32db547b16d4703e37fffadfff94ccccafba5d3492270e84"",""0xd247cd5ac6d6b3dc844de66d61eb913737ab441ca94132664b1e1abf058db54f"",""0x7321022e3cb70e0ca5419929854423847ec5986fac6ab928bccba76d1f95085f"",""0x6cec17c15f975a0c2c5010ded2db37c1c91e6bb5d35e7a4d07a843a76bd9fafb"",""0x11c6ce9371279a26939a5cbfa91e968d27cbd7f2d8cc288ee357c306c820b030"",""0x48bcc597a4fa707c2d615b32c129a4069ac4c0120947d0afdb5e897b83ad9128"",""0xb54d31f2e89f6e1d3d1d659f1ffec1aa642d4fbf8e6dc52863e208aea5410ec1"",""0x60b4be27c72f7952b0b6b9bea5ac61f7e8696a302ff5c4ae98e7f96cab5c7a83"",""0x12b10840af76dae24935c28d98e8bcd4783afd7ed0d83ab1ed972536b18bf82e"",""0xf1480c511ca93719e7c4df2d4a0eb126a32ac678055373f164d046bd55a83beb""]","[""0x4ecdf3e02d13c9fe32db547b16d4703e37fffadfff94ccccafba5d3492270e84"",""0xd247cd5ac6d6b3dc844de66d61eb913737ab441ca94132664b1e1abf058db54f"",""0x8fa0c2d99bbdc01f3af5867614abefa0c4ddc6da838698d9c9c816368a4c68ba"",""0x7321022e3cb70e0ca5419929854423847ec5986fac6ab928bccba76d1f95085f"",""0x4b34d937794e2a40aa0e0b2cab3894d84cc5ca50772ada5dd00d3bdd255111bd"",""0x9472b1c0afb7c6751ad0c546dcd2b1fd4d72269eeb6eec0590ae3ea255789880"",""0x57137b2edd3af8ab8e1a99ca842ae3d78f905ad42c4f079677b2656f7cc647da"",""0x4feffcd1822aac4917801fa166946af6d6a03938638e96f75b64f78af2d00ed9"",""0x6cec17c15f975a0c2c5010ded2db37c1c91e6bb5d35e7a4d07a843a76bd9fafb"",""0x11c6ce9371279a26939a5cbfa91e968d27cbd7f2d8cc288ee357c306c820b030""]","[""0x4ecdf3e02d13c9fe32db547b16d4703e37fffadfff94ccccafba5d3492270e84"",""0xd247cd5ac6d6b3dc844de66d61eb913737ab441ca94132664b1e1abf058db54f"",""0x7321022e3cb70e0ca5419929854423847ec5986fac6ab928bccba76d1f95085f"",""0x6cec17c15f975a0c2c5010ded2db37c1c91e6bb5d35e7a4d07a843a76bd9fafb"",""0x11c6ce9371279a26939a5cbfa91e968d27cbd7f2d8cc288ee357c306c820b030""]",0,0,1,0,0,0,0.5
dedudes415m92034409,valid,,4,1,5,m92034409,100,10,10,"[""0xc4ec954ae50a47e6f4dc94c797d002b53e75a54561cfebd8ca67b32879cec36b"",""0xafaf37138b574609e2b3a5e1aa3234f080ad70ad5676fad40b19895a078d7dee"",""0xa85a50d3fbda3680b262cdba8344aa00eccd23094f7e17385e88cbdb6c045853"",""0x886b4152ed8b2dd96b02b1e84aa215b471f93ac7dc1f4d4932ec6dbaac8e0d2d"",""0xdeea673ab4c2c2b3af52aa998c4e78647ae0072427898ea8311b65cb166c3b27"",""0xc49db178c2f3408bc6f16413c2dff63dfeab8fb61ec4988cee39a34b0bd9c2a6"",""0x2521e9afae2ab73bb174a07492169c61c7554cfcb20579036abe91d7c3e15756"",""0xb1590d9042f1c9448f94de9acd0f4ff6270a18ecbe4ed2591313a4b052794ced"",""0x52f959174b3d5e4a9c601c8be94fb382d572ca485eca8cb636993fb300b8dd2e"",""0x139327ab62bbd4934b7cfc70645861896cb17522dd93377e162859737ea6d3ae""]","[""0x52f959174b3d5e4a9c601c8be94fb382d572ca485eca8cb636993fb300b8dd2e"",""0xb8b2866e059e96f8e2a4becbcb056bf746394665af6a4d7332d712015aab77a3"",""0xc4ec954ae50a47e6f4dc94c797d002b53e75a54561cfebd8ca67b32879cec36b"",""0xd640fc571224b43933da64febedeeafadc7979499fd0e6564fb7d8d00ca2b2d6"",""0xbc0dfb81cf9e22d2d366e0efd4ce5db0ee3ed857f9bb36b8dd7cccc3bbad7d3d"",""0xed645af593084ee81eafa1aa8b6951ddddbe81a8fdede6bda5e069b77a70b1ab"",""0xac71cf4c6d1b0b6ecf72b81901d1e7b92d55b1424c93743d83a5a6c3a2a95112"",""0x0026d3f471982cd447ef47a2f259ea569aed62b3822c41c4b317797fe231a5dc"",""0xa85a50d3fbda3680b262cdba8344aa00eccd23094f7e17385e88cbdb6c045853"",""0xafaf37138b574609e2b3a5e1aa3234f080ad70ad5676fad40b19895a078d7dee""]","[""0xc4ec954ae50a47e6f4dc94c797d002b53e75a54561cfebd8ca67b32879cec36b"",""0xafaf37138b574609e2b3a5e1aa3234f080ad70ad5676fad40b19895a078d7dee"",""0xa85a50d3fbda3680b262cdba8344aa00eccd23094f7e17385e88cbdb6c045853"",""0x52f959174b3d5e4a9c601c8be94fb382d572ca485eca8cb636993fb300b8dd2e""]",0,0,1,0,0,0,0.4
dedudes415m9a581345,valid,,4,1,5,m9a581345,100,10,10,"[""0x9f0a3a8d25a45639ae098d31cf4d9b0b878f2554dc75dce680d565515a32136c"",""0xe3518c539249e19284d9ecf920f9253c5f48a52e01c01c383a78c92121870ffc"",""0x0b11176ffd279cf4e1fc5f4d0afa222f064ee56dcbfaf089a9abf5597195b176"",""0x15418becc3a38294b44abffeb029c97bf246f89f0679daa94e431a72b8d79af7"",""0xa077d467da14848d18e59e8577d5713ebe983a7a361998d6825c5db70368f0b1"",""0x124965f4295b430e31600aff8339d9e8d948b45552f88d1931428fec081af241"",""0xab3434f8b5ebbe9ed39e209cdbaf610d2b92816d62634fe264263410bc2a31ff"",""0x6dadcd3304088ed9827a3ad5f8fae5510a1020d45d927eb3984edba06dcc2165"",""0xdaecba2ed12f5a5b70fa12804a2e95989f00d20797517e0792bbbe0eb9fa7798"",""0xf805dbff6348742ab14cf679e7f8361efca863743fdfdec50829ae45981920a9""]","[""0x29faba369a9df31c5cb9e6bc1c5e33037f979b47cee76339e986f878271fa5dd"",""0x8d569616a01ff7b6f8c3e29a5d33273ab6c86c53037cae27ef6cc51c67113f78"",""0x6e6d758c129baedd88101292ed8a6478f9e421eb01f679a57b3c644f3876f468"",""0xa5354f7310ed91f59b1c345e39c21b3b0a760f554e1c86015d34b20bf1573fff"",""0xe942f44aef93d4afb3cbaf854f82604034c778e957f217525c0d5b8745fc0e1b"",""0xddb3d9f3dee573b1be47b97205b1dad6937e2aa63171287104d449baee27f61b"",""0xcdf69590102e2120a0699bb0bb4b1e9ded25e4d2f24f7526b1cb67c97658534d"",""0xabd36aa877f84ff262365e67d8bc106b156ff7a8b05109e7be64388152ff0974"",""0xe32ad4d2b4c5e2a403429a97e94d1115a2a6746b5eefeefffbb697694fa1d4f2"",""0x7c5a5789f21eba5040da4d9395aefc688a0f120e2e3c76700e30461d0c31c47b""]",[],0,0,1,0,0,0,0
dedudes415m9f25cc42,valid,,4,1,5,m9f25cc42,100,10,10,"[""0x8788939ddccdf8e78e57c0735229a8e72ba044b2830d252589de113f575b9c91"",""0x270f61373b2830aa200bec948b801025f0d5465f203a4c38b735028251878aeb"",""0x560a3a1989194c2252f21688e120be2ccd659c75fe1edf11e3657c036f6b97b0"",""0xda4e65390f5a56d4d12deb6f0eab1bc6c76312ca72441fb19d514dc8a972574e"",""0x012f7a5533aa10df03f81882585c8519379e85aff6b3795e78345287a76146de"",""0x6ca26056104de6a9637fabafb1922d5f2f87e552b8a56e1e2bf5f3f18c17a1fc"",""0x76a481cda16a9b51383887ded51afb2739c0bd85e7cd613c6454f2556d72b108"",""0xf1a5d828a3c76d090fde663f9d5301f508996cd8bcd369bee7f8d22b8a7aee2d"",""0x679a4b7500e218a9148e881a0eb0c30fa15405ad10fcb785ca882ce2b28dcc69"",""0x4fdd1f8f5e10e66120a16cf0cb41f30337eb24a60bff2361a93c784d64645267""]","[""0xa52341e05fdb6a81cf1caa591fe1e05c71018324a4fe74d32a338787220793ba"",""0x560a3a1989194c2252f21688e120be2ccd659c75fe1edf11e3657c036f6b97b0"",""0x012f7a5533aa10df03f81882585c8519379e85aff6b3795e78345287a76146de"",""0x6ca26056104de6a9637fabafb1922d5f2f87e552b8a56e1e2bf5f3f18c17a1fc"",""0x76a481cda16a9b51383887ded51afb2739c0bd85e7cd613c6454f2556d72b108"",""0xf1a5d828a3c76d090fde663f9d5301f508996cd8bcd369bee7f8d22b8a7aee2d"",""0xa57a419d14e97fbd6f66deae8d60b09b35e6b3eb57fdb74ddab9d88b42a9f182"",""0x679a4b7500e218a9148e881a0eb0c30fa15405ad10fcb785ca882ce2b28dcc69"",""0x13ad2aaa30aa2c9cf95c2a9bf238b1c9dbf105d72ea30521868af92a2d943b6a"",""0xa8f6645926614e855e9e5410950b0d978447966aa63f119579ee2f9f1f815372""]","[""0x560a3a1989194c2252f21688e120be2ccd659c75fe1edf11e3657c036f6b97b0"",""0x012f7a5533aa10df03f81882585c8519379e85aff6b3795e78345287a76146de"",""0x6ca26056104de6a9637fabafb1922d5f2f87e552b8a56e1e2bf5f3f18c17a1fc"",""0x76a481cda16a9b51383887ded51afb2739c0bd85e7cd613c6454f2556d72b108"",""0xf1a5d828a3c76d090fde663f9d5301f508996cd8bcd369bee7f8d22b8a7aee2d"",""0x679a4b7500e218a9148e881a0eb0c30fa15405ad10fcb785ca882ce2b28dcc69""]",0,0,1,0,0,0,0.6
dedudes415m9fd952b2,valid,,4,1,5,m9fd952b2,100,10,10,"[""0x3728d769a0e94a8d7bb4206065a99b977cc27b6e56b6936abfdfa99c2fc0e994"",""0x15375c29885ba8ec082167b98e385179d2cde641aadf61f7df0b498c97135d9e"",""0xb34d0672d82ca835755d6954e21baa97d9d084b440996acb30739ea2c258da7d"",""0xd3be73cce96021455963ce18914194a24c5d3a7b457559c3c05a941874e717c0"",""0x0f3abeb156c2c78f8d6903bb725cb1de4b6d19227e5372ed037f9e2266ea3411"",""0x177146b16d55a1d391948de43fb53262b93e6941e44421a8f72da6c2dfb3094b"",""0x3151cf1f6245ad1f95925a7c6ca997a55c4df051b87283ae86e2233718593879"",""0x9478c028042b818e3e9fd611fcd1aa20d65023f1c0989e400fca36791598128f"",""0x33398d3210b02fd6bdff84655d55cd3e84ca8436888d70edc5eb3e3071d139c3"",""0xa0eb7bd51a718323ba3be09dc166cc7f2a92b7890c0bf3d5f5cc1ea523b97d9b""]","[""0x0248d2cb7fdf2a7095b7715c24e053f0425e97a94dbba26f5fbee48dddd62335"",""0x52f959174b3d5e4a9c601c8be94fb382d572ca485eca8cb636993fb300b8dd2e"",""0x370782400b6be3d398463e29ac2e7fce9b87893f1222016aba1dd78c3be96568"",""0x13b6d9bdd6ca06f426dc0d41746324c9ce628d54eb8c6f7585171d54489105b2"",""0xd7d653f7f8e66eb593bc9b749e14270025b9d8fa3c3b79c90eee945e199c8d4d"",""0x2bed620b53fb262419044820898d7dd1a83109bdd26079eb97a00f66fd19e50b"",""0xac71cf4c6d1b0b6ecf72b81901d1e7b92d55b1424c93743d83a5a6c3a2a95112"",""0xb608421e38e36743f8fbd8f6ecfada1c05dfd5091e111c5bca9db9c42a39324c"",""0x51ca5ceea8865e68fea76905e36eaf9b1307c13e80e084abd7c08edfc103c620"",""0xf96bf5d3cfccc96a356555adc13fcc7edbfa81afc78a5fa4043f3dcc47ae4323""]",[],0,0,1,0,0,0,0
dedudes415ma13a9811,valid,,4,1,5,ma13a9811,100,10,10,"[""0xaec5f3d8354072d281f62bcf5bb667d28adf2707c88750a1fcac78122226a936"",""0xef7983386c52f2e3fd86953cb396f63925a347990bc0788e13470bba1246a1a6"",""0x4d26cdd7c14317b28683534f1a6b0eef1e503cf2c0dc83905a7255717c75ec00"",""0xd6123c9172358a6d7a877304cb9b7311be7ee4684008057c0434f3bc871f49e1"",""0x08409c88ced795e923586fc7541cd01415324e0c0ccb6ceff805c6a07281896d"",""0x8788939ddccdf8e78e57c0735229a8e72ba044b2830d252589de113f575b9c91"",""0x27ea82588e84c8f07bd0ada1a20ca6b092985d021be143ad1979036c018adddd"",""0x6f36db2e89512e0d23a9d0d6aabccd47dabad6c24d86f4ed3e2f34d2f18b5970"",""0xc5c2cb86131f9e87776a8803ffd32d0cd607c48d0d8417a53e9e914dcb7b7f8d"",""0x914020427e46dfdb433652fa42f8d748194f468299ebb4d21fedcb46d9db0637""]","[""0xef1c682a96f426ceffe117ba429fc06fc879a35e191eaec5c199908f2c665b34"",""0x39dabafc64c5c5eff56582e8508223dee7f3a8041728d30970cf81a4d1e0be46"",""0x609b958fedcadd17d8814bf0281fbcd474cb57d80d9499dfbe8dc94438a4ca9c"",""0x022d2f24e20eecc4054c519000a7e45043cf9f7e0fd1afee78279de75da5f9e7"",""0xaf3d313a9660b78d41374e9625c0998b95a35b34aa64d466d29942912711d3cd"",""0x5cade3332a7dec40ebd048efab16eefe3f0e6f3b468acbd31aceb93ae5b85d6e"",""0x27ea82588e84c8f07bd0ada1a20ca6b092985d021be143ad1979036c018adddd"",""0x6f36db2e89512e0d23a9d0d6aabccd47dabad6c24d86f4ed3e2f34d2f18b5970"",""0x972cfa2de1c4f801959ffadb7e6ad7fb4c8add483fce5ec5824eb11e38544b16"",""0xc5c2cb86131f9e87776a8803ffd32d0cd607c48d0d8417a53e9e914dcb7b7f8d""]","[""0x27ea82588e84c8f07bd0ada1a20ca6b092985d021be143ad1979036c018adddd"",""0x6f36db2e89512e0d23a9d0d6aabccd47dabad6c24d86f4ed3e2f34d2f18b5970"",""0xc5c2cb86131f9e87776a8803ffd32d0cd607c48d0d8417a53e9e914dcb7b7f8d""]",0,0,1,0,0,0,0.3
dedudes415mab0bf37a,invalid,error_duplicates,4,1,5,mab0bf37a,100,10,10,"[""0x94cc8dd56cb47a38c5fde48ab4da2f2d7a22afa57cd4737cbb3ea216ae681034"",""0x037a73ab9a72306dc8ebecdf80a2ab16d414d96cf2f63c7fb32feb92bf9a5b6d"",""0x88ce248d0afdcbdb05816c4e2b41523403adb46f31d661e6aa300f6254b8d800"",""0x3151cf1f6245ad1f95925a7c6ca997a55c4df051b87283ae86e2233718593879"",""0x4aee22d2ce86d209c5c30927446358b8b9f135060ae67977c95ce8c029f89aa6"",""0x6ef4bc7397209ca22235b99ccf40dcaebfde72aaa515cc2878e92594219cfd1c"",""0x88ce248d0afdcbdb05816c4e2b41523403adb46f31d661e6aa300f6254b8d800"",""0x3151cf1f6245ad1f95925a7c6ca997a55c4df051b87283ae86e2233718593879"",""0x037a73ab9a72306dc8ebecdf80a2ab16d414d96cf2f63c7fb32feb92bf9a5b6d"",""0x94cc8dd56cb47a38c5fde48ab4da2f2d7a22afa57cd4737cbb3ea216ae681034""]","[""0x2432cfe4f9353b1ba5658ab99af0b32f44ac9b15ec481b90164d7045e845a019"",""0x94cc8dd56cb47a38c5fde48ab4da2f2d7a22afa57cd4737cbb3ea216ae681034"",""0x037a73ab9a72306dc8ebecdf80a2ab16d414d96cf2f63c7fb32feb92bf9a5b6d"",""0x3728d769a0e94a8d7bb4206065a99b977cc27b6e56b6936abfdfa99c2fc0e994"",""0x88ce248d0afdcbdb05816c4e2b41523403adb46f31d661e6aa300f6254b8d800"",""0x6ef4bc7397209ca22235b99ccf40dcaebfde72aaa515cc2878e92594219cfd1c"",""0x39b18f99686017920bc59b0c772f4d47d87cbbe371ee08db66be4c9837fe57a6"",""0x3151cf1f6245ad1f95925a7c6ca997a55c4df051b87283ae86e2233718593879"",""0xae344a42798a222d1914b1cb70cd1dad6397e19b0a3608362b5b5f2aeb02772b"",""0x4aee22d2ce86d209c5c30927446358b8b9f135060ae67977c95ce8c029f89aa6""]","[""0x94cc8dd56cb47a38c5fde48ab4da2f2d7a22afa57cd4737cbb3ea216ae681034"",""0x037a73ab9a72306dc8ebecdf80a2ab16d414d96cf2f63c7fb32feb92bf9a5b6d"",""0x88ce248d0afdcbdb05816c4e2b41523403adb46f31d661e6aa300f6254b8d800"",""0x3151cf1f6245ad1f95925a7c6ca997a55c4df051b87283ae86e2233718593879"",""0x4aee22d2ce86d209c5c30927446358b8b9f135060ae67977c95ce8c029f89aa6"",""0x6ef4bc7397209ca22235b99ccf40dcaebfde72aaa515cc2878e92594219cfd1c"",""0x88ce248d0afdcbdb05816c4e2b41523403adb46f31d661e6aa300f6254b8d800"",""0x3151cf1f6245ad1f95925a7c6ca997a55c4df051b87283ae86e2233718593879"",""0x037a73ab9a72306dc8ebecdf80a2ab16d414d96cf2f63c7fb32feb92bf9a5b6d"",""0x94cc8dd56cb47a38c5fde48ab4da2f2d7a22afa57cd4737cbb3ea216ae681034""]",0,0,1,0,0,0.4,1
dedudes415mb8cb04ea,valid,,4,1,5,mb8cb04ea,100,10,10,"[""0xc05ca9c89c31d935e983a93ca76e5c5bce8e8f1119b409eaf47715b2f9a60ab4"",""0xe63e2c269971e74b53d28366ab0f97aa8abe54de17097a543041aa6f1aef67c5"",""0xddc8a0d4673d1ce329c6876bba52904788357efd9dc9e6a34f141cdbe74005f6"",""0x4763c32c1e649afb2ab46d1ce5e7891c848aedd9ae897db2ee4649bacfb9b707"",""0xdfd080e6d5625036af3e0326c7a63a6a701a1b110406427479510f5d022293da"",""0x4b0222fbaafed533465fde16e92bb2d156becc43115ff346c51481937cb2ba3e"",""0x1408aa1b0bf56fea1c8d0a564f254982f3e9253b26979043d6949e536b51648e"",""0x7caa6118b59fdaf813a4754af425ac2e46912311827867fcb29bab268a11ab74"",""0x11c6ce9371279a26939a5cbfa91e968d27cbd7f2d8cc288ee357c306c820b030"",""0xc8f414a777a6543127543ed24ef2b506ed9c89a65be23571bcf5ce206d9858ff""]","[""0x29c02eefa13b389c7de0218a34632eb93019200b921bd22dc7c6c42f9112b76d"",""0x9822e8750b69266bf123039815e7c7debfb278e6d07197ee125e1482633a49a4"",""0x4763c32c1e649afb2ab46d1ce5e7891c848aedd9ae897db2ee4649bacfb9b707"",""0xdfd080e6d5625036af3e0326c7a63a6a701a1b110406427479510f5d022293da"",""0x4b0222fbaafed533465fde16e92bb2d156becc43115ff346c51481937cb2ba3e"",""0xdd90815cca98f1110bdd2ed20ca96dd581c2178f9d2d8d5ad452484cccb34bf8"",""0x29faba369a9df31c5cb9e6bc1c5e33037f979b47cee76339e986f878271fa5dd"",""0x129000e4093321a868285d2903488aa7b940a0eb1357e3a264c688acabe9afa8"",""0x047056a4db8bc397a2311e162c6c84c92e428d210fad778e565a69407c2480ff"",""0x1d6e3452d8c14ba8ad0da5768f4e893379ad5195191614ad63a148e604464086""]","[""0x4763c32c1e649afb2ab46d1ce5e7891c848aedd9ae897db2ee4649bacfb9b707"",""0xdfd080e6d5625036af3e0326c7a63a6a701a1b110406427479510f5d022293da"",""0x4b0222fbaafed533465fde16e92bb2d156becc43115ff346c51481937cb2ba3e""]",0,0,1,0,0,0,0.3
dedudes415mb925a6f5,valid,,4,1,5,mb925a6f5,100,10,10,"[""0xa353c2146e9a243fb7360a35428d933c411fa272574b61ad2a7e5bb90c5877ce"",""0x58a1c325755d0a61c9d5c5ecc8e5b1a3db351be2f7ed0586b3f4c827cb2c5199"",""0xd07dcd945ac0aa1fbce15f81f2f1057f33d924b5942b074332c1ff7ad8a9da00"",""0xe031eefb83fbac3f912e01bd186ab428a6106a2e1da9d24510ac2df9edc04e92"",""0x873d0193628e792877af1f2071f47cb7fe512a405dedebe2cadd656642c824b6"",""0xc05ca9c89c31d935e983a93ca76e5c5bce8e8f1119b409eaf47715b2f9a60ab4"",""0x7ff8fd236ec1c51880c8b1f897bca91b40a59481d3a7ceb869716b1b792f8cdb"",""0xb4303322b711e6762ae2090a8f30b0a3b1c3052a59b4e7d100215f146825bb98"",""0x560a3a1989194c2252f21688e120be2ccd659c75fe1edf11e3657c036f6b97b0"",""0xec1820e120ea32497bc4151cec1c2a1a74c506883244eed9e8c84b63b649b05c""]","[""0xa353c2146e9a243fb7360a35428d933c411fa272574b61ad2a7e5bb90c5877ce"",""0x9e0035c857436bf9a94b0c1f19742d65d3462a5bff4e25d177ebf09586ead800"",""0xc05ca9c89c31d935e983a93ca76e5c5bce8e8f1119b409eaf47715b2f9a60ab4"",""0x9c6819fd248cd16a3fc17004ca2b67e87f5cc68986602147590293056036e6e5"",""0xa8c3c7e57cf6c6713678487ba19f25122b93fae36f6ca5c7e9cf0bcaaebe2be3"",""0x560a3a1989194c2252f21688e120be2ccd659c75fe1edf11e3657c036f6b97b0"",""0x7c2efe492501a633d48b1f5befc513201a40bcd9179017831de762365f9fb0bc"",""0x85fb9a6bcb387ec3dd49674beb0f8f9b2314b34426021f771fb5b9843a3dedd6"",""0x08a53f92c6c09bad8332e30c9d75fbebcf2d11886157685b3dade47a75dde95a"",""0x0313e2439d3f04048546ca2621a685786bc28d32f81734049f4df72a1d29a9e8""]","[""0xa353c2146e9a243fb7360a35428d933c411fa272574b61ad2a7e5bb90c5877ce"",""0xc05ca9c89c31d935e983a93ca76e5c5bce8e8f1119b409eaf47715b2f9a60ab4"",""0x560a3a1989194c2252f21688e120be2ccd659c75fe1edf11e3657c036f6b97b0""]",0,0,1,0,0,0,0.3
dedudes415mba695eef,valid,,4,1,5,mba695eef,100,10,10,"[""0x01ec57c08ca34a7b1899ad303401924050394b3fee982ebcdd43e14992e5a7a2"",""0x0a63b4cf419fd53196acfa6005d15a73c364b7a252199846f5e28a54f49add2d"",""0x9c6819fd248cd16a3fc17004ca2b67e87f5cc68986602147590293056036e6e5"",""0x7215572aba5beaec4f23d5ec295dfc837e1766e8c4eb8719b7f961f6a778e16d"",""0x85498ce22dc34407fc0a29f1e8eb808a3362a108eb39e5ed3b3cda0b38363d56"",""0x44543bfcc1209f569e163db7d9f5b43eb42702bdcfc9c51ffe418f6bc59d8241"",""0xd85f4387cee442d4e59a7abf9e6832111e98d315faceb074d480e748e3ffd0df"",""0xb3e9af8250054825a84a673945eaf1b63a06021287a1d74937dbfab8ebebf040"",""0xd8586f69eee44bc8d7ebe055cfd0ffc381de685c4036c6295da6d4b2fff73ae7"",""0x17aa543a536b5592a2ca2cb04bdcaacae8ae8b64e4d389163db85f4d65c0d1a8""]","[""0xf76e1e06753c8a4e15491a4e3b5413f180e6aa9fdad03e81d4979d2ce56ecffc"",""0x44543bfcc1209f569e163db7d9f5b43eb42702bdcfc9c51ffe418f6bc59d8241"",""0x7c5a5789f21eba5040da4d9395aefc688a0f120e2e3c76700e30461d0c31c47b"",""0x8de6a75e281e848e359cdd72e5c738793171e2faf5cbca33bc8b8d13f2e2241d"",""0xed645af593084ee81eafa1aa8b6951ddddbe81a8fdede6bda5e069b77a70b1ab"",""0x8dbc33bb09de968685fbd0241a07b9b02f51c04ad7594fb15973d8ba426e3d5f"",""0x976a3f857cd3a4a1018329ed8be8c0a1f59eee36120abec15f17a08fe82a805d"",""0x3b6a509781748d255a28c100c6ba5cd5fb219f8af55024ed4323ee34595b86d1"",""0xb608421e38e36743f8fbd8f6ecfada1c05dfd5091e111c5bca9db9c42a39324c"",""0x6efffd26351366aee73474dcc96b09d416d5c182f8ceed91333f1f985b889978""]","[""0x44543bfcc1209f569e163db7d9f5b43eb42702bdcfc9c51ffe418f6bc59d8241""]",0,0,1,0,0,0,0.1
dedudes415mbc92d998,valid,,4,1,5,mbc92d998,100,10,10,"[""0x016d5dd462c2b3cfbd87d2cfa5eb72a91b1427e57ccb72c3afbdef557a9686f6"",""0x8cee6940d18414f933eafe6b3a15e6d018e5375bf3a54d7554fe86ad647cafb8"",""0x4756b4d7a8a8a1d4d1916bdecd6badb5988b5a5dce79c72ed78523fad868ede0"",""0xfabad93febc057a98a5ec8aba14cc4a16dc75d830d5af1f5045a211c7c00ff4d"",""0x50a36a45b1d8a772a690b19570fdc0faaad3c0858f58d515cf56372ebff101c3"",""0x541ec553513e461d285619ca4e2d29ab8dc603ff499d549f39236dfa94bf5e90"",""0x6d26162320a21a58a4b1551f88457aee2210e084010831bae04426f5cd0c0125"",""0xc533c492ef7108a952a115b8e31867dbdb42a5e64e221354840dcd02e0885279"",""0xe0c671afaf60dc54688301539aff9bc01f3bf6c8bb5e7a6fc8cd40d27acc1394"",""0xbe8e906a8f4a703fdd71489153839710dc722094a32358b192bb28913600d59a""]","[""0x3b6a509781748d255a28c100c6ba5cd5fb219f8af55024ed4323ee34595b86d1"",""0x7caa6118b59fdaf813a4754af425ac2e46912311827867fcb29bab268a11ab74"",""0xa2768aee9c99fab0f52e085695c2373eff29dcb97f88834346cad088b73812bd"",""0x3728d769a0e94a8d7bb4206065a99b977cc27b6e56b6936abfdfa99c2fc0e994"",""0x44543bfcc1209f569e163db7d9f5b43eb42702bdcfc9c51ffe418f6bc59d8241"",""0xd83117a66902557710ac877d5a6e5420420b22d06e9ecafd3d0d0d54852a5c3c"",""0xf76f66f2e5747083914ae51a7831de7c7b137775223781208a4327e1e4e5b32a"",""0x85498ce22dc34407fc0a29f1e8eb808a3362a108eb39e5ed3b3cda0b38363d56"",""0x44db1f41b36ed2fcb23bcdcb49f6b2aa63f0a0f30e97b2afded92dfc1e7ba7e9"",""0xa18a585af6564044287e7941dae389fa30ab6892d4e29cc1cf6b38431a0e1f30""]",[],0,0,1,0,0,0,0
dedudes415mc1398e4b,valid,,4,1,5,mc1398e4b,100,10,10,"[""0xd247cd5ac6d6b3dc844de66d61eb913737ab441ca94132664b1e1abf058db54f"",""0xcf96dd76f4aa4ca4703718c3cfe96dca4621f3af34560e257ca9bc0f23c5bf7a"",""0x00fb5b68a47b95a5500e52c8f21610b9a833645dc7187d385c7e5ffa7756a8b5"",""0x5d149705a332b4acace1ac24e2948e4eedb296b952a6f19787b4d2613f697e8f"",""0x4ecdf3e02d13c9fe32db547b16d4703e37fffadfff94ccccafba5d3492270e84"",""0x9736a810837b9591485904f217e1bc53edc3bcc2cf45c3d6443fd0efc3899eb5"",""0x7019a4c261b27fda2ba8dfbeebc1a3c6fb1acb30397ab9d206b9d2518047eb23"",""0x4df5be4acbe8b6a253f38cbf6156ce185bb75f3d60155a1303e97394a7c8ff5e"",""0x0b020d15fa4a6781a34c0b237f590ce96b89004efcff6d61303a8a84bb2c108c"",""0xfa2d9634d95fdc75b4b570244647e19b8aa8bfd5b6b49b3d603fbc9af9af7925""]","[""0xd247cd5ac6d6b3dc844de66d61eb913737ab441ca94132664b1e1abf058db54f"",""0xcf96dd76f4aa4ca4703718c3cfe96dca4621f3af34560e257ca9bc0f23c5bf7a"",""0xaad56189e897be2df32052ea70ebca2c667d5cea0eb911ef1beaf299a81f8970"",""0x5d149705a332b4acace1ac24e2948e4eedb296b952a6f19787b4d2613f697e8f"",""0x9736a810837b9591485904f217e1bc53edc3bcc2cf45c3d6443fd0efc3899eb5"",""0x12cc8fa3318fdcda586bc7cb1b16db09a022aab66dd770be516db73c7b3fffcf"",""0x7019a4c261b27fda2ba8dfbeebc1a3c6fb1acb30397ab9d206b9d2518047eb23"",""0x0edd199fb776ce1e94af4061882d39f0da1363826f9102562c07802a0219c49f"",""0x44083458e64996202def47bd1b24957a168d8fbac5ab9c5f9b78cd79ac54876f"",""0x4df5be4acbe8b6a253f38cbf6156ce185bb75f3d60155a1303e97394a7c8ff5e""]","[""0xd247cd5ac6d6b3dc844de66d61eb913737ab441ca94132664b1e1abf058db54f"",""0xcf96dd76f4aa4ca4703718c3cfe96dca4621f3af34560e257ca9bc0f23c5bf7a"",""0x5d149705a332b4acace1ac24e2948e4eedb296b952a6f19787b4d2613f697e8f"",""0x9736a810837b9591485904f217e1bc53edc3bcc2cf45c3d6443fd0efc3899eb5"",""0x7019a4c261b27fda2ba8dfbeebc1a3c6fb1acb30397ab9d206b9d2518047eb23"",""0x4df5be4acbe8b6a253f38cbf6156ce185bb75f3d60155a1303e97394a7c8ff5e""]",0,0,1,0,0,0,0.6
dedudes415mc33fe544,valid,,4,1,5,mc33fe544,100,10,10,"[""0x5cd33f468d6cb3191f93eb6c34cbbe9b3f16d778569b94851821feedb1cc47dc"",""0x3915078eaaef4b3b01c483c9298f24226b2468429c7879b10161f34f702c69b2"",""0x34ab092d53c6d7ddbdb8d867290de66b967de57609b3017b62fc675fb47b30f4"",""0xddb04f49c37e79d04e91d067dee2f24fc36d5dd9f3e3ef13a7371ac377b7d3df"",""0xc46dcb68dfb73f6b48146b814468030b7b03c72955c6d352350e1a888a32adc3"",""0xa8039fa1707629d4854634c483687e973e82116bfbd173a40a59b9cf278ad2c9"",""0x211d92e37b93ef190b04b8ed9c862ebba4adc2819b62a433cac142d8f0577a09"",""0xe90f102fd4f47360120154fbbaaa10cf5c90856c0b98acfaa19f3a049999c18c"",""0x0e673614d0b628f68769ee787eb3e568d6d7cc91410cd20bf4448155cc909d8c"",""0x1c9b8c67671e3735934469063297cb8844ccdf90c3dc450b72aaf6b6265db4f7""]","[""0x2c48158b05801927cc42a3bea77abed8b4f0883611b741cf6a1de9b1733a32ba"",""0x43bf4d97b7c4b375640d244dfffd470737f3f60cb567a6692a8cbc45fe781e35"",""0x4c5a0971e57f16e191cb754bd02a477f11ac1549992b208b983d7ed0ebcb80fb"",""0xba43dc1fee7635c8ac3640bd49f486f7d217a475a123803af63389b831328443"",""0xe63e2c269971e74b53d28366ab0f97aa8abe54de17097a543041aa6f1aef67c5"",""0xac8b80036991313f0d9991aa483a95a9c01079cd33e372b5d4f6225deb94ebe3"",""0xab1f3b5c76e3df878e5156589a69a4dda5467364bbaf9120630b0690ac8ff7c0"",""0xc337e70c9bf8f6b05a64463a28977c43c79df4f14ceab4ed6a1ce6ae2e6869f0"",""0x652b6fcd81e14af4fd262e0d06da33720918f4c750a0306b36ef9b9d3c91f451"",""0x6bb857cac119501e85dfcae81b8287d1afb5a12e1d4fb0784c8b00b2b3ca2b4a""]",[],0,0,1,0,0,0,0
dedudes415mc8cff790,valid,,4,1,5,mc8cff790,100,10,10,"[""0xe03f52b78bc8e9eab84e177e513ae005b06cbe60597e3fbbb3f6cbce41404793"",""0x5f91ef41d3913e182cb9ecc18f83f9f1fd3ef18ed8057fbd80a58c0b489d97ff"",""0x7af1853321ba68840018ee2753cfbe9f94e471cbb25d6d548d0bb01deb601193"",""0xd2c7cc9768a73de34ab20c9cab9e1b04c9bd265ea74d01f0fd5db161f00a0421"",""0x0797d76b30c89f1b523ffeb6e8e303c9d2b6f0ef3bf313da6d0cd542d7c7176b"",""0x9798ac9c171506a18608b78c3c0816154b74e320d9ebec9aef5cf7ee8820befd"",""0xd5bea5c2d79fd0ad46e6c19a6d534f6cb281bd76fd67b465eb181937197a207a"",""0xddf095a57c4003f4807c1af80176f7ebffbe17850b3998f8c4c64fad12edfbad"",""0xed645af593084ee81eafa1aa8b6951ddddbe81a8fdede6bda5e069b77a70b1ab"",""0x9b0ef9719ba655dcb38b2d1c254626487139e9bc8110fcf0976e5a920820b204""]","[""0x44db1f41b36ed2fcb23bcdcb49f6b2aa63f0a0f30e97b2afded92dfc1e7ba7e9"",""0x1ce2000d19183a439276d735ea6c2190b0681a0d867462abeb010fad3c1fc152"",""0x8998161122af777b1fb738b1835d8ebcc9f48893ccf82d61ac2fda90d56365a6"",""0xbaba60f08c5c4c146fc2d4544fe25a2d6c9c69db876b69b284afae0f138c34b9"",""0x492230e93b426215913042fe17f1e4c3058defa7c4c60f621a9cb9bd1ccde123"",""0xa077d467da14848d18e59e8577d5713ebe983a7a361998d6825c5db70368f0b1"",""0x82fcd452b99b91dfe9774519d4370744e58fb0506ae4415458cf3521d2764eab"",""0xd07dcd945ac0aa1fbce15f81f2f1057f33d924b5942b074332c1ff7ad8a9da00"",""0x7dc6b8ba90b164cdeda9462c5094100181c311a7d80c30e054ffa58ddc9be8a4"",""0xd868b210f941bd8fd28c1c4712cccc7f23ac7c739ca934fb8809925e3a2e2d97""]",[],0,0,1,0,0,0,0
dedudes415md0160e8c,valid,,4,1,5,md0160e8c,100,10,10,"[""0x30bdf36659edaf8ad152d36428c2c63069bcea70aeaf5521e3be09457ebcaaf4"",""0x02bb46077ad6d2140559ed07610045289035f3d63aa4b75e85abeade824262c3"",""0x2e74b5034538e524cd0d0340aca6be4b34fcab84f33eed809fd678cc9b338956"",""0xdaecba2ed12f5a5b70fa12804a2e95989f00d20797517e0792bbbe0eb9fa7798"",""0x9bdb451523a210226b58d128fc9c31717b88f968f5b955dcf4bbcc316395af4f"",""0xe3518c539249e19284d9ecf920f9253c5f48a52e01c01c383a78c92121870ffc"",""0x3877051f66ce3e6d6bd137ed264eb9aa6bf737749a56ede4bf1c476b96d6558c"",""0xac5ecac7d584cbd45b73f675f718039e84bddf088049e6157bdfbfa30bb637af"",""0x73647254e06e3db62604fdd9e5b53bf4e2f4a3b10c5e5e037c701c0ecb606fe4"",""0x39c9fa281b69385e472c14782d670ce10170a7a3208a4497fe6155c17d89043b""]","[""0x02bb46077ad6d2140559ed07610045289035f3d63aa4b75e85abeade824262c3"",""0x8b08bd16fdfc682c01c8e5902a9ecb016da4dbcb29c8bdafa014073b9bc90e19"",""0xdaecba2ed12f5a5b70fa12804a2e95989f00d20797517e0792bbbe0eb9fa7798"",""0x3965ddc195cd9ffad54a5e8f2c792515e1503e381bd6b8ffe1dc086362d61382"",""0x9c41003aaee06f398090c01fe5a3b3c440d3968bb30dc4359bc666cf9f99a2bc"",""0x64b68fc2945ffdaf60010830669bda0627be83db1d7e5a8d5a38842f00e5325c"",""0xac5ecac7d584cbd45b73f675f718039e84bddf088049e6157bdfbfa30bb637af"",""0x73647254e06e3db62604fdd9e5b53bf4e2f4a3b10c5e5e037c701c0ecb606fe4"",""0xc336d40f84e39d1872d54720801feb80618a9cb638aec12ecdf600a358a81565"",""0x012f7a5533aa10df03f81882585c8519379e85aff6b3795e78345287a76146de""]","[""0x02bb46077ad6d2140559ed07610045289035f3d63aa4b75e85abeade824262c3"",""0xdaecba2ed12f5a5b70fa12804a2e95989f00d20797517e0792bbbe0eb9fa7798"",""0xac5ecac7d584cbd45b73f675f718039e84bddf088049e6157bdfbfa30bb637af"",""0x73647254e06e3db62604fdd9e5b53bf4e2f4a3b10c5e5e037c701c0ecb606fe4""]",0,0,1,0,0,0,0.4
dedudes415md267eac0,invalid,error_duplicates,4,1,5,md267eac0,100,10,10,"[""0xaf3d313a9660b78d41374e9625c0998b95a35b34aa64d466d29942912711d3cd"",""0xf97a47c58feb90efff6cf68b45d05b3895cb44755e34e57068c0c1a3e96428c1"",""0xf17977fa95300b063107d404d43f286bd64a604cd07dddd552d35eda9081efa9"",""0x6a883a8fcad3fd867b583ca993b34bdc62fd0973edf7543082feb5b10999b11c"",""0x8dbf3d93637f9b0822cf1132d2b734fa754bd0a8accb83c756c4a3fc029a0030"",""0x66245cbb43542eb43c32f5707c0da8daced11c00d2889291fcd44ee4a7f12154"",""0xd07dcd945ac0aa1fbce15f81f2f1057f33d924b5942b074332c1ff7ad8a9da00"",""0x24b3965f185cdbe1fc3727ff2135238ce0ef4e7ee1390c559ac159dbe1d0c04e"",""0x45ae843574074a3f4a2c1ca0acde905169694bb10599b0d3696a4f6f56d956b7"",""0x66245cbb43542eb43c32f5707c0da8daced11c00d2889291fcd44ee4a7f12154""]","[""0x04e650beefefc57c681b80135dcc75deaa5559de35ae3b4c78d8355b76749b21"",""0xf97a47c58feb90efff6cf68b45d05b3895cb44755e34e57068c0c1a3e96428c1"",""0xf17977fa95300b063107d404d43f286bd64a604cd07dddd552d35eda9081efa9"",""0x2b6bb3b55ba3430f21baa0135148d463cea0bdd8145a6b25cf64ee91a6302350"",""0x29c02eefa13b389c7de0218a34632eb93019200b921bd22dc7c6c42f9112b76d"",""0x0026d3f471982cd447ef47a2f259ea569aed62b3822c41c4b317797fe231a5dc"",""0x4e20376d1da11c9e1f1d90c95dda5d888cc4afaf92514bcf2dce9c5d0ed6f72d"",""0x037a73ab9a72306dc8ebecdf80a2ab16d414d96cf2f63c7fb32feb92bf9a5b6d"",""0xd07dcd945ac0aa1fbce15f81f2f1057f33d924b5942b074332c1ff7ad8a9da00"",""0xa8f6645926614e855e9e5410950b0d978447966aa63f119579ee2f9f1f815372""]","[""0xf97a47c58feb90efff6cf68b45d05b3895cb44755e34e57068c0c1a3e96428c1"",""0xf17977fa95300b063107d404d43f286bd64a604cd07dddd552d35eda9081efa9"",""0xd07dcd945ac0aa1fbce15f81f2f1057f33d924b5942b074332c1ff7ad8a9da00""]",0,0,1,0,0,0.09999999999999998,0.3
dedudes415md2809ae0,valid,,4,1,5,md2809ae0,100,10,10,"[""0x5ec22cff95ce1393f970eaa09b547bc5defdad802a7b86480894817e835cf4d2"",""0x2a131118b518a9e09003e76d83781f4380c0bbdb7f262340f917ee009d311968"",""0x3ba05b4d30a376184b77ea4ca8eb96e1da4761d338ca46da2863e7f955b5d9cd"",""0x63fbdf546a7f543fd607159ee4350a6981fbefcb58d22ed197cdbd90b9e41b51"",""0xee4af16e2e7d5d4861810ee4545071e90dac39b73107a927ad9e84edaff5a91d"",""0x228310dcef1b6e72636b4e0477ece83f5c088b838f5e17d1e142cbf12de2728f"",""0xb02761fbdc2d4d96ab8632054e5fa7efc320a4b649b0a0a5c3724903134bfe7f"",""0x29faba369a9df31c5cb9e6bc1c5e33037f979b47cee76339e986f878271fa5dd"",""0x27e9fd14985a1d6c1c4a6204cba30bcda32e8f6c93a7816b41ca16a5a2b9dd5b"",""0xb32cad88e11d49bb9b32de56810ca6a8221e6e8f7151ec10bdae3165f71eb30e""]","[""0x5b8e7419a8ec40a80aba582b4f43717969bf8cf80d560d46e48877e6f2e9598f"",""0x7f0726ec9f0780b8eb9b1a6a4d8fde6c3afcc3267195077759e0112e374e3807"",""0x8254f8390981941c34866e9f7d9e1ba513eb68390624e80c126ee571456fadcd"",""0xe25b6c81cc4686460aaf17ffc24e2ac388650a848630cba962550bd62b760a4e"",""0xd06a42d72cfbb96ba643618224587534b89ed6d8fc280e2b48ed9c6c13cd6972"",""0xae344a42798a222d1914b1cb70cd1dad6397e19b0a3608362b5b5f2aeb02772b"",""0x18f5f9c890a949af883bc6ae01b055690c4c4da075998fb495d5404a18ca572c"",""0xe3545e6599a6ecf65bf8f351a7d25a78ffbbd83ac3ff97766b76ed78dcf18a3a"",""0x1cb4757891963a7cb555160f3d9ee005fbe1b67635f8fc5b4db9ab9b3deb1c16"",""0x33398d3210b02fd6bdff84655d55cd3e84ca8436888d70edc5eb3e3071d139c3""]",[],0,0,1,0,0,0,0
dedudes415md679647c,valid,,4,1,5,md679647c,100,10,10,"[""0x0d1d14b126c9cd4822af2fa53ce6a21cdb935d969bd87e497d8f611724f04c59"",""0x7af1853321ba68840018ee2753cfbe9f94e471cbb25d6d548d0bb01deb601193"",""0x335cca76ff429e21028ad8adabeadccbffce7dfcba03d20871807ccf6a23fd30"",""0xae212251bf7256512a4a9af0b279c3792a9c5c0cdf73f3fd29955527462b8c12"",""0x45541de4501b2a94117631c24fabb07f752f0a76c8ac9b1d90f9711bcf34b53c"",""0x826d057ba637e393543ce1968c948066c5671c841cf0b633423370e488b88b88"",""0xb6343af272cf576e45074aeb6acbf5c7e754ed35a3ee8612f6d28879654fdbc0"",""0xe481e6732d9cab4a1295b47e9d24f63619aabe54b3def88c6262c06dc5638d7e"",""0x80aeab856f399458dae7fc1263890759cab51583366148fb6e923347fdd97652"",""0xd07dcd945ac0aa1fbce15f81f2f1057f33d924b5942b074332c1ff7ad8a9da00""]","[""0xae212251bf7256512a4a9af0b279c3792a9c5c0cdf73f3fd29955527462b8c12"",""0x45541de4501b2a94117631c24fabb07f752f0a76c8ac9b1d90f9711bcf34b53c"",""0x75232ef6746d01e9b8c3c4fe3f6d217fbc13928d20867b00a929dcd7d5749bd6"",""0xe481e6732d9cab4a1295b47e9d24f63619aabe54b3def88c6262c06dc5638d7e"",""0xba43dc1fee7635c8ac3640bd49f486f7d217a475a123803af63389b831328443"",""0xa353c2146e9a243fb7360a35428d933c411fa272574b61ad2a7e5bb90c5877ce"",""0xa5354f7310ed91f59b1c345e39c21b3b0a760f554e1c86015d34b20bf1573fff"",""0x6ca26056104de6a9637fabafb1922d5f2f87e552b8a56e1e2bf5f3f18c17a1fc"",""0xe73354790507ea53673c67d57b9a4e38a7c891a6f1eba2fd7509eafe56356b74"",""0xd07dcd945ac0aa1fbce15f81f2f1057f33d924b5942b074332c1ff7ad8a9da00""]","[""0xae212251bf7256512a4a9af0b279c3792a9c5c0cdf73f3fd29955527462b8c12"",""0x45541de4501b2a94117631c24fabb07f752f0a76c8ac9b1d90f9711bcf34b53c"",""0xe481e6732d9cab4a1295b47e9d24f63619aabe54b3def88c6262c06dc5638d7e"",""0xd07dcd945ac0aa1fbce15f81f2f1057f33d924b5942b074332c1ff7ad8a9da00""]",0,0,1,0,0,0,0.4
dedudes415md73dd74c,valid,,4,1,5,md73dd74c,100,10,10,"[""0x1659922f2719c055f0065cf86fd257d17a21b7da2fd9943c3c7d671384991eb6"",""0x10174ccc186d1f01377fb8fcdc2ea86c5d1938f3e3ce90187b5a94a6e168f50d"",""0x9a0b15053695120bc6900578f622b3876f4e60021794e4dc43be233adcbe47a4"",""0xc02015173666ee97a6d7bd726d27e09df176696cfff548215ea0a2e91e323871"",""0xc81b924786d751073bcad0d11128f8d2aae32075f7d5860c029cce447d40a98c"",""0x2b7bf8536bf3848c686b35671da7328803c3b75398ab119d87e166a9ba872e8e"",""0x725e4ffde4438936fbd1cce6ef007c792cc2fcbcf183094f688ea895fbb76573"",""0x7847e51b231029c39b20be3245a18fab1b159755d42c48a9d667579cd8369110"",""0x5f95c5dce94c13b1aaf6b1af70f14fb949c396cd8b166afba766facb0f7a06fa"",""0x0086a8ce28f4aaae3e3ea2b8b75f7be96c1c2b60c0cbf3da973a4e90443c08ef""]","[""0x1659922f2719c055f0065cf86fd257d17a21b7da2fd9943c3c7d671384991eb6"",""0x10174ccc186d1f01377fb8fcdc2ea86c5d1938f3e3ce90187b5a94a6e168f50d"",""0x9a0b15053695120bc6900578f622b3876f4e60021794e4dc43be233adcbe47a4"",""0x4af2f147bffd23d7cf8e07c6701fbf298d85f0cf45a774fed7bbd76a787e5222"",""0x83e3b0998b66120f052c7011ac7fbc31cb77b9e864091293e141f1df231ff2a7"",""0xc02015173666ee97a6d7bd726d27e09df176696cfff548215ea0a2e91e323871"",""0x44db1f41b36ed2fcb23bcdcb49f6b2aa63f0a0f30e97b2afded92dfc1e7ba7e9"",""0xc81b924786d751073bcad0d11128f8d2aae32075f7d5860c029cce447d40a98c"",""0xf76e1e06753c8a4e15491a4e3b5413f180e6aa9fdad03e81d4979d2ce56ecffc"",""0x2b7bf8536bf3848c686b35671da7328803c3b75398ab119d87e166a9ba872e8e""]","[""0x1659922f2719c055f0065cf86fd257d17a21b7da2fd9943c3c7d671384991eb6"",""0x10174ccc186d1f01377fb8fcdc2ea86c5d1938f3e3ce90187b5a94a6e168f50d"",""0x9a0b15053695120bc6900578f622b3876f4e60021794e4dc43be233adcbe47a4"",""0xc02015173666ee97a6d7bd726d27e09df176696cfff548215ea0a2e91e323871"",""0xc81b924786d751073bcad0d11128f8d2aae32075f7d5860c029cce447d40a98c"",""0x2b7bf8536bf3848c686b35671da7328803c3b75398ab119d87e166a9ba872e8e""]",0,0,1,0,0,0,0.6
dedudes415md85b3e78,valid,,4,1,5,md85b3e78,100,10,10,"[""0x46bdaad5874ebfa0892c51f5ef0db222dff6fbf0d1b2433aac7173fecf165500"",""0x621c1ff0003d6ddb024efe72099de0ccaf65a791c28c2f5f9c8d765fdec6b361"",""0x29855cb7d9c101ffd09fe1689ba3ac703ad1bd4f1aa100c4434849f31a55da3d"",""0x2bed620b53fb262419044820898d7dd1a83109bdd26079eb97a00f66fd19e50b"",""0x7019a4c261b27fda2ba8dfbeebc1a3c6fb1acb30397ab9d206b9d2518047eb23"",""0x955672c6dec36c7a50102510ae7a3b9309bce78eecda1ea781f86d410ab59b40"",""0xcdf69590102e2120a0699bb0bb4b1e9ded25e4d2f24f7526b1cb67c97658534d"",""0xf36ffa249bf590354898aaf0ebe1f3007a0c588aec5369927e964e5e71192d84"",""0xb3073716ca6507c1e78222d02502caea417253f55b4cb4cfcb0c41b3b612423d"",""0x88895e298787070b3a7a89c73a140c020e5d7b1986b58fd479451d62a0a16518""]","[""0x2bed620b53fb262419044820898d7dd1a83109bdd26079eb97a00f66fd19e50b"",""0xcdf69590102e2120a0699bb0bb4b1e9ded25e4d2f24f7526b1cb67c97658534d"",""0xac71cf4c6d1b0b6ecf72b81901d1e7b92d55b1424c93743d83a5a6c3a2a95112"",""0xf805dbff6348742ab14cf679e7f8361efca863743fdfdec50829ae45981920a9"",""0xa79b998f79699d11b4f12c5472c7ae2ce658f690ff070100aa8cbbb0cec325c0"",""0x80e8fbcc08caa1dd06a1a7aed25697a96c8a47b4d645291144324189e0073967"",""0x5fd6c47c7099a110886aa6e55400c92c8d19f181da37201010934f1879e5c342"",""0x52d38e45620787b4976e0570b4c462e4cf69fba1d3a3e08a406addf07dfac90a"",""0xb4f5558b4bdc7e589b5bba34f2bf39509badb2657bcf2700cffd119deee1b1df"",""0x096fb1c675dcd80ba1d8d7bd732300f0be6419e4c872cfa71a9898a2e737ef42""]","[""0x2bed620b53fb262419044820898d7dd1a83109bdd26079eb97a00f66fd19e50b"",""0xcdf69590102e2120a0699bb0bb4b1e9ded25e4d2f24f7526b1cb67c97658534d""]",0,0,1,0,0,0,0.2
dedudes415mdf6261f9,valid,,4,1,5,mdf6261f9,100,10,10,"[""0xeb040071410cb36727fa9adc4aaaff64c251972071302a74f30f357d6e0ee7ad"",""0x6efffd26351366aee73474dcc96b09d416d5c182f8ceed91333f1f985b889978"",""0xeea69e947ee3a88aacd4d6699c70c119dd6750f8a5c7290cb0466ec4e8ae243c"",""0x7019a4c261b27fda2ba8dfbeebc1a3c6fb1acb30397ab9d206b9d2518047eb23"",""0xe1d755d2bf660617b3ca4f28c4cd47b24edcdf39019fc36bd3e9ab3763cc38c4"",""0xe942f44aef93d4afb3cbaf854f82604034c778e957f217525c0d5b8745fc0e1b"",""0x025c01ac06547c0a390a114665c3f50d89b400a8f8633b0a4f5ab95ead7eaf85"",""0x3fe9683c0e77ca5d1c545a47a22db2070f92b786ef071a3bea362ae0ae8b76d4"",""0x96066476fea3949719914409cfca4f333dd56c06875c4cb6be7161a9df28ec5b"",""0x89de293badb6e8ef2691d811ef98dd0c56e75d703141b55b672c6e4871cab4f1""]","[""0xc4c66c87758566d11daba0f759ec447f962a9ffe9e4ecbfc99b48b6a8458e723"",""0x96066476fea3949719914409cfca4f333dd56c06875c4cb6be7161a9df28ec5b"",""0x039e21128fb774df525e96211f7416810399021fb9fd597495338d0fe777fbe0"",""0xbc0dfb81cf9e22d2d366e0efd4ce5db0ee3ed857f9bb36b8dd7cccc3bbad7d3d"",""0x9c6819fd248cd16a3fc17004ca2b67e87f5cc68986602147590293056036e6e5"",""0xab58b9907d0218646605951a37a38307528978618ef01a598905f9eea1137c91"",""0xd4dc0506bb2e84fb9262f7234c910634d3fc043d0edcbb05d46c6eb6d6c73e9d"",""0x629d8756b0c6d742238515bd47e77333fd827c52ccc143a58c680da9794db8ac"",""0x1c0420567499644eb79e43bb0e2de2482eb94f68d62492fc10eb1b3b33873871"",""0x474e9085ef9b0fc6ca2a16d2fa92978e1bea062a446b6dcb8159da20a9ca6569""]","[""0x96066476fea3949719914409cfca4f333dd56c06875c4cb6be7161a9df28ec5b""]",0,0,1,0,0,0,0.1
dedudes415mdfbe43b8,invalid,error_duplicates,4,1,5,mdfbe43b8,100,10,10,"[""0x7d385b59d76141b0b2fb313c11e1113fd4d70b1d3d9134abc66cdf5caa7bd8ab"",""0xb566333f866e1259515fb5247d00e0ccbecbf5d079219a7d6317d1732d73a396"",""0x4ac00df2e8e7ebd5d0c84d61568a0ac2e4504fc1371ad1292ed28f3f57f5391b"",""0x2b7bf8536bf3848c686b35671da7328803c3b75398ab119d87e166a9ba872e8e"",""0xc02015173666ee97a6d7bd726d27e09df176696cfff548215ea0a2e91e323871"",""0xc8b6680acf6f6491b5e4fd810a44cbad229729371da8bc7a38d8cc8d2273b83f"",""0x4ac00df2e8e7ebd5d0c84d61568a0ac2e4504fc1371ad1292ed28f3f57f5391b"",""0xc02015173666ee97a6d7bd726d27e09df176696cfff548215ea0a2e91e323871"",""0x7d385b59d76141b0b2fb313c11e1113fd4d70b1d3d9134abc66cdf5caa7bd8ab"",""0xb566333f866e1259515fb5247d00e0ccbecbf5d079219a7d6317d1732d73a396""]","[""0x0d1d14b126c9cd4822af2fa53ce6a21cdb935d969bd87e497d8f611724f04c59"",""0xbe4fb6057c8c5f006f1f992efc176f60e7db5fc16faa3276dc0d2e8c53c17f34"",""0x35cc0b2887fc2830bbf5808ea0a989765e7782c174e0814faf016ee547ab40fb"",""0x7d385b59d76141b0b2fb313c11e1113fd4d70b1d3d9134abc66cdf5caa7bd8ab"",""0xb566333f866e1259515fb5247d00e0ccbecbf5d079219a7d6317d1732d73a396"",""0x4ac00df2e8e7ebd5d0c84d61568a0ac2e4504fc1371ad1292ed28f3f57f5391b"",""0x2b7bf8536bf3848c686b35671da7328803c3b75398ab119d87e166a9ba872e8e"",""0x645335b805d619da688278ba81f30fba8c9b32c4180e6b831b209be762fcae15"",""0xc8b6680acf6f6491b5e4fd810a44cbad229729371da8bc7a38d8cc8d2273b83f"",""0xc02015173666ee97a6d7bd726d27e09df176696cfff548215ea0a2e91e323871""]","[""0x7d385b59d76141b0b2fb313c11e1113fd4d70b1d3d9134abc66cdf5caa7bd8ab"",""0xb566333f866e1259515fb5247d00e0ccbecbf5d079219a7d6317d1732d73a396"",""0x4ac00df2e8e7ebd5d0c84d61568a0ac2e4504fc1371ad1292ed28f3f57f5391b"",""0x2b7bf8536bf3848c686b35671da7328803c3b75398ab119d87e166a9ba872e8e"",""0xc02015173666ee97a6d7bd726d27e09df176696cfff548215ea0a2e91e323871"",""0xc8b6680acf6f6491b5e4fd810a44cbad229729371da8bc7a38d8cc8d2273b83f"",""0x4ac00df2e8e7ebd5d0c84d61568a0ac2e4504fc1371ad1292ed28f3f57f5391b"",""0xc02015173666ee97a6d7bd726d27e09df176696cfff548215ea0a2e91e323871"",""0x7d385b59d76141b0b2fb313c11e1113fd4d70b1d3d9134abc66cdf5caa7bd8ab"",""0xb566333f866e1259515fb5247d00e0ccbecbf5d079219a7d6317d1732d73a396""]",0,0,1,0,0,0.4,1
dedudes415me2cd7cad,valid,,4,1,5,me2cd7cad,100,10,10,"[""0x6fd293993fac34a860483e5b9910aae26b466b9c2c6332c52ae5eed6781f08f1"",""0xee1fe02dbad34000981c937592d4873aa7870a1bacb63a8ef0f20e0873a9c2d7"",""0x852d82c131cb42abe75e48771d295bd99b515215170cd287aa601d85f257d5de"",""0x612930bb80ad2d9ef97fe5057df586170d8fcd1e1b05169edb9afad58e5b801a"",""0xde52ec8aa4b78b622e7ca82e38df4db8c3baa55edaf825d12d0fc0b53900521d"",""0xbe4fb6057c8c5f006f1f992efc176f60e7db5fc16faa3276dc0d2e8c53c17f34"",""0x4b0222fbaafed533465fde16e92bb2d156becc43115ff346c51481937cb2ba3e"",""0x3151cf1f6245ad1f95925a7c6ca997a55c4df051b87283ae86e2233718593879"",""0xc525037a87e7014d839b6e7a0e1bb6e4ca5e2c993dd51d34afd16a24cbe8dd1a"",""0xe3545e6599a6ecf65bf8f351a7d25a78ffbbd83ac3ff97766b76ed78dcf18a3a""]","[""0xca98d25e2c93784b286e590ed9febb84ffd6e2da7b007b85ea6748061f8e76ac"",""0x037a73ab9a72306dc8ebecdf80a2ab16d414d96cf2f63c7fb32feb92bf9a5b6d"",""0x74d1366fbe52d8484162e1ed6b49c0c8fa14afa42eba223d4651e6ea03ec4cce"",""0x3c5c7c3cdfde1e6a610fadeb29af0d5bf14b21cc8fd41743407ef8de4c918396"",""0x16afeb00f2747e63a63bab610e5c845716931bc23d09339892635a27fc5ba82c"",""0xe2d9f6ed2ad0b01e6a7da20c6ad257cdcb875d010863e437299eae66a07a4a83"",""0xc5c2cb86131f9e87776a8803ffd32d0cd607c48d0d8417a53e9e914dcb7b7f8d"",""0x04e650beefefc57c681b80135dcc75deaa5559de35ae3b4c78d8355b76749b21"",""0x234516a5fb1345f9d7e1dfefa9376d8f3ed00e4b06d5ffa782126225422c39f6"",""0xea2bd6b9a540fc7cb658c0eba77aa94b50680b24ede84c9aa4220903d173a40e""]",[],0,0,1,0,0,0,0
dedudes415me74c87a2,valid,,4,1,5,me74c87a2,100,10,10,"[""0xe54a0d9599f4a911acffcd430f630f622609790e2c1e16e7316e36b5396d8efc"",""0x89de293badb6e8ef2691d811ef98dd0c56e75d703141b55b672c6e4871cab4f1"",""0xb6d01a84cc9057fbb430eaba773982d428e92f84e754cca7e87b6b2102d1173a"",""0x2ca8d5400b3f2a2c1023e937e8cefa19eb7934d6c64e4eb7ccaef4bf420eb203"",""0x52d38e45620787b4976e0570b4c462e4cf69fba1d3a3e08a406addf07dfac90a"",""0x4aec4350ec8365dad07dc6ef5c29f1e86e449c9a9bd76b075a8b9489f4ffca52"",""0x6b03a384380ca05dc3ad8999cde8b924dcb20601a85e94c72c54bced6a959625"",""0x4ecdf3e02d13c9fe32db547b16d4703e37fffadfff94ccccafba5d3492270e84"",""0xc25dcb1251df77639fa1d4d876497a42f9f555771964327c4704d4e802355c48"",""0x7bbff83306771c8b922f99954e9cd48c3d881f389994aeb9be1bb00a57d47274""]","[""0xa18a585af6564044287e7941dae389fa30ab6892d4e29cc1cf6b38431a0e1f30"",""0x9e14eb9b0b4d79e8a0f857e9e859cdf595c612dae2bb3851332b3220d3f2aded"",""0xd9d81c410fa0ea1d20889ef47b16f886682f4f9ba2e8027913ed50c3fe682b88"",""0x1fd25841265433ac2e3659c6e73226111c654fd3688b82c9f78369b12668d297"",""0x56ef3e1015ebff4706ed1c5fc7a7b86f7326b0d2610d59b2c56a0d46860dd49a"",""0x3728d769a0e94a8d7bb4206065a99b977cc27b6e56b6936abfdfa99c2fc0e994"",""0xae344a42798a222d1914b1cb70cd1dad6397e19b0a3608362b5b5f2aeb02772b"",""0xec5694704d88b9d8110cbdb1eb4a9c4b2a036acea4f55b393c0e4ca8f6238d20"",""0x7c5a5789f21eba5040da4d9395aefc688a0f120e2e3c76700e30461d0c31c47b"",""0x3befd8aeded3c32a27eba3e01bf239697a166dc076ce1634e0c9c0328e7a44ea""]",[],0,0,1,0,0,0,0
dedudes415mea543351,valid,,4,1,5,mea543351,100,10,10,"[""0x4ac00df2e8e7ebd5d0c84d61568a0ac2e4504fc1371ad1292ed28f3f57f5391b"",""0xf0d5087a2733853510586e08e2a0d5ac1b0d61ac9cca66bddd0322ae42dd2294"",""0xb566333f866e1259515fb5247d00e0ccbecbf5d079219a7d6317d1732d73a396"",""0x486e177c1643a1337538bc68306e08e1485f4f54e5028b4a7a98fb0f6a72af96"",""0x914f0aa8ea60013dbdfa0439481aaac3b6591b5a8ad896fef3748d8d6824cce0"",""0xff35c55cb2d25899ae0156c44cfa93e7364608c395d41c4b8d34a1848ac20e71"",""0xdd90815cca98f1110bdd2ed20ca96dd581c2178f9d2d8d5ad452484cccb34bf8"",""0x1772dead80ab90824aca60953d52d979c25d6c3db0785acabd35a585ee231f5f"",""0x2ada7d81283eed776c54f99e09a98efd06cfecb91ea394014312565d23bcd0fb"",""0x0a63b4cf419fd53196acfa6005d15a73c364b7a252199846f5e28a54f49add2d""]","[""0xf4895c2e65fd77f15896acb2e6e88a6985aa4e66b710660c51649dfa142ef08f"",""0x08325ff1f8c90c1056bac7913d895321573da8e77ff5de8eeac46e1ad75aa774"",""0x0248d2cb7fdf2a7095b7715c24e053f0425e97a94dbba26f5fbee48dddd62335"",""0x4ac00df2e8e7ebd5d0c84d61568a0ac2e4504fc1371ad1292ed28f3f57f5391b"",""0xf0d5087a2733853510586e08e2a0d5ac1b0d61ac9cca66bddd0322ae42dd2294"",""0xc4c66c87758566d11daba0f759ec447f962a9ffe9e4ecbfc99b48b6a8458e723"",""0xb3073716ca6507c1e78222d02502caea417253f55b4cb4cfcb0c41b3b612423d"",""0xb566333f866e1259515fb5247d00e0ccbecbf5d079219a7d6317d1732d73a396"",""0x2ada7d81283eed776c54f99e09a98efd06cfecb91ea394014312565d23bcd0fb"",""0x6dadcd3304088ed9827a3ad5f8fae5510a1020d45d927eb3984edba06dcc2165""]","[""0x4ac00df2e8e7ebd5d0c84d61568a0ac2e4504fc1371ad1292ed28f3f57f5391b"",""0xf0d5087a2733853510586e08e2a0d5ac1b0d61ac9cca66bddd0322ae42dd2294"",""0xb566333f866e1259515fb5247d00e0ccbecbf5d079219a7d6317d1732d73a396"",""0x2ada7d81283eed776c54f99e09a98efd06cfecb91ea394014312565d23bcd0fb""]",0,0,1,0,0,0,0.4
dedudes415meae7e272,valid,,4,1,5,meae7e272,100,10,10,"[""0xc4ec954ae50a47e6f4dc94c797d002b53e75a54561cfebd8ca67b32879cec36b"",""0xdaecba2ed12f5a5b70fa12804a2e95989f00d20797517e0792bbbe0eb9fa7798"",""0xea2bd6b9a540fc7cb658c0eba77aa94b50680b24ede84c9aa4220903d173a40e"",""0x2350d1c4dcb50ead155d92b600a28ed52cec4e946a60274d5b989965634a6a1a"",""0xc05ca9c89c31d935e983a93ca76e5c5bce8e8f1119b409eaf47715b2f9a60ab4"",""0x7065c95ce2be969592aca05d7b39baf836a549ea29435b85a40e1d0467eb913f"",""0xee67aaec8f9bb10a8d57fd69647051640fce1f18a86d7ffc271141416a35c7c8"",""0xcd3bc902812d8513a19b62d81d0d3d26f2363908916830af508a3daae6d0b57b"",""0xb7ca11b2a9bdabcb643ccf9ee4d051232aff6705a1d11d283bbb3a80d40b983f"",""0x2b830bd2b7b0e59b0bc60ee61ea34feea247ca38a6dc1b52edd727855a6b2084""]","[""0xdaecba2ed12f5a5b70fa12804a2e95989f00d20797517e0792bbbe0eb9fa7798"",""0xea2bd6b9a540fc7cb658c0eba77aa94b50680b24ede84c9aa4220903d173a40e"",""0xa79b998f79699d11b4f12c5472c7ae2ce658f690ff070100aa8cbbb0cec325c0"",""0xa95ffd0d5bc70611f706e681fdd001a7128aecc863f1fd30af5959c525cebce3"",""0xec5694704d88b9d8110cbdb1eb4a9c4b2a036acea4f55b393c0e4ca8f6238d20"",""0x04ad85ab8c285a3a04aef9708866be0b1dd8858889925563852717ba11338535"",""0x012f7a5533aa10df03f81882585c8519379e85aff6b3795e78345287a76146de"",""0xc4ec954ae50a47e6f4dc94c797d002b53e75a54561cfebd8ca67b32879cec36b"",""0x45ae843574074a3f4a2c1ca0acde905169694bb10599b0d3696a4f6f56d956b7"",""0xb80f9a6c487f678e44c385af9b93651ca7c8789901ef5143a923fdd75fa34594""]","[""0xc4ec954ae50a47e6f4dc94c797d002b53e75a54561cfebd8ca67b32879cec36b"",""0xdaecba2ed12f5a5b70fa12804a2e95989f00d20797517e0792bbbe0eb9fa7798"",""0xea2bd6b9a540fc7cb658c0eba77aa94b50680b24ede84c9aa4220903d173a40e""]",0,0,1,0,0,0,0.3
dedudes415mef93eb4b,valid,,4,1,5,mef93eb4b,100,10,10,"[""0x1408aa1b0bf56fea1c8d0a564f254982f3e9253b26979043d6949e536b51648e"",""0xfb8bc2f44032dfa1d9f258c8382fbbbed2612f63d0914fe066563cbefb689a53"",""0x5f342e22fdc7a6f789d4dcf56c0ad2f235a48039e796070d00a94fa5c89c9f30"",""0xa23f3af7f8a5ee5a14afac20cc2a40c5a6d0b1a111a101024b117d417709a634"",""0x2270c09584ff34309d9c951ade049db876c4e56549fc7cafaaf3003678bde7aa"",""0x449a819a683cf90a486faa5a3e69a3eff8527cf1e5d672408382aa66280f9bf2"",""0xbfccd0c1b9f3f130151965e4107bb487449b8d1e48c0da7e358f28486767d4ca"",""0xdb5e5d76b1d0a022cdde951305c077283a6612821f90a9fd1b566499bc776dd4"",""0x914020427e46dfdb433652fa42f8d748194f468299ebb4d21fedcb46d9db0637"",""0x11c6ce9371279a26939a5cbfa91e968d27cbd7f2d8cc288ee357c306c820b030""]","[""0x8dbc33bb09de968685fbd0241a07b9b02f51c04ad7594fb15973d8ba426e3d5f"",""0xe468d8edc4a54c19537f2de145f9b8e65cb9f043cd1aa27e1549c2d8471701b3"",""0xe3545e6599a6ecf65bf8f351a7d25a78ffbbd83ac3ff97766b76ed78dcf18a3a"",""0x4e20376d1da11c9e1f1d90c95dda5d888cc4afaf92514bcf2dce9c5d0ed6f72d"",""0x703dc0cf5b4fea7c1ec8b76d0f2cb74750672c711e8128ec067718125ca92340"",""0x4aee22d2ce86d209c5c30927446358b8b9f135060ae67977c95ce8c029f89aa6"",""0x85b60ca2f58ee6f06cf2e1e61d7abee6ba7c11252f5c1d390a7f13a6f5fdc4d8"",""0x0498e72cbb35cfcceb5ab5e28ff9e3193ec3396d08350f0d371f94b24e66dd8d"",""0x646db217199cafad3c95616f3c8b68ac61fb92cf045d6e50fae31bd18ff3ae91"",""0x2350d1c4dcb50ead155d92b600a28ed52cec4e946a60274d5b989965634a6a1a""]",[],0,0,1,0,0,0,0